*** Using c compiler gcc instead of cc ...
                         Chronologic VCS (TM)
         Version T-2022.06_Full64 -- Sat Nov  9 22:35:24 2024

                    Copyright (c) 1991 - 2022 Synopsys, Inc.
   This software and the associated documentation are proprietary to Synopsys,
 Inc. This software may only be used in accordance with the terms and conditions
 of a written license agreement with Synopsys, Inc. All other use, reproduction,
   or distribution of this software is strictly prohibited.  Licensed Products
     communicate with Synopsys servers for the purpose of providing software
    updates, detecting software piracy and verifying that customers are using
    Licensed Products in conformity with the applicable License Key for such
  Licensed Products. Synopsys will use information gathered in connection with
    this process to deliver software updates and pursue software pirates and
                                   infringers.

 Inclusivity & Diversity - Visit SolvNetPlus to read the "Synopsys Statement on
            Inclusivity and Diversity" (Refer to article 000036315 at
                        https://solvnetplus.synopsys.com)

Parsing design file '../00_TESTBED/testfixture.v'
Parsing design file '/home/raid7_2/course/cvsd/CBDK_IC_Contest_v2.5/Verilog/tsmc13_neg.v'
Parsing design file '../02_SYN/Netlist/IOTDF_syn.v'
Top Level Modules:
       test
       BUFX2
       BUFX3
       BUFX6
       BUFX20
       INVX16
       TBUFXL
       TBUFX1
       TBUFX2
       TBUFX3
       TBUFX4
       TBUFX6
       TBUFX8
       TBUFX12
       TBUFX16
       TBUFX20
       HOLDX1
       AND2XL
       AND2X4
       AND2X6
       AND2X8
       AND3XL
       AND3X2
       AND3X4
       AND3X6
       AND3X8
       AND4XL
       AND4X1
       AND4X4
       AND4X6
       AND4X8
       AOI21X2
       AOI21X4
       AOI22X2
       AOI22X4
       AOI221X2
       AOI221X4
       AOI222X2
       AOI222X4
       AOI31XL
       AOI31X1
       AOI31X2
       AOI31X4
       AOI32XL
       AOI32X2
       AOI32X4
       AOI33XL
       AOI33X1
       AOI33X2
       AOI33X4
       AOI2BB1XL
       AOI2BB1X2
       AOI2BB1X4
       AOI2BB2XL
       AO21XL
       AO21X4
       AO22XL
       AO22X4
       MX2XL
       MX2X1
       MX2X2
       MX2X4
       MX2X6
       MX2X8
       MX4XL
       MX4X1
       MX4X2
       MX4X4
       MXI2XL
       MXI2X1
       MXI2X2
       MXI2X4
       MXI2X6
       MXI2X8
       MXI4XL
       MXI4X1
       MXI4X2
       MXI4X4
       MX3XL
       MX3X1
       MX3X2
       MX3X4
       MXI3XL
       MXI3X1
       MXI3X2
       MXI3X4
       NAND2X6
       NAND2X8
       NAND3X2
       NAND3X4
       NAND3X6
       NAND3X8
       NAND4XL
       NAND4X2
       NAND4X4
       NAND4X6
       NAND4X8
       NAND2BXL
       NAND3BXL
       NAND3BX1
       NAND3BX2
       NAND3BX4
       NAND4BXL
       NAND4BX1
       NAND4BX2
       NAND4BX4
       NAND4BBX1
       NAND4BBX2
       NAND4BBX4
       NOR2X8
       NOR3X2
       NOR3X4
       NOR3X6
       NOR3X8
       NOR4X2
       NOR4X4
       NOR4X6
       NOR4X8
       NOR2BXL
       NOR2BX4
       NOR3BXL
       NOR3BX1
       NOR3BX2
       NOR3BX4
       NOR4BXL
       NOR4BX1
       NOR4BX2
       NOR4BX4
       NOR4BBXL
       NOR4BBX1
       NOR4BBX2
       NOR4BBX4
       OR2X4
       OR2X6
       OR2X8
       OR3XL
       OR3X1
       OR3X2
       OR3X4
       OR3X6
       OR3X8
       OR4XL
       OR4X1
       OR4X2
       OR4X4
       OR4X6
       OR4X8
       OAI21X4
       OAI211X2
       OAI22X4
       OAI221X2
       OAI221X4
       OAI222X2
       OAI222X4
       OAI31X1
       OAI31X4
       OAI32X2
       OAI32X4
       OAI33XL
       OAI33X1
       OAI33X2
       OAI33X4
       OAI2BB1XL
       OAI2BB1X1
       OAI2BB1X2
       OAI2BB1X4
       OA21X1
       OA21X4
       OA22XL
       CLKXOR2X1
       CLKXOR2X2
       CLKXOR2X4
       CLKXOR2X8
       XOR2XL
       XOR2X1
       XOR2X2
       XOR2X4
       XOR3XL
       XOR3X1
       XOR3X2
       XOR3X4
       XNOR2XL
       XNOR3XL
       XNOR3X1
       XNOR3X2
       XNOR3X4
       CLKBUFX2
       CLKBUFX4
       CLKBUFX12
       CLKBUFX16
       CLKBUFX20
       CLKINVX4
       CLKINVX6
       CLKINVX12
       CLKINVX16
       CLKINVX20
       CLKAND2X2
       CLKAND2X4
       CLKAND2X8
       CLKAND2X12
       CLKMX2X2
       CLKMX2X3
       CLKMX2X4
       CLKMX2X6
       CLKMX2X8
       CLKMX2X12
       TLATNCAX2
       TLATNCAX3
       TLATNCAX4
       TLATNCAX6
       TLATNCAX8
       TLATNCAX12
       TLATNCAX16
       TLATNCAX20
       TLATNTSCAX3
       TLATNTSCAX4
       TLATNTSCAX6
       TLATNTSCAX8
       TLATNTSCAX12
       TLATNTSCAX16
       TLATNTSCAX20
       ADDHXL
       ADDHX1
       ADDHX2
       ADDHX4
       ADDFXL
       ADDFX1
       ADDFX2
       ADDFX4
       ADDFHXL
       ADDFHX1
       ADDFHX2
       ADDFHX4
       BENCX1
       BENCX2
       BENCX4
       BMXX2
       BMXX4
       BMXIX2
       BMXIX4
       CMPR22X2
       CMPR22X4
       CMPR32X2
       CMPR32X4
       AFHCINX2
       AFHCINX4
       AFHCONX2
       AFHCONX4
       ACHCINX2
       ACHCINX4
       ACHCONX2
       ACHCONX4
       AHHCINX2
       AHHCINX4
       AHHCONX2
       AHHCONX4
       AFCSHCINX2
       AFCSHCINX4
       AFCSHCONX2
       AFCSHCONX4
       AFCSIHCONX2
       AFCSIHCONX4
       ACCSHCINX2
       ACCSHCINX4
       ACCSHCONX2
       ACCSHCONX4
       ACCSIHCONX2
       ACCSIHCONX4
       AHCSHCINX2
       AHCSHCINX4
       AHCSHCONX2
       AHCSHCONX4
       CMPR42X1
       CMPR42X2
       CMPR42X4
       DFFXL
       DFFX1
       DFFX2
       DFFX4
       DFFQX1
       DFFQX2
       DFFQX4
       DFFQXL
       DFFRXL
       DFFSXL
       DFFSX2
       DFFSX4
       DFFSRX4
       DFFNSRXL
       DFFNSRX1
       DFFNSRX2
       DFFNSRX4
       DFFTRXL
       DFFTRX1
       DFFTRX2
       DFFTRX4
       EDFFXL
       EDFFX1
       EDFFX2
       EDFFX4
       EDFFTRXL
       EDFFTRX1
       EDFFTRX2
       EDFFTRX4
       SDFFXL
       SDFFX1
       SDFFX2
       SDFFX4
       SDFFQX1
       SDFFQX2
       SDFFQX4
       SDFFQXL
       SDFFRXL
       SDFFRX1
       SDFFRX2
       SDFFRX4
       SDFFSXL
       SDFFSX1
       SDFFSX2
       SDFFSX4
       SDFFSRXL
       SDFFSRX1
       SDFFSRX2
       SDFFSRX4
       SDFFNSRXL
       SDFFNSRX1
       SDFFNSRX2
       SDFFNSRX4
       SDFFTRXL
       SDFFTRX1
       SDFFTRX2
       SDFFTRX4
       SEDFFXL
       SEDFFX1
       SEDFFX2
       SEDFFX4
       SEDFFTRXL
       SEDFFTRX1
       SEDFFTRX2
       SEDFFTRX4
       DFFHQX1
       DFFHQX2
       DFFHQX4
       DFFHQX8
       DFFRHQX1
       DFFRHQX2
       DFFRHQX4
       DFFRHQX8
       DFFSHQX1
       DFFSHQX2
       DFFSHQX4
       DFFSHQX8
       DFFSRHQX1
       DFFSRHQX2
       DFFSRHQX4
       DFFSRHQX8
       EDFFHQX1
       EDFFHQX2
       EDFFHQX4
       EDFFHQX8
       MDFFHQX1
       MDFFHQX2
       MDFFHQX4
       MDFFHQX8
       SDFFHQX1
       SDFFHQX2
       SDFFHQX4
       SDFFHQX8
       SDFFRHQX1
       SDFFRHQX2
       SDFFRHQX4
       SDFFRHQX8
       SDFFSHQX1
       SDFFSHQX2
       SDFFSHQX4
       SDFFSHQX8
       SDFFSRHQX1
       SDFFSRHQX2
       SDFFSRHQX4
       SDFFSRHQX8
       SEDFFHQX1
       SEDFFHQX2
       SEDFFHQX4
       SEDFFHQX8
       SMDFFHQX1
       SMDFFHQX2
       SMDFFHQX4
       SMDFFHQX8
       TLATXL
       TLATX1
       TLATX2
       TLATX4
       TLATSRXL
       TLATSRX1
       TLATSRX2
       TLATSRX4
       TLATNXL
       TLATNX1
       TLATNX2
       TLATNX4
       TLATNSRXL
       TLATNSRX1
       TLATNSRX2
       TLATNSRX4
       RF1R1WX1
       RF2R1WX1
       RFRDX1
       RFRDX2
       RFRDX4
       DLY1X1
       DLY2X1
       DLY3X1
       DLY4X1
       DLY1X4
       DLY2X4
       DLY3X4
       DLY4X4
       TIEHI
       TIELO
TimeScale is 1 ns / 1 ps

Warning-[TFIPC] Too few instance port connections
../02_SYN/Netlist/IOTDF_syn.v, 5496
top2maxmin, "DFFRX1 cnt_reg_2_( .D (N818),  .CK (net3397),  .RN (n1064),  .Q (cnt[2]));"
  The above instance has fewer port connections than the module definition.
  Please use '+lint=TFIPC-L' to print out detailed information of unconnected 
  ports.


Warning-[TFIPC] Too few instance port connections
../02_SYN/Netlist/IOTDF_syn.v, 5497
top2maxmin, "DFFRX1 new_data_r_reg_0_( .D (N688),  .CK (net3392),  .RN (n1064),  .Q (new_data_r[0]));"
  The above instance has fewer port connections than the module definition.
  Please use '+lint=TFIPC-L' to print out detailed information of unconnected 
  ports.


Warning-[TFIPC] Too few instance port connections
../02_SYN/Netlist/IOTDF_syn.v, 5499
top2maxmin, "DFFRX1 new_data_r_reg_1_( .D (N689),  .CK (net3392),  .RN (n1064),  .Q (new_data_r[1]));"
  The above instance has fewer port connections than the module definition.
  Please use '+lint=TFIPC-L' to print out detailed information of unconnected 
  ports.


Warning-[TFIPC] Too few instance port connections
../02_SYN/Netlist/IOTDF_syn.v, 5501
top2maxmin, "DFFRX1 new_data_r_reg_2_( .D (N690),  .CK (net3392),  .RN (n1064),  .Q (new_data_r[2]));"
  The above instance has fewer port connections than the module definition.
  Please use '+lint=TFIPC-L' to print out detailed information of unconnected 
  ports.


Warning-[TFIPC] Too few instance port connections
../02_SYN/Netlist/IOTDF_syn.v, 5503
top2maxmin, "DFFRX1 new_data_r_reg_3_( .D (N691),  .CK (net3392),  .RN (n1064),  .Q (new_data_r[3]));"
  The above instance has fewer port connections than the module definition.
  Please use '+lint=TFIPC-L' to print out detailed information of unconnected 
  ports.


Warning-[TFIPC] Too few instance port connections
../02_SYN/Netlist/IOTDF_syn.v, 5505
top2maxmin, "DFFRX1 new_data_r_reg_4_( .D (N692),  .CK (net3387),  .RN (n1064),  .Q (new_data_r[4]));"
  The above instance has fewer port connections than the module definition.
  Please use '+lint=TFIPC-L' to print out detailed information of unconnected 
  ports.


Warning-[TFIPC] Too few instance port connections
../02_SYN/Netlist/IOTDF_syn.v, 5507
top2maxmin, "DFFRX1 new_data_r_reg_5_( .D (N693),  .CK (net3387),  .RN (n1064),  .Q (new_data_r[5]));"
  The above instance has fewer port connections than the module definition.
  Please use '+lint=TFIPC-L' to print out detailed information of unconnected 
  ports.


Warning-[TFIPC] Too few instance port connections
../02_SYN/Netlist/IOTDF_syn.v, 5509
top2maxmin, "DFFRX1 new_data_r_reg_6_( .D (N694),  .CK (net3387),  .RN (n1064),  .Q (new_data_r[6]));"
  The above instance has fewer port connections than the module definition.
  Please use '+lint=TFIPC-L' to print out detailed information of unconnected 
  ports.


Warning-[TFIPC] Too few instance port connections
../02_SYN/Netlist/IOTDF_syn.v, 5511
top2maxmin, "DFFRX1 new_data_r_reg_7_( .D (N695),  .CK (net3387),  .RN (n1064),  .Q (new_data_r[7]));"
  The above instance has fewer port connections than the module definition.
  Please use '+lint=TFIPC-L' to print out detailed information of unconnected 
  ports.


Warning-[TFIPC] Too few instance port connections
../02_SYN/Netlist/IOTDF_syn.v, 5513
top2maxmin, "DFFRX1 new_data_r_reg_8_( .D (N696),  .CK (net3382),  .RN (n1064),  .Q (new_data_r[8]));"
  The above instance has fewer port connections than the module definition.
  Please use '+lint=TFIPC-L' to print out detailed information of unconnected 
  ports.


Warning-[TFIPC] Too few instance port connections
../02_SYN/Netlist/IOTDF_syn.v, 5749
top2maxmin, "DFFRX1 valid_r_reg_0_( .D (n1063),  .CK (net2592),  .RN (n1068),  .Q (valid_r[0]));"
  The above instance has fewer port connections than the module definition.
  Please use '+lint=TFIPC-L' to print out detailed information of unconnected 
  ports.


Warning-[TFIPC] Too few instance port connections
../02_SYN/Netlist/IOTDF_syn.v, 5751
top2maxmin, "DFFRX1 valid_r_reg_1_( .D (N821),  .CK (net2592),  .RN (n1068),  .Q (valid_r[1]));"
  The above instance has fewer port connections than the module definition.
  Please use '+lint=TFIPC-L' to print out detailed information of unconnected 
  ports.


Warning-[TFIPC] Too few instance port connections
../02_SYN/Netlist/IOTDF_syn.v, 5753
top2maxmin, "DFFRX1 valid_r_reg_2_( .D (valid_r[1]),  .CK (net2587),  .RN (n1068),  .Q (valid_r[2]));"
  The above instance has fewer port connections than the module definition.
  Please use '+lint=TFIPC-L' to print out detailed information of unconnected 
  ports.


Warning-[TFIPC] Too few instance port connections
../02_SYN/Netlist/IOTDF_syn.v, 5755
top2maxmin, "DFFRX1 valid_r_reg_3_( .D (valid_r[2]),  .CK (net2587),  .RN (n1068),  .Q (valid_r[3]));"
  The above instance has fewer port connections than the module definition.
  Please use '+lint=TFIPC-L' to print out detailed information of unconnected 
  ports.


Warning-[TFIPC] Too few instance port connections
../02_SYN/Netlist/IOTDF_syn.v, 5757
top2maxmin, "DFFRX1 valid_r_reg_4_( .D (valid_r[3]),  .CK (net2587),  .RN (n1068),  .Q (valid_r[4]));"
  The above instance has fewer port connections than the module definition.
  Please use '+lint=TFIPC-L' to print out detailed information of unconnected 
  ports.


Warning-[TFIPC] Too few instance port connections
../02_SYN/Netlist/IOTDF_syn.v, 5759
top2maxmin, "DFFRX1 valid_r_reg_5_( .D (valid_r[4]),  .CK (net2587),  .RN (n1068),  .Q (valid_r[5]));"
  The above instance has fewer port connections than the module definition.
  Please use '+lint=TFIPC-L' to print out detailed information of unconnected 
  ports.


Warning-[TFIPC] Too few instance port connections
../02_SYN/Netlist/IOTDF_syn.v, 5761
top2maxmin, "DFFRX1 valid_r_reg_6_( .D (valid_r[5]),  .CK (net2582),  .RN (n1068),  .Q (valid_r[6]));"
  The above instance has fewer port connections than the module definition.
  Please use '+lint=TFIPC-L' to print out detailed information of unconnected 
  ports.


Warning-[TFIPC] Too few instance port connections
../02_SYN/Netlist/IOTDF_syn.v, 5763
top2maxmin, "DFFRX1 valid_r_reg_7_( .D (valid_r[6]),  .CK (net2582),  .RN (n1068),  .Q (valid_r[7]));"
  The above instance has fewer port connections than the module definition.
  Please use '+lint=TFIPC-L' to print out detailed information of unconnected 
  ports.


Warning-[TFIPC] Too few instance port connections
../02_SYN/Netlist/IOTDF_syn.v, 5765
top2maxmin, "DFFRX1 valid_r_reg_8_( .D (valid_r[7]),  .CK (net2582),  .RN (n1068),  .Q (valid_r[8]));"
  The above instance has fewer port connections than the module definition.
  Please use '+lint=TFIPC-L' to print out detailed information of unconnected 
  ports.


Warning-[TFIPC] Too few instance port connections
../02_SYN/Netlist/IOTDF_syn.v, 5767
top2maxmin, "DFFRX1 valid_r_reg_9_( .D (valid_r[8]),  .CK (net2582),  .RN (n1068),  .Q (valid_r[9]));"
  The above instance has fewer port connections than the module definition.
  Please use '+lint=TFIPC-L' to print out detailed information of unconnected 
  ports.


Warning-[TFIPC] Too few instance port connections
../02_SYN/Netlist/IOTDF_syn.v, 5769
top2maxmin, "DFFRX1 valid_r_reg_10_( .D (valid_r[9]),  .CK (net2577),  .RN (n1068),  .Q (valid_r[10]));"
  The above instance has fewer port connections than the module definition.
  Please use '+lint=TFIPC-L' to print out detailed information of unconnected 
  ports.


Warning-[TFIPC] Too few instance port connections
../02_SYN/Netlist/IOTDF_syn.v, 5771
top2maxmin, "DFFRX1 valid_r_reg_11_( .D (valid_r[10]),  .CK (net2577),  .RN (n1068),  .Q (valid_r[11]));"
  The above instance has fewer port connections than the module definition.
  Please use '+lint=TFIPC-L' to print out detailed information of unconnected 
  ports.


Warning-[TFIPC] Too few instance port connections
../02_SYN/Netlist/IOTDF_syn.v, 5773
top2maxmin, "DFFRX1 valid_r_reg_12_( .D (valid_r[11]),  .CK (net2577),  .RN (n1068),  .Q (valid_r[12]));"
  The above instance has fewer port connections than the module definition.
  Please use '+lint=TFIPC-L' to print out detailed information of unconnected 
  ports.


Warning-[TFIPC] Too few instance port connections
../02_SYN/Netlist/IOTDF_syn.v, 5775
top2maxmin, "DFFRX1 valid_r_reg_13_( .D (valid_r[12]),  .CK (net2577),  .RN (n1069),  .Q (valid_r[13]));"
  The above instance has fewer port connections than the module definition.
  Please use '+lint=TFIPC-L' to print out detailed information of unconnected 
  ports.


Warning-[TFIPC] Too few instance port connections
../02_SYN/Netlist/IOTDF_syn.v, 5777
top2maxmin, "DFFRX1 valid_r_reg_14_( .D (valid_r[13]),  .CK (net2572),  .RN (n1069),  .Q (valid_r[14]));"
  The above instance has fewer port connections than the module definition.
  Please use '+lint=TFIPC-L' to print out detailed information of unconnected 
  ports.


Warning-[TFIPC] Too few instance port connections
../02_SYN/Netlist/IOTDF_syn.v, 5779
top2maxmin, "DFFRX1 valid_r_reg_15_( .D (valid_r[14]),  .CK (net2572),  .RN (n1069),  .Q (valid_r[15]));"
  The above instance has fewer port connections than the module definition.
  Please use '+lint=TFIPC-L' to print out detailed information of unconnected 
  ports.


Warning-[TFIPC] Too few instance port connections
../02_SYN/Netlist/IOTDF_syn.v, 5781
top2maxmin, "DFFRX1 valid_r_reg_16_( .D (valid_r[15]),  .CK (net2572),  .RN (n1069),  .Q (valid_r[16]));"
  The above instance has fewer port connections than the module definition.
  Please use '+lint=TFIPC-L' to print out detailed information of unconnected 
  ports.


Warning-[TFIPC] Too few instance port connections
../02_SYN/Netlist/IOTDF_syn.v, 5783
top2maxmin, "DFFRX1 valid_r_reg_17_( .D (valid_r[16]),  .CK (net2572),  .RN (n1069),  .Q (valid_r[17]));"
  The above instance has fewer port connections than the module definition.
  Please use '+lint=TFIPC-L' to print out detailed information of unconnected 
  ports.


Warning-[TFIPC] Too few instance port connections
../02_SYN/Netlist/IOTDF_syn.v, 5785
top2maxmin, "DFFRX1 valid_r_reg_18_( .D (valid_r[17]),  .CK (net2567),  .RN (n1069),  .Q (valid_r[18]));"
  The above instance has fewer port connections than the module definition.
  Please use '+lint=TFIPC-L' to print out detailed information of unconnected 
  ports.


Warning-[TFIPC] Too few instance port connections
../02_SYN/Netlist/IOTDF_syn.v, 5787
top2maxmin, "DFFRX1 valid_r_reg_19_( .D (valid_r[18]),  .CK (net2567),  .RN (n1069),  .Q (valid_r[19]));"
  The above instance has fewer port connections than the module definition.
  Please use '+lint=TFIPC-L' to print out detailed information of unconnected 
  ports.


Warning-[TFIPC] Too few instance port connections
../02_SYN/Netlist/IOTDF_syn.v, 5789
top2maxmin, "DFFRX1 valid_r_reg_20_( .D (valid_r[19]),  .CK (net2567),  .RN (n1069),  .Q (valid_r[20]));"
  The above instance has fewer port connections than the module definition.
  Please use '+lint=TFIPC-L' to print out detailed information of unconnected 
  ports.


Warning-[TFIPC] Too few instance port connections
../02_SYN/Netlist/IOTDF_syn.v, 5791
top2maxmin, "DFFRX1 valid_r_reg_21_( .D (valid_r[20]),  .CK (net2567),  .RN (n1069),  .Q (valid_r[21]));"
  The above instance has fewer port connections than the module definition.
  Please use '+lint=TFIPC-L' to print out detailed information of unconnected 
  ports.


Warning-[TFIPC] Too few instance port connections
../02_SYN/Netlist/IOTDF_syn.v, 5793
top2maxmin, "DFFRX1 valid_r_reg_22_( .D (valid_r[21]),  .CK (net2562),  .RN (n1069),  .Q (valid_r[22]));"
  The above instance has fewer port connections than the module definition.
  Please use '+lint=TFIPC-L' to print out detailed information of unconnected 
  ports.


Warning-[TFIPC] Too few instance port connections
../02_SYN/Netlist/IOTDF_syn.v, 5795
top2maxmin, "DFFRX1 valid_r_reg_23_( .D (valid_r[22]),  .CK (net2562),  .RN (n1069),  .Q (valid_r[23]));"
  The above instance has fewer port connections than the module definition.
  Please use '+lint=TFIPC-L' to print out detailed information of unconnected 
  ports.


Warning-[TFIPC] Too few instance port connections
../02_SYN/Netlist/IOTDF_syn.v, 5797
top2maxmin, "DFFRX1 valid_r_reg_24_( .D (valid_r[23]),  .CK (net2562),  .RN (n1069),  .Q (valid_r[24]));"
  The above instance has fewer port connections than the module definition.
  Please use '+lint=TFIPC-L' to print out detailed information of unconnected 
  ports.


Warning-[TFIPC] Too few instance port connections
../02_SYN/Netlist/IOTDF_syn.v, 5799
top2maxmin, "DFFRX1 valid_r_reg_25_( .D (valid_r[24]),  .CK (net2562),  .RN (n1070),  .Q (valid_r[25]));"
  The above instance has fewer port connections than the module definition.
  Please use '+lint=TFIPC-L' to print out detailed information of unconnected 
  ports.


Warning-[TFIPC] Too few instance port connections
../02_SYN/Netlist/IOTDF_syn.v, 5801
top2maxmin, "DFFRX1 valid_r_reg_26_( .D (valid_r[25]),  .CK (net2557),  .RN (n1070),  .Q (valid_r[26]));"
  The above instance has fewer port connections than the module definition.
  Please use '+lint=TFIPC-L' to print out detailed information of unconnected 
  ports.


Warning-[TFIPC] Too few instance port connections
../02_SYN/Netlist/IOTDF_syn.v, 5803
top2maxmin, "DFFRX1 valid_r_reg_27_( .D (valid_r[26]),  .CK (net2557),  .RN (n1070),  .Q (valid_r[27]));"
  The above instance has fewer port connections than the module definition.
  Please use '+lint=TFIPC-L' to print out detailed information of unconnected 
  ports.


Warning-[TFIPC] Too few instance port connections
../02_SYN/Netlist/IOTDF_syn.v, 5805
top2maxmin, "DFFRX1 valid_r_reg_28_( .D (valid_r[27]),  .CK (net2557),  .RN (n1070),  .Q (valid_r[28]));"
  The above instance has fewer port connections than the module definition.
  Please use '+lint=TFIPC-L' to print out detailed information of unconnected 
  ports.


Warning-[TFIPC] Too few instance port connections
../02_SYN/Netlist/IOTDF_syn.v, 5807
top2maxmin, "DFFRX1 valid_r_reg_29_( .D (valid_r[28]),  .CK (net2557),  .RN (n1070),  .Q (valid_r[29]));"
  The above instance has fewer port connections than the module definition.
  Please use '+lint=TFIPC-L' to print out detailed information of unconnected 
  ports.


Warning-[TFIPC] Too few instance port connections
../02_SYN/Netlist/IOTDF_syn.v, 5809
top2maxmin, "DFFRX1 valid_r_reg_30_( .D (valid_r[29]),  .CK (net2552),  .RN (n1070),  .Q (valid_r[30]));"
  The above instance has fewer port connections than the module definition.
  Please use '+lint=TFIPC-L' to print out detailed information of unconnected 
  ports.


Warning-[TFIPC] Too few instance port connections
../02_SYN/Netlist/IOTDF_syn.v, 5811
top2maxmin, "DFFRX1 valid_r_reg_31_( .D (valid_r[30]),  .CK (net2552),  .RN (n1070),  .Q (valid_r[31]));"
  The above instance has fewer port connections than the module definition.
  Please use '+lint=TFIPC-L' to print out detailed information of unconnected 
  ports.


Warning-[TFIPC] Too few instance port connections
../02_SYN/Netlist/IOTDF_syn.v, 5813
top2maxmin, "DFFRX1 valid_r_reg_32_( .D (valid_r[31]),  .CK (net2552),  .RN (n1070),  .Q (valid_r[32]));"
  The above instance has fewer port connections than the module definition.
  Please use '+lint=TFIPC-L' to print out detailed information of unconnected 
  ports.


Warning-[TFIPC] Too few instance port connections
../02_SYN/Netlist/IOTDF_syn.v, 5815
top2maxmin, "DFFRX1 valid_r_reg_33_( .D (valid_r[32]),  .CK (net2552),  .RN (n1070),  .Q (valid_r[33]));"
  The above instance has fewer port connections than the module definition.
  Please use '+lint=TFIPC-L' to print out detailed information of unconnected 
  ports.


Warning-[TFIPC] Too few instance port connections
../02_SYN/Netlist/IOTDF_syn.v, 5817
top2maxmin, "DFFRX1 valid_r_reg_34_( .D (valid_r[33]),  .CK (net2547),  .RN (n1070),  .Q (valid_r[34]));"
  The above instance has fewer port connections than the module definition.
  Please use '+lint=TFIPC-L' to print out detailed information of unconnected 
  ports.


Warning-[TFIPC] Too few instance port connections
../02_SYN/Netlist/IOTDF_syn.v, 5819
top2maxmin, "DFFRX1 valid_r_reg_35_( .D (valid_r[34]),  .CK (net2547),  .RN (n1070),  .Q (valid_r[35]));"
  The above instance has fewer port connections than the module definition.
  Please use '+lint=TFIPC-L' to print out detailed information of unconnected 
  ports.


Warning-[TFIPC] Too few instance port connections
../02_SYN/Netlist/IOTDF_syn.v, 5821
top2maxmin, "DFFRX1 valid_r_reg_36_( .D (valid_r[35]),  .CK (net2547),  .RN (n1070),  .Q (valid_r[36]));"
  The above instance has fewer port connections than the module definition.
  Please use '+lint=TFIPC-L' to print out detailed information of unconnected 
  ports.


Warning-[TFIPC] Too few instance port connections
../02_SYN/Netlist/IOTDF_syn.v, 5823
top2maxmin, "DFFRX1 valid_r_reg_37_( .D (valid_r[36]),  .CK (net2547),  .RN (n1071),  .Q (valid_r[37]));"
  The above instance has fewer port connections than the module definition.
  Please use '+lint=TFIPC-L' to print out detailed information of unconnected 
  ports.


Warning-[TFIPC] Too few instance port connections
../02_SYN/Netlist/IOTDF_syn.v, 5825
top2maxmin, "DFFRX1 valid_r_reg_38_( .D (valid_r[37]),  .CK (net2542),  .RN (n1071),  .Q (valid_r[38]));"
  The above instance has fewer port connections than the module definition.
  Please use '+lint=TFIPC-L' to print out detailed information of unconnected 
  ports.


Warning-[TFIPC] Too few instance port connections
../02_SYN/Netlist/IOTDF_syn.v, 5827
top2maxmin, "DFFRX1 valid_r_reg_39_( .D (valid_r[38]),  .CK (net2542),  .RN (n1071),  .Q (valid_r[39]));"
  The above instance has fewer port connections than the module definition.
  Please use '+lint=TFIPC-L' to print out detailed information of unconnected 
  ports.


Warning-[TFIPC] Too few instance port connections
../02_SYN/Netlist/IOTDF_syn.v, 5829
top2maxmin, "DFFRX1 valid_r_reg_40_( .D (valid_r[39]),  .CK (net2542),  .RN (n1071),  .Q (valid_r[40]));"
  The above instance has fewer port connections than the module definition.
  Please use '+lint=TFIPC-L' to print out detailed information of unconnected 
  ports.


Warning-[TFIPC] Too few instance port connections
../02_SYN/Netlist/IOTDF_syn.v, 5831
top2maxmin, "DFFRX1 valid_r_reg_41_( .D (valid_r[40]),  .CK (net2542),  .RN (n1071),  .Q (valid_r[41]));"
  The above instance has fewer port connections than the module definition.
  Please use '+lint=TFIPC-L' to print out detailed information of unconnected 
  ports.


Warning-[TFIPC] Too few instance port connections
../02_SYN/Netlist/IOTDF_syn.v, 5833
top2maxmin, "DFFRX1 valid_r_reg_42_( .D (valid_r[41]),  .CK (net2537),  .RN (n1071),  .Q (valid_r[42]));"
  The above instance has fewer port connections than the module definition.
  Please use '+lint=TFIPC-L' to print out detailed information of unconnected 
  ports.


Warning-[TFIPC] Too few instance port connections
../02_SYN/Netlist/IOTDF_syn.v, 5835
top2maxmin, "DFFRX1 valid_r_reg_43_( .D (valid_r[42]),  .CK (net2537),  .RN (n1071),  .Q (valid_r[43]));"
  The above instance has fewer port connections than the module definition.
  Please use '+lint=TFIPC-L' to print out detailed information of unconnected 
  ports.


Warning-[TFIPC] Too few instance port connections
../02_SYN/Netlist/IOTDF_syn.v, 5837
top2maxmin, "DFFRX1 valid_r_reg_44_( .D (valid_r[43]),  .CK (net2537),  .RN (n1071),  .Q (valid_r[44]));"
  The above instance has fewer port connections than the module definition.
  Please use '+lint=TFIPC-L' to print out detailed information of unconnected 
  ports.


Warning-[TFIPC] Too few instance port connections
../02_SYN/Netlist/IOTDF_syn.v, 5839
top2maxmin, "DFFRX1 valid_r_reg_45_( .D (valid_r[44]),  .CK (net2537),  .RN (n1071),  .Q (valid_r[45]));"
  The above instance has fewer port connections than the module definition.
  Please use '+lint=TFIPC-L' to print out detailed information of unconnected 
  ports.


Warning-[TFIPC] Too few instance port connections
../02_SYN/Netlist/IOTDF_syn.v, 5841
top2maxmin, "DFFRX1 valid_r_reg_46_( .D (valid_r[45]),  .CK (net2532),  .RN (n1071),  .Q (valid_r[46]));"
  The above instance has fewer port connections than the module definition.
  Please use '+lint=TFIPC-L' to print out detailed information of unconnected 
  ports.


Warning-[TFIPC] Too few instance port connections
../02_SYN/Netlist/IOTDF_syn.v, 5843
top2maxmin, "DFFRX1 valid_r_reg_47_( .D (valid_r[46]),  .CK (net2532),  .RN (n1071),  .Q (valid_r[47]));"
  The above instance has fewer port connections than the module definition.
  Please use '+lint=TFIPC-L' to print out detailed information of unconnected 
  ports.


Warning-[TFIPC] Too few instance port connections
../02_SYN/Netlist/IOTDF_syn.v, 5845
top2maxmin, "DFFRX1 valid_r_reg_48_( .D (valid_r[47]),  .CK (net2532),  .RN (n1071),  .Q (valid_r[48]));"
  The above instance has fewer port connections than the module definition.
  Please use '+lint=TFIPC-L' to print out detailed information of unconnected 
  ports.


Warning-[TFIPC] Too few instance port connections
../02_SYN/Netlist/IOTDF_syn.v, 5847
top2maxmin, "DFFRX1 valid_r_reg_49_( .D (valid_r[48]),  .CK (net2532),  .RN (n1072),  .Q (valid_r[49]));"
  The above instance has fewer port connections than the module definition.
  Please use '+lint=TFIPC-L' to print out detailed information of unconnected 
  ports.


Warning-[TFIPC] Too few instance port connections
../02_SYN/Netlist/IOTDF_syn.v, 5849
top2maxmin, "DFFRX1 valid_r_reg_50_( .D (valid_r[49]),  .CK (net2527),  .RN (n1072),  .Q (valid_r[50]));"
  The above instance has fewer port connections than the module definition.
  Please use '+lint=TFIPC-L' to print out detailed information of unconnected 
  ports.


Warning-[TFIPC] Too few instance port connections
../02_SYN/Netlist/IOTDF_syn.v, 5851
top2maxmin, "DFFRX1 valid_r_reg_51_( .D (valid_r[50]),  .CK (net2527),  .RN (n1072),  .Q (valid_r[51]));"
  The above instance has fewer port connections than the module definition.
  Please use '+lint=TFIPC-L' to print out detailed information of unconnected 
  ports.


Warning-[TFIPC] Too few instance port connections
../02_SYN/Netlist/IOTDF_syn.v, 5853
top2maxmin, "DFFRX1 valid_r_reg_52_( .D (valid_r[51]),  .CK (net2527),  .RN (n1072),  .Q (valid_r[52]));"
  The above instance has fewer port connections than the module definition.
  Please use '+lint=TFIPC-L' to print out detailed information of unconnected 
  ports.


Warning-[TFIPC] Too few instance port connections
../02_SYN/Netlist/IOTDF_syn.v, 5855
top2maxmin, "DFFRX1 valid_r_reg_53_( .D (valid_r[52]),  .CK (net2527),  .RN (n1072),  .Q (valid_r[53]));"
  The above instance has fewer port connections than the module definition.
  Please use '+lint=TFIPC-L' to print out detailed information of unconnected 
  ports.


Warning-[TFIPC] Too few instance port connections
../02_SYN/Netlist/IOTDF_syn.v, 5857
top2maxmin, "DFFRX1 valid_r_reg_54_( .D (valid_r[53]),  .CK (net2522),  .RN (n1072),  .Q (valid_r[54]));"
  The above instance has fewer port connections than the module definition.
  Please use '+lint=TFIPC-L' to print out detailed information of unconnected 
  ports.


Warning-[TFIPC] Too few instance port connections
../02_SYN/Netlist/IOTDF_syn.v, 5859
top2maxmin, "DFFRX1 valid_r_reg_55_( .D (valid_r[54]),  .CK (net2522),  .RN (n1072),  .Q (valid_r[55]));"
  The above instance has fewer port connections than the module definition.
  Please use '+lint=TFIPC-L' to print out detailed information of unconnected 
  ports.


Warning-[TFIPC] Too few instance port connections
../02_SYN/Netlist/IOTDF_syn.v, 5861
top2maxmin, "DFFRX1 valid_r_reg_56_( .D (valid_r[55]),  .CK (net2522),  .RN (n1072),  .Q (valid_r[56]));"
  The above instance has fewer port connections than the module definition.
  Please use '+lint=TFIPC-L' to print out detailed information of unconnected 
  ports.


Warning-[TFIPC] Too few instance port connections
../02_SYN/Netlist/IOTDF_syn.v, 5863
top2maxmin, "DFFRX1 valid_r_reg_57_( .D (valid_r[56]),  .CK (net2522),  .RN (n1072),  .Q (valid_r[57]));"
  The above instance has fewer port connections than the module definition.
  Please use '+lint=TFIPC-L' to print out detailed information of unconnected 
  ports.


Warning-[TFIPC] Too few instance port connections
../02_SYN/Netlist/IOTDF_syn.v, 5865
top2maxmin, "DFFRX1 valid_r_reg_58_( .D (valid_r[57]),  .CK (net2517),  .RN (n1072),  .Q (valid_r[58]));"
  The above instance has fewer port connections than the module definition.
  Please use '+lint=TFIPC-L' to print out detailed information of unconnected 
  ports.


Warning-[TFIPC] Too few instance port connections
../02_SYN/Netlist/IOTDF_syn.v, 5867
top2maxmin, "DFFRX1 valid_r_reg_59_( .D (valid_r[58]),  .CK (net2517),  .RN (n1072),  .Q (valid_r[59]));"
  The above instance has fewer port connections than the module definition.
  Please use '+lint=TFIPC-L' to print out detailed information of unconnected 
  ports.


Warning-[TFIPC] Too few instance port connections
../02_SYN/Netlist/IOTDF_syn.v, 5869
top2maxmin, "DFFRX1 valid_r_reg_60_( .D (valid_r[59]),  .CK (net2517),  .RN (n1072),  .Q (valid_r[60]));"
  The above instance has fewer port connections than the module definition.
  Please use '+lint=TFIPC-L' to print out detailed information of unconnected 
  ports.


Warning-[TFIPC] Too few instance port connections
../02_SYN/Netlist/IOTDF_syn.v, 5871
top2maxmin, "DFFRX1 valid_r_reg_61_( .D (valid_r[60]),  .CK (net2517),  .RN (n1073),  .Q (valid_r[61]));"
  The above instance has fewer port connections than the module definition.
  Please use '+lint=TFIPC-L' to print out detailed information of unconnected 
  ports.


Warning-[TFIPC] Too few instance port connections
../02_SYN/Netlist/IOTDF_syn.v, 5873
top2maxmin, "DFFRX1 valid_r_reg_62_( .D (valid_r[61]),  .CK (net2512),  .RN (n1073),  .Q (valid_r[62]));"
  The above instance has fewer port connections than the module definition.
  Please use '+lint=TFIPC-L' to print out detailed information of unconnected 
  ports.


Warning-[TFIPC] Too few instance port connections
../02_SYN/Netlist/IOTDF_syn.v, 5875
top2maxmin, "DFFRX1 valid_r_reg_63_( .D (valid_r[62]),  .CK (net2512),  .RN (n1073),  .Q (valid_r[63]));"
  The above instance has fewer port connections than the module definition.
  Please use '+lint=TFIPC-L' to print out detailed information of unconnected 
  ports.


Warning-[TFIPC] Too few instance port connections
../02_SYN/Netlist/IOTDF_syn.v, 5877
top2maxmin, "DFFRX1 valid_r_reg_64_( .D (valid_r[63]),  .CK (net2512),  .RN (n1073),  .Q (valid_r[64]));"
  The above instance has fewer port connections than the module definition.
  Please use '+lint=TFIPC-L' to print out detailed information of unconnected 
  ports.


Warning-[TFIPC] Too few instance port connections
../02_SYN/Netlist/IOTDF_syn.v, 5879
top2maxmin, "DFFRX1 valid_r_reg_65_( .D (valid_r[64]),  .CK (net2512),  .RN (n1073),  .Q (valid_r[65]));"
  The above instance has fewer port connections than the module definition.
  Please use '+lint=TFIPC-L' to print out detailed information of unconnected 
  ports.


Warning-[TFIPC] Too few instance port connections
../02_SYN/Netlist/IOTDF_syn.v, 5881
top2maxmin, "DFFRX1 valid_r_reg_66_( .D (valid_r[65]),  .CK (net2507),  .RN (n1073),  .Q (valid_r[66]));"
  The above instance has fewer port connections than the module definition.
  Please use '+lint=TFIPC-L' to print out detailed information of unconnected 
  ports.


Warning-[TFIPC] Too few instance port connections
../02_SYN/Netlist/IOTDF_syn.v, 5883
top2maxmin, "DFFRX1 valid_r_reg_67_( .D (valid_r[66]),  .CK (net2507),  .RN (n1073),  .Q (valid_r[67]));"
  The above instance has fewer port connections than the module definition.
  Please use '+lint=TFIPC-L' to print out detailed information of unconnected 
  ports.


Warning-[TFIPC] Too few instance port connections
../02_SYN/Netlist/IOTDF_syn.v, 5885
top2maxmin, "DFFRX1 valid_r_reg_68_( .D (valid_r[67]),  .CK (net2507),  .RN (n1073),  .Q (valid_r[68]));"
  The above instance has fewer port connections than the module definition.
  Please use '+lint=TFIPC-L' to print out detailed information of unconnected 
  ports.


Warning-[TFIPC] Too few instance port connections
../02_SYN/Netlist/IOTDF_syn.v, 5887
top2maxmin, "DFFRX1 valid_r_reg_69_( .D (valid_r[68]),  .CK (net2507),  .RN (n1073),  .Q (valid_r[69]));"
  The above instance has fewer port connections than the module definition.
  Please use '+lint=TFIPC-L' to print out detailed information of unconnected 
  ports.


Warning-[TFIPC] Too few instance port connections
../02_SYN/Netlist/IOTDF_syn.v, 5889
top2maxmin, "DFFRX1 valid_r_reg_70_( .D (valid_r[69]),  .CK (net2502),  .RN (n1073),  .Q (valid_r[70]));"
  The above instance has fewer port connections than the module definition.
  Please use '+lint=TFIPC-L' to print out detailed information of unconnected 
  ports.


Warning-[TFIPC] Too few instance port connections
../02_SYN/Netlist/IOTDF_syn.v, 5891
top2maxmin, "DFFRX1 valid_r_reg_71_( .D (valid_r[70]),  .CK (net2502),  .RN (n1073),  .Q (valid_r[71]));"
  The above instance has fewer port connections than the module definition.
  Please use '+lint=TFIPC-L' to print out detailed information of unconnected 
  ports.


Warning-[TFIPC] Too few instance port connections
../02_SYN/Netlist/IOTDF_syn.v, 5893
top2maxmin, "DFFRX1 valid_r_reg_72_( .D (valid_r[71]),  .CK (net2502),  .RN (n1073),  .Q (valid_r[72]));"
  The above instance has fewer port connections than the module definition.
  Please use '+lint=TFIPC-L' to print out detailed information of unconnected 
  ports.


Warning-[TFIPC] Too few instance port connections
../02_SYN/Netlist/IOTDF_syn.v, 5895
top2maxmin, "DFFRX1 valid_r_reg_73_( .D (valid_r[72]),  .CK (net2502),  .RN (n1070),  .Q (valid_r[73]));"
  The above instance has fewer port connections than the module definition.
  Please use '+lint=TFIPC-L' to print out detailed information of unconnected 
  ports.


Warning-[TFIPC] Too few instance port connections
../02_SYN/Netlist/IOTDF_syn.v, 5897
top2maxmin, "DFFRX1 valid_r_reg_74_( .D (valid_r[73]),  .CK (net2497),  .RN (n1070),  .Q (valid_r[74]));"
  The above instance has fewer port connections than the module definition.
  Please use '+lint=TFIPC-L' to print out detailed information of unconnected 
  ports.


Warning-[TFIPC] Too few instance port connections
../02_SYN/Netlist/IOTDF_syn.v, 5899
top2maxmin, "DFFRX1 valid_r_reg_75_( .D (valid_r[74]),  .CK (net2497),  .RN (n1070),  .Q (valid_r[75]));"
  The above instance has fewer port connections than the module definition.
  Please use '+lint=TFIPC-L' to print out detailed information of unconnected 
  ports.


Warning-[TFIPC] Too few instance port connections
../02_SYN/Netlist/IOTDF_syn.v, 5901
top2maxmin, "DFFRX1 valid_r_reg_76_( .D (valid_r[75]),  .CK (net2497),  .RN (n1070),  .Q (valid_r[76]));"
  The above instance has fewer port connections than the module definition.
  Please use '+lint=TFIPC-L' to print out detailed information of unconnected 
  ports.


Warning-[TFIPC] Too few instance port connections
../02_SYN/Netlist/IOTDF_syn.v, 5903
top2maxmin, "DFFRX1 valid_r_reg_77_( .D (valid_r[76]),  .CK (net2497),  .RN (n1070),  .Q (valid_r[77]));"
  The above instance has fewer port connections than the module definition.
  Please use '+lint=TFIPC-L' to print out detailed information of unconnected 
  ports.


Warning-[TFIPC] Too few instance port connections
../02_SYN/Netlist/IOTDF_syn.v, 5905
top2maxmin, "DFFRX1 valid_r_reg_78_( .D (valid_r[77]),  .CK (net2492),  .RN (n1070),  .Q (valid_r[78]));"
  The above instance has fewer port connections than the module definition.
  Please use '+lint=TFIPC-L' to print out detailed information of unconnected 
  ports.


Warning-[TFIPC] Too few instance port connections
../02_SYN/Netlist/IOTDF_syn.v, 5907
top2maxmin, "DFFRX1 valid_r_reg_79_( .D (valid_r[78]),  .CK (net2492),  .RN (n1070),  .Q (valid_r[79]));"
  The above instance has fewer port connections than the module definition.
  Please use '+lint=TFIPC-L' to print out detailed information of unconnected 
  ports.


Warning-[TFIPC] Too few instance port connections
../02_SYN/Netlist/IOTDF_syn.v, 5909
top2maxmin, "DFFRX1 valid_r_reg_80_( .D (valid_r[79]),  .CK (net2492),  .RN (n1070),  .Q (valid_r[80]));"
  The above instance has fewer port connections than the module definition.
  Please use '+lint=TFIPC-L' to print out detailed information of unconnected 
  ports.


Warning-[TFIPC] Too few instance port connections
../02_SYN/Netlist/IOTDF_syn.v, 5911
top2maxmin, "DFFRX1 valid_r_reg_81_( .D (valid_r[80]),  .CK (net2492),  .RN (n1070),  .Q (valid_r[81]));"
  The above instance has fewer port connections than the module definition.
  Please use '+lint=TFIPC-L' to print out detailed information of unconnected 
  ports.


Warning-[TFIPC] Too few instance port connections
../02_SYN/Netlist/IOTDF_syn.v, 5913
top2maxmin, "DFFRX1 valid_r_reg_82_( .D (valid_r[81]),  .CK (net2487),  .RN (n1070),  .Q (valid_r[82]));"
  The above instance has fewer port connections than the module definition.
  Please use '+lint=TFIPC-L' to print out detailed information of unconnected 
  ports.


Warning-[TFIPC] Too few instance port connections
../02_SYN/Netlist/IOTDF_syn.v, 5915
top2maxmin, "DFFRX1 valid_r_reg_83_( .D (valid_r[82]),  .CK (net2487),  .RN (n1070),  .Q (valid_r[83]));"
  The above instance has fewer port connections than the module definition.
  Please use '+lint=TFIPC-L' to print out detailed information of unconnected 
  ports.


Warning-[TFIPC] Too few instance port connections
../02_SYN/Netlist/IOTDF_syn.v, 5917
top2maxmin, "DFFRX1 valid_r_reg_84_( .D (valid_r[83]),  .CK (net2487),  .RN (n1070),  .Q (valid_r[84]));"
  The above instance has fewer port connections than the module definition.
  Please use '+lint=TFIPC-L' to print out detailed information of unconnected 
  ports.


Warning-[TFIPC] Too few instance port connections
../02_SYN/Netlist/IOTDF_syn.v, 5919
top2maxmin, "DFFRX1 valid_r_reg_85_( .D (valid_r[84]),  .CK (net2487),  .RN (n1076),  .Q (valid_r[85]));"
  The above instance has fewer port connections than the module definition.
  Please use '+lint=TFIPC-L' to print out detailed information of unconnected 
  ports.


Warning-[TFIPC] Too few instance port connections
../02_SYN/Netlist/IOTDF_syn.v, 5921
top2maxmin, "DFFRX1 valid_r_reg_86_( .D (valid_r[85]),  .CK (net2482),  .RN (n1084),  .Q (valid_r[86]));"
  The above instance has fewer port connections than the module definition.
  Please use '+lint=TFIPC-L' to print out detailed information of unconnected 
  ports.


Warning-[TFIPC] Too few instance port connections
../02_SYN/Netlist/IOTDF_syn.v, 5923
top2maxmin, "DFFRX1 valid_r_reg_87_( .D (valid_r[86]),  .CK (net2482),  .RN (n1086),  .Q (valid_r[87]));"
  The above instance has fewer port connections than the module definition.
  Please use '+lint=TFIPC-L' to print out detailed information of unconnected 
  ports.


Warning-[TFIPC] Too few instance port connections
../02_SYN/Netlist/IOTDF_syn.v, 5925
top2maxmin, "DFFRX1 valid_r_reg_88_( .D (valid_r[87]),  .CK (net2482),  .RN (n1084),  .Q (valid_r[88]));"
  The above instance has fewer port connections than the module definition.
  Please use '+lint=TFIPC-L' to print out detailed information of unconnected 
  ports.


Warning-[TFIPC] Too few instance port connections
../02_SYN/Netlist/IOTDF_syn.v, 5927
top2maxmin, "DFFRX1 valid_r_reg_89_( .D (valid_r[88]),  .CK (net2482),  .RN (n1083),  .Q (valid_r[89]));"
  The above instance has fewer port connections than the module definition.
  Please use '+lint=TFIPC-L' to print out detailed information of unconnected 
  ports.


Warning-[TFIPC] Too few instance port connections
../02_SYN/Netlist/IOTDF_syn.v, 5929
top2maxmin, "DFFRX1 valid_r_reg_90_( .D (valid_r[89]),  .CK (net2477),  .RN (n57),  .Q (valid_r[90]));"
  The above instance has fewer port connections than the module definition.
  Please use '+lint=TFIPC-L' to print out detailed information of unconnected 
  ports.


Warning-[TFIPC] Too few instance port connections
../02_SYN/Netlist/IOTDF_syn.v, 5931
top2maxmin, "DFFRX1 valid_r_reg_91_( .D (valid_r[90]),  .CK (net2477),  .RN (n1079),  .Q (valid_r[91]));"
  The above instance has fewer port connections than the module definition.
  Please use '+lint=TFIPC-L' to print out detailed information of unconnected 
  ports.


Warning-[TFIPC] Too few instance port connections
../02_SYN/Netlist/IOTDF_syn.v, 5933
top2maxmin, "DFFRX1 valid_r_reg_92_( .D (valid_r[91]),  .CK (net2477),  .RN (n1070),  .Q (valid_r[92]));"
  The above instance has fewer port connections than the module definition.
  Please use '+lint=TFIPC-L' to print out detailed information of unconnected 
  ports.


Warning-[TFIPC] Too few instance port connections
../02_SYN/Netlist/IOTDF_syn.v, 5935
top2maxmin, "DFFRX1 valid_r_reg_93_( .D (valid_r[92]),  .CK (net2477),  .RN (n1084),  .Q (valid_r[93]));"
  The above instance has fewer port connections than the module definition.
  Please use '+lint=TFIPC-L' to print out detailed information of unconnected 
  ports.


Warning-[TFIPC] Too few instance port connections
../02_SYN/Netlist/IOTDF_syn.v, 5937
top2maxmin, "DFFRX1 valid_r_reg_94_( .D (valid_r[93]),  .CK (net2472),  .RN (n1100),  .Q (valid_r[94]));"
  The above instance has fewer port connections than the module definition.
  Please use '+lint=TFIPC-L' to print out detailed information of unconnected 
  ports.


Warning-[TFIPC] Too few instance port connections
../02_SYN/Netlist/IOTDF_syn.v, 5939
top2maxmin, "DFFRX1 valid_r_reg_95_( .D (valid_r[94]),  .CK (net2472),  .RN (n57),  .Q (valid_r[95]));"
  The above instance has fewer port connections than the module definition.
  Please use '+lint=TFIPC-L' to print out detailed information of unconnected 
  ports.


Warning-[TFIPC] Too few instance port connections
../02_SYN/Netlist/IOTDF_syn.v, 5941
top2maxmin, "DFFRX1 valid_r_reg_96_( .D (valid_r[95]),  .CK (net2472),  .RN (n1086),  .Q (valid_r[96]));"
  The above instance has fewer port connections than the module definition.
  Please use '+lint=TFIPC-L' to print out detailed information of unconnected 
  ports.


Warning-[TFIPC] Too few instance port connections
../02_SYN/Netlist/IOTDF_syn.v, 5943
top2maxmin, "DFFRX1 valid_r_reg_97_( .D (valid_r[96]),  .CK (net2472),  .RN (n1087),  .Q (valid_r[97]));"
  The above instance has fewer port connections than the module definition.
  Please use '+lint=TFIPC-L' to print out detailed information of unconnected 
  ports.


Warning-[TFIPC] Too few instance port connections
../02_SYN/Netlist/IOTDF_syn.v, 5945
top2maxmin, "DFFRX1 valid_r_reg_98_( .D (valid_r[97]),  .CK (net2467),  .RN (n1087),  .Q (valid_r[98]));"
  The above instance has fewer port connections than the module definition.
  Please use '+lint=TFIPC-L' to print out detailed information of unconnected 
  ports.


Warning-[TFIPC] Too few instance port connections
../02_SYN/Netlist/IOTDF_syn.v, 5947
top2maxmin, "DFFRX1 valid_r_reg_99_( .D (valid_r[98]),  .CK (net2467),  .RN (n1087),  .Q (valid_r[99]));"
  The above instance has fewer port connections than the module definition.
  Please use '+lint=TFIPC-L' to print out detailed information of unconnected 
  ports.


Warning-[TFIPC] Too few instance port connections
../02_SYN/Netlist/IOTDF_syn.v, 5949
top2maxmin, "DFFRX1 valid_r_reg_100_( .D (valid_r[99]),  .CK (net2467),  .RN (n1087),  .Q (valid_r[100]));"
  The above instance has fewer port connections than the module definition.
  Please use '+lint=TFIPC-L' to print out detailed information of unconnected 
  ports.


Warning-[TFIPC] Too few instance port connections
../02_SYN/Netlist/IOTDF_syn.v, 5951
top2maxmin, "DFFRX1 valid_r_reg_101_( .D (valid_r[100]),  .CK (net2467),  .RN (n1087),  .Q (valid_r[101]));"
  The above instance has fewer port connections than the module definition.
  Please use '+lint=TFIPC-L' to print out detailed information of unconnected 
  ports.


Warning-[TFIPC] Too few instance port connections
../02_SYN/Netlist/IOTDF_syn.v, 5953
top2maxmin, "DFFRX1 valid_r_reg_102_( .D (valid_r[101]),  .CK (net2462),  .RN (n1087),  .Q (valid_r[102]));"
  The above instance has fewer port connections than the module definition.
  Please use '+lint=TFIPC-L' to print out detailed information of unconnected 
  ports.


Warning-[TFIPC] Too few instance port connections
../02_SYN/Netlist/IOTDF_syn.v, 5955
top2maxmin, "DFFRX1 valid_r_reg_103_( .D (valid_r[102]),  .CK (net2462),  .RN (n1087),  .Q (valid_r[103]));"
  The above instance has fewer port connections than the module definition.
  Please use '+lint=TFIPC-L' to print out detailed information of unconnected 
  ports.


Warning-[TFIPC] Too few instance port connections
../02_SYN/Netlist/IOTDF_syn.v, 5957
top2maxmin, "DFFRX1 valid_r_reg_104_( .D (valid_r[103]),  .CK (net2462),  .RN (n1087),  .Q (valid_r[104]));"
  The above instance has fewer port connections than the module definition.
  Please use '+lint=TFIPC-L' to print out detailed information of unconnected 
  ports.


Warning-[TFIPC] Too few instance port connections
../02_SYN/Netlist/IOTDF_syn.v, 5959
top2maxmin, "DFFRX1 valid_r_reg_105_( .D (valid_r[104]),  .CK (net2462),  .RN (n1087),  .Q (valid_r[105]));"
  The above instance has fewer port connections than the module definition.
  Please use '+lint=TFIPC-L' to print out detailed information of unconnected 
  ports.


Warning-[TFIPC] Too few instance port connections
../02_SYN/Netlist/IOTDF_syn.v, 5961
top2maxmin, "DFFRX1 valid_r_reg_106_( .D (valid_r[105]),  .CK (net2457),  .RN (n1087),  .Q (valid_r[106]));"
  The above instance has fewer port connections than the module definition.
  Please use '+lint=TFIPC-L' to print out detailed information of unconnected 
  ports.


Warning-[TFIPC] Too few instance port connections
../02_SYN/Netlist/IOTDF_syn.v, 5963
top2maxmin, "DFFRX1 valid_r_reg_107_( .D (valid_r[106]),  .CK (net2457),  .RN (n1087),  .Q (valid_r[107]));"
  The above instance has fewer port connections than the module definition.
  Please use '+lint=TFIPC-L' to print out detailed information of unconnected 
  ports.


Warning-[TFIPC] Too few instance port connections
../02_SYN/Netlist/IOTDF_syn.v, 5965
top2maxmin, "DFFRX1 valid_r_reg_108_( .D (valid_r[107]),  .CK (net2457),  .RN (n1087),  .Q (valid_r[108]));"
  The above instance has fewer port connections than the module definition.
  Please use '+lint=TFIPC-L' to print out detailed information of unconnected 
  ports.


Warning-[TFIPC] Too few instance port connections
../02_SYN/Netlist/IOTDF_syn.v, 5967
top2maxmin, "DFFRX1 valid_r_reg_109_( .D (valid_r[108]),  .CK (net2457),  .RN (n1076),  .Q (valid_r[109]));"
  The above instance has fewer port connections than the module definition.
  Please use '+lint=TFIPC-L' to print out detailed information of unconnected 
  ports.


Warning-[TFIPC] Too few instance port connections
../02_SYN/Netlist/IOTDF_syn.v, 5969
top2maxmin, "DFFRX1 valid_r_reg_110_( .D (valid_r[109]),  .CK (net2452),  .RN (n1076),  .Q (valid_r[110]));"
  The above instance has fewer port connections than the module definition.
  Please use '+lint=TFIPC-L' to print out detailed information of unconnected 
  ports.


Warning-[TFIPC] Too few instance port connections
../02_SYN/Netlist/IOTDF_syn.v, 5971
top2maxmin, "DFFRX1 valid_r_reg_111_( .D (valid_r[110]),  .CK (net2452),  .RN (n1076),  .Q (valid_r[111]));"
  The above instance has fewer port connections than the module definition.
  Please use '+lint=TFIPC-L' to print out detailed information of unconnected 
  ports.


Warning-[TFIPC] Too few instance port connections
../02_SYN/Netlist/IOTDF_syn.v, 5973
top2maxmin, "DFFRX1 valid_r_reg_112_( .D (valid_r[111]),  .CK (net2452),  .RN (n1076),  .Q (valid_r[112]));"
  The above instance has fewer port connections than the module definition.
  Please use '+lint=TFIPC-L' to print out detailed information of unconnected 
  ports.


Warning-[TFIPC] Too few instance port connections
../02_SYN/Netlist/IOTDF_syn.v, 5975
top2maxmin, "DFFRX1 valid_r_reg_113_( .D (valid_r[112]),  .CK (net2452),  .RN (n1076),  .Q (valid_r[113]));"
  The above instance has fewer port connections than the module definition.
  Please use '+lint=TFIPC-L' to print out detailed information of unconnected 
  ports.


Warning-[TFIPC] Too few instance port connections
../02_SYN/Netlist/IOTDF_syn.v, 5977
top2maxmin, "DFFRX1 valid_r_reg_114_( .D (valid_r[113]),  .CK (net2447),  .RN (n1076),  .Q (valid_r[114]));"
  The above instance has fewer port connections than the module definition.
  Please use '+lint=TFIPC-L' to print out detailed information of unconnected 
  ports.


Warning-[TFIPC] Too few instance port connections
../02_SYN/Netlist/IOTDF_syn.v, 5979
top2maxmin, "DFFRX1 valid_r_reg_115_( .D (valid_r[114]),  .CK (net2447),  .RN (n1076),  .Q (valid_r[115]));"
  The above instance has fewer port connections than the module definition.
  Please use '+lint=TFIPC-L' to print out detailed information of unconnected 
  ports.


Warning-[TFIPC] Too few instance port connections
../02_SYN/Netlist/IOTDF_syn.v, 5981
top2maxmin, "DFFRX1 valid_r_reg_116_( .D (valid_r[115]),  .CK (net2447),  .RN (n1076),  .Q (valid_r[116]));"
  The above instance has fewer port connections than the module definition.
  Please use '+lint=TFIPC-L' to print out detailed information of unconnected 
  ports.


Warning-[TFIPC] Too few instance port connections
../02_SYN/Netlist/IOTDF_syn.v, 5983
top2maxmin, "DFFRX1 valid_r_reg_117_( .D (valid_r[116]),  .CK (net2447),  .RN (n1076),  .Q (valid_r[117]));"
  The above instance has fewer port connections than the module definition.
  Please use '+lint=TFIPC-L' to print out detailed information of unconnected 
  ports.


Warning-[TFIPC] Too few instance port connections
../02_SYN/Netlist/IOTDF_syn.v, 5985
top2maxmin, "DFFRX1 valid_r_reg_118_( .D (valid_r[117]),  .CK (net2442),  .RN (n1076),  .Q (valid_r[118]));"
  The above instance has fewer port connections than the module definition.
  Please use '+lint=TFIPC-L' to print out detailed information of unconnected 
  ports.


Warning-[TFIPC] Too few instance port connections
../02_SYN/Netlist/IOTDF_syn.v, 5987
top2maxmin, "DFFRX1 valid_r_reg_119_( .D (valid_r[118]),  .CK (net2442),  .RN (n1076),  .Q (valid_r[119]));"
  The above instance has fewer port connections than the module definition.
  Please use '+lint=TFIPC-L' to print out detailed information of unconnected 
  ports.


Warning-[TFIPC] Too few instance port connections
../02_SYN/Netlist/IOTDF_syn.v, 5989
top2maxmin, "DFFRX1 valid_r_reg_120_( .D (valid_r[119]),  .CK (net2442),  .RN (n1076),  .Q (valid_r[120]));"
  The above instance has fewer port connections than the module definition.
  Please use '+lint=TFIPC-L' to print out detailed information of unconnected 
  ports.


Warning-[TFIPC] Too few instance port connections
../02_SYN/Netlist/IOTDF_syn.v, 5991
top2maxmin, "DFFRX1 valid_r_reg_121_( .D (valid_r[120]),  .CK (net2442),  .RN (n1085),  .Q (valid_r[121]));"
  The above instance has fewer port connections than the module definition.
  Please use '+lint=TFIPC-L' to print out detailed information of unconnected 
  ports.


Warning-[TFIPC] Too few instance port connections
../02_SYN/Netlist/IOTDF_syn.v, 5993
top2maxmin, "DFFRX1 valid_r_reg_122_( .D (valid_r[121]),  .CK (net2437),  .RN (n1089),  .Q (valid_r[122]));"
  The above instance has fewer port connections than the module definition.
  Please use '+lint=TFIPC-L' to print out detailed information of unconnected 
  ports.


Warning-[TFIPC] Too few instance port connections
../02_SYN/Netlist/IOTDF_syn.v, 5995
top2maxmin, "DFFRX1 valid_r_reg_123_( .D (valid_r[122]),  .CK (net2437),  .RN (n1103),  .Q (valid_r[123]));"
  The above instance has fewer port connections than the module definition.
  Please use '+lint=TFIPC-L' to print out detailed information of unconnected 
  ports.


Warning-[TFIPC] Too few instance port connections
../02_SYN/Netlist/IOTDF_syn.v, 5997
top2maxmin, "DFFRX1 valid_r_reg_124_( .D (valid_r[123]),  .CK (net2437),  .RN (n1091),  .Q (valid_r[124]));"
  The above instance has fewer port connections than the module definition.
  Please use '+lint=TFIPC-L' to print out detailed information of unconnected 
  ports.


Warning-[TFIPC] Too few instance port connections
../02_SYN/Netlist/IOTDF_syn.v, 5999
top2maxmin, "DFFRX1 valid_r_reg_125_( .D (valid_r[124]),  .CK (net2437),  .RN (n57),  .Q (valid_r[125]));"
  The above instance has fewer port connections than the module definition.
  Please use '+lint=TFIPC-L' to print out detailed information of unconnected 
  ports.


Warning-[TFIPC] Too few instance port connections
../02_SYN/Netlist/IOTDF_syn.v, 6001
top2maxmin, "DFFRX1 valid_r_reg_126_( .D (valid_r[125]),  .CK (net2431),  .RN (n1085),  .Q (valid_r[126]));"
  The above instance has fewer port connections than the module definition.
  Please use '+lint=TFIPC-L' to print out detailed information of unconnected 
  ports.


Warning-[TFIPC] Too few instance port connections
../02_SYN/Netlist/IOTDF_syn.v, 6003
top2maxmin, "DFFRX1 valid_r_reg_127_( .D (valid_r[126]),  .CK (net2431),  .RN (n1089),  .Q (valid_r[127]));"
  The above instance has fewer port connections than the module definition.
  Please use '+lint=TFIPC-L' to print out detailed information of unconnected 
  ports.


Warning-[TFIPC] Too few instance port connections
../02_SYN/Netlist/IOTDF_syn.v, 6005
top2maxmin, "DFFRX1 valid_r_reg_128_( .D (valid_r[127]),  .CK (net2431),  .RN (n1103),  .Q (valid_r[128]));"
  The above instance has fewer port connections than the module definition.
  Please use '+lint=TFIPC-L' to print out detailed information of unconnected 
  ports.


Warning-[TFIPC] Too few instance port connections
../02_SYN/Netlist/IOTDF_syn.v, 6007
top2maxmin, "DFFRX1 valid_r_reg_129_( .D (valid_r[128]),  .CK (net2431),  .RN (n57),  .Q (o_out_valid));"
  The above instance has fewer port connections than the module definition.
  Please use '+lint=TFIPC-L' to print out detailed information of unconnected 
  ports.


Warning-[TFIPC] Too few instance port connections
../02_SYN/Netlist/IOTDF_syn.v, 6009
top2maxmin, "DFFRX1 first_r_reg( .D (first),  .CK (net2912),  .RN (n1091),  .Q (first_r));"
  The above instance has fewer port connections than the module definition.
  Please use '+lint=TFIPC-L' to print out detailed information of unconnected 
  ports.


Warning-[TFIPC] Too few instance port connections
../02_SYN/Netlist/IOTDF_syn.v, 6013
top2maxmin, "DFFRX1 u_compare_128bit_inst1_byte_idx_reg_1_( .D (u_compare_128bit_inst1_N8),  .CK (u_compare_128bit_inst1_net3945),  .RN (n1060),  .Q (u_compare_128bit_inst1_byte_idx[1]));"
  The above instance has fewer port connections than the module definition.
  Please use '+lint=TFIPC-L' to print out detailed information of unconnected 
  ports.


Warning-[TFIPC] Too few instance port connections
../02_SYN/Netlist/IOTDF_syn.v, 6015
top2maxmin, "DFFRX1 u_compare_128bit_inst1_byte_idx_reg_2_( .D (u_compare_128bit_inst1_N9),  .CK (u_compare_128bit_inst1_net3945),  .RN (n61),  .Q (u_compare_128bit_inst1_byte_idx[2]));"
  The above instance has fewer port connections than the module definition.
  Please use '+lint=TFIPC-L' to print out detailed information of unconnected 
  ports.


Warning-[TFIPC] Too few instance port connections
../02_SYN/Netlist/IOTDF_syn.v, 6017
top2maxmin, "DFFRX1 u_compare_128bit_inst1_byte_idx_reg_3_( .D (u_compare_128bit_inst1_N10),  .CK (u_compare_128bit_inst2_net3711),  .RN (n1060),  .Q (u_compare_128bit_inst1_byte_idx[3]));"
  The above instance has fewer port connections than the module definition.
  Please use '+lint=TFIPC-L' to print out detailed information of unconnected 
  ports.


Warning-[TFIPC] Too few instance port connections
../02_SYN/Netlist/IOTDF_syn.v, 6020
top2maxmin, "DFFRX1 u_compare_128bit_inst1_b_r_reg_128_( .D (u_compare_128bit_inst1_b_r[119]),  .CK (u_compare_128bit_inst1_net3780),  .RN (n61),  .QN (n3410));"
  The above instance has fewer port connections than the module definition.
  Please use '+lint=TFIPC-L' to print out detailed information of unconnected 
  ports.


Warning-[TFIPC] Too few instance port connections
../02_SYN/Netlist/IOTDF_syn.v, 6023
top2maxmin, "DFFRX1 u_compare_128bit_inst1_b_r_reg_129_( .D (u_compare_128bit_inst1_b_r[120]),  .CK (u_compare_128bit_inst1_net3780),  .RN (n61),  .Q (u_compare_128bit_inst1_b_byte[3]));"
  The above instance has fewer port connections than the module definition.
  Please use '+lint=TFIPC-L' to print out detailed information of unconnected 
  ports.


Warning-[TFIPC] Too few instance port connections
../02_SYN/Netlist/IOTDF_syn.v, 6026
top2maxmin, "DFFRX1 u_compare_128bit_inst1_b_r_reg_130_( .D (u_compare_128bit_inst1_b_r[121]),  .CK (u_compare_128bit_inst1_net3780),  .RN (n1060),  .Q (u_compare_128bit_inst1_b_byte[4]));"
  The above instance has fewer port connections than the module definition.
  Please use '+lint=TFIPC-L' to print out detailed information of unconnected 
  ports.


Warning-[TFIPC] Too few instance port connections
../02_SYN/Netlist/IOTDF_syn.v, 6029
top2maxmin, "DFFRX1 u_compare_128bit_inst1_b_r_reg_131_( .D (u_compare_128bit_inst1_b_r[122]),  .CK (u_compare_128bit_inst1_net3774),  .RN (n61),  .QN (n3420));"
  The above instance has fewer port connections than the module definition.
  Please use '+lint=TFIPC-L' to print out detailed information of unconnected 
  ports.


Warning-[TFIPC] Too few instance port connections
../02_SYN/Netlist/IOTDF_syn.v, 6032
top2maxmin, "DFFRX1 u_compare_128bit_inst1_b_r_reg_132_( .D (u_compare_128bit_inst1_b_r[123]),  .CK (u_compare_128bit_inst1_net3774),  .RN (n61),  .Q (u_compare_128bit_inst1_b_byte[6]));"
  The above instance has fewer port connections than the module definition.
  Please use '+lint=TFIPC-L' to print out detailed information of unconnected 
  ports.


Warning-[TFIPC] Too few instance port connections
../02_SYN/Netlist/IOTDF_syn.v, 6035
top2maxmin, "DFFRX1 u_compare_128bit_inst1_b_r_reg_133_( .D (u_compare_128bit_inst1_b_r[124]),  .CK (u_compare_128bit_inst1_net3774),  .RN (n1060),  .Q (u_compare_128bit_inst1_b_byte[7]));"
  The above instance has fewer port connections than the module definition.
  Please use '+lint=TFIPC-L' to print out detailed information of unconnected 
  ports.


Warning-[TFIPC] Too few instance port connections
../02_SYN/Netlist/IOTDF_syn.v, 6038
top2maxmin, "DFFRX1 u_compare_128bit_inst1_b_r_reg_134_( .D (u_compare_128bit_inst1_b_r[125]),  .CK (u_compare_128bit_inst1_net3774),  .RN (n1060),  .Q (u_compare_128bit_inst1_b_byte[8]));"
  The above instance has fewer port connections than the module definition.
  Please use '+lint=TFIPC-L' to print out detailed information of unconnected 
  ports.


Warning-[TFIPC] Too few instance port connections
../02_SYN/Netlist/IOTDF_syn.v, 6041
top2maxmin, "DFFRX1 u_compare_128bit_inst2_byte_idx_reg_3_( .D (u_compare_128bit_inst2_N10),  .CK (u_compare_128bit_inst1_net4080),  .RN (n61),  .Q (u_compare_128bit_inst2_byte_idx[3]));"
  The above instance has fewer port connections than the module definition.
  Please use '+lint=TFIPC-L' to print out detailed information of unconnected 
  ports.


Warning-[TFIPC] Too few instance port connections
../02_SYN/Netlist/IOTDF_syn.v, 6044
top2maxmin, "DFFRX1 u_compare_128bit_inst2_b_r_reg_128_( .D (u_compare_128bit_inst2_b_r[119]),  .CK (u_compare_128bit_inst2_net3421),  .RN (n1060),  .QN (n4630));"
  The above instance has fewer port connections than the module definition.
  Please use '+lint=TFIPC-L' to print out detailed information of unconnected 
  ports.


Warning-[TFIPC] Too few instance port connections
../02_SYN/Netlist/IOTDF_syn.v, 6047
top2maxmin, "DFFRX1 u_compare_128bit_inst2_b_r_reg_129_( .D (u_compare_128bit_inst2_b_r[120]),  .CK (u_compare_128bit_inst2_net3421),  .RN (n61),  .Q (u_compare_128bit_inst2_b_byte[3]));"
  The above instance has fewer port connections than the module definition.
  Please use '+lint=TFIPC-L' to print out detailed information of unconnected 
  ports.


Warning-[TFIPC] Too few instance port connections
../02_SYN/Netlist/IOTDF_syn.v, 6050
top2maxmin, "DFFRX1 u_compare_128bit_inst2_b_r_reg_130_( .D (u_compare_128bit_inst2_b_r[121]),  .CK (u_compare_128bit_inst2_net3421),  .RN (n61),  .Q (u_compare_128bit_inst2_b_byte[4]));"
  The above instance has fewer port connections than the module definition.
  Please use '+lint=TFIPC-L' to print out detailed information of unconnected 
  ports.


Warning-[TFIPC] Too few instance port connections
../02_SYN/Netlist/IOTDF_syn.v, 6053
top2maxmin, "DFFRX1 u_compare_128bit_inst2_b_r_reg_131_( .D (u_compare_128bit_inst2_b_r[122]),  .CK (u_compare_128bit_inst2_net3415),  .RN (n61),  .QN (n4650));"
  The above instance has fewer port connections than the module definition.
  Please use '+lint=TFIPC-L' to print out detailed information of unconnected 
  ports.


Warning-[TFIPC] Too few instance port connections
../02_SYN/Netlist/IOTDF_syn.v, 6056
top2maxmin, "DFFRX1 u_compare_128bit_inst2_b_r_reg_132_( .D (u_compare_128bit_inst2_b_r[123]),  .CK (u_compare_128bit_inst2_net3415),  .RN (n61),  .Q (u_compare_128bit_inst2_b_byte[6]));"
  The above instance has fewer port connections than the module definition.
  Please use '+lint=TFIPC-L' to print out detailed information of unconnected 
  ports.


Warning-[TFIPC] Too few instance port connections
../02_SYN/Netlist/IOTDF_syn.v, 6059
top2maxmin, "DFFRX1 u_compare_128bit_inst2_b_r_reg_133_( .D (u_compare_128bit_inst2_b_r[124]),  .CK (u_compare_128bit_inst2_net3415),  .RN (n61),  .Q (u_compare_128bit_inst2_b_byte[7]));"
  The above instance has fewer port connections than the module definition.
  Please use '+lint=TFIPC-L' to print out detailed information of unconnected 
  ports.


Warning-[TFIPC] Too few instance port connections
../02_SYN/Netlist/IOTDF_syn.v, 6062
top2maxmin, "DFFRX1 u_compare_128bit_inst2_b_r_reg_134_( .D (u_compare_128bit_inst2_b_r[125]),  .CK (u_compare_128bit_inst2_net3415),  .RN (n61),  .Q (u_compare_128bit_inst2_b_byte[8]));"
  The above instance has fewer port connections than the module definition.
  Please use '+lint=TFIPC-L' to print out detailed information of unconnected 
  ports.


Warning-[TFIPC] Too few instance port connections
../02_SYN/Netlist/IOTDF_syn.v, 6065
top2maxmin, "DFFRX1 max1_r_reg_0_( .D (N297),  .CK (net2752),  .RN (n57),  .Q (max1_r[0]));"
  The above instance has fewer port connections than the module definition.
  Please use '+lint=TFIPC-L' to print out detailed information of unconnected 
  ports.


Warning-[TFIPC] Too few instance port connections
../02_SYN/Netlist/IOTDF_syn.v, 6066
top2maxmin, "DFFRX1 max1_r_reg_1_( .D (N298),  .CK (net2752),  .RN (n57),  .Q (max1_r[1]));"
  The above instance has fewer port connections than the module definition.
  Please use '+lint=TFIPC-L' to print out detailed information of unconnected 
  ports.


Warning-[TFIPC] Too few instance port connections
../02_SYN/Netlist/IOTDF_syn.v, 6067
top2maxmin, "DFFRX1 max1_r_reg_2_( .D (N299),  .CK (net2747),  .RN (n1092),  .Q (max1_r[2]));"
  The above instance has fewer port connections than the module definition.
  Please use '+lint=TFIPC-L' to print out detailed information of unconnected 
  ports.


Warning-[TFIPC] Too few instance port connections
../02_SYN/Netlist/IOTDF_syn.v, 6068
top2maxmin, "DFFRX1 max1_r_reg_3_( .D (N300),  .CK (net2747),  .RN (n1093),  .Q (max1_r[3]));"
  The above instance has fewer port connections than the module definition.
  Please use '+lint=TFIPC-L' to print out detailed information of unconnected 
  ports.


Warning-[TFIPC] Too few instance port connections
../02_SYN/Netlist/IOTDF_syn.v, 6069
top2maxmin, "DFFRX1 max1_r_reg_4_( .D (N301),  .CK (net2747),  .RN (n1095),  .Q (max1_r[4]));"
  The above instance has fewer port connections than the module definition.
  Please use '+lint=TFIPC-L' to print out detailed information of unconnected 
  ports.


Warning-[TFIPC] Too few instance port connections
../02_SYN/Netlist/IOTDF_syn.v, 6070
top2maxmin, "DFFRX1 max1_r_reg_5_( .D (N302),  .CK (net2747),  .RN (n1084),  .Q (max1_r[5]));"
  The above instance has fewer port connections than the module definition.
  Please use '+lint=TFIPC-L' to print out detailed information of unconnected 
  ports.


Warning-[TFIPC] Too few instance port connections
../02_SYN/Netlist/IOTDF_syn.v, 6071
top2maxmin, "DFFRX1 max1_r_reg_6_( .D (N303),  .CK (net2742),  .RN (n1091),  .Q (max1_r[6]));"
  The above instance has fewer port connections than the module definition.
  Please use '+lint=TFIPC-L' to print out detailed information of unconnected 
  ports.


Warning-[TFIPC] Too few instance port connections
../02_SYN/Netlist/IOTDF_syn.v, 6072
top2maxmin, "DFFRX1 max1_r_reg_7_( .D (N304),  .CK (net2742),  .RN (n1092),  .Q (max1_r[7]));"
  The above instance has fewer port connections than the module definition.
  Please use '+lint=TFIPC-L' to print out detailed information of unconnected 
  ports.


Warning-[TFIPC] Too few instance port connections
../02_SYN/Netlist/IOTDF_syn.v, 6073
top2maxmin, "DFFRX1 max1_r_reg_8_( .D (N305),  .CK (net2742),  .RN (n1091),  .Q (max1_r[8]));"
  The above instance has fewer port connections than the module definition.
  Please use '+lint=TFIPC-L' to print out detailed information of unconnected 
  ports.


Warning-[TFIPC] Too few instance port connections
../02_SYN/Netlist/IOTDF_syn.v, 6296
top2maxmin, "DFFRX1 u_compare_128bit_inst1_a_r_reg_128_( .D (u_compare_128bit_inst1_a_r[119]),  .CK (u_compare_128bit_inst1_net3955),  .RN (n1060),  .Q (u_compare_128bit_inst1_a_byte[2]));"
  The above instance has fewer port connections than the module definition.
  Please use '+lint=TFIPC-L' to print out detailed information of unconnected 
  ports.


Warning-[TFIPC] Too few instance port connections
../02_SYN/Netlist/IOTDF_syn.v, 6301
top2maxmin, "DFFRX1 u_compare_128bit_inst1_a_r_reg_129_( .D (u_compare_128bit_inst1_a_r[120]),  .CK (u_compare_128bit_inst1_net3955),  .RN (n61),  .QN (n7740));"
  The above instance has fewer port connections than the module definition.
  Please use '+lint=TFIPC-L' to print out detailed information of unconnected 
  ports.


Warning-[TFIPC] Too few instance port connections
../02_SYN/Netlist/IOTDF_syn.v, 6306
top2maxmin, "DFFRX1 u_compare_128bit_inst1_a_r_reg_130_( .D (u_compare_128bit_inst1_a_r[121]),  .CK (u_compare_128bit_inst1_net3950),  .RN (n1060),  .QN (n7760));"
  The above instance has fewer port connections than the module definition.
  Please use '+lint=TFIPC-L' to print out detailed information of unconnected 
  ports.


Warning-[TFIPC] Too few instance port connections
../02_SYN/Netlist/IOTDF_syn.v, 6311
top2maxmin, "DFFRX1 u_compare_128bit_inst1_a_r_reg_131_( .D (u_compare_128bit_inst1_a_r[122]),  .CK (u_compare_128bit_inst1_net3950),  .RN (n1060),  .Q (u_compare_128bit_inst1_a_byte[5]));"
  The above instance has fewer port connections than the module definition.
  Please use '+lint=TFIPC-L' to print out detailed information of unconnected 
  ports.


Warning-[TFIPC] Too few instance port connections
../02_SYN/Netlist/IOTDF_syn.v, 6316
top2maxmin, "DFFRX1 u_compare_128bit_inst1_a_r_reg_132_( .D (u_compare_128bit_inst1_a_r[123]),  .CK (u_compare_128bit_inst1_net3950),  .RN (n1060),  .QN (n7780));"
  The above instance has fewer port connections than the module definition.
  Please use '+lint=TFIPC-L' to print out detailed information of unconnected 
  ports.


Warning-[TFIPC] Too few instance port connections
../02_SYN/Netlist/IOTDF_syn.v, 6321
top2maxmin, "DFFRX1 u_compare_128bit_inst1_a_r_reg_133_( .D (u_compare_128bit_inst1_a_r[124]),  .CK (u_compare_128bit_inst1_net3950),  .RN (n1060),  .QN (n5680));"
  The above instance has fewer port connections than the module definition.
  Please use '+lint=TFIPC-L' to print out detailed information of unconnected 
  ports.


Warning-[TFIPC] Too few instance port connections
../02_SYN/Netlist/IOTDF_syn.v, 6326
top2maxmin, "DFFRX1 u_compare_128bit_inst1_a_r_reg_134_( .D (u_compare_128bit_inst1_a_r[125]),  .CK (u_compare_128bit_inst1_net3945),  .RN (n1060),  .QN (n882));"
  The above instance has fewer port connections than the module definition.
  Please use '+lint=TFIPC-L' to print out detailed information of unconnected 
  ports.


Warning-[TFIPC] Too few instance port connections
../02_SYN/Netlist/IOTDF_syn.v, 6333
top2maxmin, "DFFRX1 o2_max_r_reg_0_( .D (max2_wait_r[0]),  .CK (net3232),  .RN (n1083),  .Q (o2_max_r[0]));"
  The above instance has fewer port connections than the module definition.
  Please use '+lint=TFIPC-L' to print out detailed information of unconnected 
  ports.


Warning-[TFIPC] Too few instance port connections
../02_SYN/Netlist/IOTDF_syn.v, 6335
top2maxmin, "DFFRX1 o1_max_r_reg_0_( .D (N556),  .CK (net3072),  .RN (n1083),  .Q (o_top2max[0]));"
  The above instance has fewer port connections than the module definition.
  Please use '+lint=TFIPC-L' to print out detailed information of unconnected 
  ports.


Warning-[TFIPC] Too few instance port connections
../02_SYN/Netlist/IOTDF_syn.v, 6336
top2maxmin, "DFFRX1 max2_r_reg_0_( .D (N428),  .CK (net2912),  .RN (n1083),  .Q (max2_r[0]));"
  The above instance has fewer port connections than the module definition.
  Please use '+lint=TFIPC-L' to print out detailed information of unconnected 
  ports.


Warning-[TFIPC] Too few instance port connections
../02_SYN/Netlist/IOTDF_syn.v, 6337
top2maxmin, "DFFRX1 o2_max_r_reg_1_( .D (max2_wait_r[1]),  .CK (net3232),  .RN (n1083),  .Q (o2_max_r[1]));"
  The above instance has fewer port connections than the module definition.
  Please use '+lint=TFIPC-L' to print out detailed information of unconnected 
  ports.


Warning-[TFIPC] Too few instance port connections
../02_SYN/Netlist/IOTDF_syn.v, 6339
top2maxmin, "DFFRX1 o1_max_r_reg_1_( .D (N557),  .CK (net3072),  .RN (n1083),  .Q (o_top2max[1]));"
  The above instance has fewer port connections than the module definition.
  Please use '+lint=TFIPC-L' to print out detailed information of unconnected 
  ports.


Warning-[TFIPC] Too few instance port connections
../02_SYN/Netlist/IOTDF_syn.v, 6340
top2maxmin, "DFFRX1 max2_r_reg_1_( .D (N429),  .CK (net2912),  .RN (n1083),  .Q (max2_r[1]));"
  The above instance has fewer port connections than the module definition.
  Please use '+lint=TFIPC-L' to print out detailed information of unconnected 
  ports.


Warning-[TFIPC] Too few instance port connections
../02_SYN/Netlist/IOTDF_syn.v, 6341
top2maxmin, "DFFRX1 o2_max_r_reg_2_( .D (max2_wait_r[2]),  .CK (net3232),  .RN (n1084),  .Q (o2_max_r[2]));"
  The above instance has fewer port connections than the module definition.
  Please use '+lint=TFIPC-L' to print out detailed information of unconnected 
  ports.


Warning-[TFIPC] Too few instance port connections
../02_SYN/Netlist/IOTDF_syn.v, 6343
top2maxmin, "DFFRX1 o1_max_r_reg_2_( .D (N558),  .CK (net3072),  .RN (n1084),  .Q (o_top2max[2]));"
  The above instance has fewer port connections than the module definition.
  Please use '+lint=TFIPC-L' to print out detailed information of unconnected 
  ports.


Warning-[TFIPC] Too few instance port connections
../02_SYN/Netlist/IOTDF_syn.v, 6344
top2maxmin, "DFFRX1 max2_r_reg_2_( .D (N430),  .CK (net2907),  .RN (n1084),  .Q (max2_r[2]));"
  The above instance has fewer port connections than the module definition.
  Please use '+lint=TFIPC-L' to print out detailed information of unconnected 
  ports.


Warning-[TFIPC] Too few instance port connections
../02_SYN/Netlist/IOTDF_syn.v, 6345
top2maxmin, "DFFRX1 o2_max_r_reg_3_( .D (max2_wait_r[3]),  .CK (net3227),  .RN (n1084),  .Q (o2_max_r[3]));"
  The above instance has fewer port connections than the module definition.
  Please use '+lint=TFIPC-L' to print out detailed information of unconnected 
  ports.


Warning-[TFIPC] Too few instance port connections
../02_SYN/Netlist/IOTDF_syn.v, 6347
top2maxmin, "DFFRX1 o1_max_r_reg_3_( .D (N559),  .CK (net3067),  .RN (n1084),  .Q (o_top2max[3]));"
  The above instance has fewer port connections than the module definition.
  Please use '+lint=TFIPC-L' to print out detailed information of unconnected 
  ports.


Warning-[TFIPC] Too few instance port connections
../02_SYN/Netlist/IOTDF_syn.v, 6348
top2maxmin, "DFFRX1 max2_r_reg_3_( .D (N431),  .CK (net2907),  .RN (n1084),  .Q (max2_r[3]));"
  The above instance has fewer port connections than the module definition.
  Please use '+lint=TFIPC-L' to print out detailed information of unconnected 
  ports.


Warning-[TFIPC] Too few instance port connections
../02_SYN/Netlist/IOTDF_syn.v, 6349
top2maxmin, "DFFRX1 o2_max_r_reg_4_( .D (max2_wait_r[4]),  .CK (net3227),  .RN (n1084),  .Q (o2_max_r[4]));"
  The above instance has fewer port connections than the module definition.
  Please use '+lint=TFIPC-L' to print out detailed information of unconnected 
  ports.


Warning-[TFIPC] Too few instance port connections
../02_SYN/Netlist/IOTDF_syn.v, 6351
top2maxmin, "DFFRX1 o1_max_r_reg_4_( .D (N560),  .CK (net3067),  .RN (n1084),  .Q (o_top2max[4]));"
  The above instance has fewer port connections than the module definition.
  Please use '+lint=TFIPC-L' to print out detailed information of unconnected 
  ports.


Warning-[TFIPC] Too few instance port connections
../02_SYN/Netlist/IOTDF_syn.v, 6352
top2maxmin, "DFFRX1 max2_r_reg_4_( .D (N432),  .CK (net2907),  .RN (n1084),  .Q (max2_r[4]));"
  The above instance has fewer port connections than the module definition.
  Please use '+lint=TFIPC-L' to print out detailed information of unconnected 
  ports.


Warning-[TFIPC] Too few instance port connections
../02_SYN/Netlist/IOTDF_syn.v, 6353
top2maxmin, "DFFRX1 o2_max_r_reg_5_( .D (max2_wait_r[5]),  .CK (net3227),  .RN (n1084),  .Q (o2_max_r[5]));"
  The above instance has fewer port connections than the module definition.
  Please use '+lint=TFIPC-L' to print out detailed information of unconnected 
  ports.


Warning-[TFIPC] Too few instance port connections
../02_SYN/Netlist/IOTDF_syn.v, 6355
top2maxmin, "DFFRX1 o1_max_r_reg_5_( .D (N561),  .CK (net3067),  .RN (n1084),  .Q (o_top2max[5]));"
  The above instance has fewer port connections than the module definition.
  Please use '+lint=TFIPC-L' to print out detailed information of unconnected 
  ports.


Warning-[TFIPC] Too few instance port connections
../02_SYN/Netlist/IOTDF_syn.v, 6356
top2maxmin, "DFFRX1 max2_r_reg_5_( .D (N433),  .CK (net2907),  .RN (n1084),  .Q (max2_r[5]));"
  The above instance has fewer port connections than the module definition.
  Please use '+lint=TFIPC-L' to print out detailed information of unconnected 
  ports.


Warning-[TFIPC] Too few instance port connections
../02_SYN/Netlist/IOTDF_syn.v, 6357
top2maxmin, "DFFRX1 o2_max_r_reg_6_( .D (max2_wait_r[6]),  .CK (net3227),  .RN (n1101),  .Q (o2_max_r[6]));"
  The above instance has fewer port connections than the module definition.
  Please use '+lint=TFIPC-L' to print out detailed information of unconnected 
  ports.


Warning-[TFIPC] Too few instance port connections
../02_SYN/Netlist/IOTDF_syn.v, 6359
top2maxmin, "DFFRX1 o1_max_r_reg_6_( .D (N562),  .CK (net3067),  .RN (n1098),  .Q (o_top2max[6]));"
  The above instance has fewer port connections than the module definition.
  Please use '+lint=TFIPC-L' to print out detailed information of unconnected 
  ports.


Warning-[TFIPC] Too few instance port connections
../02_SYN/Netlist/IOTDF_syn.v, 6360
top2maxmin, "DFFRX1 max2_r_reg_6_( .D (N434),  .CK (net2902),  .RN (n1099),  .Q (max2_r[6]));"
  The above instance has fewer port connections than the module definition.
  Please use '+lint=TFIPC-L' to print out detailed information of unconnected 
  ports.


Warning-[TFIPC] Too few instance port connections
../02_SYN/Netlist/IOTDF_syn.v, 6361
top2maxmin, "DFFRX1 o2_max_r_reg_7_( .D (max2_wait_r[7]),  .CK (net3222),  .RN (n57),  .Q (o2_max_r[7]));"
  The above instance has fewer port connections than the module definition.
  Please use '+lint=TFIPC-L' to print out detailed information of unconnected 
  ports.


Warning-[TFIPC] Too few instance port connections
../02_SYN/Netlist/IOTDF_syn.v, 6363
top2maxmin, "DFFRX1 o1_max_r_reg_7_( .D (N563),  .CK (net3062),  .RN (n1079),  .Q (o_top2max[7]));"
  The above instance has fewer port connections than the module definition.
  Please use '+lint=TFIPC-L' to print out detailed information of unconnected 
  ports.


Warning-[TFIPC] Too few instance port connections
../02_SYN/Netlist/IOTDF_syn.v, 6364
top2maxmin, "DFFRX1 max2_r_reg_7_( .D (N435),  .CK (net2902),  .RN (n1101),  .Q (max2_r[7]));"
  The above instance has fewer port connections than the module definition.
  Please use '+lint=TFIPC-L' to print out detailed information of unconnected 
  ports.


Warning-[TFIPC] Too few instance port connections
../02_SYN/Netlist/IOTDF_syn.v, 6365
top2maxmin, "DFFRX1 o2_max_r_reg_8_( .D (max2_wait_r[8]),  .CK (net3222),  .RN (n1085),  .Q (o2_max_r[8]));"
  The above instance has fewer port connections than the module definition.
  Please use '+lint=TFIPC-L' to print out detailed information of unconnected 
  ports.


Warning-[TFIPC] Too few instance port connections
../02_SYN/Netlist/IOTDF_syn.v, 6367
top2maxmin, "DFFRX1 o1_max_r_reg_8_( .D (N564),  .CK (net3062),  .RN (n1089),  .Q (o_top2max[8]));"
  The above instance has fewer port connections than the module definition.
  Please use '+lint=TFIPC-L' to print out detailed information of unconnected 
  ports.


Warning-[TFIPC] Too few instance port connections
../02_SYN/Netlist/IOTDF_syn.v, 6368
top2maxmin, "DFFRX1 max2_r_reg_8_( .D (N436),  .CK (net2902),  .RN (n1103),  .Q (max2_r[8]));"
  The above instance has fewer port connections than the module definition.
  Please use '+lint=TFIPC-L' to print out detailed information of unconnected 
  ports.


Warning-[TFIPC] Too few instance port connections
../02_SYN/Netlist/IOTDF_syn.v, 6369
top2maxmin, "DFFRX1 o2_max_r_reg_9_( .D (max2_wait_r[9]),  .CK (net3222),  .RN (n57),  .Q (o2_max_r[9]));"
  The above instance has fewer port connections than the module definition.
  Please use '+lint=TFIPC-L' to print out detailed information of unconnected 
  ports.


Warning-[TFIPC] Too few instance port connections
../02_SYN/Netlist/IOTDF_syn.v, 6371
top2maxmin, "DFFRX1 o1_max_r_reg_9_( .D (N565),  .CK (net3062),  .RN (n57),  .Q (o_top2max[9]));"
  The above instance has fewer port connections than the module definition.
  Please use '+lint=TFIPC-L' to print out detailed information of unconnected 
  ports.


Warning-[TFIPC] Too few instance port connections
../02_SYN/Netlist/IOTDF_syn.v, 6373
top2maxmin, "DFFRX1 o2_max_r_reg_10_( .D (max2_wait_r[10]),  .CK (net3222),  .RN (n57),  .Q (o2_max_r[10]));"
  The above instance has fewer port connections than the module definition.
  Please use '+lint=TFIPC-L' to print out detailed information of unconnected 
  ports.


Warning-[TFIPC] Too few instance port connections
../02_SYN/Netlist/IOTDF_syn.v, 6375
top2maxmin, "DFFRX1 o1_max_r_reg_10_( .D (N566),  .CK (net3062),  .RN (n57),  .Q (o_top2max[10]));"
  The above instance has fewer port connections than the module definition.
  Please use '+lint=TFIPC-L' to print out detailed information of unconnected 
  ports.


Warning-[TFIPC] Too few instance port connections
../02_SYN/Netlist/IOTDF_syn.v, 6376
top2maxmin, "DFFRX1 o2_max_r_reg_11_( .D (max2_wait_r[11]),  .CK (net3217),  .RN (n57),  .Q (o2_max_r[11]));"
  The above instance has fewer port connections than the module definition.
  Please use '+lint=TFIPC-L' to print out detailed information of unconnected 
  ports.


Warning-[TFIPC] Too few instance port connections
../02_SYN/Netlist/IOTDF_syn.v, 6378
top2maxmin, "DFFRX1 o1_max_r_reg_11_( .D (N567),  .CK (net3057),  .RN (n57),  .Q (o_top2max[11]));"
  The above instance has fewer port connections than the module definition.
  Please use '+lint=TFIPC-L' to print out detailed information of unconnected 
  ports.


Warning-[TFIPC] Too few instance port connections
../02_SYN/Netlist/IOTDF_syn.v, 6379
top2maxmin, "DFFRX1 o2_max_r_reg_12_( .D (max2_wait_r[12]),  .CK (net3217),  .RN (n57),  .Q (o2_max_r[12]));"
  The above instance has fewer port connections than the module definition.
  Please use '+lint=TFIPC-L' to print out detailed information of unconnected 
  ports.


Warning-[TFIPC] Too few instance port connections
../02_SYN/Netlist/IOTDF_syn.v, 6381
top2maxmin, "DFFRX1 o1_max_r_reg_12_( .D (N568),  .CK (net3057),  .RN (n57),  .Q (o_top2max[12]));"
  The above instance has fewer port connections than the module definition.
  Please use '+lint=TFIPC-L' to print out detailed information of unconnected 
  ports.


Warning-[TFIPC] Too few instance port connections
../02_SYN/Netlist/IOTDF_syn.v, 6382
top2maxmin, "DFFRX1 o2_max_r_reg_13_( .D (max2_wait_r[13]),  .CK (net3217),  .RN (n57),  .Q (o2_max_r[13]));"
  The above instance has fewer port connections than the module definition.
  Please use '+lint=TFIPC-L' to print out detailed information of unconnected 
  ports.


Warning-[TFIPC] Too few instance port connections
../02_SYN/Netlist/IOTDF_syn.v, 6384
top2maxmin, "DFFRX1 o1_max_r_reg_13_( .D (N569),  .CK (net3057),  .RN (n57),  .Q (o_top2max[13]));"
  The above instance has fewer port connections than the module definition.
  Please use '+lint=TFIPC-L' to print out detailed information of unconnected 
  ports.


Warning-[TFIPC] Too few instance port connections
../02_SYN/Netlist/IOTDF_syn.v, 6385
top2maxmin, "DFFRX1 o2_max_r_reg_14_( .D (max2_wait_r[14]),  .CK (net3217),  .RN (n1085),  .Q (o2_max_r[14]));"
  The above instance has fewer port connections than the module definition.
  Please use '+lint=TFIPC-L' to print out detailed information of unconnected 
  ports.


Warning-[TFIPC] Too few instance port connections
../02_SYN/Netlist/IOTDF_syn.v, 6387
top2maxmin, "DFFRX1 o1_max_r_reg_14_( .D (N570),  .CK (net3057),  .RN (n1085),  .Q (o_top2max[14]));"
  The above instance has fewer port connections than the module definition.
  Please use '+lint=TFIPC-L' to print out detailed information of unconnected 
  ports.


Warning-[TFIPC] Too few instance port connections
../02_SYN/Netlist/IOTDF_syn.v, 6389
top2maxmin, "DFFRX1 o2_max_r_reg_15_( .D (max2_wait_r[15]),  .CK (net3212),  .RN (n1085),  .Q (o2_max_r[15]));"
  The above instance has fewer port connections than the module definition.
  Please use '+lint=TFIPC-L' to print out detailed information of unconnected 
  ports.


Warning-[TFIPC] Too few instance port connections
../02_SYN/Netlist/IOTDF_syn.v, 6391
top2maxmin, "DFFRX1 o1_max_r_reg_15_( .D (N571),  .CK (net3052),  .RN (n1085),  .Q (o_top2max[15]));"
  The above instance has fewer port connections than the module definition.
  Please use '+lint=TFIPC-L' to print out detailed information of unconnected 
  ports.


Warning-[TFIPC] Too few instance port connections
../02_SYN/Netlist/IOTDF_syn.v, 6393
top2maxmin, "DFFRX1 o2_max_r_reg_16_( .D (max2_wait_r[16]),  .CK (net3212),  .RN (n1085),  .Q (o2_max_r[16]));"
  The above instance has fewer port connections than the module definition.
  Please use '+lint=TFIPC-L' to print out detailed information of unconnected 
  ports.


Warning-[TFIPC] Too few instance port connections
../02_SYN/Netlist/IOTDF_syn.v, 6395
top2maxmin, "DFFRX1 o1_max_r_reg_16_( .D (N572),  .CK (net3052),  .RN (n1085),  .Q (o_top2max[16]));"
  The above instance has fewer port connections than the module definition.
  Please use '+lint=TFIPC-L' to print out detailed information of unconnected 
  ports.


Warning-[TFIPC] Too few instance port connections
../02_SYN/Netlist/IOTDF_syn.v, 6397
top2maxmin, "DFFRX1 o2_max_r_reg_17_( .D (max2_wait_r[17]),  .CK (net3212),  .RN (n1085),  .Q (o2_max_r[17]));"
  The above instance has fewer port connections than the module definition.
  Please use '+lint=TFIPC-L' to print out detailed information of unconnected 
  ports.


Warning-[TFIPC] Too few instance port connections
../02_SYN/Netlist/IOTDF_syn.v, 6399
top2maxmin, "DFFRX1 o1_max_r_reg_17_( .D (N573),  .CK (net3052),  .RN (n1085),  .Q (o_top2max[17]));"
  The above instance has fewer port connections than the module definition.
  Please use '+lint=TFIPC-L' to print out detailed information of unconnected 
  ports.


Warning-[TFIPC] Too few instance port connections
../02_SYN/Netlist/IOTDF_syn.v, 6401
top2maxmin, "DFFRX1 o2_max_r_reg_18_( .D (max2_wait_r[18]),  .CK (net3212),  .RN (n1086),  .Q (o2_max_r[18]));"
  The above instance has fewer port connections than the module definition.
  Please use '+lint=TFIPC-L' to print out detailed information of unconnected 
  ports.


Warning-[TFIPC] Too few instance port connections
../02_SYN/Netlist/IOTDF_syn.v, 6403
top2maxmin, "DFFRX1 o1_max_r_reg_18_( .D (N574),  .CK (net3052),  .RN (n1086),  .Q (o_top2max[18]));"
  The above instance has fewer port connections than the module definition.
  Please use '+lint=TFIPC-L' to print out detailed information of unconnected 
  ports.


Warning-[TFIPC] Too few instance port connections
../02_SYN/Netlist/IOTDF_syn.v, 6405
top2maxmin, "DFFRX1 o2_max_r_reg_19_( .D (max2_wait_r[19]),  .CK (net3207),  .RN (n1086),  .Q (o2_max_r[19]));"
  The above instance has fewer port connections than the module definition.
  Please use '+lint=TFIPC-L' to print out detailed information of unconnected 
  ports.


Warning-[TFIPC] Too few instance port connections
../02_SYN/Netlist/IOTDF_syn.v, 6407
top2maxmin, "DFFRX1 o1_max_r_reg_19_( .D (N575),  .CK (net3047),  .RN (n1086),  .Q (o_top2max[19]));"
  The above instance has fewer port connections than the module definition.
  Please use '+lint=TFIPC-L' to print out detailed information of unconnected 
  ports.


Warning-[TFIPC] Too few instance port connections
../02_SYN/Netlist/IOTDF_syn.v, 6409
top2maxmin, "DFFRX1 o2_max_r_reg_20_( .D (max2_wait_r[20]),  .CK (net3207),  .RN (n1086),  .Q (o2_max_r[20]));"
  The above instance has fewer port connections than the module definition.
  Please use '+lint=TFIPC-L' to print out detailed information of unconnected 
  ports.


Warning-[TFIPC] Too few instance port connections
../02_SYN/Netlist/IOTDF_syn.v, 6411
top2maxmin, "DFFRX1 o1_max_r_reg_20_( .D (N576),  .CK (net3047),  .RN (n1086),  .Q (o_top2max[20]));"
  The above instance has fewer port connections than the module definition.
  Please use '+lint=TFIPC-L' to print out detailed information of unconnected 
  ports.


Warning-[TFIPC] Too few instance port connections
../02_SYN/Netlist/IOTDF_syn.v, 6413
top2maxmin, "DFFRX1 o2_max_r_reg_21_( .D (max2_wait_r[21]),  .CK (net3207),  .RN (n1086),  .Q (o2_max_r[21]));"
  The above instance has fewer port connections than the module definition.
  Please use '+lint=TFIPC-L' to print out detailed information of unconnected 
  ports.


Warning-[TFIPC] Too few instance port connections
../02_SYN/Netlist/IOTDF_syn.v, 6415
top2maxmin, "DFFRX1 o1_max_r_reg_21_( .D (N577),  .CK (net3047),  .RN (n1086),  .Q (o_top2max[21]));"
  The above instance has fewer port connections than the module definition.
  Please use '+lint=TFIPC-L' to print out detailed information of unconnected 
  ports.


Warning-[TFIPC] Too few instance port connections
../02_SYN/Netlist/IOTDF_syn.v, 6417
top2maxmin, "DFFRX1 o2_max_r_reg_22_( .D (max2_wait_r[22]),  .CK (net3207),  .RN (n1087),  .Q (o2_max_r[22]));"
  The above instance has fewer port connections than the module definition.
  Please use '+lint=TFIPC-L' to print out detailed information of unconnected 
  ports.


Warning-[TFIPC] Too few instance port connections
../02_SYN/Netlist/IOTDF_syn.v, 6419
top2maxmin, "DFFRX1 o1_max_r_reg_22_( .D (N578),  .CK (net3047),  .RN (n1087),  .Q (o_top2max[22]));"
  The above instance has fewer port connections than the module definition.
  Please use '+lint=TFIPC-L' to print out detailed information of unconnected 
  ports.


Warning-[TFIPC] Too few instance port connections
../02_SYN/Netlist/IOTDF_syn.v, 6421
top2maxmin, "DFFRX1 o2_max_r_reg_23_( .D (max2_wait_r[23]),  .CK (net3202),  .RN (n1087),  .Q (o2_max_r[23]));"
  The above instance has fewer port connections than the module definition.
  Please use '+lint=TFIPC-L' to print out detailed information of unconnected 
  ports.


Warning-[TFIPC] Too few instance port connections
../02_SYN/Netlist/IOTDF_syn.v, 6423
top2maxmin, "DFFRX1 o1_max_r_reg_23_( .D (N579),  .CK (net3042),  .RN (n1087),  .Q (o_top2max[23]));"
  The above instance has fewer port connections than the module definition.
  Please use '+lint=TFIPC-L' to print out detailed information of unconnected 
  ports.


Warning-[TFIPC] Too few instance port connections
../02_SYN/Netlist/IOTDF_syn.v, 6425
top2maxmin, "DFFRX1 o2_max_r_reg_24_( .D (max2_wait_r[24]),  .CK (net3202),  .RN (n1087),  .Q (o2_max_r[24]));"
  The above instance has fewer port connections than the module definition.
  Please use '+lint=TFIPC-L' to print out detailed information of unconnected 
  ports.


Warning-[TFIPC] Too few instance port connections
../02_SYN/Netlist/IOTDF_syn.v, 6427
top2maxmin, "DFFRX1 o1_max_r_reg_24_( .D (N580),  .CK (net3042),  .RN (n1087),  .Q (o_top2max[24]));"
  The above instance has fewer port connections than the module definition.
  Please use '+lint=TFIPC-L' to print out detailed information of unconnected 
  ports.


Warning-[TFIPC] Too few instance port connections
../02_SYN/Netlist/IOTDF_syn.v, 6429
top2maxmin, "DFFRX1 o2_max_r_reg_25_( .D (max2_wait_r[25]),  .CK (net3202),  .RN (n1087),  .Q (o2_max_r[25]));"
  The above instance has fewer port connections than the module definition.
  Please use '+lint=TFIPC-L' to print out detailed information of unconnected 
  ports.


Warning-[TFIPC] Too few instance port connections
../02_SYN/Netlist/IOTDF_syn.v, 6431
top2maxmin, "DFFRX1 o1_max_r_reg_25_( .D (N581),  .CK (net3042),  .RN (n1087),  .Q (o_top2max[25]));"
  The above instance has fewer port connections than the module definition.
  Please use '+lint=TFIPC-L' to print out detailed information of unconnected 
  ports.


Warning-[TFIPC] Too few instance port connections
../02_SYN/Netlist/IOTDF_syn.v, 6433
top2maxmin, "DFFRX1 o2_max_r_reg_26_( .D (max2_wait_r[26]),  .CK (net3202),  .RN (n57),  .Q (o2_max_r[26]));"
  The above instance has fewer port connections than the module definition.
  Please use '+lint=TFIPC-L' to print out detailed information of unconnected 
  ports.


Warning-[TFIPC] Too few instance port connections
../02_SYN/Netlist/IOTDF_syn.v, 6435
top2maxmin, "DFFRX1 o1_max_r_reg_26_( .D (N582),  .CK (net3042),  .RN (n57),  .Q (o_top2max[26]));"
  The above instance has fewer port connections than the module definition.
  Please use '+lint=TFIPC-L' to print out detailed information of unconnected 
  ports.


Warning-[TFIPC] Too few instance port connections
../02_SYN/Netlist/IOTDF_syn.v, 6436
top2maxmin, "DFFRX1 o2_max_r_reg_27_( .D (max2_wait_r[27]),  .CK (net3197),  .RN (n57),  .Q (o2_max_r[27]));"
  The above instance has fewer port connections than the module definition.
  Please use '+lint=TFIPC-L' to print out detailed information of unconnected 
  ports.


Warning-[TFIPC] Too few instance port connections
../02_SYN/Netlist/IOTDF_syn.v, 6438
top2maxmin, "DFFRX1 o1_max_r_reg_27_( .D (N583),  .CK (net3037),  .RN (n57),  .Q (o_top2max[27]));"
  The above instance has fewer port connections than the module definition.
  Please use '+lint=TFIPC-L' to print out detailed information of unconnected 
  ports.


Warning-[TFIPC] Too few instance port connections
../02_SYN/Netlist/IOTDF_syn.v, 6439
top2maxmin, "DFFRX1 o2_max_r_reg_28_( .D (max2_wait_r[28]),  .CK (net3197),  .RN (n1087),  .Q (o2_max_r[28]));"
  The above instance has fewer port connections than the module definition.
  Please use '+lint=TFIPC-L' to print out detailed information of unconnected 
  ports.


Warning-[TFIPC] Too few instance port connections
../02_SYN/Netlist/IOTDF_syn.v, 6441
top2maxmin, "DFFRX1 o1_max_r_reg_28_( .D (N584),  .CK (net3037),  .RN (n1090),  .Q (o_top2max[28]));"
  The above instance has fewer port connections than the module definition.
  Please use '+lint=TFIPC-L' to print out detailed information of unconnected 
  ports.


Warning-[TFIPC] Too few instance port connections
../02_SYN/Netlist/IOTDF_syn.v, 6443
top2maxmin, "DFFRX1 o2_max_r_reg_29_( .D (max2_wait_r[29]),  .CK (net3197),  .RN (n1088),  .Q (o2_max_r[29]));"
  The above instance has fewer port connections than the module definition.
  Please use '+lint=TFIPC-L' to print out detailed information of unconnected 
  ports.


Warning-[TFIPC] Too few instance port connections
../02_SYN/Netlist/IOTDF_syn.v, 6445
top2maxmin, "DFFRX1 o1_max_r_reg_29_( .D (N585),  .CK (net3037),  .RN (n1086),  .Q (o_top2max[29]));"
  The above instance has fewer port connections than the module definition.
  Please use '+lint=TFIPC-L' to print out detailed information of unconnected 
  ports.


Warning-[TFIPC] Too few instance port connections
../02_SYN/Netlist/IOTDF_syn.v, 6447
top2maxmin, "DFFRX1 o2_max_r_reg_30_( .D (max2_wait_r[30]),  .CK (net3197),  .RN (n1086),  .Q (o2_max_r[30]));"
  The above instance has fewer port connections than the module definition.
  Please use '+lint=TFIPC-L' to print out detailed information of unconnected 
  ports.


Warning-[TFIPC] Too few instance port connections
../02_SYN/Netlist/IOTDF_syn.v, 6449
top2maxmin, "DFFRX1 o1_max_r_reg_30_( .D (N586),  .CK (net3037),  .RN (n1087),  .Q (o_top2max[30]));"
  The above instance has fewer port connections than the module definition.
  Please use '+lint=TFIPC-L' to print out detailed information of unconnected 
  ports.


Warning-[TFIPC] Too few instance port connections
../02_SYN/Netlist/IOTDF_syn.v, 6451
top2maxmin, "DFFRX1 o2_max_r_reg_31_( .D (max2_wait_r[31]),  .CK (net3192),  .RN (n1087),  .Q (o2_max_r[31]));"
  The above instance has fewer port connections than the module definition.
  Please use '+lint=TFIPC-L' to print out detailed information of unconnected 
  ports.


Warning-[TFIPC] Too few instance port connections
../02_SYN/Netlist/IOTDF_syn.v, 6453
top2maxmin, "DFFRX1 o1_max_r_reg_31_( .D (N587),  .CK (net3032),  .RN (n1090),  .Q (o_top2max[31]));"
  The above instance has fewer port connections than the module definition.
  Please use '+lint=TFIPC-L' to print out detailed information of unconnected 
  ports.


Warning-[TFIPC] Too few instance port connections
../02_SYN/Netlist/IOTDF_syn.v, 6455
top2maxmin, "DFFRX1 o2_max_r_reg_32_( .D (max2_wait_r[32]),  .CK (net3192),  .RN (n1088),  .Q (o2_max_r[32]));"
  The above instance has fewer port connections than the module definition.
  Please use '+lint=TFIPC-L' to print out detailed information of unconnected 
  ports.


Warning-[TFIPC] Too few instance port connections
../02_SYN/Netlist/IOTDF_syn.v, 6457
top2maxmin, "DFFRX1 o1_max_r_reg_32_( .D (N588),  .CK (net3032),  .RN (n1086),  .Q (o_top2max[32]));"
  The above instance has fewer port connections than the module definition.
  Please use '+lint=TFIPC-L' to print out detailed information of unconnected 
  ports.


Warning-[TFIPC] Too few instance port connections
../02_SYN/Netlist/IOTDF_syn.v, 6459
top2maxmin, "DFFRX1 o2_max_r_reg_33_( .D (max2_wait_r[33]),  .CK (net3192),  .RN (n1090),  .Q (o2_max_r[33]));"
  The above instance has fewer port connections than the module definition.
  Please use '+lint=TFIPC-L' to print out detailed information of unconnected 
  ports.


Warning-[TFIPC] Too few instance port connections
../02_SYN/Netlist/IOTDF_syn.v, 6461
top2maxmin, "DFFRX1 o1_max_r_reg_33_( .D (N589),  .CK (net3032),  .RN (n1088),  .Q (o_top2max[33]));"
  The above instance has fewer port connections than the module definition.
  Please use '+lint=TFIPC-L' to print out detailed information of unconnected 
  ports.


Warning-[TFIPC] Too few instance port connections
../02_SYN/Netlist/IOTDF_syn.v, 6463
top2maxmin, "DFFRX1 o2_max_r_reg_34_( .D (max2_wait_r[34]),  .CK (net3192),  .RN (n1088),  .Q (o2_max_r[34]));"
  The above instance has fewer port connections than the module definition.
  Please use '+lint=TFIPC-L' to print out detailed information of unconnected 
  ports.


Warning-[TFIPC] Too few instance port connections
../02_SYN/Netlist/IOTDF_syn.v, 6465
top2maxmin, "DFFRX1 o1_max_r_reg_34_( .D (N590),  .CK (net3032),  .RN (n1088),  .Q (o_top2max[34]));"
  The above instance has fewer port connections than the module definition.
  Please use '+lint=TFIPC-L' to print out detailed information of unconnected 
  ports.


Warning-[TFIPC] Too few instance port connections
../02_SYN/Netlist/IOTDF_syn.v, 6467
top2maxmin, "DFFRX1 o2_max_r_reg_35_( .D (max2_wait_r[35]),  .CK (net3187),  .RN (n1088),  .Q (o2_max_r[35]));"
  The above instance has fewer port connections than the module definition.
  Please use '+lint=TFIPC-L' to print out detailed information of unconnected 
  ports.


Warning-[TFIPC] Too few instance port connections
../02_SYN/Netlist/IOTDF_syn.v, 6469
top2maxmin, "DFFRX1 o1_max_r_reg_35_( .D (N591),  .CK (net3027),  .RN (n1088),  .Q (o_top2max[35]));"
  The above instance has fewer port connections than the module definition.
  Please use '+lint=TFIPC-L' to print out detailed information of unconnected 
  ports.


Warning-[TFIPC] Too few instance port connections
../02_SYN/Netlist/IOTDF_syn.v, 6471
top2maxmin, "DFFRX1 o2_max_r_reg_36_( .D (max2_wait_r[36]),  .CK (net3187),  .RN (n1088),  .Q (o2_max_r[36]));"
  The above instance has fewer port connections than the module definition.
  Please use '+lint=TFIPC-L' to print out detailed information of unconnected 
  ports.


Warning-[TFIPC] Too few instance port connections
../02_SYN/Netlist/IOTDF_syn.v, 6473
top2maxmin, "DFFRX1 o1_max_r_reg_36_( .D (N592),  .CK (net3027),  .RN (n1088),  .Q (o_top2max[36]));"
  The above instance has fewer port connections than the module definition.
  Please use '+lint=TFIPC-L' to print out detailed information of unconnected 
  ports.


Warning-[TFIPC] Too few instance port connections
../02_SYN/Netlist/IOTDF_syn.v, 6475
top2maxmin, "DFFRX1 o2_max_r_reg_37_( .D (max2_wait_r[37]),  .CK (net3187),  .RN (n1088),  .Q (o2_max_r[37]));"
  The above instance has fewer port connections than the module definition.
  Please use '+lint=TFIPC-L' to print out detailed information of unconnected 
  ports.


Warning-[TFIPC] Too few instance port connections
../02_SYN/Netlist/IOTDF_syn.v, 6477
top2maxmin, "DFFRX1 o1_max_r_reg_37_( .D (N593),  .CK (net3027),  .RN (n1088),  .Q (o_top2max[37]));"
  The above instance has fewer port connections than the module definition.
  Please use '+lint=TFIPC-L' to print out detailed information of unconnected 
  ports.


Warning-[TFIPC] Too few instance port connections
../02_SYN/Netlist/IOTDF_syn.v, 6479
top2maxmin, "DFFRX1 o2_max_r_reg_38_( .D (max2_wait_r[38]),  .CK (net3187),  .RN (n1089),  .Q (o2_max_r[38]));"
  The above instance has fewer port connections than the module definition.
  Please use '+lint=TFIPC-L' to print out detailed information of unconnected 
  ports.


Warning-[TFIPC] Too few instance port connections
../02_SYN/Netlist/IOTDF_syn.v, 6481
top2maxmin, "DFFRX1 o1_max_r_reg_38_( .D (N594),  .CK (net3027),  .RN (n1089),  .Q (o_top2max[38]));"
  The above instance has fewer port connections than the module definition.
  Please use '+lint=TFIPC-L' to print out detailed information of unconnected 
  ports.


Warning-[TFIPC] Too few instance port connections
../02_SYN/Netlist/IOTDF_syn.v, 6483
top2maxmin, "DFFRX1 o2_max_r_reg_39_( .D (max2_wait_r[39]),  .CK (net3182),  .RN (n1089),  .Q (o2_max_r[39]));"
  The above instance has fewer port connections than the module definition.
  Please use '+lint=TFIPC-L' to print out detailed information of unconnected 
  ports.


Warning-[TFIPC] Too few instance port connections
../02_SYN/Netlist/IOTDF_syn.v, 6485
top2maxmin, "DFFRX1 o1_max_r_reg_39_( .D (N595),  .CK (net3022),  .RN (n1089),  .Q (o_top2max[39]));"
  The above instance has fewer port connections than the module definition.
  Please use '+lint=TFIPC-L' to print out detailed information of unconnected 
  ports.


Warning-[TFIPC] Too few instance port connections
../02_SYN/Netlist/IOTDF_syn.v, 6487
top2maxmin, "DFFRX1 o2_max_r_reg_40_( .D (max2_wait_r[40]),  .CK (net3182),  .RN (n1089),  .Q (o2_max_r[40]));"
  The above instance has fewer port connections than the module definition.
  Please use '+lint=TFIPC-L' to print out detailed information of unconnected 
  ports.


Warning-[TFIPC] Too few instance port connections
../02_SYN/Netlist/IOTDF_syn.v, 6489
top2maxmin, "DFFRX1 o1_max_r_reg_40_( .D (N596),  .CK (net3022),  .RN (n1089),  .Q (o_top2max[40]));"
  The above instance has fewer port connections than the module definition.
  Please use '+lint=TFIPC-L' to print out detailed information of unconnected 
  ports.


Warning-[TFIPC] Too few instance port connections
../02_SYN/Netlist/IOTDF_syn.v, 6491
top2maxmin, "DFFRX1 o2_max_r_reg_41_( .D (max2_wait_r[41]),  .CK (net3182),  .RN (n1089),  .Q (o2_max_r[41]));"
  The above instance has fewer port connections than the module definition.
  Please use '+lint=TFIPC-L' to print out detailed information of unconnected 
  ports.


Warning-[TFIPC] Too few instance port connections
../02_SYN/Netlist/IOTDF_syn.v, 6493
top2maxmin, "DFFRX1 o1_max_r_reg_41_( .D (N597),  .CK (net3022),  .RN (n1089),  .Q (o_top2max[41]));"
  The above instance has fewer port connections than the module definition.
  Please use '+lint=TFIPC-L' to print out detailed information of unconnected 
  ports.


Warning-[TFIPC] Too few instance port connections
../02_SYN/Netlist/IOTDF_syn.v, 6495
top2maxmin, "DFFRX1 o2_max_r_reg_42_( .D (max2_wait_r[42]),  .CK (net3182),  .RN (n1090),  .Q (o2_max_r[42]));"
  The above instance has fewer port connections than the module definition.
  Please use '+lint=TFIPC-L' to print out detailed information of unconnected 
  ports.


Warning-[TFIPC] Too few instance port connections
../02_SYN/Netlist/IOTDF_syn.v, 6497
top2maxmin, "DFFRX1 o1_max_r_reg_42_( .D (N598),  .CK (net3022),  .RN (n1090),  .Q (o_top2max[42]));"
  The above instance has fewer port connections than the module definition.
  Please use '+lint=TFIPC-L' to print out detailed information of unconnected 
  ports.


Warning-[TFIPC] Too few instance port connections
../02_SYN/Netlist/IOTDF_syn.v, 6499
top2maxmin, "DFFRX1 o2_max_r_reg_43_( .D (max2_wait_r[43]),  .CK (net3177),  .RN (n1090),  .Q (o2_max_r[43]));"
  The above instance has fewer port connections than the module definition.
  Please use '+lint=TFIPC-L' to print out detailed information of unconnected 
  ports.


Warning-[TFIPC] Too few instance port connections
../02_SYN/Netlist/IOTDF_syn.v, 6501
top2maxmin, "DFFRX1 o1_max_r_reg_43_( .D (N599),  .CK (net3017),  .RN (n1090),  .Q (o_top2max[43]));"
  The above instance has fewer port connections than the module definition.
  Please use '+lint=TFIPC-L' to print out detailed information of unconnected 
  ports.


Warning-[TFIPC] Too few instance port connections
../02_SYN/Netlist/IOTDF_syn.v, 6503
top2maxmin, "DFFRX1 o2_max_r_reg_44_( .D (max2_wait_r[44]),  .CK (net3177),  .RN (n1090),  .Q (o2_max_r[44]));"
  The above instance has fewer port connections than the module definition.
  Please use '+lint=TFIPC-L' to print out detailed information of unconnected 
  ports.


Warning-[TFIPC] Too few instance port connections
../02_SYN/Netlist/IOTDF_syn.v, 6505
top2maxmin, "DFFRX1 o1_max_r_reg_44_( .D (N600),  .CK (net3017),  .RN (n1090),  .Q (o_top2max[44]));"
  The above instance has fewer port connections than the module definition.
  Please use '+lint=TFIPC-L' to print out detailed information of unconnected 
  ports.


Warning-[TFIPC] Too few instance port connections
../02_SYN/Netlist/IOTDF_syn.v, 6507
top2maxmin, "DFFRX1 o2_max_r_reg_45_( .D (max2_wait_r[45]),  .CK (net3177),  .RN (n1090),  .Q (o2_max_r[45]));"
  The above instance has fewer port connections than the module definition.
  Please use '+lint=TFIPC-L' to print out detailed information of unconnected 
  ports.


Warning-[TFIPC] Too few instance port connections
../02_SYN/Netlist/IOTDF_syn.v, 6509
top2maxmin, "DFFRX1 o1_max_r_reg_45_( .D (N601),  .CK (net3017),  .RN (n1090),  .Q (o_top2max[45]));"
  The above instance has fewer port connections than the module definition.
  Please use '+lint=TFIPC-L' to print out detailed information of unconnected 
  ports.


Warning-[TFIPC] Too few instance port connections
../02_SYN/Netlist/IOTDF_syn.v, 6511
top2maxmin, "DFFRX1 o2_max_r_reg_46_( .D (max2_wait_r[46]),  .CK (net3177),  .RN (n57),  .Q (o2_max_r[46]));"
  The above instance has fewer port connections than the module definition.
  Please use '+lint=TFIPC-L' to print out detailed information of unconnected 
  ports.


Warning-[TFIPC] Too few instance port connections
../02_SYN/Netlist/IOTDF_syn.v, 6513
top2maxmin, "DFFRX1 o1_max_r_reg_46_( .D (N602),  .CK (net3017),  .RN (n57),  .Q (o_top2max[46]));"
  The above instance has fewer port connections than the module definition.
  Please use '+lint=TFIPC-L' to print out detailed information of unconnected 
  ports.


Warning-[TFIPC] Too few instance port connections
../02_SYN/Netlist/IOTDF_syn.v, 6514
top2maxmin, "DFFRX1 o2_max_r_reg_47_( .D (max2_wait_r[47]),  .CK (net3172),  .RN (n57),  .Q (o2_max_r[47]));"
  The above instance has fewer port connections than the module definition.
  Please use '+lint=TFIPC-L' to print out detailed information of unconnected 
  ports.


Warning-[TFIPC] Too few instance port connections
../02_SYN/Netlist/IOTDF_syn.v, 6516
top2maxmin, "DFFRX1 o1_max_r_reg_47_( .D (N603),  .CK (net3012),  .RN (n57),  .Q (o_top2max[47]));"
  The above instance has fewer port connections than the module definition.
  Please use '+lint=TFIPC-L' to print out detailed information of unconnected 
  ports.


Warning-[TFIPC] Too few instance port connections
../02_SYN/Netlist/IOTDF_syn.v, 6517
top2maxmin, "DFFRX1 o2_max_r_reg_48_( .D (max2_wait_r[48]),  .CK (net3172),  .RN (n57),  .Q (o2_max_r[48]));"
  The above instance has fewer port connections than the module definition.
  Please use '+lint=TFIPC-L' to print out detailed information of unconnected 
  ports.


Warning-[TFIPC] Too few instance port connections
../02_SYN/Netlist/IOTDF_syn.v, 6519
top2maxmin, "DFFRX1 o1_max_r_reg_48_( .D (N604),  .CK (net3012),  .RN (n57),  .Q (o_top2max[48]));"
  The above instance has fewer port connections than the module definition.
  Please use '+lint=TFIPC-L' to print out detailed information of unconnected 
  ports.


Warning-[TFIPC] Too few instance port connections
../02_SYN/Netlist/IOTDF_syn.v, 6520
top2maxmin, "DFFRX1 o2_max_r_reg_49_( .D (max2_wait_r[49]),  .CK (net3172),  .RN (n57),  .Q (o2_max_r[49]));"
  The above instance has fewer port connections than the module definition.
  Please use '+lint=TFIPC-L' to print out detailed information of unconnected 
  ports.


Warning-[TFIPC] Too few instance port connections
../02_SYN/Netlist/IOTDF_syn.v, 6522
top2maxmin, "DFFRX1 o1_max_r_reg_49_( .D (N605),  .CK (net3012),  .RN (n57),  .Q (o_top2max[49]));"
  The above instance has fewer port connections than the module definition.
  Please use '+lint=TFIPC-L' to print out detailed information of unconnected 
  ports.


Warning-[TFIPC] Too few instance port connections
../02_SYN/Netlist/IOTDF_syn.v, 6523
top2maxmin, "DFFRX1 o2_max_r_reg_50_( .D (max2_wait_r[50]),  .CK (net3172),  .RN (n1091),  .Q (o2_max_r[50]));"
  The above instance has fewer port connections than the module definition.
  Please use '+lint=TFIPC-L' to print out detailed information of unconnected 
  ports.


Warning-[TFIPC] Too few instance port connections
../02_SYN/Netlist/IOTDF_syn.v, 6525
top2maxmin, "DFFRX1 o1_max_r_reg_50_( .D (N606),  .CK (net3012),  .RN (n1091),  .Q (o_top2max[50]));"
  The above instance has fewer port connections than the module definition.
  Please use '+lint=TFIPC-L' to print out detailed information of unconnected 
  ports.


Warning-[TFIPC] Too few instance port connections
../02_SYN/Netlist/IOTDF_syn.v, 6527
top2maxmin, "DFFRX1 o2_max_r_reg_51_( .D (max2_wait_r[51]),  .CK (net3167),  .RN (n1091),  .Q (o2_max_r[51]));"
  The above instance has fewer port connections than the module definition.
  Please use '+lint=TFIPC-L' to print out detailed information of unconnected 
  ports.


Warning-[TFIPC] Too few instance port connections
../02_SYN/Netlist/IOTDF_syn.v, 6529
top2maxmin, "DFFRX1 o1_max_r_reg_51_( .D (N607),  .CK (net3007),  .RN (n1091),  .Q (o_top2max[51]));"
  The above instance has fewer port connections than the module definition.
  Please use '+lint=TFIPC-L' to print out detailed information of unconnected 
  ports.


Warning-[TFIPC] Too few instance port connections
../02_SYN/Netlist/IOTDF_syn.v, 6531
top2maxmin, "DFFRX1 o2_max_r_reg_52_( .D (max2_wait_r[52]),  .CK (net3167),  .RN (n1091),  .Q (o2_max_r[52]));"
  The above instance has fewer port connections than the module definition.
  Please use '+lint=TFIPC-L' to print out detailed information of unconnected 
  ports.


Warning-[TFIPC] Too few instance port connections
../02_SYN/Netlist/IOTDF_syn.v, 6533
top2maxmin, "DFFRX1 o1_max_r_reg_52_( .D (N608),  .CK (net3007),  .RN (n1091),  .Q (o_top2max[52]));"
  The above instance has fewer port connections than the module definition.
  Please use '+lint=TFIPC-L' to print out detailed information of unconnected 
  ports.


Warning-[TFIPC] Too few instance port connections
../02_SYN/Netlist/IOTDF_syn.v, 6535
top2maxmin, "DFFRX1 o2_max_r_reg_53_( .D (max2_wait_r[53]),  .CK (net3167),  .RN (n1091),  .Q (o2_max_r[53]));"
  The above instance has fewer port connections than the module definition.
  Please use '+lint=TFIPC-L' to print out detailed information of unconnected 
  ports.


Warning-[TFIPC] Too few instance port connections
../02_SYN/Netlist/IOTDF_syn.v, 6537
top2maxmin, "DFFRX1 o1_max_r_reg_53_( .D (N609),  .CK (net3007),  .RN (n1091),  .Q (o_top2max[53]));"
  The above instance has fewer port connections than the module definition.
  Please use '+lint=TFIPC-L' to print out detailed information of unconnected 
  ports.


Warning-[TFIPC] Too few instance port connections
../02_SYN/Netlist/IOTDF_syn.v, 6539
top2maxmin, "DFFRX1 o2_max_r_reg_54_( .D (max2_wait_r[54]),  .CK (net3167),  .RN (n1092),  .Q (o2_max_r[54]));"
  The above instance has fewer port connections than the module definition.
  Please use '+lint=TFIPC-L' to print out detailed information of unconnected 
  ports.


Warning-[TFIPC] Too few instance port connections
../02_SYN/Netlist/IOTDF_syn.v, 6541
top2maxmin, "DFFRX1 o1_max_r_reg_54_( .D (N610),  .CK (net3007),  .RN (n1092),  .Q (o_top2max[54]));"
  The above instance has fewer port connections than the module definition.
  Please use '+lint=TFIPC-L' to print out detailed information of unconnected 
  ports.


Warning-[TFIPC] Too few instance port connections
../02_SYN/Netlist/IOTDF_syn.v, 6543
top2maxmin, "DFFRX1 o2_max_r_reg_55_( .D (max2_wait_r[55]),  .CK (net3162),  .RN (n1092),  .Q (o2_max_r[55]));"
  The above instance has fewer port connections than the module definition.
  Please use '+lint=TFIPC-L' to print out detailed information of unconnected 
  ports.


Warning-[TFIPC] Too few instance port connections
../02_SYN/Netlist/IOTDF_syn.v, 6545
top2maxmin, "DFFRX1 o1_max_r_reg_55_( .D (N611),  .CK (net3002),  .RN (n1092),  .Q (o_top2max[55]));"
  The above instance has fewer port connections than the module definition.
  Please use '+lint=TFIPC-L' to print out detailed information of unconnected 
  ports.


Warning-[TFIPC] Too few instance port connections
../02_SYN/Netlist/IOTDF_syn.v, 6547
top2maxmin, "DFFRX1 o2_max_r_reg_56_( .D (max2_wait_r[56]),  .CK (net3162),  .RN (n1092),  .Q (o2_max_r[56]));"
  The above instance has fewer port connections than the module definition.
  Please use '+lint=TFIPC-L' to print out detailed information of unconnected 
  ports.


Warning-[TFIPC] Too few instance port connections
../02_SYN/Netlist/IOTDF_syn.v, 6549
top2maxmin, "DFFRX1 o1_max_r_reg_56_( .D (N612),  .CK (net3002),  .RN (n1092),  .Q (o_top2max[56]));"
  The above instance has fewer port connections than the module definition.
  Please use '+lint=TFIPC-L' to print out detailed information of unconnected 
  ports.


Warning-[TFIPC] Too few instance port connections
../02_SYN/Netlist/IOTDF_syn.v, 6551
top2maxmin, "DFFRX1 o2_max_r_reg_57_( .D (max2_wait_r[57]),  .CK (net3162),  .RN (n1092),  .Q (o2_max_r[57]));"
  The above instance has fewer port connections than the module definition.
  Please use '+lint=TFIPC-L' to print out detailed information of unconnected 
  ports.


Warning-[TFIPC] Too few instance port connections
../02_SYN/Netlist/IOTDF_syn.v, 6553
top2maxmin, "DFFRX1 o1_max_r_reg_57_( .D (N613),  .CK (net3002),  .RN (n1092),  .Q (o_top2max[57]));"
  The above instance has fewer port connections than the module definition.
  Please use '+lint=TFIPC-L' to print out detailed information of unconnected 
  ports.


Warning-[TFIPC] Too few instance port connections
../02_SYN/Netlist/IOTDF_syn.v, 6555
top2maxmin, "DFFRX1 o2_max_r_reg_58_( .D (max2_wait_r[58]),  .CK (net3162),  .RN (n1093),  .Q (o2_max_r[58]));"
  The above instance has fewer port connections than the module definition.
  Please use '+lint=TFIPC-L' to print out detailed information of unconnected 
  ports.


Warning-[TFIPC] Too few instance port connections
../02_SYN/Netlist/IOTDF_syn.v, 6557
top2maxmin, "DFFRX1 o1_max_r_reg_58_( .D (N614),  .CK (net3002),  .RN (n1093),  .Q (o_top2max[58]));"
  The above instance has fewer port connections than the module definition.
  Please use '+lint=TFIPC-L' to print out detailed information of unconnected 
  ports.


Warning-[TFIPC] Too few instance port connections
../02_SYN/Netlist/IOTDF_syn.v, 6559
top2maxmin, "DFFRX1 o2_max_r_reg_59_( .D (max2_wait_r[59]),  .CK (net3157),  .RN (n1093),  .Q (o2_max_r[59]));"
  The above instance has fewer port connections than the module definition.
  Please use '+lint=TFIPC-L' to print out detailed information of unconnected 
  ports.


Warning-[TFIPC] Too few instance port connections
../02_SYN/Netlist/IOTDF_syn.v, 6561
top2maxmin, "DFFRX1 o1_max_r_reg_59_( .D (N615),  .CK (net2997),  .RN (n1093),  .Q (o_top2max[59]));"
  The above instance has fewer port connections than the module definition.
  Please use '+lint=TFIPC-L' to print out detailed information of unconnected 
  ports.


Warning-[TFIPC] Too few instance port connections
../02_SYN/Netlist/IOTDF_syn.v, 6563
top2maxmin, "DFFRX1 o2_max_r_reg_60_( .D (max2_wait_r[60]),  .CK (net3157),  .RN (n1093),  .Q (o2_max_r[60]));"
  The above instance has fewer port connections than the module definition.
  Please use '+lint=TFIPC-L' to print out detailed information of unconnected 
  ports.


Warning-[TFIPC] Too few instance port connections
../02_SYN/Netlist/IOTDF_syn.v, 6565
top2maxmin, "DFFRX1 o1_max_r_reg_60_( .D (N616),  .CK (net2997),  .RN (n1093),  .Q (o_top2max[60]));"
  The above instance has fewer port connections than the module definition.
  Please use '+lint=TFIPC-L' to print out detailed information of unconnected 
  ports.


Warning-[TFIPC] Too few instance port connections
../02_SYN/Netlist/IOTDF_syn.v, 6567
top2maxmin, "DFFRX1 o2_max_r_reg_61_( .D (max2_wait_r[61]),  .CK (net3157),  .RN (n1093),  .Q (o2_max_r[61]));"
  The above instance has fewer port connections than the module definition.
  Please use '+lint=TFIPC-L' to print out detailed information of unconnected 
  ports.


Warning-[TFIPC] Too few instance port connections
../02_SYN/Netlist/IOTDF_syn.v, 6569
top2maxmin, "DFFRX1 o1_max_r_reg_61_( .D (N617),  .CK (net2997),  .RN (n1093),  .Q (o_top2max[61]));"
  The above instance has fewer port connections than the module definition.
  Please use '+lint=TFIPC-L' to print out detailed information of unconnected 
  ports.


Warning-[TFIPC] Too few instance port connections
../02_SYN/Netlist/IOTDF_syn.v, 6571
top2maxmin, "DFFRX1 o2_max_r_reg_62_( .D (max2_wait_r[62]),  .CK (net3157),  .RN (n1092),  .Q (o2_max_r[62]));"
  The above instance has fewer port connections than the module definition.
  Please use '+lint=TFIPC-L' to print out detailed information of unconnected 
  ports.


Warning-[TFIPC] Too few instance port connections
../02_SYN/Netlist/IOTDF_syn.v, 6573
top2maxmin, "DFFRX1 o1_max_r_reg_62_( .D (N618),  .CK (net2997),  .RN (n57),  .Q (o_top2max[62]));"
  The above instance has fewer port connections than the module definition.
  Please use '+lint=TFIPC-L' to print out detailed information of unconnected 
  ports.


Warning-[TFIPC] Too few instance port connections
../02_SYN/Netlist/IOTDF_syn.v, 6574
top2maxmin, "DFFRX1 o2_max_r_reg_63_( .D (max2_wait_r[63]),  .CK (net3152),  .RN (n57),  .Q (o2_max_r[63]));"
  The above instance has fewer port connections than the module definition.
  Please use '+lint=TFIPC-L' to print out detailed information of unconnected 
  ports.


Warning-[TFIPC] Too few instance port connections
../02_SYN/Netlist/IOTDF_syn.v, 6576
top2maxmin, "DFFRX1 o1_max_r_reg_63_( .D (N619),  .CK (net2992),  .RN (n1092),  .Q (o_top2max[63]));"
  The above instance has fewer port connections than the module definition.
  Please use '+lint=TFIPC-L' to print out detailed information of unconnected 
  ports.


Warning-[TFIPC] Too few instance port connections
../02_SYN/Netlist/IOTDF_syn.v, 6578
top2maxmin, "DFFRX1 o2_max_r_reg_64_( .D (max2_wait_r[64]),  .CK (net3152),  .RN (n1093),  .Q (o2_max_r[64]));"
  The above instance has fewer port connections than the module definition.
  Please use '+lint=TFIPC-L' to print out detailed information of unconnected 
  ports.


Warning-[TFIPC] Too few instance port connections
../02_SYN/Netlist/IOTDF_syn.v, 6580
top2maxmin, "DFFRX1 o1_max_r_reg_64_( .D (N620),  .CK (net2992),  .RN (n1096),  .Q (o_top2max[64]));"
  The above instance has fewer port connections than the module definition.
  Please use '+lint=TFIPC-L' to print out detailed information of unconnected 
  ports.


Warning-[TFIPC] Too few instance port connections
../02_SYN/Netlist/IOTDF_syn.v, 6582
top2maxmin, "DFFRX1 o2_max_r_reg_65_( .D (max2_wait_r[65]),  .CK (net3152),  .RN (n1095),  .Q (o2_max_r[65]));"
  The above instance has fewer port connections than the module definition.
  Please use '+lint=TFIPC-L' to print out detailed information of unconnected 
  ports.


Warning-[TFIPC] Too few instance port connections
../02_SYN/Netlist/IOTDF_syn.v, 6584
top2maxmin, "DFFRX1 o1_max_r_reg_65_( .D (N621),  .CK (net2992),  .RN (n1094),  .Q (o_top2max[65]));"
  The above instance has fewer port connections than the module definition.
  Please use '+lint=TFIPC-L' to print out detailed information of unconnected 
  ports.


Warning-[TFIPC] Too few instance port connections
../02_SYN/Netlist/IOTDF_syn.v, 6586
top2maxmin, "DFFRX1 o2_max_r_reg_66_( .D (max2_wait_r[66]),  .CK (net3152),  .RN (n1094),  .Q (o2_max_r[66]));"
  The above instance has fewer port connections than the module definition.
  Please use '+lint=TFIPC-L' to print out detailed information of unconnected 
  ports.


Warning-[TFIPC] Too few instance port connections
../02_SYN/Netlist/IOTDF_syn.v, 6588
top2maxmin, "DFFRX1 o1_max_r_reg_66_( .D (N622),  .CK (net2992),  .RN (n1093),  .Q (o_top2max[66]));"
  The above instance has fewer port connections than the module definition.
  Please use '+lint=TFIPC-L' to print out detailed information of unconnected 
  ports.


Warning-[TFIPC] Too few instance port connections
../02_SYN/Netlist/IOTDF_syn.v, 6590
top2maxmin, "DFFRX1 o2_max_r_reg_67_( .D (max2_wait_r[67]),  .CK (net3147),  .RN (n1093),  .Q (o2_max_r[67]));"
  The above instance has fewer port connections than the module definition.
  Please use '+lint=TFIPC-L' to print out detailed information of unconnected 
  ports.


Warning-[TFIPC] Too few instance port connections
../02_SYN/Netlist/IOTDF_syn.v, 6592
top2maxmin, "DFFRX1 o1_max_r_reg_67_( .D (N623),  .CK (net2987),  .RN (n1096),  .Q (o_top2max[67]));"
  The above instance has fewer port connections than the module definition.
  Please use '+lint=TFIPC-L' to print out detailed information of unconnected 
  ports.


Warning-[TFIPC] Too few instance port connections
../02_SYN/Netlist/IOTDF_syn.v, 6594
top2maxmin, "DFFRX1 o2_max_r_reg_68_( .D (max2_wait_r[68]),  .CK (net3147),  .RN (n1095),  .Q (o2_max_r[68]));"
  The above instance has fewer port connections than the module definition.
  Please use '+lint=TFIPC-L' to print out detailed information of unconnected 
  ports.


Warning-[TFIPC] Too few instance port connections
../02_SYN/Netlist/IOTDF_syn.v, 6596
top2maxmin, "DFFRX1 o1_max_r_reg_68_( .D (N624),  .CK (net2987),  .RN (n1094),  .Q (o_top2max[68]));"
  The above instance has fewer port connections than the module definition.
  Please use '+lint=TFIPC-L' to print out detailed information of unconnected 
  ports.


Warning-[TFIPC] Too few instance port connections
../02_SYN/Netlist/IOTDF_syn.v, 6598
top2maxmin, "DFFRX1 o2_max_r_reg_69_( .D (max2_wait_r[69]),  .CK (net3147),  .RN (n1096),  .Q (o2_max_r[69]));"
  The above instance has fewer port connections than the module definition.
  Please use '+lint=TFIPC-L' to print out detailed information of unconnected 
  ports.


Warning-[TFIPC] Too few instance port connections
../02_SYN/Netlist/IOTDF_syn.v, 6600
top2maxmin, "DFFRX1 o1_max_r_reg_69_( .D (N625),  .CK (net2987),  .RN (n1095),  .Q (o_top2max[69]));"
  The above instance has fewer port connections than the module definition.
  Please use '+lint=TFIPC-L' to print out detailed information of unconnected 
  ports.


Warning-[TFIPC] Too few instance port connections
../02_SYN/Netlist/IOTDF_syn.v, 6602
top2maxmin, "DFFRX1 o2_max_r_reg_70_( .D (max2_wait_r[70]),  .CK (net3147),  .RN (n1094),  .Q (o2_max_r[70]));"
  The above instance has fewer port connections than the module definition.
  Please use '+lint=TFIPC-L' to print out detailed information of unconnected 
  ports.


Warning-[TFIPC] Too few instance port connections
../02_SYN/Netlist/IOTDF_syn.v, 6604
top2maxmin, "DFFRX1 o1_max_r_reg_70_( .D (N626),  .CK (net2987),  .RN (n1094),  .Q (o_top2max[70]));"
  The above instance has fewer port connections than the module definition.
  Please use '+lint=TFIPC-L' to print out detailed information of unconnected 
  ports.


Warning-[TFIPC] Too few instance port connections
../02_SYN/Netlist/IOTDF_syn.v, 6606
top2maxmin, "DFFRX1 o2_max_r_reg_71_( .D (max2_wait_r[71]),  .CK (net3142),  .RN (n1094),  .Q (o2_max_r[71]));"
  The above instance has fewer port connections than the module definition.
  Please use '+lint=TFIPC-L' to print out detailed information of unconnected 
  ports.


Warning-[TFIPC] Too few instance port connections
../02_SYN/Netlist/IOTDF_syn.v, 6608
top2maxmin, "DFFRX1 o1_max_r_reg_71_( .D (N627),  .CK (net2982),  .RN (n1094),  .Q (o_top2max[71]));"
  The above instance has fewer port connections than the module definition.
  Please use '+lint=TFIPC-L' to print out detailed information of unconnected 
  ports.


Warning-[TFIPC] Too few instance port connections
../02_SYN/Netlist/IOTDF_syn.v, 6610
top2maxmin, "DFFRX1 o2_max_r_reg_72_( .D (max2_wait_r[72]),  .CK (net3142),  .RN (n1094),  .Q (o2_max_r[72]));"
  The above instance has fewer port connections than the module definition.
  Please use '+lint=TFIPC-L' to print out detailed information of unconnected 
  ports.


Warning-[TFIPC] Too few instance port connections
../02_SYN/Netlist/IOTDF_syn.v, 6612
top2maxmin, "DFFRX1 o1_max_r_reg_72_( .D (N628),  .CK (net2982),  .RN (n1094),  .Q (o_top2max[72]));"
  The above instance has fewer port connections than the module definition.
  Please use '+lint=TFIPC-L' to print out detailed information of unconnected 
  ports.


Warning-[TFIPC] Too few instance port connections
../02_SYN/Netlist/IOTDF_syn.v, 6614
top2maxmin, "DFFRX1 o2_max_r_reg_73_( .D (max2_wait_r[73]),  .CK (net3142),  .RN (n1094),  .Q (o2_max_r[73]));"
  The above instance has fewer port connections than the module definition.
  Please use '+lint=TFIPC-L' to print out detailed information of unconnected 
  ports.


Warning-[TFIPC] Too few instance port connections
../02_SYN/Netlist/IOTDF_syn.v, 6616
top2maxmin, "DFFRX1 o1_max_r_reg_73_( .D (N629),  .CK (net2982),  .RN (n1094),  .Q (o_top2max[73]));"
  The above instance has fewer port connections than the module definition.
  Please use '+lint=TFIPC-L' to print out detailed information of unconnected 
  ports.


Warning-[TFIPC] Too few instance port connections
../02_SYN/Netlist/IOTDF_syn.v, 6618
top2maxmin, "DFFRX1 o2_max_r_reg_74_( .D (max2_wait_r[74]),  .CK (net3142),  .RN (n1095),  .Q (o2_max_r[74]));"
  The above instance has fewer port connections than the module definition.
  Please use '+lint=TFIPC-L' to print out detailed information of unconnected 
  ports.


Warning-[TFIPC] Too few instance port connections
../02_SYN/Netlist/IOTDF_syn.v, 6620
top2maxmin, "DFFRX1 o1_max_r_reg_74_( .D (N630),  .CK (net2982),  .RN (n1095),  .Q (o_top2max[74]));"
  The above instance has fewer port connections than the module definition.
  Please use '+lint=TFIPC-L' to print out detailed information of unconnected 
  ports.


Warning-[TFIPC] Too few instance port connections
../02_SYN/Netlist/IOTDF_syn.v, 6622
top2maxmin, "DFFRX1 o2_max_r_reg_75_( .D (max2_wait_r[75]),  .CK (net3137),  .RN (n1095),  .Q (o2_max_r[75]));"
  The above instance has fewer port connections than the module definition.
  Please use '+lint=TFIPC-L' to print out detailed information of unconnected 
  ports.


Warning-[TFIPC] Too few instance port connections
../02_SYN/Netlist/IOTDF_syn.v, 6624
top2maxmin, "DFFRX1 o1_max_r_reg_75_( .D (N631),  .CK (net2977),  .RN (n1095),  .Q (o_top2max[75]));"
  The above instance has fewer port connections than the module definition.
  Please use '+lint=TFIPC-L' to print out detailed information of unconnected 
  ports.


Warning-[TFIPC] Too few instance port connections
../02_SYN/Netlist/IOTDF_syn.v, 6626
top2maxmin, "DFFRX1 o2_max_r_reg_76_( .D (max2_wait_r[76]),  .CK (net3137),  .RN (n1095),  .Q (o2_max_r[76]));"
  The above instance has fewer port connections than the module definition.
  Please use '+lint=TFIPC-L' to print out detailed information of unconnected 
  ports.


Warning-[TFIPC] Too few instance port connections
../02_SYN/Netlist/IOTDF_syn.v, 6628
top2maxmin, "DFFRX1 o1_max_r_reg_76_( .D (N632),  .CK (net2977),  .RN (n1095),  .Q (o_top2max[76]));"
  The above instance has fewer port connections than the module definition.
  Please use '+lint=TFIPC-L' to print out detailed information of unconnected 
  ports.


Warning-[TFIPC] Too few instance port connections
../02_SYN/Netlist/IOTDF_syn.v, 6630
top2maxmin, "DFFRX1 o2_max_r_reg_77_( .D (max2_wait_r[77]),  .CK (net3137),  .RN (n1095),  .Q (o2_max_r[77]));"
  The above instance has fewer port connections than the module definition.
  Please use '+lint=TFIPC-L' to print out detailed information of unconnected 
  ports.


Warning-[TFIPC] Too few instance port connections
../02_SYN/Netlist/IOTDF_syn.v, 6632
top2maxmin, "DFFRX1 o1_max_r_reg_77_( .D (N633),  .CK (net2977),  .RN (n1095),  .Q (o_top2max[77]));"
  The above instance has fewer port connections than the module definition.
  Please use '+lint=TFIPC-L' to print out detailed information of unconnected 
  ports.


Warning-[TFIPC] Too few instance port connections
../02_SYN/Netlist/IOTDF_syn.v, 6634
top2maxmin, "DFFRX1 o2_max_r_reg_78_( .D (max2_wait_r[78]),  .CK (net3137),  .RN (n1096),  .Q (o2_max_r[78]));"
  The above instance has fewer port connections than the module definition.
  Please use '+lint=TFIPC-L' to print out detailed information of unconnected 
  ports.


Warning-[TFIPC] Too few instance port connections
../02_SYN/Netlist/IOTDF_syn.v, 6636
top2maxmin, "DFFRX1 o1_max_r_reg_78_( .D (N634),  .CK (net2977),  .RN (n1096),  .Q (o_top2max[78]));"
  The above instance has fewer port connections than the module definition.
  Please use '+lint=TFIPC-L' to print out detailed information of unconnected 
  ports.


Warning-[TFIPC] Too few instance port connections
../02_SYN/Netlist/IOTDF_syn.v, 6638
top2maxmin, "DFFRX1 o2_max_r_reg_79_( .D (max2_wait_r[79]),  .CK (net3132),  .RN (n1096),  .Q (o2_max_r[79]));"
  The above instance has fewer port connections than the module definition.
  Please use '+lint=TFIPC-L' to print out detailed information of unconnected 
  ports.


Warning-[TFIPC] Too few instance port connections
../02_SYN/Netlist/IOTDF_syn.v, 6640
top2maxmin, "DFFRX1 o1_max_r_reg_79_( .D (N635),  .CK (net2972),  .RN (n1096),  .Q (o_top2max[79]));"
  The above instance has fewer port connections than the module definition.
  Please use '+lint=TFIPC-L' to print out detailed information of unconnected 
  ports.


Warning-[TFIPC] Too few instance port connections
../02_SYN/Netlist/IOTDF_syn.v, 6642
top2maxmin, "DFFRX1 o2_max_r_reg_80_( .D (max2_wait_r[80]),  .CK (net3132),  .RN (n1096),  .Q (o2_max_r[80]));"
  The above instance has fewer port connections than the module definition.
  Please use '+lint=TFIPC-L' to print out detailed information of unconnected 
  ports.


Warning-[TFIPC] Too few instance port connections
../02_SYN/Netlist/IOTDF_syn.v, 6644
top2maxmin, "DFFRX1 o1_max_r_reg_80_( .D (N636),  .CK (net2972),  .RN (n1096),  .Q (o_top2max[80]));"
  The above instance has fewer port connections than the module definition.
  Please use '+lint=TFIPC-L' to print out detailed information of unconnected 
  ports.


Warning-[TFIPC] Too few instance port connections
../02_SYN/Netlist/IOTDF_syn.v, 6646
top2maxmin, "DFFRX1 o2_max_r_reg_81_( .D (max2_wait_r[81]),  .CK (net3132),  .RN (n1096),  .Q (o2_max_r[81]));"
  The above instance has fewer port connections than the module definition.
  Please use '+lint=TFIPC-L' to print out detailed information of unconnected 
  ports.


Warning-[TFIPC] Too few instance port connections
../02_SYN/Netlist/IOTDF_syn.v, 6648
top2maxmin, "DFFRX1 o1_max_r_reg_81_( .D (N637),  .CK (net2972),  .RN (n1096),  .Q (o_top2max[81]));"
  The above instance has fewer port connections than the module definition.
  Please use '+lint=TFIPC-L' to print out detailed information of unconnected 
  ports.


Warning-[TFIPC] Too few instance port connections
../02_SYN/Netlist/IOTDF_syn.v, 6650
top2maxmin, "DFFRX1 o2_max_r_reg_82_( .D (max2_wait_r[82]),  .CK (net3132),  .RN (n57),  .Q (o2_max_r[82]));"
  The above instance has fewer port connections than the module definition.
  Please use '+lint=TFIPC-L' to print out detailed information of unconnected 
  ports.


Warning-[TFIPC] Too few instance port connections
../02_SYN/Netlist/IOTDF_syn.v, 6652
top2maxmin, "DFFRX1 o1_max_r_reg_82_( .D (N638),  .CK (net2972),  .RN (n57),  .Q (o_top2max[82]));"
  The above instance has fewer port connections than the module definition.
  Please use '+lint=TFIPC-L' to print out detailed information of unconnected 
  ports.


Warning-[TFIPC] Too few instance port connections
../02_SYN/Netlist/IOTDF_syn.v, 6653
top2maxmin, "DFFRX1 o2_max_r_reg_83_( .D (max2_wait_r[83]),  .CK (net3127),  .RN (n57),  .Q (o2_max_r[83]));"
  The above instance has fewer port connections than the module definition.
  Please use '+lint=TFIPC-L' to print out detailed information of unconnected 
  ports.


Warning-[TFIPC] Too few instance port connections
../02_SYN/Netlist/IOTDF_syn.v, 6655
top2maxmin, "DFFRX1 o1_max_r_reg_83_( .D (N639),  .CK (net2967),  .RN (n57),  .Q (o_top2max[83]));"
  The above instance has fewer port connections than the module definition.
  Please use '+lint=TFIPC-L' to print out detailed information of unconnected 
  ports.


Warning-[TFIPC] Too few instance port connections
../02_SYN/Netlist/IOTDF_syn.v, 6656
top2maxmin, "DFFRX1 o2_max_r_reg_84_( .D (max2_wait_r[84]),  .CK (net3127),  .RN (n57),  .Q (o2_max_r[84]));"
  The above instance has fewer port connections than the module definition.
  Please use '+lint=TFIPC-L' to print out detailed information of unconnected 
  ports.


Warning-[TFIPC] Too few instance port connections
../02_SYN/Netlist/IOTDF_syn.v, 6658
top2maxmin, "DFFRX1 o1_max_r_reg_84_( .D (N640),  .CK (net2967),  .RN (n57),  .Q (o_top2max[84]));"
  The above instance has fewer port connections than the module definition.
  Please use '+lint=TFIPC-L' to print out detailed information of unconnected 
  ports.


Warning-[TFIPC] Too few instance port connections
../02_SYN/Netlist/IOTDF_syn.v, 6659
top2maxmin, "DFFRX1 o2_max_r_reg_85_( .D (max2_wait_r[85]),  .CK (net3127),  .RN (n57),  .Q (o2_max_r[85]));"
  The above instance has fewer port connections than the module definition.
  Please use '+lint=TFIPC-L' to print out detailed information of unconnected 
  ports.


Warning-[TFIPC] Too few instance port connections
../02_SYN/Netlist/IOTDF_syn.v, 6661
top2maxmin, "DFFRX1 o1_max_r_reg_85_( .D (N641),  .CK (net2967),  .RN (n57),  .Q (o_top2max[85]));"
  The above instance has fewer port connections than the module definition.
  Please use '+lint=TFIPC-L' to print out detailed information of unconnected 
  ports.


Warning-[TFIPC] Too few instance port connections
../02_SYN/Netlist/IOTDF_syn.v, 6662
top2maxmin, "DFFRX1 o2_max_r_reg_86_( .D (max2_wait_r[86]),  .CK (net3127),  .RN (n57),  .Q (o2_max_r[86]));"
  The above instance has fewer port connections than the module definition.
  Please use '+lint=TFIPC-L' to print out detailed information of unconnected 
  ports.


Warning-[TFIPC] Too few instance port connections
../02_SYN/Netlist/IOTDF_syn.v, 6664
top2maxmin, "DFFRX1 o1_max_r_reg_86_( .D (N642),  .CK (net2967),  .RN (n57),  .Q (o_top2max[86]));"
  The above instance has fewer port connections than the module definition.
  Please use '+lint=TFIPC-L' to print out detailed information of unconnected 
  ports.


Warning-[TFIPC] Too few instance port connections
../02_SYN/Netlist/IOTDF_syn.v, 6665
top2maxmin, "DFFRX1 o2_max_r_reg_87_( .D (max2_wait_r[87]),  .CK (net3122),  .RN (n57),  .Q (o2_max_r[87]));"
  The above instance has fewer port connections than the module definition.
  Please use '+lint=TFIPC-L' to print out detailed information of unconnected 
  ports.


Warning-[TFIPC] Too few instance port connections
../02_SYN/Netlist/IOTDF_syn.v, 6667
top2maxmin, "DFFRX1 o1_max_r_reg_87_( .D (N643),  .CK (net2962),  .RN (n57),  .Q (o_top2max[87]));"
  The above instance has fewer port connections than the module definition.
  Please use '+lint=TFIPC-L' to print out detailed information of unconnected 
  ports.


Warning-[TFIPC] Too few instance port connections
../02_SYN/Netlist/IOTDF_syn.v, 6668
top2maxmin, "DFFRX1 o2_max_r_reg_88_( .D (max2_wait_r[88]),  .CK (net3122),  .RN (n57),  .Q (o2_max_r[88]));"
  The above instance has fewer port connections than the module definition.
  Please use '+lint=TFIPC-L' to print out detailed information of unconnected 
  ports.


Warning-[TFIPC] Too few instance port connections
../02_SYN/Netlist/IOTDF_syn.v, 6670
top2maxmin, "DFFRX1 o1_max_r_reg_88_( .D (N644),  .CK (net2962),  .RN (n57),  .Q (o_top2max[88]));"
  The above instance has fewer port connections than the module definition.
  Please use '+lint=TFIPC-L' to print out detailed information of unconnected 
  ports.


Warning-[TFIPC] Too few instance port connections
../02_SYN/Netlist/IOTDF_syn.v, 6671
top2maxmin, "DFFRX1 o2_max_r_reg_89_( .D (max2_wait_r[89]),  .CK (net3122),  .RN (n57),  .Q (o2_max_r[89]));"
  The above instance has fewer port connections than the module definition.
  Please use '+lint=TFIPC-L' to print out detailed information of unconnected 
  ports.


Warning-[TFIPC] Too few instance port connections
../02_SYN/Netlist/IOTDF_syn.v, 6673
top2maxmin, "DFFRX1 o1_max_r_reg_89_( .D (N645),  .CK (net2962),  .RN (n57),  .Q (o_top2max[89]));"
  The above instance has fewer port connections than the module definition.
  Please use '+lint=TFIPC-L' to print out detailed information of unconnected 
  ports.


Warning-[TFIPC] Too few instance port connections
../02_SYN/Netlist/IOTDF_syn.v, 6674
top2maxmin, "DFFRX1 o2_max_r_reg_90_( .D (max2_wait_r[90]),  .CK (net3122),  .RN (n1098),  .Q (o2_max_r[90]));"
  The above instance has fewer port connections than the module definition.
  Please use '+lint=TFIPC-L' to print out detailed information of unconnected 
  ports.


Warning-[TFIPC] Too few instance port connections
../02_SYN/Netlist/IOTDF_syn.v, 6676
top2maxmin, "DFFRX1 o1_max_r_reg_90_( .D (N646),  .CK (net2962),  .RN (n1098),  .Q (o_top2max[90]));"
  The above instance has fewer port connections than the module definition.
  Please use '+lint=TFIPC-L' to print out detailed information of unconnected 
  ports.


Warning-[TFIPC] Too few instance port connections
../02_SYN/Netlist/IOTDF_syn.v, 6678
top2maxmin, "DFFRX1 o2_max_r_reg_91_( .D (max2_wait_r[91]),  .CK (net3117),  .RN (n1098),  .Q (o2_max_r[91]));"
  The above instance has fewer port connections than the module definition.
  Please use '+lint=TFIPC-L' to print out detailed information of unconnected 
  ports.


Warning-[TFIPC] Too few instance port connections
../02_SYN/Netlist/IOTDF_syn.v, 6680
top2maxmin, "DFFRX1 o1_max_r_reg_91_( .D (N647),  .CK (net2957),  .RN (n1098),  .Q (o_top2max[91]));"
  The above instance has fewer port connections than the module definition.
  Please use '+lint=TFIPC-L' to print out detailed information of unconnected 
  ports.


Warning-[TFIPC] Too few instance port connections
../02_SYN/Netlist/IOTDF_syn.v, 6682
top2maxmin, "DFFRX1 o2_max_r_reg_92_( .D (max2_wait_r[92]),  .CK (net3117),  .RN (n1098),  .Q (o2_max_r[92]));"
  The above instance has fewer port connections than the module definition.
  Please use '+lint=TFIPC-L' to print out detailed information of unconnected 
  ports.


Warning-[TFIPC] Too few instance port connections
../02_SYN/Netlist/IOTDF_syn.v, 6684
top2maxmin, "DFFRX1 o1_max_r_reg_92_( .D (N648),  .CK (net2957),  .RN (n1098),  .Q (o_top2max[92]));"
  The above instance has fewer port connections than the module definition.
  Please use '+lint=TFIPC-L' to print out detailed information of unconnected 
  ports.


Warning-[TFIPC] Too few instance port connections
../02_SYN/Netlist/IOTDF_syn.v, 6686
top2maxmin, "DFFRX1 o2_max_r_reg_93_( .D (max2_wait_r[93]),  .CK (net3117),  .RN (n1098),  .Q (o2_max_r[93]));"
  The above instance has fewer port connections than the module definition.
  Please use '+lint=TFIPC-L' to print out detailed information of unconnected 
  ports.


Warning-[TFIPC] Too few instance port connections
../02_SYN/Netlist/IOTDF_syn.v, 6688
top2maxmin, "DFFRX1 o1_max_r_reg_93_( .D (N649),  .CK (net2957),  .RN (n1098),  .Q (o_top2max[93]));"
  The above instance has fewer port connections than the module definition.
  Please use '+lint=TFIPC-L' to print out detailed information of unconnected 
  ports.


Warning-[TFIPC] Too few instance port connections
../02_SYN/Netlist/IOTDF_syn.v, 6690
top2maxmin, "DFFRX1 o2_max_r_reg_94_( .D (max2_wait_r[94]),  .CK (net3117),  .RN (n1099),  .Q (o2_max_r[94]));"
  The above instance has fewer port connections than the module definition.
  Please use '+lint=TFIPC-L' to print out detailed information of unconnected 
  ports.


Warning-[TFIPC] Too few instance port connections
../02_SYN/Netlist/IOTDF_syn.v, 6692
top2maxmin, "DFFRX1 o1_max_r_reg_94_( .D (N650),  .CK (net2957),  .RN (n1099),  .Q (o_top2max[94]));"
  The above instance has fewer port connections than the module definition.
  Please use '+lint=TFIPC-L' to print out detailed information of unconnected 
  ports.


Warning-[TFIPC] Too few instance port connections
../02_SYN/Netlist/IOTDF_syn.v, 6694
top2maxmin, "DFFRX1 o2_max_r_reg_95_( .D (max2_wait_r[95]),  .CK (net3112),  .RN (n1099),  .Q (o2_max_r[95]));"
  The above instance has fewer port connections than the module definition.
  Please use '+lint=TFIPC-L' to print out detailed information of unconnected 
  ports.


Warning-[TFIPC] Too few instance port connections
../02_SYN/Netlist/IOTDF_syn.v, 6696
top2maxmin, "DFFRX1 o1_max_r_reg_95_( .D (N651),  .CK (net2952),  .RN (n1099),  .Q (o_top2max[95]));"
  The above instance has fewer port connections than the module definition.
  Please use '+lint=TFIPC-L' to print out detailed information of unconnected 
  ports.


Warning-[TFIPC] Too few instance port connections
../02_SYN/Netlist/IOTDF_syn.v, 6698
top2maxmin, "DFFRX1 o2_max_r_reg_96_( .D (max2_wait_r[96]),  .CK (net3112),  .RN (n1099),  .Q (o2_max_r[96]));"
  The above instance has fewer port connections than the module definition.
  Please use '+lint=TFIPC-L' to print out detailed information of unconnected 
  ports.


Warning-[TFIPC] Too few instance port connections
../02_SYN/Netlist/IOTDF_syn.v, 6700
top2maxmin, "DFFRX1 o1_max_r_reg_96_( .D (N652),  .CK (net2952),  .RN (n1099),  .Q (o_top2max[96]));"
  The above instance has fewer port connections than the module definition.
  Please use '+lint=TFIPC-L' to print out detailed information of unconnected 
  ports.


Warning-[TFIPC] Too few instance port connections
../02_SYN/Netlist/IOTDF_syn.v, 6702
top2maxmin, "DFFRX1 o2_max_r_reg_97_( .D (max2_wait_r[97]),  .CK (net3112),  .RN (n1099),  .Q (o2_max_r[97]));"
  The above instance has fewer port connections than the module definition.
  Please use '+lint=TFIPC-L' to print out detailed information of unconnected 
  ports.


Warning-[TFIPC] Too few instance port connections
../02_SYN/Netlist/IOTDF_syn.v, 6704
top2maxmin, "DFFRX1 o1_max_r_reg_97_( .D (N653),  .CK (net2952),  .RN (n1099),  .Q (o_top2max[97]));"
  The above instance has fewer port connections than the module definition.
  Please use '+lint=TFIPC-L' to print out detailed information of unconnected 
  ports.


Warning-[TFIPC] Too few instance port connections
../02_SYN/Netlist/IOTDF_syn.v, 6706
top2maxmin, "DFFRX1 o2_max_r_reg_98_( .D (max2_wait_r[98]),  .CK (net3112),  .RN (n1100),  .Q (o2_max_r[98]));"
  The above instance has fewer port connections than the module definition.
  Please use '+lint=TFIPC-L' to print out detailed information of unconnected 
  ports.


Warning-[TFIPC] Too few instance port connections
../02_SYN/Netlist/IOTDF_syn.v, 6708
top2maxmin, "DFFRX1 o1_max_r_reg_98_( .D (N654),  .CK (net2952),  .RN (n1098),  .Q (o_top2max[98]));"
  The above instance has fewer port connections than the module definition.
  Please use '+lint=TFIPC-L' to print out detailed information of unconnected 
  ports.


Warning-[TFIPC] Too few instance port connections
../02_SYN/Netlist/IOTDF_syn.v, 6710
top2maxmin, "DFFRX1 o2_max_r_reg_99_( .D (max2_wait_r[99]),  .CK (net3107),  .RN (n1099),  .Q (o2_max_r[99]));"
  The above instance has fewer port connections than the module definition.
  Please use '+lint=TFIPC-L' to print out detailed information of unconnected 
  ports.


Warning-[TFIPC] Too few instance port connections
../02_SYN/Netlist/IOTDF_syn.v, 6712
top2maxmin, "DFFRX1 o1_max_r_reg_99_( .D (N655),  .CK (net2947),  .RN (n1102),  .Q (o_top2max[99]));"
  The above instance has fewer port connections than the module definition.
  Please use '+lint=TFIPC-L' to print out detailed information of unconnected 
  ports.


Warning-[TFIPC] Too few instance port connections
../02_SYN/Netlist/IOTDF_syn.v, 6714
top2maxmin, "DFFRX1 o2_max_r_reg_100_( .D (max2_wait_r[100]),  .CK (net3107),  .RN (n1101),  .Q (o2_max_r[100]));"
  The above instance has fewer port connections than the module definition.
  Please use '+lint=TFIPC-L' to print out detailed information of unconnected 
  ports.


Warning-[TFIPC] Too few instance port connections
../02_SYN/Netlist/IOTDF_syn.v, 6716
top2maxmin, "DFFRX1 o1_max_r_reg_100_( .D (N656),  .CK (net2947),  .RN (n1100),  .Q (o_top2max[100]));"
  The above instance has fewer port connections than the module definition.
  Please use '+lint=TFIPC-L' to print out detailed information of unconnected 
  ports.


Warning-[TFIPC] Too few instance port connections
../02_SYN/Netlist/IOTDF_syn.v, 6718
top2maxmin, "DFFRX1 o2_max_r_reg_101_( .D (max2_wait_r[101]),  .CK (net3107),  .RN (n1098),  .Q (o2_max_r[101]));"
  The above instance has fewer port connections than the module definition.
  Please use '+lint=TFIPC-L' to print out detailed information of unconnected 
  ports.


Warning-[TFIPC] Too few instance port connections
../02_SYN/Netlist/IOTDF_syn.v, 6720
top2maxmin, "DFFRX1 o1_max_r_reg_101_( .D (N657),  .CK (net2947),  .RN (n1102),  .Q (o_top2max[101]));"
  The above instance has fewer port connections than the module definition.
  Please use '+lint=TFIPC-L' to print out detailed information of unconnected 
  ports.


Warning-[TFIPC] Too few instance port connections
../02_SYN/Netlist/IOTDF_syn.v, 6722
top2maxmin, "DFFRX1 o2_max_r_reg_102_( .D (max2_wait_r[102]),  .CK (net3107),  .RN (n1102),  .Q (o2_max_r[102]));"
  The above instance has fewer port connections than the module definition.
  Please use '+lint=TFIPC-L' to print out detailed information of unconnected 
  ports.


Warning-[TFIPC] Too few instance port connections
../02_SYN/Netlist/IOTDF_syn.v, 6724
top2maxmin, "DFFRX1 o1_max_r_reg_102_( .D (N658),  .CK (net2947),  .RN (n1101),  .Q (o_top2max[102]));"
  The above instance has fewer port connections than the module definition.
  Please use '+lint=TFIPC-L' to print out detailed information of unconnected 
  ports.


Warning-[TFIPC] Too few instance port connections
../02_SYN/Netlist/IOTDF_syn.v, 6726
top2maxmin, "DFFRX1 o2_max_r_reg_103_( .D (max2_wait_r[103]),  .CK (net3102),  .RN (n1100),  .Q (o2_max_r[103]));"
  The above instance has fewer port connections than the module definition.
  Please use '+lint=TFIPC-L' to print out detailed information of unconnected 
  ports.


Warning-[TFIPC] Too few instance port connections
../02_SYN/Netlist/IOTDF_syn.v, 6728
top2maxmin, "DFFRX1 o1_max_r_reg_103_( .D (N659),  .CK (net2942),  .RN (n1098),  .Q (o_top2max[103]));"
  The above instance has fewer port connections than the module definition.
  Please use '+lint=TFIPC-L' to print out detailed information of unconnected 
  ports.


Warning-[TFIPC] Too few instance port connections
../02_SYN/Netlist/IOTDF_syn.v, 6730
top2maxmin, "DFFRX1 o2_max_r_reg_104_( .D (max2_wait_r[104]),  .CK (net3102),  .RN (n1099),  .Q (o2_max_r[104]));"
  The above instance has fewer port connections than the module definition.
  Please use '+lint=TFIPC-L' to print out detailed information of unconnected 
  ports.


Warning-[TFIPC] Too few instance port connections
../02_SYN/Netlist/IOTDF_syn.v, 6732
top2maxmin, "DFFRX1 o1_max_r_reg_104_( .D (N660),  .CK (net2942),  .RN (n1099),  .Q (o_top2max[104]));"
  The above instance has fewer port connections than the module definition.
  Please use '+lint=TFIPC-L' to print out detailed information of unconnected 
  ports.


Warning-[TFIPC] Too few instance port connections
../02_SYN/Netlist/IOTDF_syn.v, 6734
top2maxmin, "DFFRX1 o2_max_r_reg_105_( .D (max2_wait_r[105]),  .CK (net3102),  .RN (n1102),  .Q (o2_max_r[105]));"
  The above instance has fewer port connections than the module definition.
  Please use '+lint=TFIPC-L' to print out detailed information of unconnected 
  ports.


Warning-[TFIPC] Too few instance port connections
../02_SYN/Netlist/IOTDF_syn.v, 6736
top2maxmin, "DFFRX1 o1_max_r_reg_105_( .D (N661),  .CK (net2942),  .RN (n1099),  .Q (o_top2max[105]));"
  The above instance has fewer port connections than the module definition.
  Please use '+lint=TFIPC-L' to print out detailed information of unconnected 
  ports.


Warning-[TFIPC] Too few instance port connections
../02_SYN/Netlist/IOTDF_syn.v, 6738
top2maxmin, "DFFRX1 o2_max_r_reg_106_( .D (max2_wait_r[106]),  .CK (net3102),  .RN (n1100),  .Q (o2_max_r[106]));"
  The above instance has fewer port connections than the module definition.
  Please use '+lint=TFIPC-L' to print out detailed information of unconnected 
  ports.


Warning-[TFIPC] Too few instance port connections
../02_SYN/Netlist/IOTDF_syn.v, 6740
top2maxmin, "DFFRX1 o1_max_r_reg_106_( .D (N662),  .CK (net2942),  .RN (n1100),  .Q (o_top2max[106]));"
  The above instance has fewer port connections than the module definition.
  Please use '+lint=TFIPC-L' to print out detailed information of unconnected 
  ports.


Warning-[TFIPC] Too few instance port connections
../02_SYN/Netlist/IOTDF_syn.v, 6742
top2maxmin, "DFFRX1 o2_max_r_reg_107_( .D (max2_wait_r[107]),  .CK (net3097),  .RN (n1100),  .Q (o2_max_r[107]));"
  The above instance has fewer port connections than the module definition.
  Please use '+lint=TFIPC-L' to print out detailed information of unconnected 
  ports.


Warning-[TFIPC] Too few instance port connections
../02_SYN/Netlist/IOTDF_syn.v, 6744
top2maxmin, "DFFRX1 o1_max_r_reg_107_( .D (N663),  .CK (net2937),  .RN (n1100),  .Q (o_top2max[107]));"
  The above instance has fewer port connections than the module definition.
  Please use '+lint=TFIPC-L' to print out detailed information of unconnected 
  ports.


Warning-[TFIPC] Too few instance port connections
../02_SYN/Netlist/IOTDF_syn.v, 6746
top2maxmin, "DFFRX1 o2_max_r_reg_108_( .D (max2_wait_r[108]),  .CK (net3097),  .RN (n1100),  .Q (o2_max_r[108]));"
  The above instance has fewer port connections than the module definition.
  Please use '+lint=TFIPC-L' to print out detailed information of unconnected 
  ports.


Warning-[TFIPC] Too few instance port connections
../02_SYN/Netlist/IOTDF_syn.v, 6748
top2maxmin, "DFFRX1 o1_max_r_reg_108_( .D (N664),  .CK (net2937),  .RN (n1100),  .Q (o_top2max[108]));"
  The above instance has fewer port connections than the module definition.
  Please use '+lint=TFIPC-L' to print out detailed information of unconnected 
  ports.


Warning-[TFIPC] Too few instance port connections
../02_SYN/Netlist/IOTDF_syn.v, 6750
top2maxmin, "DFFRX1 o2_max_r_reg_109_( .D (max2_wait_r[109]),  .CK (net3097),  .RN (n1100),  .Q (o2_max_r[109]));"
  The above instance has fewer port connections than the module definition.
  Please use '+lint=TFIPC-L' to print out detailed information of unconnected 
  ports.


Warning-[TFIPC] Too few instance port connections
../02_SYN/Netlist/IOTDF_syn.v, 6752
top2maxmin, "DFFRX1 o1_max_r_reg_109_( .D (N665),  .CK (net2937),  .RN (n1100),  .Q (o_top2max[109]));"
  The above instance has fewer port connections than the module definition.
  Please use '+lint=TFIPC-L' to print out detailed information of unconnected 
  ports.


Warning-[TFIPC] Too few instance port connections
../02_SYN/Netlist/IOTDF_syn.v, 6754
top2maxmin, "DFFRX1 o2_max_r_reg_110_( .D (max2_wait_r[110]),  .CK (net3097),  .RN (n1101),  .Q (o2_max_r[110]));"
  The above instance has fewer port connections than the module definition.
  Please use '+lint=TFIPC-L' to print out detailed information of unconnected 
  ports.


Warning-[TFIPC] Too few instance port connections
../02_SYN/Netlist/IOTDF_syn.v, 6756
top2maxmin, "DFFRX1 o1_max_r_reg_110_( .D (N666),  .CK (net2937),  .RN (n1101),  .Q (o_top2max[110]));"
  The above instance has fewer port connections than the module definition.
  Please use '+lint=TFIPC-L' to print out detailed information of unconnected 
  ports.


Warning-[TFIPC] Too few instance port connections
../02_SYN/Netlist/IOTDF_syn.v, 6758
top2maxmin, "DFFRX1 o2_max_r_reg_111_( .D (max2_wait_r[111]),  .CK (net3092),  .RN (n1101),  .Q (o2_max_r[111]));"
  The above instance has fewer port connections than the module definition.
  Please use '+lint=TFIPC-L' to print out detailed information of unconnected 
  ports.


Warning-[TFIPC] Too few instance port connections
../02_SYN/Netlist/IOTDF_syn.v, 6760
top2maxmin, "DFFRX1 o1_max_r_reg_111_( .D (N667),  .CK (net2932),  .RN (n1101),  .Q (o_top2max[111]));"
  The above instance has fewer port connections than the module definition.
  Please use '+lint=TFIPC-L' to print out detailed information of unconnected 
  ports.


Warning-[TFIPC] Too few instance port connections
../02_SYN/Netlist/IOTDF_syn.v, 6762
top2maxmin, "DFFRX1 o2_max_r_reg_112_( .D (max2_wait_r[112]),  .CK (net3092),  .RN (n1101),  .Q (o2_max_r[112]));"
  The above instance has fewer port connections than the module definition.
  Please use '+lint=TFIPC-L' to print out detailed information of unconnected 
  ports.


Warning-[TFIPC] Too few instance port connections
../02_SYN/Netlist/IOTDF_syn.v, 6764
top2maxmin, "DFFRX1 o1_max_r_reg_112_( .D (N668),  .CK (net2932),  .RN (n1101),  .Q (o_top2max[112]));"
  The above instance has fewer port connections than the module definition.
  Please use '+lint=TFIPC-L' to print out detailed information of unconnected 
  ports.


Warning-[TFIPC] Too few instance port connections
../02_SYN/Netlist/IOTDF_syn.v, 6766
top2maxmin, "DFFRX1 o2_max_r_reg_113_( .D (max2_wait_r[113]),  .CK (net3092),  .RN (n1101),  .Q (o2_max_r[113]));"
  The above instance has fewer port connections than the module definition.
  Please use '+lint=TFIPC-L' to print out detailed information of unconnected 
  ports.


Warning-[TFIPC] Too few instance port connections
../02_SYN/Netlist/IOTDF_syn.v, 6768
top2maxmin, "DFFRX1 o1_max_r_reg_113_( .D (N669),  .CK (net2932),  .RN (n1101),  .Q (o_top2max[113]));"
  The above instance has fewer port connections than the module definition.
  Please use '+lint=TFIPC-L' to print out detailed information of unconnected 
  ports.


Warning-[TFIPC] Too few instance port connections
../02_SYN/Netlist/IOTDF_syn.v, 6770
top2maxmin, "DFFRX1 o2_max_r_reg_114_( .D (max2_wait_r[114]),  .CK (net3092),  .RN (n1102),  .Q (o2_max_r[114]));"
  The above instance has fewer port connections than the module definition.
  Please use '+lint=TFIPC-L' to print out detailed information of unconnected 
  ports.


Warning-[TFIPC] Too few instance port connections
../02_SYN/Netlist/IOTDF_syn.v, 6772
top2maxmin, "DFFRX1 o1_max_r_reg_114_( .D (N670),  .CK (net2932),  .RN (n1102),  .Q (o_top2max[114]));"
  The above instance has fewer port connections than the module definition.
  Please use '+lint=TFIPC-L' to print out detailed information of unconnected 
  ports.


Warning-[TFIPC] Too few instance port connections
../02_SYN/Netlist/IOTDF_syn.v, 6774
top2maxmin, "DFFRX1 o2_max_r_reg_115_( .D (max2_wait_r[115]),  .CK (net3087),  .RN (n1102),  .Q (o2_max_r[115]));"
  The above instance has fewer port connections than the module definition.
  Please use '+lint=TFIPC-L' to print out detailed information of unconnected 
  ports.


Warning-[TFIPC] Too few instance port connections
../02_SYN/Netlist/IOTDF_syn.v, 6776
top2maxmin, "DFFRX1 o1_max_r_reg_115_( .D (N671),  .CK (net2927),  .RN (n1102),  .Q (o_top2max[115]));"
  The above instance has fewer port connections than the module definition.
  Please use '+lint=TFIPC-L' to print out detailed information of unconnected 
  ports.


Warning-[TFIPC] Too few instance port connections
../02_SYN/Netlist/IOTDF_syn.v, 6778
top2maxmin, "DFFRX1 o2_max_r_reg_116_( .D (max2_wait_r[116]),  .CK (net3087),  .RN (n1102),  .Q (o2_max_r[116]));"
  The above instance has fewer port connections than the module definition.
  Please use '+lint=TFIPC-L' to print out detailed information of unconnected 
  ports.


Warning-[TFIPC] Too few instance port connections
../02_SYN/Netlist/IOTDF_syn.v, 6780
top2maxmin, "DFFRX1 o1_max_r_reg_116_( .D (N672),  .CK (net2927),  .RN (n1102),  .Q (o_top2max[116]));"
  The above instance has fewer port connections than the module definition.
  Please use '+lint=TFIPC-L' to print out detailed information of unconnected 
  ports.


Warning-[TFIPC] Too few instance port connections
../02_SYN/Netlist/IOTDF_syn.v, 6782
top2maxmin, "DFFRX1 o2_max_r_reg_117_( .D (max2_wait_r[117]),  .CK (net3087),  .RN (n1102),  .Q (o2_max_r[117]));"
  The above instance has fewer port connections than the module definition.
  Please use '+lint=TFIPC-L' to print out detailed information of unconnected 
  ports.


Warning-[TFIPC] Too few instance port connections
../02_SYN/Netlist/IOTDF_syn.v, 6784
top2maxmin, "DFFRX1 o1_max_r_reg_117_( .D (N673),  .CK (net2927),  .RN (n1102),  .Q (o_top2max[117]));"
  The above instance has fewer port connections than the module definition.
  Please use '+lint=TFIPC-L' to print out detailed information of unconnected 
  ports.


Warning-[TFIPC] Too few instance port connections
../02_SYN/Netlist/IOTDF_syn.v, 6786
top2maxmin, "DFFRX1 o2_max_r_reg_118_( .D (max2_wait_r[118]),  .CK (net3087),  .RN (n1091),  .Q (o2_max_r[118]));"
  The above instance has fewer port connections than the module definition.
  Please use '+lint=TFIPC-L' to print out detailed information of unconnected 
  ports.


Warning-[TFIPC] Too few instance port connections
../02_SYN/Netlist/IOTDF_syn.v, 6788
top2maxmin, "DFFRX1 o1_max_r_reg_118_( .D (N674),  .CK (net2927),  .RN (n1084),  .Q (o_top2max[118]));"
  The above instance has fewer port connections than the module definition.
  Please use '+lint=TFIPC-L' to print out detailed information of unconnected 
  ports.


Warning-[TFIPC] Too few instance port connections
../02_SYN/Netlist/IOTDF_syn.v, 6790
top2maxmin, "DFFRX1 o2_max_r_reg_119_( .D (max2_wait_r[119]),  .CK (net3082),  .RN (n1083),  .Q (o2_max_r[119]));"
  The above instance has fewer port connections than the module definition.
  Please use '+lint=TFIPC-L' to print out detailed information of unconnected 
  ports.


Warning-[TFIPC] Too few instance port connections
../02_SYN/Netlist/IOTDF_syn.v, 6792
top2maxmin, "DFFRX1 o1_max_r_reg_119_( .D (N675),  .CK (net2922),  .RN (n1091),  .Q (o_top2max[119]));"
  The above instance has fewer port connections than the module definition.
  Please use '+lint=TFIPC-L' to print out detailed information of unconnected 
  ports.


Warning-[TFIPC] Too few instance port connections
../02_SYN/Netlist/IOTDF_syn.v, 6794
top2maxmin, "DFFRX1 u_compare_128bit_inst2_a_r_reg_128_( .D (u_compare_128bit_inst2_a_r[119]),  .CK (u_compare_128bit_inst2_net3596),  .RN (n61),  .Q (u_compare_128bit_inst2_a_byte[2]));"
  The above instance has fewer port connections than the module definition.
  Please use '+lint=TFIPC-L' to print out detailed information of unconnected 
  ports.


Warning-[TFIPC] Too few instance port connections
../02_SYN/Netlist/IOTDF_syn.v, 6797
top2maxmin, "DFFRX1 o2_max_r_reg_120_( .D (max2_wait_r[120]),  .CK (net3082),  .RN (n1079),  .Q (o2_max_r[120]));"
  The above instance has fewer port connections than the module definition.
  Please use '+lint=TFIPC-L' to print out detailed information of unconnected 
  ports.


Warning-[TFIPC] Too few instance port connections
../02_SYN/Netlist/IOTDF_syn.v, 6799
top2maxmin, "DFFRX1 o1_max_r_reg_120_( .D (N676),  .CK (net2922),  .RN (n1084),  .Q (o_top2max[120]));"
  The above instance has fewer port connections than the module definition.
  Please use '+lint=TFIPC-L' to print out detailed information of unconnected 
  ports.


Warning-[TFIPC] Too few instance port connections
../02_SYN/Netlist/IOTDF_syn.v, 6801
top2maxmin, "DFFRX1 u_compare_128bit_inst2_a_r_reg_129_( .D (u_compare_128bit_inst2_a_r[120]),  .CK (u_compare_128bit_inst2_net3596),  .RN (n61),  .QN (n7730));"
  The above instance has fewer port connections than the module definition.
  Please use '+lint=TFIPC-L' to print out detailed information of unconnected 
  ports.


Warning-[TFIPC] Too few instance port connections
../02_SYN/Netlist/IOTDF_syn.v, 6804
top2maxmin, "DFFRX1 o2_max_r_reg_121_( .D (max2_wait_r[121]),  .CK (net3082),  .RN (n1086),  .Q (o2_max_r[121]));"
  The above instance has fewer port connections than the module definition.
  Please use '+lint=TFIPC-L' to print out detailed information of unconnected 
  ports.


Warning-[TFIPC] Too few instance port connections
../02_SYN/Netlist/IOTDF_syn.v, 6806
top2maxmin, "DFFRX1 o1_max_r_reg_121_( .D (N677),  .CK (net2922),  .RN (n1086),  .Q (o_top2max[121]));"
  The above instance has fewer port connections than the module definition.
  Please use '+lint=TFIPC-L' to print out detailed information of unconnected 
  ports.


Warning-[TFIPC] Too few instance port connections
../02_SYN/Netlist/IOTDF_syn.v, 6808
top2maxmin, "DFFRX1 u_compare_128bit_inst2_a_r_reg_130_( .D (u_compare_128bit_inst2_a_r[121]),  .CK (u_compare_128bit_inst2_net3591),  .RN (n61),  .QN (n7750));"
  The above instance has fewer port connections than the module definition.
  Please use '+lint=TFIPC-L' to print out detailed information of unconnected 
  ports.


Warning-[TFIPC] Too few instance port connections
../02_SYN/Netlist/IOTDF_syn.v, 6811
top2maxmin, "DFFRX1 o2_max_r_reg_122_( .D (max2_wait_r[122]),  .CK (net3082),  .RN (n1103),  .Q (o2_max_r[122]));"
  The above instance has fewer port connections than the module definition.
  Please use '+lint=TFIPC-L' to print out detailed information of unconnected 
  ports.


Warning-[TFIPC] Too few instance port connections
../02_SYN/Netlist/IOTDF_syn.v, 6813
top2maxmin, "DFFRX1 o1_max_r_reg_122_( .D (N678),  .CK (net2922),  .RN (n1103),  .Q (o_top2max[122]));"
  The above instance has fewer port connections than the module definition.
  Please use '+lint=TFIPC-L' to print out detailed information of unconnected 
  ports.


Warning-[TFIPC] Too few instance port connections
../02_SYN/Netlist/IOTDF_syn.v, 6815
top2maxmin, "DFFRX1 u_compare_128bit_inst2_a_r_reg_131_( .D (u_compare_128bit_inst2_a_r[122]),  .CK (u_compare_128bit_inst2_net3591),  .RN (n61),  .Q (u_compare_128bit_inst2_a_byte[5]));"
  The above instance has fewer port connections than the module definition.
  Please use '+lint=TFIPC-L' to print out detailed information of unconnected 
  ports.


Warning-[TFIPC] Too few instance port connections
../02_SYN/Netlist/IOTDF_syn.v, 6818
top2maxmin, "DFFRX1 o2_max_r_reg_123_( .D (max2_wait_r[123]),  .CK (net3077),  .RN (n1103),  .Q (o2_max_r[123]));"
  The above instance has fewer port connections than the module definition.
  Please use '+lint=TFIPC-L' to print out detailed information of unconnected 
  ports.


Warning-[TFIPC] Too few instance port connections
../02_SYN/Netlist/IOTDF_syn.v, 6820
top2maxmin, "DFFRX1 o1_max_r_reg_123_( .D (N679),  .CK (net2917),  .RN (n1103),  .Q (o_top2max[123]));"
  The above instance has fewer port connections than the module definition.
  Please use '+lint=TFIPC-L' to print out detailed information of unconnected 
  ports.


Warning-[TFIPC] Too few instance port connections
../02_SYN/Netlist/IOTDF_syn.v, 6822
top2maxmin, "DFFRX1 u_compare_128bit_inst2_a_r_reg_132_( .D (u_compare_128bit_inst2_a_r[123]),  .CK (u_compare_128bit_inst2_net3591),  .RN (n61),  .QN (n7770));"
  The above instance has fewer port connections than the module definition.
  Please use '+lint=TFIPC-L' to print out detailed information of unconnected 
  ports.


Warning-[TFIPC] Too few instance port connections
../02_SYN/Netlist/IOTDF_syn.v, 6825
top2maxmin, "DFFRX1 o2_max_r_reg_124_( .D (max2_wait_r[124]),  .CK (net3077),  .RN (n1103),  .Q (o2_max_r[124]));"
  The above instance has fewer port connections than the module definition.
  Please use '+lint=TFIPC-L' to print out detailed information of unconnected 
  ports.


Warning-[TFIPC] Too few instance port connections
../02_SYN/Netlist/IOTDF_syn.v, 6827
top2maxmin, "DFFRX1 o1_max_r_reg_124_( .D (N680),  .CK (net2917),  .RN (n1103),  .Q (o_top2max[124]));"
  The above instance has fewer port connections than the module definition.
  Please use '+lint=TFIPC-L' to print out detailed information of unconnected 
  ports.


Warning-[TFIPC] Too few instance port connections
../02_SYN/Netlist/IOTDF_syn.v, 6829
top2maxmin, "DFFRX1 u_compare_128bit_inst2_a_r_reg_133_( .D (u_compare_128bit_inst2_a_r[124]),  .CK (u_compare_128bit_inst2_net3591),  .RN (n61),  .QN (n5670));"
  The above instance has fewer port connections than the module definition.
  Please use '+lint=TFIPC-L' to print out detailed information of unconnected 
  ports.


Warning-[TFIPC] Too few instance port connections
../02_SYN/Netlist/IOTDF_syn.v, 6832
top2maxmin, "DFFRX1 o2_max_r_reg_125_( .D (max2_wait_r[125]),  .CK (net3077),  .RN (n1103),  .Q (o2_max_r[125]));"
  The above instance has fewer port connections than the module definition.
  Please use '+lint=TFIPC-L' to print out detailed information of unconnected 
  ports.


Warning-[TFIPC] Too few instance port connections
../02_SYN/Netlist/IOTDF_syn.v, 6834
top2maxmin, "DFFRX1 o1_max_r_reg_125_( .D (N681),  .CK (net2917),  .RN (n1103),  .Q (o_top2max[125]));"
  The above instance has fewer port connections than the module definition.
  Please use '+lint=TFIPC-L' to print out detailed information of unconnected 
  ports.


Warning-[TFIPC] Too few instance port connections
../02_SYN/Netlist/IOTDF_syn.v, 6836
top2maxmin, "DFFRX1 u_compare_128bit_inst2_a_r_reg_134_( .D (u_compare_128bit_inst2_a_r[125]),  .CK (u_compare_128bit_inst2_net3586),  .RN (n1060),  .QN (n881));"
  The above instance has fewer port connections than the module definition.
  Please use '+lint=TFIPC-L' to print out detailed information of unconnected 
  ports.


Warning-[TFIPC] Too few instance port connections
../02_SYN/Netlist/IOTDF_syn.v, 6839
top2maxmin, "DFFRX1 o2_max_r_reg_126_( .D (max2_wait_r[126]),  .CK (net3077),  .RN (n1076),  .Q (o2_max_r[126]));"
  The above instance has fewer port connections than the module definition.
  Please use '+lint=TFIPC-L' to print out detailed information of unconnected 
  ports.


Warning-[TFIPC] Too few instance port connections
../02_SYN/Netlist/IOTDF_syn.v, 6841
top2maxmin, "DFFRX1 o1_max_r_reg_126_( .D (N682),  .CK (net2917),  .RN (n1094),  .Q (o_top2max[126]));"
  The above instance has fewer port connections than the module definition.
  Please use '+lint=TFIPC-L' to print out detailed information of unconnected 
  ports.


Warning-[TFIPC] Too few instance port connections
../02_SYN/Netlist/IOTDF_syn.v, 6843
top2maxmin, "DFFRX1 o2_max_r_reg_127_( .D (max2_wait_r[127]),  .CK (net3072),  .RN (n1084),  .Q (o2_max_r[127]));"
  The above instance has fewer port connections than the module definition.
  Please use '+lint=TFIPC-L' to print out detailed information of unconnected 
  ports.


Warning-[TFIPC] Too few instance port connections
../02_SYN/Netlist/IOTDF_syn.v, 6845
top2maxmin, "DFFRX1 o1_max_r_reg_127_( .D (N683),  .CK (net2912),  .RN (n1087),  .Q (o_top2max[127]));"
  The above instance has fewer port connections than the module definition.
  Please use '+lint=TFIPC-L' to print out detailed information of unconnected 
  ports.


Warning-[TFIPC] Too few instance port connections
../02_SYN/Netlist/IOTDF_syn.v, 6847
top2maxmin, "DFFSRXL u_compare_128bit_inst1_b_r_reg_45_( .D (n7700),  .CK (u_compare_128bit_inst1_net3885),  .SN (n2739),  .RN (n2740),  .Q (n1056));"
  The above instance has fewer port connections than the module definition.
  Please use '+lint=TFIPC-L' to print out detailed information of unconnected 
  ports.


Warning-[TFIPC] Too few instance port connections
../02_SYN/Netlist/IOTDF_syn.v, 6849
top2maxmin, "DFFSRXL u_compare_128bit_inst1_b_r_reg_47_( .D (n7680),  .CK (u_compare_128bit_inst1_net3880),  .SN (n2735),  .RN (n2736),  .Q (n1054));"
  The above instance has fewer port connections than the module definition.
  Please use '+lint=TFIPC-L' to print out detailed information of unconnected 
  ports.


Warning-[TFIPC] Too few instance port connections
../02_SYN/Netlist/IOTDF_syn.v, 6851
top2maxmin, "DFFSRXL u_compare_128bit_inst1_b_r_reg_48_( .D (n7670),  .CK (u_compare_128bit_inst1_net3880),  .SN (n2733),  .RN (n2734),  .Q (n1053));"
  The above instance has fewer port connections than the module definition.
  Please use '+lint=TFIPC-L' to print out detailed information of unconnected 
  ports.


Warning-[TFIPC] Too few instance port connections
../02_SYN/Netlist/IOTDF_syn.v, 6853
top2maxmin, "DFFSRXL u_compare_128bit_inst1_b_r_reg_49_( .D (n7660),  .CK (u_compare_128bit_inst1_net3880),  .SN (n2731),  .RN (n2732),  .Q (n1052));"
  The above instance has fewer port connections than the module definition.
  Please use '+lint=TFIPC-L' to print out detailed information of unconnected 
  ports.


Warning-[TFIPC] Too few instance port connections
../02_SYN/Netlist/IOTDF_syn.v, 6855
top2maxmin, "DFFSRXL u_compare_128bit_inst1_b_r_reg_50_( .D (n7650),  .CK (u_compare_128bit_inst1_net3880),  .SN (n2729),  .RN (n2730),  .Q (n1051));"
  The above instance has fewer port connections than the module definition.
  Please use '+lint=TFIPC-L' to print out detailed information of unconnected 
  ports.


Warning-[TFIPC] Too few instance port connections
../02_SYN/Netlist/IOTDF_syn.v, 6857
top2maxmin, "DFFSRXL u_compare_128bit_inst1_b_r_reg_51_( .D (n7640),  .CK (u_compare_128bit_inst1_net3875),  .SN (n2727),  .RN (n2728),  .Q (n1050));"
  The above instance has fewer port connections than the module definition.
  Please use '+lint=TFIPC-L' to print out detailed information of unconnected 
  ports.


Warning-[TFIPC] Too few instance port connections
../02_SYN/Netlist/IOTDF_syn.v, 6859
top2maxmin, "DFFSRXL u_compare_128bit_inst1_b_r_reg_52_( .D (n7630),  .CK (u_compare_128bit_inst1_net3875),  .SN (n2725),  .RN (n2726),  .Q (n1049));"
  The above instance has fewer port connections than the module definition.
  Please use '+lint=TFIPC-L' to print out detailed information of unconnected 
  ports.


Warning-[TFIPC] Too few instance port connections
../02_SYN/Netlist/IOTDF_syn.v, 6861
top2maxmin, "DFFSRXL u_compare_128bit_inst1_b_r_reg_53_( .D (n7620),  .CK (u_compare_128bit_inst1_net3875),  .SN (n2723),  .RN (n2724),  .Q (n1048));"
  The above instance has fewer port connections than the module definition.
  Please use '+lint=TFIPC-L' to print out detailed information of unconnected 
  ports.


Warning-[TFIPC] Too few instance port connections
../02_SYN/Netlist/IOTDF_syn.v, 6863
top2maxmin, "DFFSRXL u_compare_128bit_inst1_b_r_reg_55_( .D (n1055),  .CK (u_compare_128bit_inst1_net3870),  .SN (n2719),  .RN (n2720),  .Q (n7600));"
  The above instance has fewer port connections than the module definition.
  Please use '+lint=TFIPC-L' to print out detailed information of unconnected 
  ports.


Warning-[TFIPC] Too few instance port connections
../02_SYN/Netlist/IOTDF_syn.v, 6865
top2maxmin, "DFFSRXL u_compare_128bit_inst1_b_r_reg_56_( .D (n1054),  .CK (u_compare_128bit_inst1_net3870),  .SN (n2717),  .RN (n2718),  .Q (n7590));"
  The above instance has fewer port connections than the module definition.
  Please use '+lint=TFIPC-L' to print out detailed information of unconnected 
  ports.


Warning-[TFIPC] Too few instance port connections
../02_SYN/Netlist/IOTDF_syn.v, 6867
top2maxmin, "DFFSRXL u_compare_128bit_inst1_b_r_reg_57_( .D (n1053),  .CK (u_compare_128bit_inst1_net3870),  .SN (n2715),  .RN (n2716),  .Q (n7580));"
  The above instance has fewer port connections than the module definition.
  Please use '+lint=TFIPC-L' to print out detailed information of unconnected 
  ports.


Warning-[TFIPC] Too few instance port connections
../02_SYN/Netlist/IOTDF_syn.v, 6869
top2maxmin, "DFFSRXL u_compare_128bit_inst1_b_r_reg_58_( .D (n1052),  .CK (u_compare_128bit_inst1_net3870),  .SN (n2713),  .RN (n2714),  .Q (n7570));"
  The above instance has fewer port connections than the module definition.
  Please use '+lint=TFIPC-L' to print out detailed information of unconnected 
  ports.


Warning-[TFIPC] Too few instance port connections
../02_SYN/Netlist/IOTDF_syn.v, 6871
top2maxmin, "DFFSRXL u_compare_128bit_inst1_b_r_reg_59_( .D (n1051),  .CK (u_compare_128bit_inst1_net3865),  .SN (n2711),  .RN (n2712),  .Q (n7560));"
  The above instance has fewer port connections than the module definition.
  Please use '+lint=TFIPC-L' to print out detailed information of unconnected 
  ports.


Warning-[TFIPC] Too few instance port connections
../02_SYN/Netlist/IOTDF_syn.v, 6873
top2maxmin, "DFFSRXL u_compare_128bit_inst1_b_r_reg_60_( .D (n1050),  .CK (u_compare_128bit_inst1_net3865),  .SN (n2709),  .RN (n2710),  .Q (n7550));"
  The above instance has fewer port connections than the module definition.
  Please use '+lint=TFIPC-L' to print out detailed information of unconnected 
  ports.


Warning-[TFIPC] Too few instance port connections
../02_SYN/Netlist/IOTDF_syn.v, 6875
top2maxmin, "DFFSRXL u_compare_128bit_inst1_b_r_reg_63_( .D (n7610),  .CK (u_compare_128bit_inst1_net3860),  .SN (n2703),  .RN (n2704),  .Q (n1047));"
  The above instance has fewer port connections than the module definition.
  Please use '+lint=TFIPC-L' to print out detailed information of unconnected 
  ports.


Warning-[TFIPC] Too few instance port connections
../02_SYN/Netlist/IOTDF_syn.v, 6877
top2maxmin, "DFFSRXL u_compare_128bit_inst1_b_r_reg_65_( .D (n7590),  .CK (u_compare_128bit_inst1_net3860),  .SN (n2699),  .RN (n2700),  .Q (n1045));"
  The above instance has fewer port connections than the module definition.
  Please use '+lint=TFIPC-L' to print out detailed information of unconnected 
  ports.


Warning-[TFIPC] Too few instance port connections
../02_SYN/Netlist/IOTDF_syn.v, 6879
top2maxmin, "DFFSRXL u_compare_128bit_inst1_b_r_reg_66_( .D (n7580),  .CK (u_compare_128bit_inst1_net3860),  .SN (n2697),  .RN (n2698),  .Q (n1044));"
  The above instance has fewer port connections than the module definition.
  Please use '+lint=TFIPC-L' to print out detailed information of unconnected 
  ports.


Warning-[TFIPC] Too few instance port connections
../02_SYN/Netlist/IOTDF_syn.v, 6881
top2maxmin, "DFFSRXL u_compare_128bit_inst1_b_r_reg_67_( .D (n7570),  .CK (u_compare_128bit_inst1_net3855),  .SN (n2695),  .RN (n2696),  .Q (n1043));"
  The above instance has fewer port connections than the module definition.
  Please use '+lint=TFIPC-L' to print out detailed information of unconnected 
  ports.


Warning-[TFIPC] Too few instance port connections
../02_SYN/Netlist/IOTDF_syn.v, 6883
top2maxmin, "DFFSRXL u_compare_128bit_inst1_b_r_reg_68_( .D (n7560),  .CK (u_compare_128bit_inst1_net3855),  .SN (n2693),  .RN (n2694),  .Q (n1042));"
  The above instance has fewer port connections than the module definition.
  Please use '+lint=TFIPC-L' to print out detailed information of unconnected 
  ports.


Warning-[TFIPC] Too few instance port connections
../02_SYN/Netlist/IOTDF_syn.v, 6885
top2maxmin, "DFFSRXL u_compare_128bit_inst1_b_r_reg_69_( .D (n7550),  .CK (u_compare_128bit_inst1_net3855),  .SN (n2691),  .RN (n2692),  .Q (n1041));"
  The above instance has fewer port connections than the module definition.
  Please use '+lint=TFIPC-L' to print out detailed information of unconnected 
  ports.


Warning-[TFIPC] Too few instance port connections
../02_SYN/Netlist/IOTDF_syn.v, 6887
top2maxmin, "DFFSRXL u_compare_128bit_inst1_b_r_reg_70_( .D (n7540),  .CK (u_compare_128bit_inst1_net3855),  .SN (n2689),  .RN (n2690),  .Q (n1040));"
  The above instance has fewer port connections than the module definition.
  Please use '+lint=TFIPC-L' to print out detailed information of unconnected 
  ports.


Warning-[TFIPC] Too few instance port connections
../02_SYN/Netlist/IOTDF_syn.v, 6889
top2maxmin, "DFFSRXL u_compare_128bit_inst1_b_r_reg_71_( .D (n7530),  .CK (u_compare_128bit_inst1_net3850),  .SN (n2687),  .RN (n2688),  .Q (n1039));"
  The above instance has fewer port connections than the module definition.
  Please use '+lint=TFIPC-L' to print out detailed information of unconnected 
  ports.


Warning-[TFIPC] Too few instance port connections
../02_SYN/Netlist/IOTDF_syn.v, 6891
top2maxmin, "DFFSRXL u_compare_128bit_inst1_b_r_reg_81_( .D (n7520),  .CK (u_compare_128bit_inst1_net3840),  .SN (n2667),  .RN (n2668),  .Q (n1038));"
  The above instance has fewer port connections than the module definition.
  Please use '+lint=TFIPC-L' to print out detailed information of unconnected 
  ports.


Warning-[TFIPC] Too few instance port connections
../02_SYN/Netlist/IOTDF_syn.v, 6893
top2maxmin, "DFFSRXL u_compare_128bit_inst1_b_r_reg_82_( .D (n7510),  .CK (u_compare_128bit_inst1_net3840),  .SN (n2665),  .RN (n2666),  .Q (n1037));"
  The above instance has fewer port connections than the module definition.
  Please use '+lint=TFIPC-L' to print out detailed information of unconnected 
  ports.


Warning-[TFIPC] Too few instance port connections
../02_SYN/Netlist/IOTDF_syn.v, 6895
top2maxmin, "DFFSRXL u_compare_128bit_inst1_b_r_reg_83_( .D (n7500),  .CK (u_compare_128bit_inst1_net3835),  .SN (n2663),  .RN (n2664),  .Q (n1036));"
  The above instance has fewer port connections than the module definition.
  Please use '+lint=TFIPC-L' to print out detailed information of unconnected 
  ports.


Warning-[TFIPC] Too few instance port connections
../02_SYN/Netlist/IOTDF_syn.v, 6897
top2maxmin, "DFFSRXL u_compare_128bit_inst1_b_r_reg_84_( .D (n7490),  .CK (u_compare_128bit_inst1_net3835),  .SN (n2661),  .RN (n2662),  .Q (n1035));"
  The above instance has fewer port connections than the module definition.
  Please use '+lint=TFIPC-L' to print out detailed information of unconnected 
  ports.


Warning-[TFIPC] Too few instance port connections
../02_SYN/Netlist/IOTDF_syn.v, 6899
top2maxmin, "DFFSRXL u_compare_128bit_inst1_b_r_reg_85_( .D (n7480),  .CK (u_compare_128bit_inst1_net3835),  .SN (n2659),  .RN (n2660),  .Q (n1034));"
  The above instance has fewer port connections than the module definition.
  Please use '+lint=TFIPC-L' to print out detailed information of unconnected 
  ports.


Warning-[TFIPC] Too few instance port connections
../02_SYN/Netlist/IOTDF_syn.v, 6901
top2maxmin, "DFFSRXL u_compare_128bit_inst1_b_r_reg_86_( .D (n7470),  .CK (u_compare_128bit_inst1_net3835),  .SN (n2657),  .RN (n2658),  .Q (n1033));"
  The above instance has fewer port connections than the module definition.
  Please use '+lint=TFIPC-L' to print out detailed information of unconnected 
  ports.


Warning-[TFIPC] Too few instance port connections
../02_SYN/Netlist/IOTDF_syn.v, 6903
top2maxmin, "DFFSRXL u_compare_128bit_inst1_b_r_reg_87_( .D (n7460),  .CK (u_compare_128bit_inst1_net3830),  .SN (n2655),  .RN (n2656),  .Q (n1032));"
  The above instance has fewer port connections than the module definition.
  Please use '+lint=TFIPC-L' to print out detailed information of unconnected 
  ports.


Warning-[TFIPC] Too few instance port connections
../02_SYN/Netlist/IOTDF_syn.v, 6905
top2maxmin, "DFFSRXL u_compare_128bit_inst1_b_r_reg_89_( .D (n7440),  .CK (u_compare_128bit_inst1_net3830),  .SN (n2651),  .RN (n2652),  .Q (n1030));"
  The above instance has fewer port connections than the module definition.
  Please use '+lint=TFIPC-L' to print out detailed information of unconnected 
  ports.


Warning-[TFIPC] Too few instance port connections
../02_SYN/Netlist/IOTDF_syn.v, 6907
top2maxmin, "DFFSRXL u_compare_128bit_inst1_b_r_reg_90_( .D (n1038),  .CK (u_compare_128bit_inst1_net3830),  .SN (n2649),  .RN (n2650),  .Q (n7430));"
  The above instance has fewer port connections than the module definition.
  Please use '+lint=TFIPC-L' to print out detailed information of unconnected 
  ports.


Warning-[TFIPC] Too few instance port connections
../02_SYN/Netlist/IOTDF_syn.v, 6909
top2maxmin, "DFFSRXL u_compare_128bit_inst1_b_r_reg_91_( .D (n1037),  .CK (u_compare_128bit_inst1_net3825),  .SN (n2647),  .RN (n2648),  .Q (n7420));"
  The above instance has fewer port connections than the module definition.
  Please use '+lint=TFIPC-L' to print out detailed information of unconnected 
  ports.


Warning-[TFIPC] Too few instance port connections
../02_SYN/Netlist/IOTDF_syn.v, 6911
top2maxmin, "DFFSRXL u_compare_128bit_inst1_b_r_reg_92_( .D (n1036),  .CK (u_compare_128bit_inst1_net3825),  .SN (n2645),  .RN (n2646),  .Q (n7410));"
  The above instance has fewer port connections than the module definition.
  Please use '+lint=TFIPC-L' to print out detailed information of unconnected 
  ports.


Warning-[TFIPC] Too few instance port connections
../02_SYN/Netlist/IOTDF_syn.v, 6913
top2maxmin, "DFFSRXL u_compare_128bit_inst1_b_r_reg_93_( .D (n1035),  .CK (u_compare_128bit_inst1_net3825),  .SN (n2643),  .RN (n2644),  .Q (n7400));"
  The above instance has fewer port connections than the module definition.
  Please use '+lint=TFIPC-L' to print out detailed information of unconnected 
  ports.


Warning-[TFIPC] Too few instance port connections
../02_SYN/Netlist/IOTDF_syn.v, 6915
top2maxmin, "DFFSRXL u_compare_128bit_inst1_b_r_reg_94_( .D (n1034),  .CK (u_compare_128bit_inst1_net3825),  .SN (n2641),  .RN (n2642),  .Q (n7390));"
  The above instance has fewer port connections than the module definition.
  Please use '+lint=TFIPC-L' to print out detailed information of unconnected 
  ports.


Warning-[TFIPC] Too few instance port connections
../02_SYN/Netlist/IOTDF_syn.v, 6917
top2maxmin, "DFFSRXL u_compare_128bit_inst1_b_r_reg_95_( .D (n1033),  .CK (u_compare_128bit_inst1_net3820),  .SN (n2639),  .RN (n2640),  .Q (n7370));"
  The above instance has fewer port connections than the module definition.
  Please use '+lint=TFIPC-L' to print out detailed information of unconnected 
  ports.


Warning-[TFIPC] Too few instance port connections
../02_SYN/Netlist/IOTDF_syn.v, 6919
top2maxmin, "DFFSRXL u_compare_128bit_inst1_b_r_reg_96_( .D (n1032),  .CK (u_compare_128bit_inst1_net3820),  .SN (n2637),  .RN (n2638),  .Q (n7350));"
  The above instance has fewer port connections than the module definition.
  Please use '+lint=TFIPC-L' to print out detailed information of unconnected 
  ports.


Warning-[TFIPC] Too few instance port connections
../02_SYN/Netlist/IOTDF_syn.v, 6921
top2maxmin, "DFFSRXL u_compare_128bit_inst1_b_r_reg_97_( .D (n1031),  .CK (u_compare_128bit_inst1_net3820),  .SN (n2635),  .RN (n2636),  .Q (n7340));"
  The above instance has fewer port connections than the module definition.
  Please use '+lint=TFIPC-L' to print out detailed information of unconnected 
  ports.


Warning-[TFIPC] Too few instance port connections
../02_SYN/Netlist/IOTDF_syn.v, 6923
top2maxmin, "DFFSRXL u_compare_128bit_inst1_b_r_reg_98_( .D (n1030),  .CK (u_compare_128bit_inst1_net3820),  .SN (n2633),  .RN (n2634),  .Q (n7330));"
  The above instance has fewer port connections than the module definition.
  Please use '+lint=TFIPC-L' to print out detailed information of unconnected 
  ports.


Warning-[TFIPC] Too few instance port connections
../02_SYN/Netlist/IOTDF_syn.v, 6925
top2maxmin, "DFFSRXL u_compare_128bit_inst1_b_r_reg_99_( .D (n7430),  .CK (u_compare_128bit_inst1_net3815),  .SN (n2631),  .RN (n2632),  .Q (n1029));"
  The above instance has fewer port connections than the module definition.
  Please use '+lint=TFIPC-L' to print out detailed information of unconnected 
  ports.


Warning-[TFIPC] Too few instance port connections
../02_SYN/Netlist/IOTDF_syn.v, 6927
top2maxmin, "DFFSRXL u_compare_128bit_inst1_b_r_reg_100_( .D (n7420),  .CK (u_compare_128bit_inst1_net3815),  .SN (n2629),  .RN (n2630),  .Q (n1028));"
  The above instance has fewer port connections than the module definition.
  Please use '+lint=TFIPC-L' to print out detailed information of unconnected 
  ports.


Warning-[TFIPC] Too few instance port connections
../02_SYN/Netlist/IOTDF_syn.v, 6929
top2maxmin, "DFFSRXL u_compare_128bit_inst1_b_r_reg_101_( .D (n7410),  .CK (u_compare_128bit_inst1_net3815),  .SN (n2627),  .RN (n2628),  .Q (n1027));"
  The above instance has fewer port connections than the module definition.
  Please use '+lint=TFIPC-L' to print out detailed information of unconnected 
  ports.


Warning-[TFIPC] Too few instance port connections
../02_SYN/Netlist/IOTDF_syn.v, 6931
top2maxmin, "DFFSRXL u_compare_128bit_inst1_b_r_reg_102_( .D (n7400),  .CK (u_compare_128bit_inst1_net3815),  .SN (n2625),  .RN (n2626),  .Q (n1026));"
  The above instance has fewer port connections than the module definition.
  Please use '+lint=TFIPC-L' to print out detailed information of unconnected 
  ports.


Warning-[TFIPC] Too few instance port connections
../02_SYN/Netlist/IOTDF_syn.v, 6933
top2maxmin, "DFFSRXL u_compare_128bit_inst1_b_r_reg_104_( .D (n7370),  .CK (u_compare_128bit_inst1_net3810),  .SN (n2621),  .RN (n2622),  .Q (n1024));"
  The above instance has fewer port connections than the module definition.
  Please use '+lint=TFIPC-L' to print out detailed information of unconnected 
  ports.


Warning-[TFIPC] Too few instance port connections
../02_SYN/Netlist/IOTDF_syn.v, 6935
top2maxmin, "DFFSRXL u_compare_128bit_inst1_b_r_reg_105_( .D (n7350),  .CK (u_compare_128bit_inst1_net3810),  .SN (n2619),  .RN (n2620),  .Q (n1023));"
  The above instance has fewer port connections than the module definition.
  Please use '+lint=TFIPC-L' to print out detailed information of unconnected 
  ports.


Warning-[TFIPC] Too few instance port connections
../02_SYN/Netlist/IOTDF_syn.v, 6937
top2maxmin, "DFFSRXL u_compare_128bit_inst1_b_r_reg_106_( .D (n7340),  .CK (u_compare_128bit_inst1_net3810),  .SN (n2617),  .RN (n2618),  .Q (n1022));"
  The above instance has fewer port connections than the module definition.
  Please use '+lint=TFIPC-L' to print out detailed information of unconnected 
  ports.


Warning-[TFIPC] Too few instance port connections
../02_SYN/Netlist/IOTDF_syn.v, 6939
top2maxmin, "DFFSRXL u_compare_128bit_inst1_b_r_reg_107_( .D (n7330),  .CK (u_compare_128bit_inst1_net3805),  .SN (n2615),  .RN (n2616),  .Q (n1021));"
  The above instance has fewer port connections than the module definition.
  Please use '+lint=TFIPC-L' to print out detailed information of unconnected 
  ports.


Warning-[TFIPC] Too few instance port connections
../02_SYN/Netlist/IOTDF_syn.v, 6941
top2maxmin, "DFFSRXL u_compare_128bit_inst1_b_r_reg_108_( .D (n1029),  .CK (u_compare_128bit_inst1_net3805),  .SN (n2613),  .RN (n2614),  .Q (n7320));"
  The above instance has fewer port connections than the module definition.
  Please use '+lint=TFIPC-L' to print out detailed information of unconnected 
  ports.


Warning-[TFIPC] Too few instance port connections
../02_SYN/Netlist/IOTDF_syn.v, 6943
top2maxmin, "DFFSRXL u_compare_128bit_inst1_b_r_reg_109_( .D (n1028),  .CK (u_compare_128bit_inst1_net3805),  .SN (n2611),  .RN (n2612),  .Q (n7310));"
  The above instance has fewer port connections than the module definition.
  Please use '+lint=TFIPC-L' to print out detailed information of unconnected 
  ports.


Warning-[TFIPC] Too few instance port connections
../02_SYN/Netlist/IOTDF_syn.v, 6945
top2maxmin, "DFFSRXL u_compare_128bit_inst1_b_r_reg_110_( .D (n1027),  .CK (u_compare_128bit_inst1_net3805),  .SN (n2609),  .RN (n2610),  .Q (n7300));"
  The above instance has fewer port connections than the module definition.
  Please use '+lint=TFIPC-L' to print out detailed information of unconnected 
  ports.


Warning-[TFIPC] Too few instance port connections
../02_SYN/Netlist/IOTDF_syn.v, 6947
top2maxmin, "DFFSRXL u_compare_128bit_inst1_b_r_reg_111_( .D (n1026),  .CK (u_compare_128bit_inst1_net3800),  .SN (n2607),  .RN (n2608),  .Q (n7290));"
  The above instance has fewer port connections than the module definition.
  Please use '+lint=TFIPC-L' to print out detailed information of unconnected 
  ports.


Warning-[TFIPC] Too few instance port connections
../02_SYN/Netlist/IOTDF_syn.v, 6949
top2maxmin, "DFFSRXL u_compare_128bit_inst1_b_r_reg_112_( .D (n1025),  .CK (u_compare_128bit_inst1_net3800),  .SN (n2605),  .RN (n2606),  .Q (n7280));"
  The above instance has fewer port connections than the module definition.
  Please use '+lint=TFIPC-L' to print out detailed information of unconnected 
  ports.


Warning-[TFIPC] Too few instance port connections
../02_SYN/Netlist/IOTDF_syn.v, 6951
top2maxmin, "DFFSRXL u_compare_128bit_inst1_b_r_reg_113_( .D (n1024),  .CK (u_compare_128bit_inst1_net3800),  .SN (n2603),  .RN (n2604),  .Q (n7270));"
  The above instance has fewer port connections than the module definition.
  Please use '+lint=TFIPC-L' to print out detailed information of unconnected 
  ports.


Warning-[TFIPC] Too few instance port connections
../02_SYN/Netlist/IOTDF_syn.v, 6953
top2maxmin, "DFFSRXL u_compare_128bit_inst1_b_r_reg_114_( .D (n1023),  .CK (u_compare_128bit_inst1_net3800),  .SN (n2601),  .RN (n2602),  .Q (n7260));"
  The above instance has fewer port connections than the module definition.
  Please use '+lint=TFIPC-L' to print out detailed information of unconnected 
  ports.


Warning-[TFIPC] Too few instance port connections
../02_SYN/Netlist/IOTDF_syn.v, 6955
top2maxmin, "DFFSRXL u_compare_128bit_inst1_b_r_reg_115_( .D (n1022),  .CK (u_compare_128bit_inst1_net3795),  .SN (n2599),  .RN (n2600),  .Q (n7250));"
  The above instance has fewer port connections than the module definition.
  Please use '+lint=TFIPC-L' to print out detailed information of unconnected 
  ports.


Warning-[TFIPC] Too few instance port connections
../02_SYN/Netlist/IOTDF_syn.v, 6957
top2maxmin, "DFFSRXL u_compare_128bit_inst1_b_r_reg_116_( .D (n1021),  .CK (u_compare_128bit_inst1_net3795),  .SN (n2597),  .RN (n2598),  .Q (n7240));"
  The above instance has fewer port connections than the module definition.
  Please use '+lint=TFIPC-L' to print out detailed information of unconnected 
  ports.


Warning-[TFIPC] Too few instance port connections
../02_SYN/Netlist/IOTDF_syn.v, 6959
top2maxmin, "DFFSRXL u_compare_128bit_inst1_b_r_reg_117_( .D (n7320),  .CK (u_compare_128bit_inst1_net3795),  .SN (n2595),  .RN (n2596),  .Q (n1020));"
  The above instance has fewer port connections than the module definition.
  Please use '+lint=TFIPC-L' to print out detailed information of unconnected 
  ports.


Warning-[TFIPC] Too few instance port connections
../02_SYN/Netlist/IOTDF_syn.v, 6961
top2maxmin, "DFFSRXL u_compare_128bit_inst1_b_r_reg_119_( .D (n7300),  .CK (u_compare_128bit_inst1_net3790),  .SN (n2591),  .RN (n2592),  .QN (u_compare_128bit_inst1_b_r[119]));"
  The above instance has fewer port connections than the module definition.
  Please use '+lint=TFIPC-L' to print out detailed information of unconnected 
  ports.


Warning-[TFIPC] Too few instance port connections
../02_SYN/Netlist/IOTDF_syn.v, 6964
top2maxmin, "DFFSRXL u_compare_128bit_inst1_b_r_reg_120_( .D (n7290),  .CK (u_compare_128bit_inst1_net3790),  .SN (n2589),  .RN (n2590),  .QN (u_compare_128bit_inst1_b_r[120]));"
  The above instance has fewer port connections than the module definition.
  Please use '+lint=TFIPC-L' to print out detailed information of unconnected 
  ports.


Warning-[TFIPC] Too few instance port connections
../02_SYN/Netlist/IOTDF_syn.v, 6967
top2maxmin, "DFFSRXL u_compare_128bit_inst1_b_r_reg_121_( .D (n7280),  .CK (u_compare_128bit_inst1_net3790),  .SN (n2587),  .RN (n2588),  .QN (u_compare_128bit_inst1_b_r[121]));"
  The above instance has fewer port connections than the module definition.
  Please use '+lint=TFIPC-L' to print out detailed information of unconnected 
  ports.


Warning-[TFIPC] Too few instance port connections
../02_SYN/Netlist/IOTDF_syn.v, 6970
top2maxmin, "DFFSRXL u_compare_128bit_inst1_b_r_reg_122_( .D (n7270),  .CK (u_compare_128bit_inst1_net3790),  .SN (n2585),  .RN (n2586),  .QN (u_compare_128bit_inst1_b_r[122]));"
  The above instance has fewer port connections than the module definition.
  Please use '+lint=TFIPC-L' to print out detailed information of unconnected 
  ports.


Warning-[TFIPC] Too few instance port connections
../02_SYN/Netlist/IOTDF_syn.v, 6973
top2maxmin, "DFFSRXL u_compare_128bit_inst1_b_r_reg_123_( .D (n7260),  .CK (u_compare_128bit_inst1_net3785),  .SN (n2583),  .RN (n2584),  .QN (u_compare_128bit_inst1_b_r[123]));"
  The above instance has fewer port connections than the module definition.
  Please use '+lint=TFIPC-L' to print out detailed information of unconnected 
  ports.


Warning-[TFIPC] Too few instance port connections
../02_SYN/Netlist/IOTDF_syn.v, 6976
top2maxmin, "DFFSRXL u_compare_128bit_inst1_b_r_reg_124_( .D (n7250),  .CK (u_compare_128bit_inst1_net3785),  .SN (n2581),  .RN (n2582),  .QN (u_compare_128bit_inst1_b_r[124]));"
  The above instance has fewer port connections than the module definition.
  Please use '+lint=TFIPC-L' to print out detailed information of unconnected 
  ports.


Warning-[TFIPC] Too few instance port connections
../02_SYN/Netlist/IOTDF_syn.v, 6979
top2maxmin, "DFFSRXL u_compare_128bit_inst1_b_r_reg_125_( .D (n7240),  .CK (u_compare_128bit_inst1_net3785),  .SN (n2579),  .RN (n2580),  .QN (u_compare_128bit_inst1_b_r[125]));"
  The above instance has fewer port connections than the module definition.
  Please use '+lint=TFIPC-L' to print out detailed information of unconnected 
  ports.


Warning-[TFIPC] Too few instance port connections
../02_SYN/Netlist/IOTDF_syn.v, 6982
top2maxmin, "DFFSRXL u_compare_128bit_inst1_b_r_reg_126_( .D (n1020),  .CK (u_compare_128bit_inst1_net3785),  .SN (n2577),  .RN (n2578),  .QN (u_compare_128bit_inst1_b_byte[0]));"
  The above instance has fewer port connections than the module definition.
  Please use '+lint=TFIPC-L' to print out detailed information of unconnected 
  ports.


Warning-[TFIPC] Too few instance port connections
../02_SYN/Netlist/IOTDF_syn.v, 6985
top2maxmin, "DFFSRXL u_compare_128bit_inst1_b_r_reg_127_( .D (n1019),  .CK (u_compare_128bit_inst1_net3780),  .SN (n2575),  .RN (n2576),  .QN (u_compare_128bit_inst1_b_byte[1]));"
  The above instance has fewer port connections than the module definition.
  Please use '+lint=TFIPC-L' to print out detailed information of unconnected 
  ports.


Warning-[TFIPC] Too few instance port connections
../02_SYN/Netlist/IOTDF_syn.v, 6988
top2maxmin, "DFFSRXL u_compare_128bit_inst2_b_r_reg_45_( .D (n7230),  .CK (u_compare_128bit_inst2_net3526),  .SN (n2739),  .RN (n2740),  .Q (n1017));"
  The above instance has fewer port connections than the module definition.
  Please use '+lint=TFIPC-L' to print out detailed information of unconnected 
  ports.


Warning-[TFIPC] Too few instance port connections
../02_SYN/Netlist/IOTDF_syn.v, 6990
top2maxmin, "DFFSRXL u_compare_128bit_inst2_b_r_reg_46_( .D (n7220),  .CK (u_compare_128bit_inst2_net3526),  .SN (n2737),  .RN (n2738),  .Q (n1016));"
  The above instance has fewer port connections than the module definition.
  Please use '+lint=TFIPC-L' to print out detailed information of unconnected 
  ports.


Warning-[TFIPC] Too few instance port connections
../02_SYN/Netlist/IOTDF_syn.v, 6992
top2maxmin, "DFFSRXL u_compare_128bit_inst2_b_r_reg_47_( .D (n7210),  .CK (u_compare_128bit_inst2_net3521),  .SN (n2735),  .RN (n2736),  .Q (n1015));"
  The above instance has fewer port connections than the module definition.
  Please use '+lint=TFIPC-L' to print out detailed information of unconnected 
  ports.


Warning-[TFIPC] Too few instance port connections
../02_SYN/Netlist/IOTDF_syn.v, 6994
top2maxmin, "DFFSRXL u_compare_128bit_inst2_b_r_reg_48_( .D (n7200),  .CK (u_compare_128bit_inst2_net3521),  .SN (n2733),  .RN (n2734),  .Q (n1014));"
  The above instance has fewer port connections than the module definition.
  Please use '+lint=TFIPC-L' to print out detailed information of unconnected 
  ports.


Warning-[TFIPC] Too few instance port connections
../02_SYN/Netlist/IOTDF_syn.v, 6996
top2maxmin, "DFFSRXL u_compare_128bit_inst2_b_r_reg_49_( .D (n7190),  .CK (u_compare_128bit_inst2_net3521),  .SN (n2731),  .RN (n2732),  .Q (n1013));"
  The above instance has fewer port connections than the module definition.
  Please use '+lint=TFIPC-L' to print out detailed information of unconnected 
  ports.


Warning-[TFIPC] Too few instance port connections
../02_SYN/Netlist/IOTDF_syn.v, 6998
top2maxmin, "DFFSRXL u_compare_128bit_inst2_b_r_reg_51_( .D (n7170),  .CK (u_compare_128bit_inst2_net3516),  .SN (n2727),  .RN (n2728),  .Q (n1011));"
  The above instance has fewer port connections than the module definition.
  Please use '+lint=TFIPC-L' to print out detailed information of unconnected 
  ports.


Warning-[TFIPC] Too few instance port connections
../02_SYN/Netlist/IOTDF_syn.v, 7000
top2maxmin, "DFFSRXL u_compare_128bit_inst2_b_r_reg_52_( .D (n7160),  .CK (u_compare_128bit_inst2_net3516),  .SN (n2725),  .RN (n2726),  .Q (n1010));"
  The above instance has fewer port connections than the module definition.
  Please use '+lint=TFIPC-L' to print out detailed information of unconnected 
  ports.


Warning-[TFIPC] Too few instance port connections
../02_SYN/Netlist/IOTDF_syn.v, 7002
top2maxmin, "DFFSRXL u_compare_128bit_inst2_b_r_reg_53_( .D (n7150),  .CK (u_compare_128bit_inst2_net3516),  .SN (n2723),  .RN (n2724),  .Q (n1009));"
  The above instance has fewer port connections than the module definition.
  Please use '+lint=TFIPC-L' to print out detailed information of unconnected 
  ports.


Warning-[TFIPC] Too few instance port connections
../02_SYN/Netlist/IOTDF_syn.v, 7004
top2maxmin, "DFFSRXL u_compare_128bit_inst2_b_r_reg_55_( .D (n1016),  .CK (u_compare_128bit_inst2_net3511),  .SN (n2719),  .RN (n2720),  .Q (n7130));"
  The above instance has fewer port connections than the module definition.
  Please use '+lint=TFIPC-L' to print out detailed information of unconnected 
  ports.


Warning-[TFIPC] Too few instance port connections
../02_SYN/Netlist/IOTDF_syn.v, 7006
top2maxmin, "DFFSRXL u_compare_128bit_inst2_b_r_reg_56_( .D (n1015),  .CK (u_compare_128bit_inst2_net3511),  .SN (n2717),  .RN (n2718),  .Q (n7120));"
  The above instance has fewer port connections than the module definition.
  Please use '+lint=TFIPC-L' to print out detailed information of unconnected 
  ports.


Warning-[TFIPC] Too few instance port connections
../02_SYN/Netlist/IOTDF_syn.v, 7008
top2maxmin, "DFFSRXL u_compare_128bit_inst2_b_r_reg_57_( .D (n1014),  .CK (u_compare_128bit_inst2_net3511),  .SN (n2715),  .RN (n2716),  .Q (n7110));"
  The above instance has fewer port connections than the module definition.
  Please use '+lint=TFIPC-L' to print out detailed information of unconnected 
  ports.


Warning-[TFIPC] Too few instance port connections
../02_SYN/Netlist/IOTDF_syn.v, 7010
top2maxmin, "DFFSRXL u_compare_128bit_inst2_b_r_reg_58_( .D (n1013),  .CK (u_compare_128bit_inst2_net3511),  .SN (n2713),  .RN (n2714),  .Q (n7100));"
  The above instance has fewer port connections than the module definition.
  Please use '+lint=TFIPC-L' to print out detailed information of unconnected 
  ports.


Warning-[TFIPC] Too few instance port connections
../02_SYN/Netlist/IOTDF_syn.v, 7012
top2maxmin, "DFFSRXL u_compare_128bit_inst2_b_r_reg_59_( .D (n1012),  .CK (u_compare_128bit_inst2_net3506),  .SN (n2711),  .RN (n2712),  .Q (n7090));"
  The above instance has fewer port connections than the module definition.
  Please use '+lint=TFIPC-L' to print out detailed information of unconnected 
  ports.


Warning-[TFIPC] Too few instance port connections
../02_SYN/Netlist/IOTDF_syn.v, 7014
top2maxmin, "DFFSRXL u_compare_128bit_inst2_b_r_reg_60_( .D (n1011),  .CK (u_compare_128bit_inst2_net3506),  .SN (n2709),  .RN (n2710),  .Q (n7080));"
  The above instance has fewer port connections than the module definition.
  Please use '+lint=TFIPC-L' to print out detailed information of unconnected 
  ports.


Warning-[TFIPC] Too few instance port connections
../02_SYN/Netlist/IOTDF_syn.v, 7016
top2maxmin, "DFFSRXL u_compare_128bit_inst2_b_r_reg_63_( .D (n7140),  .CK (u_compare_128bit_inst2_net3501),  .SN (n2703),  .RN (n2704),  .Q (n1008));"
  The above instance has fewer port connections than the module definition.
  Please use '+lint=TFIPC-L' to print out detailed information of unconnected 
  ports.


Warning-[TFIPC] Too few instance port connections
../02_SYN/Netlist/IOTDF_syn.v, 7018
top2maxmin, "DFFSRXL u_compare_128bit_inst2_b_r_reg_64_( .D (n7130),  .CK (u_compare_128bit_inst2_net3501),  .SN (n2701),  .RN (n2702),  .Q (n1007));"
  The above instance has fewer port connections than the module definition.
  Please use '+lint=TFIPC-L' to print out detailed information of unconnected 
  ports.


Warning-[TFIPC] Too few instance port connections
../02_SYN/Netlist/IOTDF_syn.v, 7020
top2maxmin, "DFFSRXL u_compare_128bit_inst2_b_r_reg_65_( .D (n7120),  .CK (u_compare_128bit_inst2_net3501),  .SN (n2699),  .RN (n2700),  .Q (n1006));"
  The above instance has fewer port connections than the module definition.
  Please use '+lint=TFIPC-L' to print out detailed information of unconnected 
  ports.


Warning-[TFIPC] Too few instance port connections
../02_SYN/Netlist/IOTDF_syn.v, 7022
top2maxmin, "DFFSRXL u_compare_128bit_inst2_b_r_reg_66_( .D (n7110),  .CK (u_compare_128bit_inst2_net3501),  .SN (n2697),  .RN (n2698),  .Q (n1005));"
  The above instance has fewer port connections than the module definition.
  Please use '+lint=TFIPC-L' to print out detailed information of unconnected 
  ports.


Warning-[TFIPC] Too few instance port connections
../02_SYN/Netlist/IOTDF_syn.v, 7024
top2maxmin, "DFFSRXL u_compare_128bit_inst2_b_r_reg_67_( .D (n7100),  .CK (u_compare_128bit_inst2_net3496),  .SN (n2695),  .RN (n2696),  .Q (n1004));"
  The above instance has fewer port connections than the module definition.
  Please use '+lint=TFIPC-L' to print out detailed information of unconnected 
  ports.


Warning-[TFIPC] Too few instance port connections
../02_SYN/Netlist/IOTDF_syn.v, 7026
top2maxmin, "DFFSRXL u_compare_128bit_inst2_b_r_reg_69_( .D (n7080),  .CK (u_compare_128bit_inst2_net3496),  .SN (n2691),  .RN (n2692),  .Q (n1002));"
  The above instance has fewer port connections than the module definition.
  Please use '+lint=TFIPC-L' to print out detailed information of unconnected 
  ports.


Warning-[TFIPC] Too few instance port connections
../02_SYN/Netlist/IOTDF_syn.v, 7028
top2maxmin, "DFFSRXL u_compare_128bit_inst2_b_r_reg_70_( .D (n7070),  .CK (u_compare_128bit_inst2_net3496),  .SN (n2689),  .RN (n2690),  .Q (n1001));"
  The above instance has fewer port connections than the module definition.
  Please use '+lint=TFIPC-L' to print out detailed information of unconnected 
  ports.


Warning-[TFIPC] Too few instance port connections
../02_SYN/Netlist/IOTDF_syn.v, 7030
top2maxmin, "DFFSRXL u_compare_128bit_inst2_b_r_reg_71_( .D (n7060),  .CK (u_compare_128bit_inst2_net3491),  .SN (n2687),  .RN (n2688),  .Q (n1000));"
  The above instance has fewer port connections than the module definition.
  Please use '+lint=TFIPC-L' to print out detailed information of unconnected 
  ports.


Warning-[TFIPC] Too few instance port connections
../02_SYN/Netlist/IOTDF_syn.v, 7032
top2maxmin, "DFFSRXL u_compare_128bit_inst2_b_r_reg_81_( .D (n7050),  .CK (u_compare_128bit_inst2_net3481),  .SN (n2667),  .RN (n2668),  .Q (n999));"
  The above instance has fewer port connections than the module definition.
  Please use '+lint=TFIPC-L' to print out detailed information of unconnected 
  ports.


Warning-[TFIPC] Too few instance port connections
../02_SYN/Netlist/IOTDF_syn.v, 7034
top2maxmin, "DFFSRXL u_compare_128bit_inst2_b_r_reg_82_( .D (n7040),  .CK (u_compare_128bit_inst2_net3481),  .SN (n2665),  .RN (n2666),  .Q (n998));"
  The above instance has fewer port connections than the module definition.
  Please use '+lint=TFIPC-L' to print out detailed information of unconnected 
  ports.


Warning-[TFIPC] Too few instance port connections
../02_SYN/Netlist/IOTDF_syn.v, 7036
top2maxmin, "DFFSRXL u_compare_128bit_inst2_b_r_reg_83_( .D (n7030),  .CK (u_compare_128bit_inst2_net3476),  .SN (n2663),  .RN (n2664),  .Q (n997));"
  The above instance has fewer port connections than the module definition.
  Please use '+lint=TFIPC-L' to print out detailed information of unconnected 
  ports.


Warning-[TFIPC] Too few instance port connections
../02_SYN/Netlist/IOTDF_syn.v, 7038
top2maxmin, "DFFSRXL u_compare_128bit_inst2_b_r_reg_84_( .D (n7020),  .CK (u_compare_128bit_inst2_net3476),  .SN (n2661),  .RN (n2662),  .Q (n996));"
  The above instance has fewer port connections than the module definition.
  Please use '+lint=TFIPC-L' to print out detailed information of unconnected 
  ports.


Warning-[TFIPC] Too few instance port connections
../02_SYN/Netlist/IOTDF_syn.v, 7040
top2maxmin, "DFFSRXL u_compare_128bit_inst2_b_r_reg_85_( .D (n7010),  .CK (u_compare_128bit_inst2_net3476),  .SN (n2659),  .RN (n2660),  .Q (n995));"
  The above instance has fewer port connections than the module definition.
  Please use '+lint=TFIPC-L' to print out detailed information of unconnected 
  ports.


Warning-[TFIPC] Too few instance port connections
../02_SYN/Netlist/IOTDF_syn.v, 7042
top2maxmin, "DFFSRXL u_compare_128bit_inst2_b_r_reg_86_( .D (n7000),  .CK (u_compare_128bit_inst2_net3476),  .SN (n2657),  .RN (n2658),  .Q (n994));"
  The above instance has fewer port connections than the module definition.
  Please use '+lint=TFIPC-L' to print out detailed information of unconnected 
  ports.


Warning-[TFIPC] Too few instance port connections
../02_SYN/Netlist/IOTDF_syn.v, 7044
top2maxmin, "DFFSRXL u_compare_128bit_inst2_b_r_reg_87_( .D (n6990),  .CK (u_compare_128bit_inst2_net3471),  .SN (n2655),  .RN (n2656),  .Q (n993));"
  The above instance has fewer port connections than the module definition.
  Please use '+lint=TFIPC-L' to print out detailed information of unconnected 
  ports.


Warning-[TFIPC] Too few instance port connections
../02_SYN/Netlist/IOTDF_syn.v, 7046
top2maxmin, "DFFSRXL u_compare_128bit_inst2_b_r_reg_88_( .D (n6980),  .CK (u_compare_128bit_inst2_net3471),  .SN (n2653),  .RN (n2654),  .Q (n992));"
  The above instance has fewer port connections than the module definition.
  Please use '+lint=TFIPC-L' to print out detailed information of unconnected 
  ports.


Warning-[TFIPC] Too few instance port connections
../02_SYN/Netlist/IOTDF_syn.v, 7048
top2maxmin, "DFFSRXL u_compare_128bit_inst2_b_r_reg_89_( .D (n6970),  .CK (u_compare_128bit_inst2_net3471),  .SN (n2651),  .RN (n2652),  .Q (n991));"
  The above instance has fewer port connections than the module definition.
  Please use '+lint=TFIPC-L' to print out detailed information of unconnected 
  ports.


Warning-[TFIPC] Too few instance port connections
../02_SYN/Netlist/IOTDF_syn.v, 7050
top2maxmin, "DFFSRXL u_compare_128bit_inst2_b_r_reg_90_( .D (n999),  .CK (u_compare_128bit_inst2_net3471),  .SN (n2649),  .RN (n2650),  .Q (n6960));"
  The above instance has fewer port connections than the module definition.
  Please use '+lint=TFIPC-L' to print out detailed information of unconnected 
  ports.


Warning-[TFIPC] Too few instance port connections
../02_SYN/Netlist/IOTDF_syn.v, 7052
top2maxmin, "DFFSRXL u_compare_128bit_inst2_b_r_reg_91_( .D (n998),  .CK (u_compare_128bit_inst2_net3466),  .SN (n2647),  .RN (n2648),  .Q (n6950));"
  The above instance has fewer port connections than the module definition.
  Please use '+lint=TFIPC-L' to print out detailed information of unconnected 
  ports.


Warning-[TFIPC] Too few instance port connections
../02_SYN/Netlist/IOTDF_syn.v, 7054
top2maxmin, "DFFSRXL u_compare_128bit_inst2_b_r_reg_93_( .D (n996),  .CK (u_compare_128bit_inst2_net3466),  .SN (n2643),  .RN (n2644),  .Q (n6930));"
  The above instance has fewer port connections than the module definition.
  Please use '+lint=TFIPC-L' to print out detailed information of unconnected 
  ports.


Warning-[TFIPC] Too few instance port connections
../02_SYN/Netlist/IOTDF_syn.v, 7056
top2maxmin, "DFFSRXL u_compare_128bit_inst2_b_r_reg_94_( .D (n995),  .CK (u_compare_128bit_inst2_net3466),  .SN (n2641),  .RN (n2642),  .Q (n6920));"
  The above instance has fewer port connections than the module definition.
  Please use '+lint=TFIPC-L' to print out detailed information of unconnected 
  ports.


Warning-[TFIPC] Too few instance port connections
../02_SYN/Netlist/IOTDF_syn.v, 7058
top2maxmin, "DFFSRXL u_compare_128bit_inst2_b_r_reg_95_( .D (n994),  .CK (u_compare_128bit_inst2_net3461),  .SN (n2639),  .RN (n2640),  .Q (n6910));"
  The above instance has fewer port connections than the module definition.
  Please use '+lint=TFIPC-L' to print out detailed information of unconnected 
  ports.


Warning-[TFIPC] Too few instance port connections
../02_SYN/Netlist/IOTDF_syn.v, 7060
top2maxmin, "DFFSRXL u_compare_128bit_inst2_b_r_reg_96_( .D (n993),  .CK (u_compare_128bit_inst2_net3461),  .SN (n2637),  .RN (n2638),  .Q (n6900));"
  The above instance has fewer port connections than the module definition.
  Please use '+lint=TFIPC-L' to print out detailed information of unconnected 
  ports.


Warning-[TFIPC] Too few instance port connections
../02_SYN/Netlist/IOTDF_syn.v, 7062
top2maxmin, "DFFSRXL u_compare_128bit_inst2_b_r_reg_97_( .D (n992),  .CK (u_compare_128bit_inst2_net3461),  .SN (n2635),  .RN (n2636),  .Q (n6890));"
  The above instance has fewer port connections than the module definition.
  Please use '+lint=TFIPC-L' to print out detailed information of unconnected 
  ports.


Warning-[TFIPC] Too few instance port connections
../02_SYN/Netlist/IOTDF_syn.v, 7064
top2maxmin, "DFFSRXL u_compare_128bit_inst2_b_r_reg_98_( .D (n991),  .CK (u_compare_128bit_inst2_net3461),  .SN (n2633),  .RN (n2634),  .Q (n6880));"
  The above instance has fewer port connections than the module definition.
  Please use '+lint=TFIPC-L' to print out detailed information of unconnected 
  ports.


Warning-[TFIPC] Too few instance port connections
../02_SYN/Netlist/IOTDF_syn.v, 7066
top2maxmin, "DFFSRXL u_compare_128bit_inst2_b_r_reg_99_( .D (n6960),  .CK (u_compare_128bit_inst2_net3456),  .SN (n2631),  .RN (n2632),  .Q (n990));"
  The above instance has fewer port connections than the module definition.
  Please use '+lint=TFIPC-L' to print out detailed information of unconnected 
  ports.


Warning-[TFIPC] Too few instance port connections
../02_SYN/Netlist/IOTDF_syn.v, 7068
top2maxmin, "DFFSRXL u_compare_128bit_inst2_b_r_reg_100_( .D (n6950),  .CK (u_compare_128bit_inst2_net3456),  .SN (n2629),  .RN (n2630),  .Q (n989));"
  The above instance has fewer port connections than the module definition.
  Please use '+lint=TFIPC-L' to print out detailed information of unconnected 
  ports.


Warning-[TFIPC] Too few instance port connections
../02_SYN/Netlist/IOTDF_syn.v, 7070
top2maxmin, "DFFSRXL u_compare_128bit_inst2_b_r_reg_101_( .D (n6940),  .CK (u_compare_128bit_inst2_net3456),  .SN (n2627),  .RN (n2628),  .Q (n988));"
  The above instance has fewer port connections than the module definition.
  Please use '+lint=TFIPC-L' to print out detailed information of unconnected 
  ports.


Warning-[TFIPC] Too few instance port connections
../02_SYN/Netlist/IOTDF_syn.v, 7072
top2maxmin, "DFFSRXL u_compare_128bit_inst2_b_r_reg_102_( .D (n6930),  .CK (u_compare_128bit_inst2_net3456),  .SN (n2625),  .RN (n2626),  .Q (n987));"
  The above instance has fewer port connections than the module definition.
  Please use '+lint=TFIPC-L' to print out detailed information of unconnected 
  ports.


Warning-[TFIPC] Too few instance port connections
../02_SYN/Netlist/IOTDF_syn.v, 7074
top2maxmin, "DFFSRXL u_compare_128bit_inst2_b_r_reg_103_( .D (n6920),  .CK (u_compare_128bit_inst2_net3451),  .SN (n2623),  .RN (n2624),  .Q (n986));"
  The above instance has fewer port connections than the module definition.
  Please use '+lint=TFIPC-L' to print out detailed information of unconnected 
  ports.


Warning-[TFIPC] Too few instance port connections
../02_SYN/Netlist/IOTDF_syn.v, 7076
top2maxmin, "DFFSRXL u_compare_128bit_inst2_b_r_reg_104_( .D (n6910),  .CK (u_compare_128bit_inst2_net3451),  .SN (n2621),  .RN (n2622),  .Q (n985));"
  The above instance has fewer port connections than the module definition.
  Please use '+lint=TFIPC-L' to print out detailed information of unconnected 
  ports.


Warning-[TFIPC] Too few instance port connections
../02_SYN/Netlist/IOTDF_syn.v, 7078
top2maxmin, "DFFSRXL u_compare_128bit_inst2_b_r_reg_105_( .D (n6900),  .CK (u_compare_128bit_inst2_net3451),  .SN (n2619),  .RN (n2620),  .Q (n984));"
  The above instance has fewer port connections than the module definition.
  Please use '+lint=TFIPC-L' to print out detailed information of unconnected 
  ports.


Warning-[TFIPC] Too few instance port connections
../02_SYN/Netlist/IOTDF_syn.v, 7080
top2maxmin, "DFFSRXL u_compare_128bit_inst2_b_r_reg_106_( .D (n6890),  .CK (u_compare_128bit_inst2_net3451),  .SN (n2617),  .RN (n2618),  .Q (n983));"
  The above instance has fewer port connections than the module definition.
  Please use '+lint=TFIPC-L' to print out detailed information of unconnected 
  ports.


Warning-[TFIPC] Too few instance port connections
../02_SYN/Netlist/IOTDF_syn.v, 7082
top2maxmin, "DFFSRXL u_compare_128bit_inst2_b_r_reg_108_( .D (n990),  .CK (u_compare_128bit_inst2_net3446),  .SN (n2613),  .RN (n2614),  .Q (n687));"
  The above instance has fewer port connections than the module definition.
  Please use '+lint=TFIPC-L' to print out detailed information of unconnected 
  ports.


Warning-[TFIPC] Too few instance port connections
../02_SYN/Netlist/IOTDF_syn.v, 7084
top2maxmin, "DFFSRXL u_compare_128bit_inst2_b_r_reg_109_( .D (n989),  .CK (u_compare_128bit_inst2_net3446),  .SN (n2611),  .RN (n2612),  .Q (n686));"
  The above instance has fewer port connections than the module definition.
  Please use '+lint=TFIPC-L' to print out detailed information of unconnected 
  ports.


Warning-[TFIPC] Too few instance port connections
../02_SYN/Netlist/IOTDF_syn.v, 7086
top2maxmin, "DFFSRXL u_compare_128bit_inst2_b_r_reg_110_( .D (n988),  .CK (u_compare_128bit_inst2_net3446),  .SN (n2609),  .RN (n2610),  .Q (n685));"
  The above instance has fewer port connections than the module definition.
  Please use '+lint=TFIPC-L' to print out detailed information of unconnected 
  ports.


Warning-[TFIPC] Too few instance port connections
../02_SYN/Netlist/IOTDF_syn.v, 7088
top2maxmin, "DFFSRXL u_compare_128bit_inst2_b_r_reg_111_( .D (n987),  .CK (u_compare_128bit_inst2_net3441),  .SN (n2607),  .RN (n2608),  .Q (n684));"
  The above instance has fewer port connections than the module definition.
  Please use '+lint=TFIPC-L' to print out detailed information of unconnected 
  ports.


Warning-[TFIPC] Too few instance port connections
../02_SYN/Netlist/IOTDF_syn.v, 7090
top2maxmin, "DFFSRXL u_compare_128bit_inst2_b_r_reg_112_( .D (n986),  .CK (u_compare_128bit_inst2_net3441),  .SN (n2605),  .RN (n2606),  .Q (n6830));"
  The above instance has fewer port connections than the module definition.
  Please use '+lint=TFIPC-L' to print out detailed information of unconnected 
  ports.


Warning-[TFIPC] Too few instance port connections
../02_SYN/Netlist/IOTDF_syn.v, 7092
top2maxmin, "DFFSRXL u_compare_128bit_inst2_b_r_reg_113_( .D (n985),  .CK (u_compare_128bit_inst2_net3441),  .SN (n2603),  .RN (n2604),  .Q (n6820));"
  The above instance has fewer port connections than the module definition.
  Please use '+lint=TFIPC-L' to print out detailed information of unconnected 
  ports.


Warning-[TFIPC] Too few instance port connections
../02_SYN/Netlist/IOTDF_syn.v, 7094
top2maxmin, "DFFSRXL u_compare_128bit_inst2_b_r_reg_114_( .D (n984),  .CK (u_compare_128bit_inst2_net3441),  .SN (n2601),  .RN (n2602),  .Q (n6810));"
  The above instance has fewer port connections than the module definition.
  Please use '+lint=TFIPC-L' to print out detailed information of unconnected 
  ports.


Warning-[TFIPC] Too few instance port connections
../02_SYN/Netlist/IOTDF_syn.v, 7096
top2maxmin, "DFFSRXL u_compare_128bit_inst2_b_r_reg_115_( .D (n983),  .CK (u_compare_128bit_inst2_net3436),  .SN (n2599),  .RN (n2600),  .Q (n6800));"
  The above instance has fewer port connections than the module definition.
  Please use '+lint=TFIPC-L' to print out detailed information of unconnected 
  ports.


Warning-[TFIPC] Too few instance port connections
../02_SYN/Netlist/IOTDF_syn.v, 7098
top2maxmin, "DFFSRXL u_compare_128bit_inst2_b_r_reg_116_( .D (n982),  .CK (u_compare_128bit_inst2_net3436),  .SN (n2597),  .RN (n2598),  .Q (n6790));"
  The above instance has fewer port connections than the module definition.
  Please use '+lint=TFIPC-L' to print out detailed information of unconnected 
  ports.


Warning-[TFIPC] Too few instance port connections
../02_SYN/Netlist/IOTDF_syn.v, 7100
top2maxmin, "DFFSRXL u_compare_128bit_inst2_b_r_reg_117_( .D (n687),  .CK (u_compare_128bit_inst2_net3436),  .SN (n2595),  .RN (n2596),  .Q (n981));"
  The above instance has fewer port connections than the module definition.
  Please use '+lint=TFIPC-L' to print out detailed information of unconnected 
  ports.


Warning-[TFIPC] Too few instance port connections
../02_SYN/Netlist/IOTDF_syn.v, 7102
top2maxmin, "DFFSRXL u_compare_128bit_inst2_b_r_reg_118_( .D (n686),  .CK (u_compare_128bit_inst2_net3436),  .SN (n2593),  .RN (n2594),  .Q (n980));"
  The above instance has fewer port connections than the module definition.
  Please use '+lint=TFIPC-L' to print out detailed information of unconnected 
  ports.


Warning-[TFIPC] Too few instance port connections
../02_SYN/Netlist/IOTDF_syn.v, 7104
top2maxmin, "DFFSRXL u_compare_128bit_inst2_b_r_reg_119_( .D (n685),  .CK (u_compare_128bit_inst2_net3431),  .SN (n2591),  .RN (n2592),  .QN (u_compare_128bit_inst2_b_r[119]));"
  The above instance has fewer port connections than the module definition.
  Please use '+lint=TFIPC-L' to print out detailed information of unconnected 
  ports.


Warning-[TFIPC] Too few instance port connections
../02_SYN/Netlist/IOTDF_syn.v, 7107
top2maxmin, "DFFSRXL u_compare_128bit_inst2_b_r_reg_120_( .D (n684),  .CK (u_compare_128bit_inst2_net3431),  .SN (n2589),  .RN (n2590),  .QN (u_compare_128bit_inst2_b_r[120]));"
  The above instance has fewer port connections than the module definition.
  Please use '+lint=TFIPC-L' to print out detailed information of unconnected 
  ports.


Warning-[TFIPC] Too few instance port connections
../02_SYN/Netlist/IOTDF_syn.v, 7110
top2maxmin, "DFFSRXL u_compare_128bit_inst2_b_r_reg_121_( .D (n6830),  .CK (u_compare_128bit_inst2_net3431),  .SN (n2587),  .RN (n2588),  .QN (u_compare_128bit_inst2_b_r[121]));"
  The above instance has fewer port connections than the module definition.
  Please use '+lint=TFIPC-L' to print out detailed information of unconnected 
  ports.


Warning-[TFIPC] Too few instance port connections
../02_SYN/Netlist/IOTDF_syn.v, 7113
top2maxmin, "DFFSRXL u_compare_128bit_inst2_b_r_reg_123_( .D (n6810),  .CK (u_compare_128bit_inst2_net3426),  .SN (n2583),  .RN (n2584),  .QN (u_compare_128bit_inst2_b_r[123]));"
  The above instance has fewer port connections than the module definition.
  Please use '+lint=TFIPC-L' to print out detailed information of unconnected 
  ports.


Warning-[TFIPC] Too few instance port connections
../02_SYN/Netlist/IOTDF_syn.v, 7116
top2maxmin, "DFFSRXL u_compare_128bit_inst2_b_r_reg_124_( .D (n6800),  .CK (u_compare_128bit_inst2_net3426),  .SN (n2581),  .RN (n2582),  .QN (u_compare_128bit_inst2_b_r[124]));"
  The above instance has fewer port connections than the module definition.
  Please use '+lint=TFIPC-L' to print out detailed information of unconnected 
  ports.


Warning-[TFIPC] Too few instance port connections
../02_SYN/Netlist/IOTDF_syn.v, 7119
top2maxmin, "DFFSRXL u_compare_128bit_inst2_b_r_reg_125_( .D (n6790),  .CK (u_compare_128bit_inst2_net3426),  .SN (n2579),  .RN (n2580),  .QN (u_compare_128bit_inst2_b_r[125]));"
  The above instance has fewer port connections than the module definition.
  Please use '+lint=TFIPC-L' to print out detailed information of unconnected 
  ports.


Warning-[TFIPC] Too few instance port connections
../02_SYN/Netlist/IOTDF_syn.v, 7122
top2maxmin, "DFFSRXL u_compare_128bit_inst2_b_r_reg_126_( .D (n981),  .CK (u_compare_128bit_inst2_net3426),  .SN (n2577),  .RN (n2578),  .QN (u_compare_128bit_inst2_b_byte[0]));"
  The above instance has fewer port connections than the module definition.
  Please use '+lint=TFIPC-L' to print out detailed information of unconnected 
  ports.


Warning-[TFIPC] Too few instance port connections
../02_SYN/Netlist/IOTDF_syn.v, 7125
top2maxmin, "DFFSRXL u_compare_128bit_inst2_b_r_reg_127_( .D (n980),  .CK (u_compare_128bit_inst2_net3421),  .SN (n2575),  .RN (n2576),  .QN (u_compare_128bit_inst2_b_byte[1]));"
  The above instance has fewer port connections than the module definition.
  Please use '+lint=TFIPC-L' to print out detailed information of unconnected 
  ports.


Warning-[TFIPC] Too few instance port connections
../02_SYN/Netlist/IOTDF_syn.v, 7128
top2maxmin, "DFFSRXL u_compare_128bit_inst1_a_r_reg_36_( .D (n979),  .CK (u_compare_128bit_inst1_net4070),  .SN (n2083),  .RN (n2084),  .Q (n6780));"
  The above instance has fewer port connections than the module definition.
  Please use '+lint=TFIPC-L' to print out detailed information of unconnected 
  ports.


Warning-[TFIPC] Too few instance port connections
../02_SYN/Netlist/IOTDF_syn.v, 7130
top2maxmin, "DFFSRXL u_compare_128bit_inst1_a_r_reg_37_( .D (n979),  .CK (u_compare_128bit_inst1_net4070),  .SN (n2111),  .RN (n2112),  .Q (n6770));"
  The above instance has fewer port connections than the module definition.
  Please use '+lint=TFIPC-L' to print out detailed information of unconnected 
  ports.


Warning-[TFIPC] Too few instance port connections
../02_SYN/Netlist/IOTDF_syn.v, 7132
top2maxmin, "DFFSRXL u_compare_128bit_inst1_a_r_reg_38_( .D (n979),  .CK (u_compare_128bit_inst1_net4065),  .SN (n2139),  .RN (n2140),  .Q (n6760));"
  The above instance has fewer port connections than the module definition.
  Please use '+lint=TFIPC-L' to print out detailed information of unconnected 
  ports.


Warning-[TFIPC] Too few instance port connections
../02_SYN/Netlist/IOTDF_syn.v, 7134
top2maxmin, "DFFSRXL u_compare_128bit_inst1_a_r_reg_39_( .D (n979),  .CK (u_compare_128bit_inst1_net4065),  .SN (n2167),  .RN (n2168),  .Q (n6750));"
  The above instance has fewer port connections than the module definition.
  Please use '+lint=TFIPC-L' to print out detailed information of unconnected 
  ports.


Warning-[TFIPC] Too few instance port connections
../02_SYN/Netlist/IOTDF_syn.v, 7136
top2maxmin, "DFFSRXL u_compare_128bit_inst1_a_r_reg_40_( .D (n979),  .CK (u_compare_128bit_inst1_net4065),  .SN (n2195),  .RN (n2196),  .Q (n6740));"
  The above instance has fewer port connections than the module definition.
  Please use '+lint=TFIPC-L' to print out detailed information of unconnected 
  ports.


Warning-[TFIPC] Too few instance port connections
../02_SYN/Netlist/IOTDF_syn.v, 7138
top2maxmin, "DFFSRXL u_compare_128bit_inst1_a_r_reg_42_( .D (n979),  .CK (u_compare_128bit_inst1_net4060),  .SN (n2251),  .RN (n2252),  .Q (n6720));"
  The above instance has fewer port connections than the module definition.
  Please use '+lint=TFIPC-L' to print out detailed information of unconnected 
  ports.


Warning-[TFIPC] Too few instance port connections
../02_SYN/Netlist/IOTDF_syn.v, 7140
top2maxmin, "DFFSRXL u_compare_128bit_inst1_a_r_reg_43_( .D (n979),  .CK (u_compare_128bit_inst1_net4060),  .SN (n2279),  .RN (n2280),  .Q (n6710));"
  The above instance has fewer port connections than the module definition.
  Please use '+lint=TFIPC-L' to print out detailed information of unconnected 
  ports.


Warning-[TFIPC] Too few instance port connections
../02_SYN/Netlist/IOTDF_syn.v, 7142
top2maxmin, "DFFSRXL u_compare_128bit_inst1_a_r_reg_44_( .D (n979),  .CK (u_compare_128bit_inst1_net4060),  .SN (n2307),  .RN (n2308),  .Q (n6700));"
  The above instance has fewer port connections than the module definition.
  Please use '+lint=TFIPC-L' to print out detailed information of unconnected 
  ports.


Warning-[TFIPC] Too few instance port connections
../02_SYN/Netlist/IOTDF_syn.v, 7144
top2maxmin, "DFFSRXL u_compare_128bit_inst1_a_r_reg_45_( .D (n6780),  .CK (u_compare_128bit_inst1_net4060),  .SN (n2081),  .RN (n2082),  .Q (n978));"
  The above instance has fewer port connections than the module definition.
  Please use '+lint=TFIPC-L' to print out detailed information of unconnected 
  ports.


Warning-[TFIPC] Too few instance port connections
../02_SYN/Netlist/IOTDF_syn.v, 7146
top2maxmin, "DFFSRXL u_compare_128bit_inst1_a_r_reg_47_( .D (n6760),  .CK (u_compare_128bit_inst1_net4055),  .SN (n2137),  .RN (n2138),  .Q (n976));"
  The above instance has fewer port connections than the module definition.
  Please use '+lint=TFIPC-L' to print out detailed information of unconnected 
  ports.


Warning-[TFIPC] Too few instance port connections
../02_SYN/Netlist/IOTDF_syn.v, 7148
top2maxmin, "DFFSRXL u_compare_128bit_inst1_a_r_reg_48_( .D (n6750),  .CK (u_compare_128bit_inst1_net4055),  .SN (n2165),  .RN (n2166),  .Q (n975));"
  The above instance has fewer port connections than the module definition.
  Please use '+lint=TFIPC-L' to print out detailed information of unconnected 
  ports.


Warning-[TFIPC] Too few instance port connections
../02_SYN/Netlist/IOTDF_syn.v, 7150
top2maxmin, "DFFSRXL u_compare_128bit_inst1_a_r_reg_49_( .D (n6740),  .CK (u_compare_128bit_inst1_net4055),  .SN (n2193),  .RN (n2194),  .Q (n974));"
  The above instance has fewer port connections than the module definition.
  Please use '+lint=TFIPC-L' to print out detailed information of unconnected 
  ports.


Warning-[TFIPC] Too few instance port connections
../02_SYN/Netlist/IOTDF_syn.v, 7152
top2maxmin, "DFFSRXL u_compare_128bit_inst1_a_r_reg_50_( .D (n6730),  .CK (u_compare_128bit_inst1_net4050),  .SN (n2221),  .RN (n2222),  .Q (n973));"
  The above instance has fewer port connections than the module definition.
  Please use '+lint=TFIPC-L' to print out detailed information of unconnected 
  ports.


Warning-[TFIPC] Too few instance port connections
../02_SYN/Netlist/IOTDF_syn.v, 7154
top2maxmin, "DFFSRXL u_compare_128bit_inst1_a_r_reg_51_( .D (n6720),  .CK (u_compare_128bit_inst1_net4050),  .SN (n2249),  .RN (n2250),  .Q (n972));"
  The above instance has fewer port connections than the module definition.
  Please use '+lint=TFIPC-L' to print out detailed information of unconnected 
  ports.


Warning-[TFIPC] Too few instance port connections
../02_SYN/Netlist/IOTDF_syn.v, 7156
top2maxmin, "DFFSRXL u_compare_128bit_inst1_a_r_reg_52_( .D (n6710),  .CK (u_compare_128bit_inst1_net4050),  .SN (n2277),  .RN (n2278),  .Q (n971));"
  The above instance has fewer port connections than the module definition.
  Please use '+lint=TFIPC-L' to print out detailed information of unconnected 
  ports.


Warning-[TFIPC] Too few instance port connections
../02_SYN/Netlist/IOTDF_syn.v, 7158
top2maxmin, "DFFSRXL u_compare_128bit_inst1_a_r_reg_53_( .D (n6700),  .CK (u_compare_128bit_inst1_net4050),  .SN (n2305),  .RN (n2306),  .Q (n970));"
  The above instance has fewer port connections than the module definition.
  Please use '+lint=TFIPC-L' to print out detailed information of unconnected 
  ports.


Warning-[TFIPC] Too few instance port connections
../02_SYN/Netlist/IOTDF_syn.v, 7160
top2maxmin, "DFFSRXL u_compare_128bit_inst1_a_r_reg_54_( .D (n978),  .CK (u_compare_128bit_inst1_net4045),  .SN (n2079),  .RN (n2080),  .Q (n6690));"
  The above instance has fewer port connections than the module definition.
  Please use '+lint=TFIPC-L' to print out detailed information of unconnected 
  ports.


Warning-[TFIPC] Too few instance port connections
../02_SYN/Netlist/IOTDF_syn.v, 7162
top2maxmin, "DFFSRXL u_compare_128bit_inst1_a_r_reg_55_( .D (n977),  .CK (u_compare_128bit_inst1_net4045),  .SN (n2107),  .RN (n2108),  .Q (n6680));"
  The above instance has fewer port connections than the module definition.
  Please use '+lint=TFIPC-L' to print out detailed information of unconnected 
  ports.


Warning-[TFIPC] Too few instance port connections
../02_SYN/Netlist/IOTDF_syn.v, 7164
top2maxmin, "DFFSRXL u_compare_128bit_inst1_a_r_reg_56_( .D (n976),  .CK (u_compare_128bit_inst1_net4045),  .SN (n2135),  .RN (n2136),  .Q (n6670));"
  The above instance has fewer port connections than the module definition.
  Please use '+lint=TFIPC-L' to print out detailed information of unconnected 
  ports.


Warning-[TFIPC] Too few instance port connections
../02_SYN/Netlist/IOTDF_syn.v, 7166
top2maxmin, "DFFSRXL u_compare_128bit_inst1_a_r_reg_57_( .D (n975),  .CK (u_compare_128bit_inst1_net4045),  .SN (n2163),  .RN (n2164),  .Q (n6660));"
  The above instance has fewer port connections than the module definition.
  Please use '+lint=TFIPC-L' to print out detailed information of unconnected 
  ports.


Warning-[TFIPC] Too few instance port connections
../02_SYN/Netlist/IOTDF_syn.v, 7168
top2maxmin, "DFFSRXL u_compare_128bit_inst1_a_r_reg_58_( .D (n974),  .CK (u_compare_128bit_inst1_net4040),  .SN (n2191),  .RN (n2192),  .Q (n6650));"
  The above instance has fewer port connections than the module definition.
  Please use '+lint=TFIPC-L' to print out detailed information of unconnected 
  ports.


Warning-[TFIPC] Too few instance port connections
../02_SYN/Netlist/IOTDF_syn.v, 7170
top2maxmin, "DFFSRXL u_compare_128bit_inst1_a_r_reg_59_( .D (n973),  .CK (u_compare_128bit_inst1_net4040),  .SN (n2219),  .RN (n2220),  .Q (n6640));"
  The above instance has fewer port connections than the module definition.
  Please use '+lint=TFIPC-L' to print out detailed information of unconnected 
  ports.


Warning-[TFIPC] Too few instance port connections
../02_SYN/Netlist/IOTDF_syn.v, 7172
top2maxmin, "DFFSRXL u_compare_128bit_inst1_a_r_reg_60_( .D (n972),  .CK (u_compare_128bit_inst1_net4040),  .SN (n2247),  .RN (n2248),  .Q (n6630));"
  The above instance has fewer port connections than the module definition.
  Please use '+lint=TFIPC-L' to print out detailed information of unconnected 
  ports.


Warning-[TFIPC] Too few instance port connections
../02_SYN/Netlist/IOTDF_syn.v, 7174
top2maxmin, "DFFSRXL u_compare_128bit_inst1_a_r_reg_62_( .D (n970),  .CK (u_compare_128bit_inst1_net4035),  .SN (n2303),  .RN (n2304),  .Q (n6610));"
  The above instance has fewer port connections than the module definition.
  Please use '+lint=TFIPC-L' to print out detailed information of unconnected 
  ports.


Warning-[TFIPC] Too few instance port connections
../02_SYN/Netlist/IOTDF_syn.v, 7176
top2maxmin, "DFFSRXL u_compare_128bit_inst1_a_r_reg_63_( .D (n6690),  .CK (u_compare_128bit_inst1_net4035),  .SN (n2077),  .RN (n2078),  .Q (n969));"
  The above instance has fewer port connections than the module definition.
  Please use '+lint=TFIPC-L' to print out detailed information of unconnected 
  ports.


Warning-[TFIPC] Too few instance port connections
../02_SYN/Netlist/IOTDF_syn.v, 7178
top2maxmin, "DFFSRXL u_compare_128bit_inst1_a_r_reg_64_( .D (n6680),  .CK (u_compare_128bit_inst1_net4035),  .SN (n2105),  .RN (n2106),  .Q (n968));"
  The above instance has fewer port connections than the module definition.
  Please use '+lint=TFIPC-L' to print out detailed information of unconnected 
  ports.


Warning-[TFIPC] Too few instance port connections
../02_SYN/Netlist/IOTDF_syn.v, 7180
top2maxmin, "DFFSRXL u_compare_128bit_inst1_a_r_reg_65_( .D (n6670),  .CK (u_compare_128bit_inst1_net4035),  .SN (n2133),  .RN (n2134),  .Q (n967));"
  The above instance has fewer port connections than the module definition.
  Please use '+lint=TFIPC-L' to print out detailed information of unconnected 
  ports.


Warning-[TFIPC] Too few instance port connections
../02_SYN/Netlist/IOTDF_syn.v, 7182
top2maxmin, "DFFSRXL u_compare_128bit_inst1_a_r_reg_66_( .D (n6660),  .CK (u_compare_128bit_inst1_net4030),  .SN (n2161),  .RN (n2162),  .Q (n966));"
  The above instance has fewer port connections than the module definition.
  Please use '+lint=TFIPC-L' to print out detailed information of unconnected 
  ports.


Warning-[TFIPC] Too few instance port connections
../02_SYN/Netlist/IOTDF_syn.v, 7184
top2maxmin, "DFFSRXL u_compare_128bit_inst1_a_r_reg_67_( .D (n6650),  .CK (u_compare_128bit_inst1_net4030),  .SN (n2189),  .RN (n2190),  .Q (n965));"
  The above instance has fewer port connections than the module definition.
  Please use '+lint=TFIPC-L' to print out detailed information of unconnected 
  ports.


Warning-[TFIPC] Too few instance port connections
../02_SYN/Netlist/IOTDF_syn.v, 7186
top2maxmin, "DFFSRXL u_compare_128bit_inst1_a_r_reg_68_( .D (n6640),  .CK (u_compare_128bit_inst1_net4030),  .SN (n2217),  .RN (n2218),  .Q (n964));"
  The above instance has fewer port connections than the module definition.
  Please use '+lint=TFIPC-L' to print out detailed information of unconnected 
  ports.


Warning-[TFIPC] Too few instance port connections
../02_SYN/Netlist/IOTDF_syn.v, 7188
top2maxmin, "DFFSRXL u_compare_128bit_inst1_a_r_reg_69_( .D (n6630),  .CK (u_compare_128bit_inst1_net4030),  .SN (n2245),  .RN (n2246),  .Q (n963));"
  The above instance has fewer port connections than the module definition.
  Please use '+lint=TFIPC-L' to print out detailed information of unconnected 
  ports.


Warning-[TFIPC] Too few instance port connections
../02_SYN/Netlist/IOTDF_syn.v, 7190
top2maxmin, "DFFSRXL u_compare_128bit_inst1_a_r_reg_70_( .D (n6620),  .CK (u_compare_128bit_inst1_net4025),  .SN (n2273),  .RN (n2274),  .Q (n962));"
  The above instance has fewer port connections than the module definition.
  Please use '+lint=TFIPC-L' to print out detailed information of unconnected 
  ports.


Warning-[TFIPC] Too few instance port connections
../02_SYN/Netlist/IOTDF_syn.v, 7192
top2maxmin, "DFFSRXL u_compare_128bit_inst1_a_r_reg_71_( .D (n6610),  .CK (u_compare_128bit_inst1_net4025),  .SN (n2301),  .RN (n2302),  .Q (n961));"
  The above instance has fewer port connections than the module definition.
  Please use '+lint=TFIPC-L' to print out detailed information of unconnected 
  ports.


Warning-[TFIPC] Too few instance port connections
../02_SYN/Netlist/IOTDF_syn.v, 7194
top2maxmin, "DFFSRXL u_compare_128bit_inst1_a_r_reg_72_( .D (n969),  .CK (u_compare_128bit_inst1_net4025),  .SN (n2075),  .RN (n2076),  .Q (n6600));"
  The above instance has fewer port connections than the module definition.
  Please use '+lint=TFIPC-L' to print out detailed information of unconnected 
  ports.


Warning-[TFIPC] Too few instance port connections
../02_SYN/Netlist/IOTDF_syn.v, 7196
top2maxmin, "DFFSRXL u_compare_128bit_inst1_a_r_reg_73_( .D (n968),  .CK (u_compare_128bit_inst1_net4025),  .SN (n2103),  .RN (n2104),  .Q (n6590));"
  The above instance has fewer port connections than the module definition.
  Please use '+lint=TFIPC-L' to print out detailed information of unconnected 
  ports.


Warning-[TFIPC] Too few instance port connections
../02_SYN/Netlist/IOTDF_syn.v, 7198
top2maxmin, "DFFSRXL u_compare_128bit_inst1_a_r_reg_74_( .D (n967),  .CK (u_compare_128bit_inst1_net4020),  .SN (n2131),  .RN (n2132),  .Q (n6580));"
  The above instance has fewer port connections than the module definition.
  Please use '+lint=TFIPC-L' to print out detailed information of unconnected 
  ports.


Warning-[TFIPC] Too few instance port connections
../02_SYN/Netlist/IOTDF_syn.v, 7200
top2maxmin, "DFFSRXL u_compare_128bit_inst1_a_r_reg_75_( .D (n966),  .CK (u_compare_128bit_inst1_net4020),  .SN (n2159),  .RN (n2160),  .Q (n6570));"
  The above instance has fewer port connections than the module definition.
  Please use '+lint=TFIPC-L' to print out detailed information of unconnected 
  ports.


Warning-[TFIPC] Too few instance port connections
../02_SYN/Netlist/IOTDF_syn.v, 7202
top2maxmin, "DFFSRXL u_compare_128bit_inst1_a_r_reg_77_( .D (n964),  .CK (u_compare_128bit_inst1_net4020),  .SN (n2215),  .RN (n2216),  .Q (n6550));"
  The above instance has fewer port connections than the module definition.
  Please use '+lint=TFIPC-L' to print out detailed information of unconnected 
  ports.


Warning-[TFIPC] Too few instance port connections
../02_SYN/Netlist/IOTDF_syn.v, 7204
top2maxmin, "DFFSRXL u_compare_128bit_inst1_a_r_reg_78_( .D (n963),  .CK (u_compare_128bit_inst1_net4015),  .SN (n2243),  .RN (n2244),  .Q (n6540));"
  The above instance has fewer port connections than the module definition.
  Please use '+lint=TFIPC-L' to print out detailed information of unconnected 
  ports.


Warning-[TFIPC] Too few instance port connections
../02_SYN/Netlist/IOTDF_syn.v, 7206
top2maxmin, "DFFSRXL u_compare_128bit_inst1_a_r_reg_79_( .D (n962),  .CK (u_compare_128bit_inst1_net4015),  .SN (n2271),  .RN (n2272),  .Q (n6530));"
  The above instance has fewer port connections than the module definition.
  Please use '+lint=TFIPC-L' to print out detailed information of unconnected 
  ports.


Warning-[TFIPC] Too few instance port connections
../02_SYN/Netlist/IOTDF_syn.v, 7208
top2maxmin, "DFFSRXL u_compare_128bit_inst1_a_r_reg_80_( .D (n961),  .CK (u_compare_128bit_inst1_net4015),  .SN (n2299),  .RN (n2300),  .Q (n6520));"
  The above instance has fewer port connections than the module definition.
  Please use '+lint=TFIPC-L' to print out detailed information of unconnected 
  ports.


Warning-[TFIPC] Too few instance port connections
../02_SYN/Netlist/IOTDF_syn.v, 7210
top2maxmin, "DFFSRXL u_compare_128bit_inst1_a_r_reg_81_( .D (n6600),  .CK (u_compare_128bit_inst1_net4015),  .SN (n2073),  .RN (n2074),  .Q (n960));"
  The above instance has fewer port connections than the module definition.
  Please use '+lint=TFIPC-L' to print out detailed information of unconnected 
  ports.


Warning-[TFIPC] Too few instance port connections
../02_SYN/Netlist/IOTDF_syn.v, 7212
top2maxmin, "DFFSRXL u_compare_128bit_inst1_a_r_reg_82_( .D (n6590),  .CK (u_compare_128bit_inst1_net4010),  .SN (n2101),  .RN (n2102),  .Q (n959));"
  The above instance has fewer port connections than the module definition.
  Please use '+lint=TFIPC-L' to print out detailed information of unconnected 
  ports.


Warning-[TFIPC] Too few instance port connections
../02_SYN/Netlist/IOTDF_syn.v, 7214
top2maxmin, "DFFSRXL u_compare_128bit_inst1_a_r_reg_83_( .D (n6580),  .CK (u_compare_128bit_inst1_net4010),  .SN (n2129),  .RN (n2130),  .Q (n958));"
  The above instance has fewer port connections than the module definition.
  Please use '+lint=TFIPC-L' to print out detailed information of unconnected 
  ports.


Warning-[TFIPC] Too few instance port connections
../02_SYN/Netlist/IOTDF_syn.v, 7216
top2maxmin, "DFFSRXL u_compare_128bit_inst1_a_r_reg_84_( .D (n6570),  .CK (u_compare_128bit_inst1_net4010),  .SN (n2157),  .RN (n2158),  .Q (n957));"
  The above instance has fewer port connections than the module definition.
  Please use '+lint=TFIPC-L' to print out detailed information of unconnected 
  ports.


Warning-[TFIPC] Too few instance port connections
../02_SYN/Netlist/IOTDF_syn.v, 7218
top2maxmin, "DFFSRXL u_compare_128bit_inst1_a_r_reg_85_( .D (n6560),  .CK (u_compare_128bit_inst1_net4010),  .SN (n2185),  .RN (n2186),  .Q (n956));"
  The above instance has fewer port connections than the module definition.
  Please use '+lint=TFIPC-L' to print out detailed information of unconnected 
  ports.


Warning-[TFIPC] Too few instance port connections
../02_SYN/Netlist/IOTDF_syn.v, 7220
top2maxmin, "DFFSRXL u_compare_128bit_inst1_a_r_reg_86_( .D (n6550),  .CK (u_compare_128bit_inst1_net4005),  .SN (n2213),  .RN (n2214),  .Q (n955));"
  The above instance has fewer port connections than the module definition.
  Please use '+lint=TFIPC-L' to print out detailed information of unconnected 
  ports.


Warning-[TFIPC] Too few instance port connections
../02_SYN/Netlist/IOTDF_syn.v, 7222
top2maxmin, "DFFSRXL u_compare_128bit_inst1_a_r_reg_87_( .D (n6540),  .CK (u_compare_128bit_inst1_net4005),  .SN (n2241),  .RN (n2242),  .Q (n954));"
  The above instance has fewer port connections than the module definition.
  Please use '+lint=TFIPC-L' to print out detailed information of unconnected 
  ports.


Warning-[TFIPC] Too few instance port connections
../02_SYN/Netlist/IOTDF_syn.v, 7224
top2maxmin, "DFFSRXL u_compare_128bit_inst1_a_r_reg_88_( .D (n6530),  .CK (u_compare_128bit_inst1_net4005),  .SN (n2269),  .RN (n2270),  .Q (n953));"
  The above instance has fewer port connections than the module definition.
  Please use '+lint=TFIPC-L' to print out detailed information of unconnected 
  ports.


Warning-[TFIPC] Too few instance port connections
../02_SYN/Netlist/IOTDF_syn.v, 7226
top2maxmin, "DFFSRXL u_compare_128bit_inst1_a_r_reg_89_( .D (n6520),  .CK (u_compare_128bit_inst1_net4005),  .SN (n2297),  .RN (n2298),  .Q (n952));"
  The above instance has fewer port connections than the module definition.
  Please use '+lint=TFIPC-L' to print out detailed information of unconnected 
  ports.


Warning-[TFIPC] Too few instance port connections
../02_SYN/Netlist/IOTDF_syn.v, 7228
top2maxmin, "DFFSRXL u_compare_128bit_inst1_a_r_reg_90_( .D (n960),  .CK (u_compare_128bit_inst1_net4000),  .SN (n2071),  .RN (n2072),  .Q (n6510));"
  The above instance has fewer port connections than the module definition.
  Please use '+lint=TFIPC-L' to print out detailed information of unconnected 
  ports.


Warning-[TFIPC] Too few instance port connections
../02_SYN/Netlist/IOTDF_syn.v, 7230
top2maxmin, "DFFSRXL u_compare_128bit_inst1_a_r_reg_92_( .D (n958),  .CK (u_compare_128bit_inst1_net4000),  .SN (n2127),  .RN (n2128),  .Q (n6490));"
  The above instance has fewer port connections than the module definition.
  Please use '+lint=TFIPC-L' to print out detailed information of unconnected 
  ports.


Warning-[TFIPC] Too few instance port connections
../02_SYN/Netlist/IOTDF_syn.v, 7232
top2maxmin, "DFFSRXL u_compare_128bit_inst1_a_r_reg_93_( .D (n957),  .CK (u_compare_128bit_inst1_net4000),  .SN (n2155),  .RN (n2156),  .Q (n6480));"
  The above instance has fewer port connections than the module definition.
  Please use '+lint=TFIPC-L' to print out detailed information of unconnected 
  ports.


Warning-[TFIPC] Too few instance port connections
../02_SYN/Netlist/IOTDF_syn.v, 7234
top2maxmin, "DFFSRXL u_compare_128bit_inst1_a_r_reg_94_( .D (n956),  .CK (u_compare_128bit_inst1_net3995),  .SN (n2183),  .RN (n2184),  .Q (n6470));"
  The above instance has fewer port connections than the module definition.
  Please use '+lint=TFIPC-L' to print out detailed information of unconnected 
  ports.


Warning-[TFIPC] Too few instance port connections
../02_SYN/Netlist/IOTDF_syn.v, 7236
top2maxmin, "DFFSRXL u_compare_128bit_inst1_a_r_reg_95_( .D (n955),  .CK (u_compare_128bit_inst1_net3995),  .SN (n2211),  .RN (n2212),  .Q (n6460));"
  The above instance has fewer port connections than the module definition.
  Please use '+lint=TFIPC-L' to print out detailed information of unconnected 
  ports.


Warning-[TFIPC] Too few instance port connections
../02_SYN/Netlist/IOTDF_syn.v, 7238
top2maxmin, "DFFSRXL u_compare_128bit_inst1_a_r_reg_96_( .D (n954),  .CK (u_compare_128bit_inst1_net3995),  .SN (n2239),  .RN (n2240),  .Q (n6450));"
  The above instance has fewer port connections than the module definition.
  Please use '+lint=TFIPC-L' to print out detailed information of unconnected 
  ports.


Warning-[TFIPC] Too few instance port connections
../02_SYN/Netlist/IOTDF_syn.v, 7240
top2maxmin, "DFFSRXL u_compare_128bit_inst1_a_r_reg_97_( .D (n953),  .CK (u_compare_128bit_inst1_net3995),  .SN (n2267),  .RN (n2268),  .Q (n6440));"
  The above instance has fewer port connections than the module definition.
  Please use '+lint=TFIPC-L' to print out detailed information of unconnected 
  ports.


Warning-[TFIPC] Too few instance port connections
../02_SYN/Netlist/IOTDF_syn.v, 7242
top2maxmin, "DFFSRXL u_compare_128bit_inst1_a_r_reg_98_( .D (n952),  .CK (u_compare_128bit_inst1_net3990),  .SN (n2295),  .RN (n2296),  .Q (n6430));"
  The above instance has fewer port connections than the module definition.
  Please use '+lint=TFIPC-L' to print out detailed information of unconnected 
  ports.


Warning-[TFIPC] Too few instance port connections
../02_SYN/Netlist/IOTDF_syn.v, 7244
top2maxmin, "DFFSRXL u_compare_128bit_inst1_a_r_reg_99_( .D (n6510),  .CK (u_compare_128bit_inst1_net3990),  .SN (n2069),  .RN (n2070),  .Q (n951));"
  The above instance has fewer port connections than the module definition.
  Please use '+lint=TFIPC-L' to print out detailed information of unconnected 
  ports.


Warning-[TFIPC] Too few instance port connections
../02_SYN/Netlist/IOTDF_syn.v, 7246
top2maxmin, "DFFSRXL u_compare_128bit_inst1_a_r_reg_100_( .D (n6500),  .CK (u_compare_128bit_inst1_net3990),  .SN (n2097),  .RN (n2098),  .Q (n950));"
  The above instance has fewer port connections than the module definition.
  Please use '+lint=TFIPC-L' to print out detailed information of unconnected 
  ports.


Warning-[TFIPC] Too few instance port connections
../02_SYN/Netlist/IOTDF_syn.v, 7248
top2maxmin, "DFFSRXL u_compare_128bit_inst1_a_r_reg_101_( .D (n6490),  .CK (u_compare_128bit_inst1_net3990),  .SN (n2125),  .RN (n2126),  .Q (n949));"
  The above instance has fewer port connections than the module definition.
  Please use '+lint=TFIPC-L' to print out detailed information of unconnected 
  ports.


Warning-[TFIPC] Too few instance port connections
../02_SYN/Netlist/IOTDF_syn.v, 7250
top2maxmin, "DFFSRXL u_compare_128bit_inst1_a_r_reg_102_( .D (n6480),  .CK (u_compare_128bit_inst1_net3985),  .SN (n2153),  .RN (n2154),  .Q (n948));"
  The above instance has fewer port connections than the module definition.
  Please use '+lint=TFIPC-L' to print out detailed information of unconnected 
  ports.


Warning-[TFIPC] Too few instance port connections
../02_SYN/Netlist/IOTDF_syn.v, 7252
top2maxmin, "DFFSRXL u_compare_128bit_inst1_a_r_reg_103_( .D (n6470),  .CK (u_compare_128bit_inst1_net3985),  .SN (n2181),  .RN (n2182),  .Q (n947));"
  The above instance has fewer port connections than the module definition.
  Please use '+lint=TFIPC-L' to print out detailed information of unconnected 
  ports.


Warning-[TFIPC] Too few instance port connections
../02_SYN/Netlist/IOTDF_syn.v, 7254
top2maxmin, "DFFSRXL u_compare_128bit_inst1_a_r_reg_104_( .D (n6460),  .CK (u_compare_128bit_inst1_net3985),  .SN (n2209),  .RN (n2210),  .Q (n946));"
  The above instance has fewer port connections than the module definition.
  Please use '+lint=TFIPC-L' to print out detailed information of unconnected 
  ports.


Warning-[TFIPC] Too few instance port connections
../02_SYN/Netlist/IOTDF_syn.v, 7256
top2maxmin, "DFFSRXL u_compare_128bit_inst1_a_r_reg_105_( .D (n6450),  .CK (u_compare_128bit_inst1_net3985),  .SN (n2237),  .RN (n2238),  .Q (n945));"
  The above instance has fewer port connections than the module definition.
  Please use '+lint=TFIPC-L' to print out detailed information of unconnected 
  ports.


Warning-[TFIPC] Too few instance port connections
../02_SYN/Netlist/IOTDF_syn.v, 7258
top2maxmin, "DFFSRXL u_compare_128bit_inst1_a_r_reg_107_( .D (n6430),  .CK (u_compare_128bit_inst1_net3980),  .SN (n2293),  .RN (n2294),  .Q (n943));"
  The above instance has fewer port connections than the module definition.
  Please use '+lint=TFIPC-L' to print out detailed information of unconnected 
  ports.


Warning-[TFIPC] Too few instance port connections
../02_SYN/Netlist/IOTDF_syn.v, 7260
top2maxmin, "DFFSRXL u_compare_128bit_inst1_a_r_reg_108_( .D (n951),  .CK (u_compare_128bit_inst1_net3980),  .SN (n2067),  .RN (n2068),  .Q (n6420));"
  The above instance has fewer port connections than the module definition.
  Please use '+lint=TFIPC-L' to print out detailed information of unconnected 
  ports.


Warning-[TFIPC] Too few instance port connections
../02_SYN/Netlist/IOTDF_syn.v, 7262
top2maxmin, "DFFSRXL u_compare_128bit_inst1_a_r_reg_109_( .D (n950),  .CK (u_compare_128bit_inst1_net3980),  .SN (n2095),  .RN (n2096),  .Q (n6410));"
  The above instance has fewer port connections than the module definition.
  Please use '+lint=TFIPC-L' to print out detailed information of unconnected 
  ports.


Warning-[TFIPC] Too few instance port connections
../02_SYN/Netlist/IOTDF_syn.v, 7264
top2maxmin, "DFFSRXL u_compare_128bit_inst1_a_r_reg_110_( .D (n949),  .CK (u_compare_128bit_inst1_net3975),  .SN (n2123),  .RN (n2124),  .Q (n6400));"
  The above instance has fewer port connections than the module definition.
  Please use '+lint=TFIPC-L' to print out detailed information of unconnected 
  ports.


Warning-[TFIPC] Too few instance port connections
../02_SYN/Netlist/IOTDF_syn.v, 7266
top2maxmin, "DFFSRXL u_compare_128bit_inst1_a_r_reg_111_( .D (n948),  .CK (u_compare_128bit_inst1_net3975),  .SN (n2151),  .RN (n2152),  .Q (n6390));"
  The above instance has fewer port connections than the module definition.
  Please use '+lint=TFIPC-L' to print out detailed information of unconnected 
  ports.


Warning-[TFIPC] Too few instance port connections
../02_SYN/Netlist/IOTDF_syn.v, 7268
top2maxmin, "DFFSRXL u_compare_128bit_inst1_a_r_reg_112_( .D (n947),  .CK (u_compare_128bit_inst1_net3975),  .SN (n2179),  .RN (n2180),  .Q (n6380));"
  The above instance has fewer port connections than the module definition.
  Please use '+lint=TFIPC-L' to print out detailed information of unconnected 
  ports.


Warning-[TFIPC] Too few instance port connections
../02_SYN/Netlist/IOTDF_syn.v, 7270
top2maxmin, "DFFSRXL u_compare_128bit_inst1_a_r_reg_113_( .D (n946),  .CK (u_compare_128bit_inst1_net3975),  .SN (n2207),  .RN (n2208),  .Q (n6370));"
  The above instance has fewer port connections than the module definition.
  Please use '+lint=TFIPC-L' to print out detailed information of unconnected 
  ports.


Warning-[TFIPC] Too few instance port connections
../02_SYN/Netlist/IOTDF_syn.v, 7272
top2maxmin, "DFFSRXL u_compare_128bit_inst1_a_r_reg_114_( .D (n945),  .CK (u_compare_128bit_inst1_net3970),  .SN (n2235),  .RN (n2236),  .Q (n6360));"
  The above instance has fewer port connections than the module definition.
  Please use '+lint=TFIPC-L' to print out detailed information of unconnected 
  ports.


Warning-[TFIPC] Too few instance port connections
../02_SYN/Netlist/IOTDF_syn.v, 7274
top2maxmin, "DFFSRXL u_compare_128bit_inst1_a_r_reg_115_( .D (n944),  .CK (u_compare_128bit_inst1_net3970),  .SN (n2263),  .RN (n2264),  .Q (n6350));"
  The above instance has fewer port connections than the module definition.
  Please use '+lint=TFIPC-L' to print out detailed information of unconnected 
  ports.


Warning-[TFIPC] Too few instance port connections
../02_SYN/Netlist/IOTDF_syn.v, 7276
top2maxmin, "DFFSRXL u_compare_128bit_inst1_a_r_reg_116_( .D (n943),  .CK (u_compare_128bit_inst1_net3970),  .SN (n2291),  .RN (n2292),  .Q (n6340));"
  The above instance has fewer port connections than the module definition.
  Please use '+lint=TFIPC-L' to print out detailed information of unconnected 
  ports.


Warning-[TFIPC] Too few instance port connections
../02_SYN/Netlist/IOTDF_syn.v, 7278
top2maxmin, "DFFSRXL u_compare_128bit_inst1_a_r_reg_117_( .D (n6420),  .CK (u_compare_128bit_inst1_net3970),  .SN (n2065),  .RN (n2066),  .Q (n942));"
  The above instance has fewer port connections than the module definition.
  Please use '+lint=TFIPC-L' to print out detailed information of unconnected 
  ports.


Warning-[TFIPC] Too few instance port connections
../02_SYN/Netlist/IOTDF_syn.v, 7280
top2maxmin, "DFFSRXL u_compare_128bit_inst1_a_r_reg_118_( .D (n6410),  .CK (u_compare_128bit_inst1_net3965),  .SN (n2093),  .RN (n2094),  .Q (n941));"
  The above instance has fewer port connections than the module definition.
  Please use '+lint=TFIPC-L' to print out detailed information of unconnected 
  ports.


Warning-[TFIPC] Too few instance port connections
../02_SYN/Netlist/IOTDF_syn.v, 7282
top2maxmin, "DFFSRXL u_compare_128bit_inst1_a_r_reg_119_( .D (n6400),  .CK (u_compare_128bit_inst1_net3965),  .SN (n2121),  .RN (n2122),  .QN (u_compare_128bit_inst1_a_r[119]));"
  The above instance has fewer port connections than the module definition.
  Please use '+lint=TFIPC-L' to print out detailed information of unconnected 
  ports.


Warning-[TFIPC] Too few instance port connections
../02_SYN/Netlist/IOTDF_syn.v, 7285
top2maxmin, "DFFSRXL u_compare_128bit_inst1_a_r_reg_120_( .D (n6390),  .CK (u_compare_128bit_inst1_net3965),  .SN (n2149),  .RN (n2150),  .QN (u_compare_128bit_inst1_a_r[120]));"
  The above instance has fewer port connections than the module definition.
  Please use '+lint=TFIPC-L' to print out detailed information of unconnected 
  ports.


Warning-[TFIPC] Too few instance port connections
../02_SYN/Netlist/IOTDF_syn.v, 7288
top2maxmin, "DFFSRXL u_compare_128bit_inst1_a_r_reg_122_( .D (n6370),  .CK (u_compare_128bit_inst1_net3960),  .SN (n2205),  .RN (n2206),  .QN (u_compare_128bit_inst1_a_r[122]));"
  The above instance has fewer port connections than the module definition.
  Please use '+lint=TFIPC-L' to print out detailed information of unconnected 
  ports.


Warning-[TFIPC] Too few instance port connections
../02_SYN/Netlist/IOTDF_syn.v, 7291
top2maxmin, "DFFSRXL u_compare_128bit_inst1_a_r_reg_123_( .D (n6360),  .CK (u_compare_128bit_inst1_net3960),  .SN (n2233),  .RN (n2234),  .QN (u_compare_128bit_inst1_a_r[123]));"
  The above instance has fewer port connections than the module definition.
  Please use '+lint=TFIPC-L' to print out detailed information of unconnected 
  ports.


Warning-[TFIPC] Too few instance port connections
../02_SYN/Netlist/IOTDF_syn.v, 7294
top2maxmin, "DFFSRXL u_compare_128bit_inst1_a_r_reg_124_( .D (n6350),  .CK (u_compare_128bit_inst1_net3960),  .SN (n2261),  .RN (n2262),  .QN (u_compare_128bit_inst1_a_r[124]));"
  The above instance has fewer port connections than the module definition.
  Please use '+lint=TFIPC-L' to print out detailed information of unconnected 
  ports.


Warning-[TFIPC] Too few instance port connections
../02_SYN/Netlist/IOTDF_syn.v, 7297
top2maxmin, "DFFSRXL u_compare_128bit_inst1_a_r_reg_125_( .D (n6340),  .CK (u_compare_128bit_inst1_net3960),  .SN (n2289),  .RN (n2290),  .QN (u_compare_128bit_inst1_a_r[125]));"
  The above instance has fewer port connections than the module definition.
  Please use '+lint=TFIPC-L' to print out detailed information of unconnected 
  ports.


Warning-[TFIPC] Too few instance port connections
../02_SYN/Netlist/IOTDF_syn.v, 7303
top2maxmin, "DFFSRXL u_compare_128bit_inst1_a_r_reg_127_( .D (n941),  .CK (u_compare_128bit_inst1_net3955),  .SN (n2573),  .RN (n2574),  .Q (n4620));"
  The above instance has fewer port connections than the module definition.
  Please use '+lint=TFIPC-L' to print out detailed information of unconnected 
  ports.


Warning-[TFIPC] Too few instance port connections
../02_SYN/Netlist/IOTDF_syn.v, 7305
top2maxmin, "DFFSRXL u_compare_128bit_inst2_a_r_reg_36_( .D (n940),  .CK (u_compare_128bit_inst2_net3711),  .SN (n2337),  .RN (n2338),  .Q (n6330));"
  The above instance has fewer port connections than the module definition.
  Please use '+lint=TFIPC-L' to print out detailed information of unconnected 
  ports.


Warning-[TFIPC] Too few instance port connections
../02_SYN/Netlist/IOTDF_syn.v, 7307
top2maxmin, "DFFSRXL u_compare_128bit_inst2_a_r_reg_38_( .D (n940),  .CK (u_compare_128bit_inst2_net3706),  .SN (n2395),  .RN (n2396),  .Q (n6310));"
  The above instance has fewer port connections than the module definition.
  Please use '+lint=TFIPC-L' to print out detailed information of unconnected 
  ports.


Warning-[TFIPC] Too few instance port connections
../02_SYN/Netlist/IOTDF_syn.v, 7309
top2maxmin, "DFFSRXL u_compare_128bit_inst2_a_r_reg_39_( .D (n940),  .CK (u_compare_128bit_inst2_net3706),  .SN (n2423),  .RN (n2424),  .Q (n6300));"
  The above instance has fewer port connections than the module definition.
  Please use '+lint=TFIPC-L' to print out detailed information of unconnected 
  ports.


Warning-[TFIPC] Too few instance port connections
../02_SYN/Netlist/IOTDF_syn.v, 7311
top2maxmin, "DFFSRXL u_compare_128bit_inst2_a_r_reg_40_( .D (n940),  .CK (u_compare_128bit_inst2_net3706),  .SN (n2451),  .RN (n2452),  .Q (n6290));"
  The above instance has fewer port connections than the module definition.
  Please use '+lint=TFIPC-L' to print out detailed information of unconnected 
  ports.


Warning-[TFIPC] Too few instance port connections
../02_SYN/Netlist/IOTDF_syn.v, 7313
top2maxmin, "DFFSRXL u_compare_128bit_inst2_a_r_reg_41_( .D (n940),  .CK (u_compare_128bit_inst2_net3706),  .SN (n2479),  .RN (n2480),  .Q (n6280));"
  The above instance has fewer port connections than the module definition.
  Please use '+lint=TFIPC-L' to print out detailed information of unconnected 
  ports.


Warning-[TFIPC] Too few instance port connections
../02_SYN/Netlist/IOTDF_syn.v, 7315
top2maxmin, "DFFSRXL u_compare_128bit_inst2_a_r_reg_45_( .D (n6330),  .CK (u_compare_128bit_inst2_net3701),  .SN (n2335),  .RN (n2336),  .Q (n939));"
  The above instance has fewer port connections than the module definition.
  Please use '+lint=TFIPC-L' to print out detailed information of unconnected 
  ports.


Warning-[TFIPC] Too few instance port connections
../02_SYN/Netlist/IOTDF_syn.v, 7317
top2maxmin, "DFFSRXL u_compare_128bit_inst2_a_r_reg_46_( .D (n6320),  .CK (u_compare_128bit_inst2_net3696),  .SN (n2365),  .RN (n2366),  .Q (n938));"
  The above instance has fewer port connections than the module definition.
  Please use '+lint=TFIPC-L' to print out detailed information of unconnected 
  ports.


Warning-[TFIPC] Too few instance port connections
../02_SYN/Netlist/IOTDF_syn.v, 7319
top2maxmin, "DFFSRXL u_compare_128bit_inst2_a_r_reg_47_( .D (n6310),  .CK (u_compare_128bit_inst2_net3696),  .SN (n2393),  .RN (n2394),  .Q (n937));"
  The above instance has fewer port connections than the module definition.
  Please use '+lint=TFIPC-L' to print out detailed information of unconnected 
  ports.


Warning-[TFIPC] Too few instance port connections
../02_SYN/Netlist/IOTDF_syn.v, 7321
top2maxmin, "DFFSRXL u_compare_128bit_inst2_a_r_reg_49_( .D (n6290),  .CK (u_compare_128bit_inst2_net3696),  .SN (n2449),  .RN (n2450),  .Q (n935));"
  The above instance has fewer port connections than the module definition.
  Please use '+lint=TFIPC-L' to print out detailed information of unconnected 
  ports.


Warning-[TFIPC] Too few instance port connections
../02_SYN/Netlist/IOTDF_syn.v, 7323
top2maxmin, "DFFSRXL u_compare_128bit_inst2_a_r_reg_50_( .D (n6280),  .CK (u_compare_128bit_inst2_net3691),  .SN (n2477),  .RN (n2478),  .Q (n934));"
  The above instance has fewer port connections than the module definition.
  Please use '+lint=TFIPC-L' to print out detailed information of unconnected 
  ports.


Warning-[TFIPC] Too few instance port connections
../02_SYN/Netlist/IOTDF_syn.v, 7325
top2maxmin, "DFFSRXL u_compare_128bit_inst2_a_r_reg_51_( .D (n6270),  .CK (u_compare_128bit_inst2_net3691),  .SN (n2505),  .RN (n2506),  .Q (n933));"
  The above instance has fewer port connections than the module definition.
  Please use '+lint=TFIPC-L' to print out detailed information of unconnected 
  ports.


Warning-[TFIPC] Too few instance port connections
../02_SYN/Netlist/IOTDF_syn.v, 7327
top2maxmin, "DFFSRXL u_compare_128bit_inst2_a_r_reg_52_( .D (n6260),  .CK (u_compare_128bit_inst2_net3691),  .SN (n2533),  .RN (n2534),  .Q (n932));"
  The above instance has fewer port connections than the module definition.
  Please use '+lint=TFIPC-L' to print out detailed information of unconnected 
  ports.


Warning-[TFIPC] Too few instance port connections
../02_SYN/Netlist/IOTDF_syn.v, 7329
top2maxmin, "DFFSRXL u_compare_128bit_inst2_a_r_reg_53_( .D (n6250),  .CK (u_compare_128bit_inst2_net3691),  .SN (n2561),  .RN (n2562),  .Q (n931));"
  The above instance has fewer port connections than the module definition.
  Please use '+lint=TFIPC-L' to print out detailed information of unconnected 
  ports.


Warning-[TFIPC] Too few instance port connections
../02_SYN/Netlist/IOTDF_syn.v, 7331
top2maxmin, "DFFSRXL u_compare_128bit_inst2_a_r_reg_54_( .D (n939),  .CK (u_compare_128bit_inst2_net3686),  .SN (n2333),  .RN (n2334),  .Q (n6240));"
  The above instance has fewer port connections than the module definition.
  Please use '+lint=TFIPC-L' to print out detailed information of unconnected 
  ports.


Warning-[TFIPC] Too few instance port connections
../02_SYN/Netlist/IOTDF_syn.v, 7333
top2maxmin, "DFFSRXL u_compare_128bit_inst2_a_r_reg_57_( .D (n936),  .CK (u_compare_128bit_inst2_net3686),  .SN (n2419),  .RN (n2420),  .Q (n6210));"
  The above instance has fewer port connections than the module definition.
  Please use '+lint=TFIPC-L' to print out detailed information of unconnected 
  ports.


Warning-[TFIPC] Too few instance port connections
../02_SYN/Netlist/IOTDF_syn.v, 7335
top2maxmin, "DFFSRXL u_compare_128bit_inst2_a_r_reg_58_( .D (n935),  .CK (u_compare_128bit_inst2_net3681),  .SN (n2447),  .RN (n2448),  .Q (n6200));"
  The above instance has fewer port connections than the module definition.
  Please use '+lint=TFIPC-L' to print out detailed information of unconnected 
  ports.


Warning-[TFIPC] Too few instance port connections
../02_SYN/Netlist/IOTDF_syn.v, 7337
top2maxmin, "DFFSRXL u_compare_128bit_inst2_a_r_reg_59_( .D (n934),  .CK (u_compare_128bit_inst2_net3681),  .SN (n2475),  .RN (n2476),  .Q (n6190));"
  The above instance has fewer port connections than the module definition.
  Please use '+lint=TFIPC-L' to print out detailed information of unconnected 
  ports.


Warning-[TFIPC] Too few instance port connections
../02_SYN/Netlist/IOTDF_syn.v, 7339
top2maxmin, "DFFSRXL u_compare_128bit_inst2_a_r_reg_60_( .D (n933),  .CK (u_compare_128bit_inst2_net3681),  .SN (n2503),  .RN (n2504),  .Q (n6180));"
  The above instance has fewer port connections than the module definition.
  Please use '+lint=TFIPC-L' to print out detailed information of unconnected 
  ports.


Warning-[TFIPC] Too few instance port connections
../02_SYN/Netlist/IOTDF_syn.v, 7341
top2maxmin, "DFFSRXL u_compare_128bit_inst2_a_r_reg_61_( .D (n932),  .CK (u_compare_128bit_inst2_net3681),  .SN (n2531),  .RN (n2532),  .Q (n6170));"
  The above instance has fewer port connections than the module definition.
  Please use '+lint=TFIPC-L' to print out detailed information of unconnected 
  ports.


Warning-[TFIPC] Too few instance port connections
../02_SYN/Netlist/IOTDF_syn.v, 7343
top2maxmin, "DFFSRXL u_compare_128bit_inst2_a_r_reg_62_( .D (n931),  .CK (u_compare_128bit_inst2_net3676),  .SN (n2559),  .RN (n2560),  .Q (n6160));"
  The above instance has fewer port connections than the module definition.
  Please use '+lint=TFIPC-L' to print out detailed information of unconnected 
  ports.


Warning-[TFIPC] Too few instance port connections
../02_SYN/Netlist/IOTDF_syn.v, 7345
top2maxmin, "DFFSRXL u_compare_128bit_inst2_a_r_reg_63_( .D (n6240),  .CK (u_compare_128bit_inst2_net3676),  .SN (n2331),  .RN (n2332),  .Q (n930));"
  The above instance has fewer port connections than the module definition.
  Please use '+lint=TFIPC-L' to print out detailed information of unconnected 
  ports.


Warning-[TFIPC] Too few instance port connections
../02_SYN/Netlist/IOTDF_syn.v, 7347
top2maxmin, "DFFSRXL u_compare_128bit_inst2_a_r_reg_64_( .D (n6230),  .CK (u_compare_128bit_inst2_net3676),  .SN (n2361),  .RN (n2362),  .Q (n929));"
  The above instance has fewer port connections than the module definition.
  Please use '+lint=TFIPC-L' to print out detailed information of unconnected 
  ports.


Warning-[TFIPC] Too few instance port connections
../02_SYN/Netlist/IOTDF_syn.v, 7349
top2maxmin, "DFFSRXL u_compare_128bit_inst2_a_r_reg_66_( .D (n6210),  .CK (u_compare_128bit_inst2_net3671),  .SN (n2417),  .RN (n2418),  .Q (n927));"
  The above instance has fewer port connections than the module definition.
  Please use '+lint=TFIPC-L' to print out detailed information of unconnected 
  ports.


Warning-[TFIPC] Too few instance port connections
../02_SYN/Netlist/IOTDF_syn.v, 7351
top2maxmin, "DFFSRXL u_compare_128bit_inst2_a_r_reg_67_( .D (n6200),  .CK (u_compare_128bit_inst2_net3671),  .SN (n2445),  .RN (n2446),  .Q (n926));"
  The above instance has fewer port connections than the module definition.
  Please use '+lint=TFIPC-L' to print out detailed information of unconnected 
  ports.


Warning-[TFIPC] Too few instance port connections
../02_SYN/Netlist/IOTDF_syn.v, 7353
top2maxmin, "DFFSRXL u_compare_128bit_inst2_a_r_reg_68_( .D (n6190),  .CK (u_compare_128bit_inst2_net3671),  .SN (n2473),  .RN (n2474),  .Q (n925));"
  The above instance has fewer port connections than the module definition.
  Please use '+lint=TFIPC-L' to print out detailed information of unconnected 
  ports.


Warning-[TFIPC] Too few instance port connections
../02_SYN/Netlist/IOTDF_syn.v, 7355
top2maxmin, "DFFSRXL u_compare_128bit_inst2_a_r_reg_69_( .D (n6180),  .CK (u_compare_128bit_inst2_net3671),  .SN (n2501),  .RN (n2502),  .Q (n924));"
  The above instance has fewer port connections than the module definition.
  Please use '+lint=TFIPC-L' to print out detailed information of unconnected 
  ports.


Warning-[TFIPC] Too few instance port connections
../02_SYN/Netlist/IOTDF_syn.v, 7357
top2maxmin, "DFFSRXL u_compare_128bit_inst2_a_r_reg_70_( .D (n6170),  .CK (u_compare_128bit_inst2_net3666),  .SN (n2529),  .RN (n2530),  .Q (n923));"
  The above instance has fewer port connections than the module definition.
  Please use '+lint=TFIPC-L' to print out detailed information of unconnected 
  ports.


Warning-[TFIPC] Too few instance port connections
../02_SYN/Netlist/IOTDF_syn.v, 7359
top2maxmin, "DFFSRXL u_compare_128bit_inst2_a_r_reg_71_( .D (n6160),  .CK (u_compare_128bit_inst2_net3666),  .SN (n2557),  .RN (n2558),  .Q (n922));"
  The above instance has fewer port connections than the module definition.
  Please use '+lint=TFIPC-L' to print out detailed information of unconnected 
  ports.


Warning-[TFIPC] Too few instance port connections
../02_SYN/Netlist/IOTDF_syn.v, 7361
top2maxmin, "DFFSRXL u_compare_128bit_inst2_a_r_reg_72_( .D (n930),  .CK (u_compare_128bit_inst2_net3666),  .SN (n2329),  .RN (n2330),  .Q (n6150));"
  The above instance has fewer port connections than the module definition.
  Please use '+lint=TFIPC-L' to print out detailed information of unconnected 
  ports.


Warning-[TFIPC] Too few instance port connections
../02_SYN/Netlist/IOTDF_syn.v, 7363
top2maxmin, "DFFSRXL u_compare_128bit_inst2_a_r_reg_75_( .D (n927),  .CK (u_compare_128bit_inst2_net3661),  .SN (n2415),  .RN (n2416),  .Q (n6120));"
  The above instance has fewer port connections than the module definition.
  Please use '+lint=TFIPC-L' to print out detailed information of unconnected 
  ports.


Warning-[TFIPC] Too few instance port connections
../02_SYN/Netlist/IOTDF_syn.v, 7365
top2maxmin, "DFFSRXL u_compare_128bit_inst2_a_r_reg_76_( .D (n926),  .CK (u_compare_128bit_inst2_net3661),  .SN (n2443),  .RN (n2444),  .Q (n6110));"
  The above instance has fewer port connections than the module definition.
  Please use '+lint=TFIPC-L' to print out detailed information of unconnected 
  ports.


Warning-[TFIPC] Too few instance port connections
../02_SYN/Netlist/IOTDF_syn.v, 7367
top2maxmin, "DFFSRXL u_compare_128bit_inst2_a_r_reg_77_( .D (n925),  .CK (u_compare_128bit_inst2_net3661),  .SN (n2471),  .RN (n2472),  .Q (n6100));"
  The above instance has fewer port connections than the module definition.
  Please use '+lint=TFIPC-L' to print out detailed information of unconnected 
  ports.


Warning-[TFIPC] Too few instance port connections
../02_SYN/Netlist/IOTDF_syn.v, 7369
top2maxmin, "DFFSRXL u_compare_128bit_inst2_a_r_reg_78_( .D (n924),  .CK (u_compare_128bit_inst2_net3656),  .SN (n2499),  .RN (n2500),  .Q (n6090));"
  The above instance has fewer port connections than the module definition.
  Please use '+lint=TFIPC-L' to print out detailed information of unconnected 
  ports.


Warning-[TFIPC] Too few instance port connections
../02_SYN/Netlist/IOTDF_syn.v, 7371
top2maxmin, "DFFSRXL u_compare_128bit_inst2_a_r_reg_79_( .D (n923),  .CK (u_compare_128bit_inst2_net3656),  .SN (n2527),  .RN (n2528),  .Q (n6080));"
  The above instance has fewer port connections than the module definition.
  Please use '+lint=TFIPC-L' to print out detailed information of unconnected 
  ports.


Warning-[TFIPC] Too few instance port connections
../02_SYN/Netlist/IOTDF_syn.v, 7373
top2maxmin, "DFFSRXL u_compare_128bit_inst2_a_r_reg_80_( .D (n922),  .CK (u_compare_128bit_inst2_net3656),  .SN (n2555),  .RN (n2556),  .Q (n6070));"
  The above instance has fewer port connections than the module definition.
  Please use '+lint=TFIPC-L' to print out detailed information of unconnected 
  ports.


Warning-[TFIPC] Too few instance port connections
../02_SYN/Netlist/IOTDF_syn.v, 7375
top2maxmin, "DFFSRXL u_compare_128bit_inst2_a_r_reg_81_( .D (n6150),  .CK (u_compare_128bit_inst2_net3656),  .SN (n2327),  .RN (n2328),  .Q (n921));"
  The above instance has fewer port connections than the module definition.
  Please use '+lint=TFIPC-L' to print out detailed information of unconnected 
  ports.


Warning-[TFIPC] Too few instance port connections
../02_SYN/Netlist/IOTDF_syn.v, 7377
top2maxmin, "DFFSRXL u_compare_128bit_inst2_a_r_reg_83_( .D (n6130),  .CK (u_compare_128bit_inst2_net3651),  .SN (n2385),  .RN (n2386),  .Q (n919));"
  The above instance has fewer port connections than the module definition.
  Please use '+lint=TFIPC-L' to print out detailed information of unconnected 
  ports.


Warning-[TFIPC] Too few instance port connections
../02_SYN/Netlist/IOTDF_syn.v, 7379
top2maxmin, "DFFSRXL u_compare_128bit_inst2_a_r_reg_84_( .D (n6120),  .CK (u_compare_128bit_inst2_net3651),  .SN (n2413),  .RN (n2414),  .Q (n918));"
  The above instance has fewer port connections than the module definition.
  Please use '+lint=TFIPC-L' to print out detailed information of unconnected 
  ports.


Warning-[TFIPC] Too few instance port connections
../02_SYN/Netlist/IOTDF_syn.v, 7381
top2maxmin, "DFFSRXL u_compare_128bit_inst2_a_r_reg_85_( .D (n6110),  .CK (u_compare_128bit_inst2_net3651),  .SN (n2441),  .RN (n2442),  .Q (n917));"
  The above instance has fewer port connections than the module definition.
  Please use '+lint=TFIPC-L' to print out detailed information of unconnected 
  ports.


Warning-[TFIPC] Too few instance port connections
../02_SYN/Netlist/IOTDF_syn.v, 7383
top2maxmin, "DFFSRXL u_compare_128bit_inst2_a_r_reg_86_( .D (n6100),  .CK (u_compare_128bit_inst2_net3646),  .SN (n2469),  .RN (n2470),  .Q (n916));"
  The above instance has fewer port connections than the module definition.
  Please use '+lint=TFIPC-L' to print out detailed information of unconnected 
  ports.


Warning-[TFIPC] Too few instance port connections
../02_SYN/Netlist/IOTDF_syn.v, 7385
top2maxmin, "DFFSRXL u_compare_128bit_inst2_a_r_reg_87_( .D (n6090),  .CK (u_compare_128bit_inst2_net3646),  .SN (n2497),  .RN (n2498),  .Q (n915));"
  The above instance has fewer port connections than the module definition.
  Please use '+lint=TFIPC-L' to print out detailed information of unconnected 
  ports.


Warning-[TFIPC] Too few instance port connections
../02_SYN/Netlist/IOTDF_syn.v, 7387
top2maxmin, "DFFSRXL u_compare_128bit_inst2_a_r_reg_88_( .D (n6080),  .CK (u_compare_128bit_inst2_net3646),  .SN (n2525),  .RN (n2526),  .Q (n914));"
  The above instance has fewer port connections than the module definition.
  Please use '+lint=TFIPC-L' to print out detailed information of unconnected 
  ports.


Warning-[TFIPC] Too few instance port connections
../02_SYN/Netlist/IOTDF_syn.v, 7389
top2maxmin, "DFFSRXL u_compare_128bit_inst2_a_r_reg_89_( .D (n6070),  .CK (u_compare_128bit_inst2_net3646),  .SN (n2553),  .RN (n2554),  .Q (n913));"
  The above instance has fewer port connections than the module definition.
  Please use '+lint=TFIPC-L' to print out detailed information of unconnected 
  ports.


Warning-[TFIPC] Too few instance port connections
../02_SYN/Netlist/IOTDF_syn.v, 7391
top2maxmin, "DFFSRXL u_compare_128bit_inst2_a_r_reg_90_( .D (n921),  .CK (u_compare_128bit_inst2_net3641),  .SN (n2325),  .RN (n2326),  .Q (n6060));"
  The above instance has fewer port connections than the module definition.
  Please use '+lint=TFIPC-L' to print out detailed information of unconnected 
  ports.


Warning-[TFIPC] Too few instance port connections
../02_SYN/Netlist/IOTDF_syn.v, 7393
top2maxmin, "DFFSRXL u_compare_128bit_inst2_a_r_reg_93_( .D (n918),  .CK (u_compare_128bit_inst2_net3641),  .SN (n2411),  .RN (n2412),  .Q (n6030));"
  The above instance has fewer port connections than the module definition.
  Please use '+lint=TFIPC-L' to print out detailed information of unconnected 
  ports.


Warning-[TFIPC] Too few instance port connections
../02_SYN/Netlist/IOTDF_syn.v, 7395
top2maxmin, "DFFSRXL u_compare_128bit_inst2_a_r_reg_94_( .D (n917),  .CK (u_compare_128bit_inst2_net3636),  .SN (n2439),  .RN (n2440),  .Q (n6020));"
  The above instance has fewer port connections than the module definition.
  Please use '+lint=TFIPC-L' to print out detailed information of unconnected 
  ports.


Warning-[TFIPC] Too few instance port connections
../02_SYN/Netlist/IOTDF_syn.v, 7397
top2maxmin, "DFFSRXL u_compare_128bit_inst2_a_r_reg_95_( .D (n916),  .CK (u_compare_128bit_inst2_net3636),  .SN (n2467),  .RN (n2468),  .Q (n6010));"
  The above instance has fewer port connections than the module definition.
  Please use '+lint=TFIPC-L' to print out detailed information of unconnected 
  ports.


Warning-[TFIPC] Too few instance port connections
../02_SYN/Netlist/IOTDF_syn.v, 7399
top2maxmin, "DFFSRXL u_compare_128bit_inst2_a_r_reg_96_( .D (n915),  .CK (u_compare_128bit_inst2_net3636),  .SN (n2495),  .RN (n2496),  .Q (n6000));"
  The above instance has fewer port connections than the module definition.
  Please use '+lint=TFIPC-L' to print out detailed information of unconnected 
  ports.


Warning-[TFIPC] Too few instance port connections
../02_SYN/Netlist/IOTDF_syn.v, 7401
top2maxmin, "DFFSRXL u_compare_128bit_inst2_a_r_reg_97_( .D (n914),  .CK (u_compare_128bit_inst2_net3636),  .SN (n2523),  .RN (n2524),  .Q (n5990));"
  The above instance has fewer port connections than the module definition.
  Please use '+lint=TFIPC-L' to print out detailed information of unconnected 
  ports.


Warning-[TFIPC] Too few instance port connections
../02_SYN/Netlist/IOTDF_syn.v, 7403
top2maxmin, "DFFSRXL u_compare_128bit_inst2_a_r_reg_98_( .D (n913),  .CK (u_compare_128bit_inst2_net3631),  .SN (n2551),  .RN (n2552),  .Q (n5980));"
  The above instance has fewer port connections than the module definition.
  Please use '+lint=TFIPC-L' to print out detailed information of unconnected 
  ports.


Warning-[TFIPC] Too few instance port connections
../02_SYN/Netlist/IOTDF_syn.v, 7405
top2maxmin, "DFFSRXL u_compare_128bit_inst2_a_r_reg_100_( .D (n6050),  .CK (u_compare_128bit_inst2_net3631),  .SN (n2353),  .RN (n2354),  .Q (n911));"
  The above instance has fewer port connections than the module definition.
  Please use '+lint=TFIPC-L' to print out detailed information of unconnected 
  ports.


Warning-[TFIPC] Too few instance port connections
../02_SYN/Netlist/IOTDF_syn.v, 7407
top2maxmin, "DFFSRXL u_compare_128bit_inst2_a_r_reg_101_( .D (n6040),  .CK (u_compare_128bit_inst2_net3631),  .SN (n2381),  .RN (n2382),  .Q (n910));"
  The above instance has fewer port connections than the module definition.
  Please use '+lint=TFIPC-L' to print out detailed information of unconnected 
  ports.


Warning-[TFIPC] Too few instance port connections
../02_SYN/Netlist/IOTDF_syn.v, 7409
top2maxmin, "DFFSRXL u_compare_128bit_inst2_a_r_reg_102_( .D (n6030),  .CK (u_compare_128bit_inst2_net3626),  .SN (n2409),  .RN (n2410),  .Q (n909));"
  The above instance has fewer port connections than the module definition.
  Please use '+lint=TFIPC-L' to print out detailed information of unconnected 
  ports.


Warning-[TFIPC] Too few instance port connections
../02_SYN/Netlist/IOTDF_syn.v, 7411
top2maxmin, "DFFSRXL u_compare_128bit_inst2_a_r_reg_103_( .D (n6020),  .CK (u_compare_128bit_inst2_net3626),  .SN (n2437),  .RN (n2438),  .Q (n908));"
  The above instance has fewer port connections than the module definition.
  Please use '+lint=TFIPC-L' to print out detailed information of unconnected 
  ports.


Warning-[TFIPC] Too few instance port connections
../02_SYN/Netlist/IOTDF_syn.v, 7413
top2maxmin, "DFFSRXL u_compare_128bit_inst2_a_r_reg_104_( .D (n6010),  .CK (u_compare_128bit_inst2_net3626),  .SN (n2465),  .RN (n2466),  .Q (n907));"
  The above instance has fewer port connections than the module definition.
  Please use '+lint=TFIPC-L' to print out detailed information of unconnected 
  ports.


Warning-[TFIPC] Too few instance port connections
../02_SYN/Netlist/IOTDF_syn.v, 7415
top2maxmin, "DFFSRXL u_compare_128bit_inst2_a_r_reg_105_( .D (n6000),  .CK (u_compare_128bit_inst2_net3626),  .SN (n2493),  .RN (n2494),  .Q (n906));"
  The above instance has fewer port connections than the module definition.
  Please use '+lint=TFIPC-L' to print out detailed information of unconnected 
  ports.


Warning-[TFIPC] Too few instance port connections
../02_SYN/Netlist/IOTDF_syn.v, 7417
top2maxmin, "DFFSRXL u_compare_128bit_inst2_a_r_reg_106_( .D (n5990),  .CK (u_compare_128bit_inst2_net3621),  .SN (n2521),  .RN (n2522),  .Q (n905));"
  The above instance has fewer port connections than the module definition.
  Please use '+lint=TFIPC-L' to print out detailed information of unconnected 
  ports.


Warning-[TFIPC] Too few instance port connections
../02_SYN/Netlist/IOTDF_syn.v, 7419
top2maxmin, "DFFSRXL u_compare_128bit_inst2_a_r_reg_107_( .D (n5980),  .CK (u_compare_128bit_inst2_net3621),  .SN (n2549),  .RN (n2550),  .Q (n904));"
  The above instance has fewer port connections than the module definition.
  Please use '+lint=TFIPC-L' to print out detailed information of unconnected 
  ports.


Warning-[TFIPC] Too few instance port connections
../02_SYN/Netlist/IOTDF_syn.v, 7421
top2maxmin, "DFFSRXL u_compare_128bit_inst2_a_r_reg_108_( .D (n912),  .CK (u_compare_128bit_inst2_net3621),  .SN (n2321),  .RN (n2322),  .Q (n5970));"
  The above instance has fewer port connections than the module definition.
  Please use '+lint=TFIPC-L' to print out detailed information of unconnected 
  ports.


Warning-[TFIPC] Too few instance port connections
../02_SYN/Netlist/IOTDF_syn.v, 7423
top2maxmin, "DFFSRXL u_compare_128bit_inst2_a_r_reg_109_( .D (n911),  .CK (u_compare_128bit_inst2_net3621),  .SN (n2351),  .RN (n2352),  .Q (n5960));"
  The above instance has fewer port connections than the module definition.
  Please use '+lint=TFIPC-L' to print out detailed information of unconnected 
  ports.


Warning-[TFIPC] Too few instance port connections
../02_SYN/Netlist/IOTDF_syn.v, 7425
top2maxmin, "DFFSRXL u_compare_128bit_inst2_a_r_reg_110_( .D (n910),  .CK (u_compare_128bit_inst2_net3616),  .SN (n2379),  .RN (n2380),  .Q (n5950));"
  The above instance has fewer port connections than the module definition.
  Please use '+lint=TFIPC-L' to print out detailed information of unconnected 
  ports.


Warning-[TFIPC] Too few instance port connections
../02_SYN/Netlist/IOTDF_syn.v, 7427
top2maxmin, "DFFSRXL u_compare_128bit_inst2_a_r_reg_111_( .D (n909),  .CK (u_compare_128bit_inst2_net3616),  .SN (n2407),  .RN (n2408),  .Q (n5940));"
  The above instance has fewer port connections than the module definition.
  Please use '+lint=TFIPC-L' to print out detailed information of unconnected 
  ports.


Warning-[TFIPC] Too few instance port connections
../02_SYN/Netlist/IOTDF_syn.v, 7429
top2maxmin, "DFFSRXL u_compare_128bit_inst2_a_r_reg_112_( .D (n908),  .CK (u_compare_128bit_inst2_net3616),  .SN (n2435),  .RN (n2436),  .Q (n5930));"
  The above instance has fewer port connections than the module definition.
  Please use '+lint=TFIPC-L' to print out detailed information of unconnected 
  ports.


Warning-[TFIPC] Too few instance port connections
../02_SYN/Netlist/IOTDF_syn.v, 7431
top2maxmin, "DFFSRXL u_compare_128bit_inst2_a_r_reg_113_( .D (n907),  .CK (u_compare_128bit_inst2_net3616),  .SN (n2463),  .RN (n2464),  .Q (n5920));"
  The above instance has fewer port connections than the module definition.
  Please use '+lint=TFIPC-L' to print out detailed information of unconnected 
  ports.


Warning-[TFIPC] Too few instance port connections
../02_SYN/Netlist/IOTDF_syn.v, 7433
top2maxmin, "DFFSRXL u_compare_128bit_inst2_a_r_reg_115_( .D (n905),  .CK (u_compare_128bit_inst2_net3611),  .SN (n2519),  .RN (n2520),  .Q (n5900));"
  The above instance has fewer port connections than the module definition.
  Please use '+lint=TFIPC-L' to print out detailed information of unconnected 
  ports.


Warning-[TFIPC] Too few instance port connections
../02_SYN/Netlist/IOTDF_syn.v, 7435
top2maxmin, "DFFSRXL u_compare_128bit_inst2_a_r_reg_116_( .D (n904),  .CK (u_compare_128bit_inst2_net3611),  .SN (n2547),  .RN (n2548),  .Q (n5890));"
  The above instance has fewer port connections than the module definition.
  Please use '+lint=TFIPC-L' to print out detailed information of unconnected 
  ports.


Warning-[TFIPC] Too few instance port connections
../02_SYN/Netlist/IOTDF_syn.v, 7437
top2maxmin, "DFFSRXL u_compare_128bit_inst2_a_r_reg_117_( .D (n5970),  .CK (u_compare_128bit_inst2_net3611),  .SN (n2319),  .RN (n2320),  .Q (n903));"
  The above instance has fewer port connections than the module definition.
  Please use '+lint=TFIPC-L' to print out detailed information of unconnected 
  ports.


Warning-[TFIPC] Too few instance port connections
../02_SYN/Netlist/IOTDF_syn.v, 7439
top2maxmin, "DFFSRXL u_compare_128bit_inst2_a_r_reg_118_( .D (n5960),  .CK (u_compare_128bit_inst2_net3606),  .SN (n2349),  .RN (n2350),  .Q (n902));"
  The above instance has fewer port connections than the module definition.
  Please use '+lint=TFIPC-L' to print out detailed information of unconnected 
  ports.


Warning-[TFIPC] Too few instance port connections
../02_SYN/Netlist/IOTDF_syn.v, 7441
top2maxmin, "DFFSRXL u_compare_128bit_inst2_a_r_reg_119_( .D (n5950),  .CK (u_compare_128bit_inst2_net3606),  .SN (n2377),  .RN (n2378),  .QN (u_compare_128bit_inst2_a_r[119]));"
  The above instance has fewer port connections than the module definition.
  Please use '+lint=TFIPC-L' to print out detailed information of unconnected 
  ports.


Warning-[TFIPC] Too few instance port connections
../02_SYN/Netlist/IOTDF_syn.v, 7444
top2maxmin, "DFFSRXL u_compare_128bit_inst2_a_r_reg_120_( .D (n5940),  .CK (u_compare_128bit_inst2_net3606),  .SN (n2405),  .RN (n2406),  .QN (u_compare_128bit_inst2_a_r[120]));"
  The above instance has fewer port connections than the module definition.
  Please use '+lint=TFIPC-L' to print out detailed information of unconnected 
  ports.


Warning-[TFIPC] Too few instance port connections
../02_SYN/Netlist/IOTDF_syn.v, 7447
top2maxmin, "DFFSRXL u_compare_128bit_inst2_a_r_reg_121_( .D (n5930),  .CK (u_compare_128bit_inst2_net3606),  .SN (n2433),  .RN (n2434),  .QN (u_compare_128bit_inst2_a_r[121]));"
  The above instance has fewer port connections than the module definition.
  Please use '+lint=TFIPC-L' to print out detailed information of unconnected 
  ports.


Warning-[TFIPC] Too few instance port connections
../02_SYN/Netlist/IOTDF_syn.v, 7450
top2maxmin, "DFFSRXL u_compare_128bit_inst2_a_r_reg_122_( .D (n5920),  .CK (u_compare_128bit_inst2_net3601),  .SN (n2461),  .RN (n2462),  .QN (u_compare_128bit_inst2_a_r[122]));"
  The above instance has fewer port connections than the module definition.
  Please use '+lint=TFIPC-L' to print out detailed information of unconnected 
  ports.


Warning-[TFIPC] Too few instance port connections
../02_SYN/Netlist/IOTDF_syn.v, 7453
top2maxmin, "DFFSRXL u_compare_128bit_inst2_a_r_reg_123_( .D (n5910),  .CK (u_compare_128bit_inst2_net3601),  .SN (n2489),  .RN (n2490),  .QN (u_compare_128bit_inst2_a_r[123]));"
  The above instance has fewer port connections than the module definition.
  Please use '+lint=TFIPC-L' to print out detailed information of unconnected 
  ports.


Warning-[TFIPC] Too few instance port connections
../02_SYN/Netlist/IOTDF_syn.v, 7456
top2maxmin, "DFFSRXL u_compare_128bit_inst2_a_r_reg_124_( .D (n5900),  .CK (u_compare_128bit_inst2_net3601),  .SN (n2517),  .RN (n2518),  .QN (u_compare_128bit_inst2_a_r[124]));"
  The above instance has fewer port connections than the module definition.
  Please use '+lint=TFIPC-L' to print out detailed information of unconnected 
  ports.


Warning-[TFIPC] Too few instance port connections
../02_SYN/Netlist/IOTDF_syn.v, 7459
top2maxmin, "DFFSRXL u_compare_128bit_inst2_a_r_reg_125_( .D (n5890),  .CK (u_compare_128bit_inst2_net3601),  .SN (n2545),  .RN (n2546),  .QN (u_compare_128bit_inst2_a_r[125]));"
  The above instance has fewer port connections than the module definition.
  Please use '+lint=TFIPC-L' to print out detailed information of unconnected 
  ports.


Warning-[TFIPC] Too few instance port connections
../02_SYN/Netlist/IOTDF_syn.v, 7462
top2maxmin, "DFFSX1 u_compare_128bit_inst2_comparing_reg( .D (n2832),  .CK (u_compare_128bit_inst2_net3536),  .SN (n61),  .Q (u_compare_128bit_inst2_comparing));"
  The above instance has fewer port connections than the module definition.
  Please use '+lint=TFIPC-L' to print out detailed information of unconnected 
  ports.


Warning-[TFIPC] Too few instance port connections
../02_SYN/Netlist/IOTDF_syn.v, 7465
top2maxmin, "DFFSX1 u_compare_128bit_inst1_comparing_reg( .D (n2831),  .CK (u_compare_128bit_inst1_net4115),  .SN (n61),  .Q (u_compare_128bit_inst1_comparing));"
  The above instance has fewer port connections than the module definition.
  Please use '+lint=TFIPC-L' to print out detailed information of unconnected 
  ports.


Warning-[TFIPC] Too few instance port connections
../02_SYN/Netlist/IOTDF_syn.v, 7468
top2maxmin, "DFFRX1 u_compare_128bit_inst2_less_reg( .D (n7380),  .CK (u_compare_128bit_inst1_net3895),  .RN (n1060),  .Q (u_compare_128bit_inst2_less));"
  The above instance has fewer port connections than the module definition.
  Please use '+lint=TFIPC-L' to print out detailed information of unconnected 
  ports.


Warning-[TFIPC] Too few instance port connections
../02_SYN/Netlist/IOTDF_syn.v, 7471
top2maxmin, "DFFRX1 u_compare_128bit_inst1_less_reg( .D (n7360),  .CK (u_compare_128bit_inst1_net4115),  .RN (n1060),  .Q (u_compare_128bit_inst1_less));"
  The above instance has fewer port connections than the module definition.
  Please use '+lint=TFIPC-L' to print out detailed information of unconnected 
  ports.


Warning-[TFIPC] Too few instance port connections
../02_SYN/Netlist/IOTDF_syn.v, 7474
top2maxmin, "DFFSRX1 u_compare_128bit_inst1_b_r_reg_36_( .D (n27),  .CK (u_compare_128bit_inst1_net3895),  .SN (n2757),  .RN (n2758),  .Q (n7700));"
  The above instance has fewer port connections than the module definition.
  Please use '+lint=TFIPC-L' to print out detailed information of unconnected 
  ports.


Warning-[TFIPC] Too few instance port connections
../02_SYN/Netlist/IOTDF_syn.v, 7476
top2maxmin, "DFFSRX1 u_compare_128bit_inst1_b_r_reg_37_( .D (n27),  .CK (u_compare_128bit_inst1_net3895),  .SN (n2755),  .RN (n2756),  .Q (n7690));"
  The above instance has fewer port connections than the module definition.
  Please use '+lint=TFIPC-L' to print out detailed information of unconnected 
  ports.


Warning-[TFIPC] Too few instance port connections
../02_SYN/Netlist/IOTDF_syn.v, 7478
top2maxmin, "DFFSRX1 u_compare_128bit_inst1_b_r_reg_39_( .D (n27),  .CK (u_compare_128bit_inst1_net3890),  .SN (n2751),  .RN (n2752),  .Q (n7670));"
  The above instance has fewer port connections than the module definition.
  Please use '+lint=TFIPC-L' to print out detailed information of unconnected 
  ports.


Warning-[TFIPC] Too few instance port connections
../02_SYN/Netlist/IOTDF_syn.v, 7480
top2maxmin, "DFFSRX1 u_compare_128bit_inst1_b_r_reg_40_( .D (n27),  .CK (u_compare_128bit_inst1_net3890),  .SN (n2749),  .RN (n2750),  .Q (n7660));"
  The above instance has fewer port connections than the module definition.
  Please use '+lint=TFIPC-L' to print out detailed information of unconnected 
  ports.


Warning-[TFIPC] Too few instance port connections
../02_SYN/Netlist/IOTDF_syn.v, 7482
top2maxmin, "DFFSRX1 u_compare_128bit_inst1_b_r_reg_41_( .D (n27),  .CK (u_compare_128bit_inst1_net3890),  .SN (n2747),  .RN (n2748),  .Q (n7650));"
  The above instance has fewer port connections than the module definition.
  Please use '+lint=TFIPC-L' to print out detailed information of unconnected 
  ports.


Warning-[TFIPC] Too few instance port connections
../02_SYN/Netlist/IOTDF_syn.v, 7484
top2maxmin, "DFFSRX1 u_compare_128bit_inst1_b_r_reg_42_( .D (n27),  .CK (u_compare_128bit_inst1_net3890),  .SN (n2745),  .RN (n2746),  .Q (n7640));"
  The above instance has fewer port connections than the module definition.
  Please use '+lint=TFIPC-L' to print out detailed information of unconnected 
  ports.


Warning-[TFIPC] Too few instance port connections
../02_SYN/Netlist/IOTDF_syn.v, 7486
top2maxmin, "DFFSRX1 u_compare_128bit_inst1_b_r_reg_43_( .D (n27),  .CK (u_compare_128bit_inst1_net3885),  .SN (n2743),  .RN (n2744),  .Q (n7630));"
  The above instance has fewer port connections than the module definition.
  Please use '+lint=TFIPC-L' to print out detailed information of unconnected 
  ports.


Warning-[TFIPC] Too few instance port connections
../02_SYN/Netlist/IOTDF_syn.v, 7488
top2maxmin, "DFFSRX1 u_compare_128bit_inst1_b_r_reg_44_( .D (n27),  .CK (u_compare_128bit_inst1_net3885),  .SN (n2741),  .RN (n2742),  .Q (n7620));"
  The above instance has fewer port connections than the module definition.
  Please use '+lint=TFIPC-L' to print out detailed information of unconnected 
  ports.


Warning-[TFIPC] Too few instance port connections
../02_SYN/Netlist/IOTDF_syn.v, 7490
top2maxmin, "DFFSRX1 u_compare_128bit_inst1_b_r_reg_54_( .D (n1056),  .CK (u_compare_128bit_inst1_net3875),  .SN (n2721),  .RN (n2722),  .Q (n7610));"
  The above instance has fewer port connections than the module definition.
  Please use '+lint=TFIPC-L' to print out detailed information of unconnected 
  ports.


Warning-[TFIPC] Too few instance port connections
../02_SYN/Netlist/IOTDF_syn.v, 7492
top2maxmin, "DFFSRX1 u_compare_128bit_inst1_b_r_reg_61_( .D (n1049),  .CK (u_compare_128bit_inst1_net3865),  .SN (n2707),  .RN (n2708),  .Q (n7540));"
  The above instance has fewer port connections than the module definition.
  Please use '+lint=TFIPC-L' to print out detailed information of unconnected 
  ports.


Warning-[TFIPC] Too few instance port connections
../02_SYN/Netlist/IOTDF_syn.v, 7494
top2maxmin, "DFFSRX1 u_compare_128bit_inst1_b_r_reg_62_( .D (n1048),  .CK (u_compare_128bit_inst1_net3865),  .SN (n2705),  .RN (n2706),  .Q (n7530));"
  The above instance has fewer port connections than the module definition.
  Please use '+lint=TFIPC-L' to print out detailed information of unconnected 
  ports.


Warning-[TFIPC] Too few instance port connections
../02_SYN/Netlist/IOTDF_syn.v, 7496
top2maxmin, "DFFSRX1 u_compare_128bit_inst1_b_r_reg_72_( .D (n1047),  .CK (u_compare_128bit_inst1_net3850),  .SN (n2685),  .RN (n2686),  .Q (n7520));"
  The above instance has fewer port connections than the module definition.
  Please use '+lint=TFIPC-L' to print out detailed information of unconnected 
  ports.


Warning-[TFIPC] Too few instance port connections
../02_SYN/Netlist/IOTDF_syn.v, 7498
top2maxmin, "DFFSRX1 u_compare_128bit_inst1_b_r_reg_73_( .D (n1046),  .CK (u_compare_128bit_inst1_net3850),  .SN (n2683),  .RN (n2684),  .Q (n7510));"
  The above instance has fewer port connections than the module definition.
  Please use '+lint=TFIPC-L' to print out detailed information of unconnected 
  ports.


Warning-[TFIPC] Too few instance port connections
../02_SYN/Netlist/IOTDF_syn.v, 7500
top2maxmin, "DFFSRX1 u_compare_128bit_inst1_b_r_reg_74_( .D (n1045),  .CK (u_compare_128bit_inst1_net3850),  .SN (n2681),  .RN (n2682),  .Q (n7500));"
  The above instance has fewer port connections than the module definition.
  Please use '+lint=TFIPC-L' to print out detailed information of unconnected 
  ports.


Warning-[TFIPC] Too few instance port connections
../02_SYN/Netlist/IOTDF_syn.v, 7502
top2maxmin, "DFFSRX1 u_compare_128bit_inst1_b_r_reg_75_( .D (n1044),  .CK (u_compare_128bit_inst1_net3845),  .SN (n2679),  .RN (n2680),  .Q (n7490));"
  The above instance has fewer port connections than the module definition.
  Please use '+lint=TFIPC-L' to print out detailed information of unconnected 
  ports.


Warning-[TFIPC] Too few instance port connections
../02_SYN/Netlist/IOTDF_syn.v, 7504
top2maxmin, "DFFSRX1 u_compare_128bit_inst1_b_r_reg_76_( .D (n1043),  .CK (u_compare_128bit_inst1_net3845),  .SN (n2677),  .RN (n2678),  .Q (n7480));"
  The above instance has fewer port connections than the module definition.
  Please use '+lint=TFIPC-L' to print out detailed information of unconnected 
  ports.


Warning-[TFIPC] Too few instance port connections
../02_SYN/Netlist/IOTDF_syn.v, 7506
top2maxmin, "DFFSRX1 u_compare_128bit_inst1_b_r_reg_77_( .D (n1042),  .CK (u_compare_128bit_inst1_net3845),  .SN (n2675),  .RN (n2676),  .Q (n7470));"
  The above instance has fewer port connections than the module definition.
  Please use '+lint=TFIPC-L' to print out detailed information of unconnected 
  ports.


Warning-[TFIPC] Too few instance port connections
../02_SYN/Netlist/IOTDF_syn.v, 7508
top2maxmin, "DFFSRX1 u_compare_128bit_inst1_b_r_reg_78_( .D (n1041),  .CK (u_compare_128bit_inst1_net3845),  .SN (n2673),  .RN (n2674),  .Q (n7460));"
  The above instance has fewer port connections than the module definition.
  Please use '+lint=TFIPC-L' to print out detailed information of unconnected 
  ports.


Warning-[TFIPC] Too few instance port connections
../02_SYN/Netlist/IOTDF_syn.v, 7510
top2maxmin, "DFFSRX1 u_compare_128bit_inst1_b_r_reg_79_( .D (n1040),  .CK (u_compare_128bit_inst1_net3840),  .SN (n2671),  .RN (n2672),  .Q (n7450));"
  The above instance has fewer port connections than the module definition.
  Please use '+lint=TFIPC-L' to print out detailed information of unconnected 
  ports.


Warning-[TFIPC] Too few instance port connections
../02_SYN/Netlist/IOTDF_syn.v, 7512
top2maxmin, "DFFSRX1 u_compare_128bit_inst1_b_r_reg_80_( .D (n1039),  .CK (u_compare_128bit_inst1_net3840),  .SN (n2669),  .RN (n2670),  .Q (n7440));"
  The above instance has fewer port connections than the module definition.
  Please use '+lint=TFIPC-L' to print out detailed information of unconnected 
  ports.


Warning-[TFIPC] Too few instance port connections
../02_SYN/Netlist/IOTDF_syn.v, 7514
top2maxmin, "DFFSRX1 u_compare_128bit_inst2_b_r_reg_36_( .D (n1018),  .CK (u_compare_128bit_inst2_net3536),  .SN (n2757),  .RN (n2758),  .Q (n7230));"
  The above instance has fewer port connections than the module definition.
  Please use '+lint=TFIPC-L' to print out detailed information of unconnected 
  ports.


Warning-[TFIPC] Too few instance port connections
../02_SYN/Netlist/IOTDF_syn.v, 7516
top2maxmin, "DFFSRX1 u_compare_128bit_inst2_b_r_reg_37_( .D (n1018),  .CK (u_compare_128bit_inst2_net3536),  .SN (n2755),  .RN (n2756),  .Q (n7220));"
  The above instance has fewer port connections than the module definition.
  Please use '+lint=TFIPC-L' to print out detailed information of unconnected 
  ports.


Warning-[TFIPC] Too few instance port connections
../02_SYN/Netlist/IOTDF_syn.v, 7518
top2maxmin, "DFFSRX1 u_compare_128bit_inst2_b_r_reg_38_( .D (n1018),  .CK (u_compare_128bit_inst2_net3536),  .SN (n2753),  .RN (n2754),  .Q (n7210));"
  The above instance has fewer port connections than the module definition.
  Please use '+lint=TFIPC-L' to print out detailed information of unconnected 
  ports.


Warning-[TFIPC] Too few instance port connections
../02_SYN/Netlist/IOTDF_syn.v, 7520
top2maxmin, "DFFSRX1 u_compare_128bit_inst2_b_r_reg_39_( .D (n1018),  .CK (u_compare_128bit_inst2_net3531),  .SN (n2751),  .RN (n2752),  .Q (n7200));"
  The above instance has fewer port connections than the module definition.
  Please use '+lint=TFIPC-L' to print out detailed information of unconnected 
  ports.


Warning-[TFIPC] Too few instance port connections
../02_SYN/Netlist/IOTDF_syn.v, 7522
top2maxmin, "DFFSRX1 u_compare_128bit_inst2_b_r_reg_40_( .D (n1018),  .CK (u_compare_128bit_inst2_net3531),  .SN (n2749),  .RN (n2750),  .Q (n7190));"
  The above instance has fewer port connections than the module definition.
  Please use '+lint=TFIPC-L' to print out detailed information of unconnected 
  ports.


Warning-[TFIPC] Too few instance port connections
../02_SYN/Netlist/IOTDF_syn.v, 7524
top2maxmin, "DFFSRX1 u_compare_128bit_inst2_b_r_reg_41_( .D (n1018),  .CK (u_compare_128bit_inst2_net3531),  .SN (n2747),  .RN (n2748),  .Q (n7180));"
  The above instance has fewer port connections than the module definition.
  Please use '+lint=TFIPC-L' to print out detailed information of unconnected 
  ports.


Warning-[TFIPC] Too few instance port connections
../02_SYN/Netlist/IOTDF_syn.v, 7526
top2maxmin, "DFFSRX1 u_compare_128bit_inst2_b_r_reg_42_( .D (n1018),  .CK (u_compare_128bit_inst2_net3531),  .SN (n2745),  .RN (n2746),  .Q (n7170));"
  The above instance has fewer port connections than the module definition.
  Please use '+lint=TFIPC-L' to print out detailed information of unconnected 
  ports.


Warning-[TFIPC] Too few instance port connections
../02_SYN/Netlist/IOTDF_syn.v, 7528
top2maxmin, "DFFSRX1 u_compare_128bit_inst2_b_r_reg_43_( .D (n1018),  .CK (u_compare_128bit_inst2_net3526),  .SN (n2743),  .RN (n2744),  .Q (n7160));"
  The above instance has fewer port connections than the module definition.
  Please use '+lint=TFIPC-L' to print out detailed information of unconnected 
  ports.


Warning-[TFIPC] Too few instance port connections
../02_SYN/Netlist/IOTDF_syn.v, 7530
top2maxmin, "DFFSRX1 u_compare_128bit_inst2_b_r_reg_44_( .D (n1018),  .CK (u_compare_128bit_inst2_net3526),  .SN (n2741),  .RN (n2742),  .Q (n7150));"
  The above instance has fewer port connections than the module definition.
  Please use '+lint=TFIPC-L' to print out detailed information of unconnected 
  ports.


Warning-[TFIPC] Too few instance port connections
../02_SYN/Netlist/IOTDF_syn.v, 7532
top2maxmin, "DFFSRX1 u_compare_128bit_inst2_b_r_reg_54_( .D (n1017),  .CK (u_compare_128bit_inst2_net3516),  .SN (n2721),  .RN (n2722),  .Q (n7140));"
  The above instance has fewer port connections than the module definition.
  Please use '+lint=TFIPC-L' to print out detailed information of unconnected 
  ports.


Warning-[TFIPC] Too few instance port connections
../02_SYN/Netlist/IOTDF_syn.v, 7534
top2maxmin, "DFFSRX1 u_compare_128bit_inst2_b_r_reg_61_( .D (n1010),  .CK (u_compare_128bit_inst2_net3506),  .SN (n2707),  .RN (n2708),  .Q (n7070));"
  The above instance has fewer port connections than the module definition.
  Please use '+lint=TFIPC-L' to print out detailed information of unconnected 
  ports.


Warning-[TFIPC] Too few instance port connections
../02_SYN/Netlist/IOTDF_syn.v, 7536
top2maxmin, "DFFSRX1 u_compare_128bit_inst2_b_r_reg_62_( .D (n1009),  .CK (u_compare_128bit_inst2_net3506),  .SN (n2705),  .RN (n2706),  .Q (n7060));"
  The above instance has fewer port connections than the module definition.
  Please use '+lint=TFIPC-L' to print out detailed information of unconnected 
  ports.


Warning-[TFIPC] Too few instance port connections
../02_SYN/Netlist/IOTDF_syn.v, 7538
top2maxmin, "DFFSRX1 u_compare_128bit_inst2_b_r_reg_72_( .D (n1008),  .CK (u_compare_128bit_inst2_net3491),  .SN (n2685),  .RN (n2686),  .Q (n7050));"
  The above instance has fewer port connections than the module definition.
  Please use '+lint=TFIPC-L' to print out detailed information of unconnected 
  ports.


Warning-[TFIPC] Too few instance port connections
../02_SYN/Netlist/IOTDF_syn.v, 7540
top2maxmin, "DFFSRX1 u_compare_128bit_inst2_b_r_reg_73_( .D (n1007),  .CK (u_compare_128bit_inst2_net3491),  .SN (n2683),  .RN (n2684),  .Q (n7040));"
  The above instance has fewer port connections than the module definition.
  Please use '+lint=TFIPC-L' to print out detailed information of unconnected 
  ports.


Warning-[TFIPC] Too few instance port connections
../02_SYN/Netlist/IOTDF_syn.v, 7542
top2maxmin, "DFFSRX1 u_compare_128bit_inst2_b_r_reg_74_( .D (n1006),  .CK (u_compare_128bit_inst2_net3491),  .SN (n2681),  .RN (n2682),  .Q (n7030));"
  The above instance has fewer port connections than the module definition.
  Please use '+lint=TFIPC-L' to print out detailed information of unconnected 
  ports.


Warning-[TFIPC] Too few instance port connections
../02_SYN/Netlist/IOTDF_syn.v, 7544
top2maxmin, "DFFSRX1 u_compare_128bit_inst2_b_r_reg_75_( .D (n1005),  .CK (u_compare_128bit_inst2_net3486),  .SN (n2679),  .RN (n2680),  .Q (n7020));"
  The above instance has fewer port connections than the module definition.
  Please use '+lint=TFIPC-L' to print out detailed information of unconnected 
  ports.


Warning-[TFIPC] Too few instance port connections
../02_SYN/Netlist/IOTDF_syn.v, 7546
top2maxmin, "DFFSRX1 u_compare_128bit_inst2_b_r_reg_76_( .D (n1004),  .CK (u_compare_128bit_inst2_net3486),  .SN (n2677),  .RN (n2678),  .Q (n7010));"
  The above instance has fewer port connections than the module definition.
  Please use '+lint=TFIPC-L' to print out detailed information of unconnected 
  ports.


Warning-[TFIPC] Too few instance port connections
../02_SYN/Netlist/IOTDF_syn.v, 7548
top2maxmin, "DFFSRX1 u_compare_128bit_inst2_b_r_reg_77_( .D (n1003),  .CK (u_compare_128bit_inst2_net3486),  .SN (n2675),  .RN (n2676),  .Q (n7000));"
  The above instance has fewer port connections than the module definition.
  Please use '+lint=TFIPC-L' to print out detailed information of unconnected 
  ports.


Warning-[TFIPC] Too few instance port connections
../02_SYN/Netlist/IOTDF_syn.v, 7550
top2maxmin, "DFFSRX1 u_compare_128bit_inst2_b_r_reg_78_( .D (n1002),  .CK (u_compare_128bit_inst2_net3486),  .SN (n2673),  .RN (n2674),  .Q (n6990));"
  The above instance has fewer port connections than the module definition.
  Please use '+lint=TFIPC-L' to print out detailed information of unconnected 
  ports.


Warning-[TFIPC] Too few instance port connections
../02_SYN/Netlist/IOTDF_syn.v, 7552
top2maxmin, "DFFSRX1 u_compare_128bit_inst2_b_r_reg_79_( .D (n1001),  .CK (u_compare_128bit_inst2_net3481),  .SN (n2671),  .RN (n2672),  .Q (n6980));"
  The above instance has fewer port connections than the module definition.
  Please use '+lint=TFIPC-L' to print out detailed information of unconnected 
  ports.


Warning-[TFIPC] Too few instance port connections
../02_SYN/Netlist/IOTDF_syn.v, 7554
top2maxmin, "DFFSRX1 u_compare_128bit_inst2_b_r_reg_80_( .D (n1000),  .CK (u_compare_128bit_inst2_net3481),  .SN (n2669),  .RN (n2670),  .Q (n6970));"
  The above instance has fewer port connections than the module definition.
  Please use '+lint=TFIPC-L' to print out detailed information of unconnected 
  ports.


Warning-[TFIPC] Too few instance port connections
../02_SYN/Netlist/IOTDF_syn.v, 7556
top2maxmin, "DFFSRX1 u_compare_128bit_inst2_a_r_reg_55_( .D (n938),  .CK (u_compare_128bit_inst2_net3686),  .SN (n2363),  .RN (n2364),  .Q (n6230));"
  The above instance has fewer port connections than the module definition.
  Please use '+lint=TFIPC-L' to print out detailed information of unconnected 
  ports.


Warning-[TFIPC] Too few instance port connections
../02_SYN/Netlist/IOTDF_syn.v, 7558
top2maxmin, "DFFSRX1 u_compare_128bit_inst2_a_r_reg_56_( .D (n937),  .CK (u_compare_128bit_inst2_net3686),  .SN (n2391),  .RN (n2392),  .Q (n6220));"
  The above instance has fewer port connections than the module definition.
  Please use '+lint=TFIPC-L' to print out detailed information of unconnected 
  ports.


Warning-[TFIPC] Too few instance port connections
../02_SYN/Netlist/IOTDF_syn.v, 7560
top2maxmin, "DFFSRX1 u_compare_128bit_inst2_a_r_reg_73_( .D (n929),  .CK (u_compare_128bit_inst2_net3666),  .SN (n2359),  .RN (n2360),  .Q (n6140));"
  The above instance has fewer port connections than the module definition.
  Please use '+lint=TFIPC-L' to print out detailed information of unconnected 
  ports.


Warning-[TFIPC] Too few instance port connections
../02_SYN/Netlist/IOTDF_syn.v, 7562
top2maxmin, "DFFSRX1 u_compare_128bit_inst2_a_r_reg_74_( .D (n928),  .CK (u_compare_128bit_inst2_net3661),  .SN (n2387),  .RN (n2388),  .Q (n6130));"
  The above instance has fewer port connections than the module definition.
  Please use '+lint=TFIPC-L' to print out detailed information of unconnected 
  ports.


Warning-[TFIPC] Too few instance port connections
../02_SYN/Netlist/IOTDF_syn.v, 7564
top2maxmin, "DFFSRX1 u_compare_128bit_inst2_a_r_reg_91_( .D (n920),  .CK (u_compare_128bit_inst2_net3641),  .SN (n2355),  .RN (n2356),  .Q (n6050));"
  The above instance has fewer port connections than the module definition.
  Please use '+lint=TFIPC-L' to print out detailed information of unconnected 
  ports.


Warning-[TFIPC] Too few instance port connections
../02_SYN/Netlist/IOTDF_syn.v, 7566
top2maxmin, "DFFSRX1 u_compare_128bit_inst2_a_r_reg_92_( .D (n919),  .CK (u_compare_128bit_inst2_net3641),  .SN (n2383),  .RN (n2384),  .Q (n6040));"
  The above instance has fewer port connections than the module definition.
  Please use '+lint=TFIPC-L' to print out detailed information of unconnected 
  ports.


Warning-[TFIPC] Too few instance port connections
../02_SYN/Netlist/IOTDF_syn.v, 7568
top2maxmin, "DFFSRX1 u_compare_128bit_inst1_a_r_reg_10_( .D (n901),  .CK (net3232),  .SN (n2117),  .RN (n2118),  .Q (n5880));"
  The above instance has fewer port connections than the module definition.
  Please use '+lint=TFIPC-L' to print out detailed information of unconnected 
  ports.


Warning-[TFIPC] Too few instance port connections
../02_SYN/Netlist/IOTDF_syn.v, 7570
top2maxmin, "DFFSRX1 u_compare_128bit_inst1_a_r_reg_18_( .D (n5880),  .CK (u_compare_128bit_inst1_net4115),  .SN (n2087),  .RN (n2088),  .Q (n4640));"
  The above instance has fewer port connections than the module definition.
  Please use '+lint=TFIPC-L' to print out detailed information of unconnected 
  ports.


Warning-[TFIPC] Too few instance port connections
../02_SYN/Netlist/IOTDF_syn.v, 7572
top2maxmin, "DFFSRX1 u_compare_128bit_inst2_a_r_reg_127_( .D (n902),  .CK (u_compare_128bit_inst2_net3596),  .SN (n2347),  .RN (n2348),  .Q (n3400));"
  The above instance has fewer port connections than the module definition.
  Please use '+lint=TFIPC-L' to print out detailed information of unconnected 
  ports.


Warning-[TFIPC] Too few instance port connections
../02_SYN/Netlist/IOTDF_syn.v, 7576
top2maxmin, "DFFRX1 max2_r_reg_25_( .D (N453),  .CK (net2882),  .RN (n1087),  .QN (n898));"
  The above instance has fewer port connections than the module definition.
  Please use '+lint=TFIPC-L' to print out detailed information of unconnected 
  ports.


Warning-[TFIPC] Too few instance port connections
../02_SYN/Netlist/IOTDF_syn.v, 7577
top2maxmin, "DFFRX1 max2_r_reg_24_( .D (N452),  .CK (net2882),  .RN (n1087),  .QN (n897));"
  The above instance has fewer port connections than the module definition.
  Please use '+lint=TFIPC-L' to print out detailed information of unconnected 
  ports.


Warning-[TFIPC] Too few instance port connections
../02_SYN/Netlist/IOTDF_syn.v, 7578
top2maxmin, "DFFRX1 max2_r_reg_23_( .D (N451),  .CK (net2882),  .RN (n1087),  .QN (n896));"
  The above instance has fewer port connections than the module definition.
  Please use '+lint=TFIPC-L' to print out detailed information of unconnected 
  ports.


Warning-[TFIPC] Too few instance port connections
../02_SYN/Netlist/IOTDF_syn.v, 7579
top2maxmin, "DFFRX1 max2_r_reg_22_( .D (N450),  .CK (net2882),  .RN (n1087),  .QN (n895));"
  The above instance has fewer port connections than the module definition.
  Please use '+lint=TFIPC-L' to print out detailed information of unconnected 
  ports.


Warning-[TFIPC] Too few instance port connections
../02_SYN/Netlist/IOTDF_syn.v, 7580
top2maxmin, "DFFRX1 max2_r_reg_21_( .D (N449),  .CK (net2887),  .RN (n1086),  .QN (n894));"
  The above instance has fewer port connections than the module definition.
  Please use '+lint=TFIPC-L' to print out detailed information of unconnected 
  ports.


Warning-[TFIPC] Too few instance port connections
../02_SYN/Netlist/IOTDF_syn.v, 7581
top2maxmin, "DFFRX1 max2_r_reg_20_( .D (N448),  .CK (net2887),  .RN (n1086),  .QN (n893));"
  The above instance has fewer port connections than the module definition.
  Please use '+lint=TFIPC-L' to print out detailed information of unconnected 
  ports.


Warning-[TFIPC] Too few instance port connections
../02_SYN/Netlist/IOTDF_syn.v, 7582
top2maxmin, "DFFRX1 max2_r_reg_19_( .D (N447),  .CK (net2887),  .RN (n1086),  .QN (n892));"
  The above instance has fewer port connections than the module definition.
  Please use '+lint=TFIPC-L' to print out detailed information of unconnected 
  ports.


Warning-[TFIPC] Too few instance port connections
../02_SYN/Netlist/IOTDF_syn.v, 7583
top2maxmin, "DFFRX1 max2_r_reg_17_( .D (N445),  .CK (net2892),  .RN (n1085),  .QN (n891));"
  The above instance has fewer port connections than the module definition.
  Please use '+lint=TFIPC-L' to print out detailed information of unconnected 
  ports.


Warning-[TFIPC] Too few instance port connections
../02_SYN/Netlist/IOTDF_syn.v, 7584
top2maxmin, "DFFRX1 max2_r_reg_16_( .D (N444),  .CK (net2892),  .RN (n1085),  .QN (n890));"
  The above instance has fewer port connections than the module definition.
  Please use '+lint=TFIPC-L' to print out detailed information of unconnected 
  ports.


Warning-[TFIPC] Too few instance port connections
../02_SYN/Netlist/IOTDF_syn.v, 7585
top2maxmin, "DFFRX1 max2_r_reg_15_( .D (N443),  .CK (net2892),  .RN (n1085),  .QN (n889));"
  The above instance has fewer port connections than the module definition.
  Please use '+lint=TFIPC-L' to print out detailed information of unconnected 
  ports.


Warning-[TFIPC] Too few instance port connections
../02_SYN/Netlist/IOTDF_syn.v, 7586
top2maxmin, "DFFRX1 max2_r_reg_14_( .D (N442),  .CK (net2892),  .RN (n1085),  .QN (n888));"
  The above instance has fewer port connections than the module definition.
  Please use '+lint=TFIPC-L' to print out detailed information of unconnected 
  ports.


Warning-[TFIPC] Too few instance port connections
../02_SYN/Netlist/IOTDF_syn.v, 7587
top2maxmin, "DFFRX1 max2_r_reg_13_( .D (N441),  .CK (net2897),  .RN (n57),  .QN (n887));"
  The above instance has fewer port connections than the module definition.
  Please use '+lint=TFIPC-L' to print out detailed information of unconnected 
  ports.


Warning-[TFIPC] Too few instance port connections
../02_SYN/Netlist/IOTDF_syn.v, 7588
top2maxmin, "DFFRX1 max2_r_reg_9_( .D (N437),  .CK (net2902),  .RN (n1103),  .QN (n883));"
  The above instance has fewer port connections than the module definition.
  Please use '+lint=TFIPC-L' to print out detailed information of unconnected 
  ports.


Warning-[TFIPC] Too few instance port connections
../02_SYN/Netlist/IOTDF_syn.v, 7613
top2maxmin, "DFFRX1 max2_r_reg_18_( .D (N446),  .CK (net2887),  .RN (n1086),  .QN (n867));"
  The above instance has fewer port connections than the module definition.
  Please use '+lint=TFIPC-L' to print out detailed information of unconnected 
  ports.


Warning-[TFIPC] Too few instance port connections
../02_SYN/Netlist/IOTDF_syn.v, 7634
top2maxmin, "DFFRX1 max2_r_reg_28_( .D (N456),  .CK (net2877),  .RN (n1090),  .QN (n856));"
  The above instance has fewer port connections than the module definition.
  Please use '+lint=TFIPC-L' to print out detailed information of unconnected 
  ports.


Warning-[TFIPC] Too few instance port connections
../02_SYN/Netlist/IOTDF_syn.v, 7655
top2maxmin, "DFFRX1 max2_r_reg_29_( .D (N457),  .CK (net2877),  .RN (n1088),  .QN (n845));"
  The above instance has fewer port connections than the module definition.
  Please use '+lint=TFIPC-L' to print out detailed information of unconnected 
  ports.


Warning-[TFIPC] Too few instance port connections
../02_SYN/Netlist/IOTDF_syn.v, 7676
top2maxmin, "DFFRX1 max2_r_reg_30_( .D (N458),  .CK (net2872),  .RN (n1087),  .QN (n834));"
  The above instance has fewer port connections than the module definition.
  Please use '+lint=TFIPC-L' to print out detailed information of unconnected 
  ports.


Warning-[TFIPC] Too few instance port connections
../02_SYN/Netlist/IOTDF_syn.v, 7697
top2maxmin, "DFFRX1 max2_r_reg_31_( .D (N459),  .CK (net2872),  .RN (n1090),  .QN (n823));"
  The above instance has fewer port connections than the module definition.
  Please use '+lint=TFIPC-L' to print out detailed information of unconnected 
  ports.


Warning-[TFIPC] Too few instance port connections
../02_SYN/Netlist/IOTDF_syn.v, 7718
top2maxmin, "DFFRX1 max2_r_reg_32_( .D (N460),  .CK (net2872),  .RN (n1088),  .QN (n8120));"
  The above instance has fewer port connections than the module definition.
  Please use '+lint=TFIPC-L' to print out detailed information of unconnected 
  ports.


Warning-[TFIPC] Too few instance port connections
../02_SYN/Netlist/IOTDF_syn.v, 7739
top2maxmin, "DFFRX1 max2_r_reg_33_( .D (N461),  .CK (net2872),  .RN (n1086),  .QN (n8010));"
  The above instance has fewer port connections than the module definition.
  Please use '+lint=TFIPC-L' to print out detailed information of unconnected 
  ports.


Warning-[TFIPC] Too few instance port connections
../02_SYN/Netlist/IOTDF_syn.v, 7760
top2maxmin, "DFFRX1 max2_r_reg_34_( .D (N462),  .CK (net2867),  .RN (n1088),  .QN (n7900));"
  The above instance has fewer port connections than the module definition.
  Please use '+lint=TFIPC-L' to print out detailed information of unconnected 
  ports.


Warning-[TFIPC] Too few instance port connections
../02_SYN/Netlist/IOTDF_syn.v, 7781
top2maxmin, "DFFRX1 max2_r_reg_35_( .D (N463),  .CK (net2867),  .RN (n1088),  .QN (n7790));"
  The above instance has fewer port connections than the module definition.
  Please use '+lint=TFIPC-L' to print out detailed information of unconnected 
  ports.


Warning-[TFIPC] Too few instance port connections
../02_SYN/Netlist/IOTDF_syn.v, 7791
top2maxmin, "DFFRX1 u_compare_128bit_inst2_byte_idx_reg_1_( .D (u_compare_128bit_inst2_N8),  .CK (u_compare_128bit_inst2_net3586),  .RN (n1060),  .Q (u_compare_128bit_inst2_byte_idx[1]));"
  The above instance has fewer port connections than the module definition.
  Please use '+lint=TFIPC-L' to print out detailed information of unconnected 
  ports.


Warning-[TFIPC] Too few instance port connections
../02_SYN/Netlist/IOTDF_syn.v, 7793
top2maxmin, "DFFRX1 max2_r_reg_26_( .D (N454),  .CK (net2877),  .RN (n1086),  .QN (n899));"
  The above instance has fewer port connections than the module definition.
  Please use '+lint=TFIPC-L' to print out detailed information of unconnected 
  ports.


Warning-[TFIPC] Too few instance port connections
../02_SYN/Netlist/IOTDF_syn.v, 7794
top2maxmin, "DFFRX1 max2_r_reg_12_( .D (N440),  .CK (net2897),  .RN (n57),  .QN (n886));"
  The above instance has fewer port connections than the module definition.
  Please use '+lint=TFIPC-L' to print out detailed information of unconnected 
  ports.


Warning-[TFIPC] Too few instance port connections
../02_SYN/Netlist/IOTDF_syn.v, 7795
top2maxmin, "DFFRX1 max2_r_reg_11_( .D (N439),  .CK (net2897),  .RN (n57),  .QN (n885));"
  The above instance has fewer port connections than the module definition.
  Please use '+lint=TFIPC-L' to print out detailed information of unconnected 
  ports.


Warning-[TFIPC] Too few instance port connections
../02_SYN/Netlist/IOTDF_syn.v, 7796
top2maxmin, "DFFRX1 max2_r_reg_10_( .D (N438),  .CK (net2897),  .RN (n57),  .QN (n884));"
  The above instance has fewer port connections than the module definition.
  Please use '+lint=TFIPC-L' to print out detailed information of unconnected 
  ports.


Warning-[TFIPC] Too few instance port connections
../02_SYN/Netlist/IOTDF_syn.v, 7799
top2maxmin, "DFFRX1 cnt_reg_1_( .D (N817),  .CK (net3397),  .RN (n1064),  .Q (cnt[1]));"
  The above instance has fewer port connections than the module definition.
  Please use '+lint=TFIPC-L' to print out detailed information of unconnected 
  ports.


Warning-[TFIPC] Too few instance port connections
../02_SYN/Netlist/IOTDF_syn.v, 7800
top2maxmin, "DFFSRXL u_compare_128bit_inst1_b_r_reg_38_( .D (n27),  .CK (u_compare_128bit_inst1_net3895),  .SN (n2753),  .RN (n2754),  .Q (n7680));"
  The above instance has fewer port connections than the module definition.
  Please use '+lint=TFIPC-L' to print out detailed information of unconnected 
  ports.


Warning-[TFIPC] Too few instance port connections
../02_SYN/Netlist/IOTDF_syn.v, 7802
top2maxmin, "DFFSRX2 u_compare_128bit_inst2_b_r_reg_27_( .D (n4640),  .CK (u_compare_128bit_inst2_net3711),  .SN (n2775),  .RN (n2776),  .Q (n1018));"
  The above instance has fewer port connections than the module definition.
  Please use '+lint=TFIPC-L' to print out detailed information of unconnected 
  ports.


Warning-[TFIPC] Too few instance port connections
../02_SYN/Netlist/IOTDF_syn.v, 7804
top2maxmin, "DFFSRX1 u_compare_128bit_inst1_b_r_reg_27_( .D (n4640),  .CK (u_compare_128bit_inst1_net4070),  .SN (n2775),  .RN (n2776),  .QN (n23));"
  The above instance has fewer port connections than the module definition.
  Please use '+lint=TFIPC-L' to print out detailed information of unconnected 
  ports.


Warning-[TFIPC] Too few instance port connections
../02_SYN/Netlist/IOTDF_syn.v, 7806
top2maxmin, "DFFSRX2 u_compare_128bit_inst1_a_r_reg_27_( .D (n4640),  .CK (u_compare_128bit_inst1_net4080),  .SN (n2085),  .RN (n2086),  .Q (n979));"
  The above instance has fewer port connections than the module definition.
  Please use '+lint=TFIPC-L' to print out detailed information of unconnected 
  ports.


Warning-[TFIPC] Too few instance port connections
../02_SYN/Netlist/IOTDF_syn.v, 7808
top2maxmin, "DFFSRX1 u_compare_128bit_inst1_a_r_reg_41_( .D (n979),  .CK (u_compare_128bit_inst1_net4065),  .SN (n2223),  .RN (n2224),  .Q (n6730));"
  The above instance has fewer port connections than the module definition.
  Please use '+lint=TFIPC-L' to print out detailed information of unconnected 
  ports.


Warning-[TFIPC] Too few instance port connections
../02_SYN/Netlist/IOTDF_syn.v, 7810
top2maxmin, "DFFSRX2 u_compare_128bit_inst2_a_r_reg_27_( .D (n4640),  .CK (u_compare_128bit_inst1_net4080),  .SN (n2339),  .RN (n2340),  .Q (n940));"
  The above instance has fewer port connections than the module definition.
  Please use '+lint=TFIPC-L' to print out detailed information of unconnected 
  ports.


Warning-[TFIPC] Too few instance port connections
../02_SYN/Netlist/IOTDF_syn.v, 7812
top2maxmin, "DFFSRX1 u_compare_128bit_inst2_a_r_reg_42_( .D (n940),  .CK (u_compare_128bit_inst2_net3701),  .SN (n2507),  .RN (n2508),  .Q (n6270));"
  The above instance has fewer port connections than the module definition.
  Please use '+lint=TFIPC-L' to print out detailed information of unconnected 
  ports.


Warning-[TFIPC] Too few instance port connections
../02_SYN/Netlist/IOTDF_syn.v, 7814
top2maxmin, "DFFSRX1 u_compare_128bit_inst2_a_r_reg_43_( .D (n940),  .CK (u_compare_128bit_inst2_net3701),  .SN (n2535),  .RN (n2536),  .Q (n6260));"
  The above instance has fewer port connections than the module definition.
  Please use '+lint=TFIPC-L' to print out detailed information of unconnected 
  ports.


Warning-[TFIPC] Too few instance port connections
../02_SYN/Netlist/IOTDF_syn.v, 7816
top2maxmin, "DFFSRX1 u_compare_128bit_inst2_a_r_reg_37_( .D (n940),  .CK (u_compare_128bit_inst2_net3711),  .SN (n2367),  .RN (n2368),  .Q (n6320));"
  The above instance has fewer port connections than the module definition.
  Please use '+lint=TFIPC-L' to print out detailed information of unconnected 
  ports.


Warning-[TFIPC] Too few instance port connections
../02_SYN/Netlist/IOTDF_syn.v, 7818
top2maxmin, "DFFSRX1 u_compare_128bit_inst2_a_r_reg_44_( .D (n940),  .CK (u_compare_128bit_inst2_net3701),  .SN (n2563),  .RN (n2564),  .Q (n6250));"
  The above instance has fewer port connections than the module definition.
  Please use '+lint=TFIPC-L' to print out detailed information of unconnected 
  ports.


Warning-[TFIPC] Too few instance port connections
../02_SYN/Netlist/IOTDF_syn.v, 7820
top2maxmin, "DFFSRX1 u_compare_128bit_inst1_b_r_reg_46_( .D (n7690),  .CK (u_compare_128bit_inst1_net3885),  .SN (n2737),  .RN (n2738),  .Q (n1055));"
  The above instance has fewer port connections than the module definition.
  Please use '+lint=TFIPC-L' to print out detailed information of unconnected 
  ports.


Warning-[TFIPC] Too few instance port connections
../02_SYN/Netlist/IOTDF_syn.v, 7822
top2maxmin, "DFFSRX1 u_compare_128bit_inst1_b_r_reg_64_( .D (n7600),  .CK (u_compare_128bit_inst1_net3860),  .SN (n2701),  .RN (n2702),  .Q (n1046));"
  The above instance has fewer port connections than the module definition.
  Please use '+lint=TFIPC-L' to print out detailed information of unconnected 
  ports.


Warning-[TFIPC] Too few instance port connections
../02_SYN/Netlist/IOTDF_syn.v, 7824
top2maxmin, "DFFSRX1 u_compare_128bit_inst1_b_r_reg_88_( .D (n7450),  .CK (u_compare_128bit_inst1_net3830),  .SN (n2653),  .RN (n2654),  .Q (n1031));"
  The above instance has fewer port connections than the module definition.
  Please use '+lint=TFIPC-L' to print out detailed information of unconnected 
  ports.


Warning-[TFIPC] Too few instance port connections
../02_SYN/Netlist/IOTDF_syn.v, 7826
top2maxmin, "DFFSRX1 u_compare_128bit_inst1_b_r_reg_103_( .D (n7390),  .CK (u_compare_128bit_inst1_net3810),  .SN (n2623),  .RN (n2624),  .Q (n1025));"
  The above instance has fewer port connections than the module definition.
  Please use '+lint=TFIPC-L' to print out detailed information of unconnected 
  ports.


Warning-[TFIPC] Too few instance port connections
../02_SYN/Netlist/IOTDF_syn.v, 7828
top2maxmin, "DFFSRX1 u_compare_128bit_inst1_b_r_reg_118_( .D (n7310),  .CK (u_compare_128bit_inst1_net3795),  .SN (n2593),  .RN (n2594),  .Q (n1019));"
  The above instance has fewer port connections than the module definition.
  Please use '+lint=TFIPC-L' to print out detailed information of unconnected 
  ports.


Warning-[TFIPC] Too few instance port connections
../02_SYN/Netlist/IOTDF_syn.v, 7830
top2maxmin, "DFFSRX1 u_compare_128bit_inst2_b_r_reg_50_( .D (n7180),  .CK (u_compare_128bit_inst2_net3521),  .SN (n2729),  .RN (n2730),  .Q (n1012));"
  The above instance has fewer port connections than the module definition.
  Please use '+lint=TFIPC-L' to print out detailed information of unconnected 
  ports.


Warning-[TFIPC] Too few instance port connections
../02_SYN/Netlist/IOTDF_syn.v, 7832
top2maxmin, "DFFSRX1 u_compare_128bit_inst2_b_r_reg_68_( .D (n7090),  .CK (u_compare_128bit_inst2_net3496),  .SN (n2693),  .RN (n2694),  .Q (n1003));"
  The above instance has fewer port connections than the module definition.
  Please use '+lint=TFIPC-L' to print out detailed information of unconnected 
  ports.


Warning-[TFIPC] Too few instance port connections
../02_SYN/Netlist/IOTDF_syn.v, 7834
top2maxmin, "DFFSRX1 u_compare_128bit_inst2_b_r_reg_92_( .D (n997),  .CK (u_compare_128bit_inst2_net3466),  .SN (n2645),  .RN (n2646),  .Q (n6940));"
  The above instance has fewer port connections than the module definition.
  Please use '+lint=TFIPC-L' to print out detailed information of unconnected 
  ports.


Warning-[TFIPC] Too few instance port connections
../02_SYN/Netlist/IOTDF_syn.v, 7836
top2maxmin, "DFFSRX1 u_compare_128bit_inst2_b_r_reg_107_( .D (n6880),  .CK (u_compare_128bit_inst2_net3446),  .SN (n2615),  .RN (n2616),  .Q (n982));"
  The above instance has fewer port connections than the module definition.
  Please use '+lint=TFIPC-L' to print out detailed information of unconnected 
  ports.


Warning-[TFIPC] Too few instance port connections
../02_SYN/Netlist/IOTDF_syn.v, 7838
top2maxmin, "DFFSRX1 u_compare_128bit_inst2_b_r_reg_122_( .D (n6820),  .CK (u_compare_128bit_inst2_net3431),  .SN (n2585),  .RN (n2586),  .QN (u_compare_128bit_inst2_b_r[122]));"
  The above instance has fewer port connections than the module definition.
  Please use '+lint=TFIPC-L' to print out detailed information of unconnected 
  ports.


Warning-[TFIPC] Too few instance port connections
../02_SYN/Netlist/IOTDF_syn.v, 7841
top2maxmin, "DFFSRX1 u_compare_128bit_inst1_a_r_reg_46_( .D (n6770),  .CK (u_compare_128bit_inst1_net4055),  .SN (n2109),  .RN (n2110),  .Q (n977));"
  The above instance has fewer port connections than the module definition.
  Please use '+lint=TFIPC-L' to print out detailed information of unconnected 
  ports.


Warning-[TFIPC] Too few instance port connections
../02_SYN/Netlist/IOTDF_syn.v, 7843
top2maxmin, "DFFSRX1 u_compare_128bit_inst1_a_r_reg_61_( .D (n971),  .CK (u_compare_128bit_inst1_net4040),  .SN (n2275),  .RN (n2276),  .Q (n6620));"
  The above instance has fewer port connections than the module definition.
  Please use '+lint=TFIPC-L' to print out detailed information of unconnected 
  ports.


Warning-[TFIPC] Too few instance port connections
../02_SYN/Netlist/IOTDF_syn.v, 7845
top2maxmin, "DFFSRX1 u_compare_128bit_inst1_a_r_reg_76_( .D (n965),  .CK (u_compare_128bit_inst1_net4020),  .SN (n2187),  .RN (n2188),  .Q (n6560));"
  The above instance has fewer port connections than the module definition.
  Please use '+lint=TFIPC-L' to print out detailed information of unconnected 
  ports.


Warning-[TFIPC] Too few instance port connections
../02_SYN/Netlist/IOTDF_syn.v, 7847
top2maxmin, "DFFSRX1 u_compare_128bit_inst1_a_r_reg_91_( .D (n959),  .CK (u_compare_128bit_inst1_net4000),  .SN (n2099),  .RN (n2100),  .Q (n6500));"
  The above instance has fewer port connections than the module definition.
  Please use '+lint=TFIPC-L' to print out detailed information of unconnected 
  ports.


Warning-[TFIPC] Too few instance port connections
../02_SYN/Netlist/IOTDF_syn.v, 7849
top2maxmin, "DFFSRX1 u_compare_128bit_inst1_a_r_reg_106_( .D (n6440),  .CK (u_compare_128bit_inst1_net3980),  .SN (n2265),  .RN (n2266),  .Q (n944));"
  The above instance has fewer port connections than the module definition.
  Please use '+lint=TFIPC-L' to print out detailed information of unconnected 
  ports.


Warning-[TFIPC] Too few instance port connections
../02_SYN/Netlist/IOTDF_syn.v, 7851
top2maxmin, "DFFSRX1 u_compare_128bit_inst1_a_r_reg_121_( .D (n6380),  .CK (u_compare_128bit_inst1_net3965),  .SN (n2177),  .RN (n2178),  .QN (u_compare_128bit_inst1_a_r[121]));"
  The above instance has fewer port connections than the module definition.
  Please use '+lint=TFIPC-L' to print out detailed information of unconnected 
  ports.


Warning-[TFIPC] Too few instance port connections
../02_SYN/Netlist/IOTDF_syn.v, 7854
top2maxmin, "DFFSRX1 u_compare_128bit_inst2_a_r_reg_48_( .D (n6300),  .CK (u_compare_128bit_inst2_net3696),  .SN (n2421),  .RN (n2422),  .Q (n936));"
  The above instance has fewer port connections than the module definition.
  Please use '+lint=TFIPC-L' to print out detailed information of unconnected 
  ports.


Warning-[TFIPC] Too few instance port connections
../02_SYN/Netlist/IOTDF_syn.v, 7856
top2maxmin, "DFFSRX1 u_compare_128bit_inst2_a_r_reg_65_( .D (n6220),  .CK (u_compare_128bit_inst2_net3676),  .SN (n2389),  .RN (n2390),  .Q (n928));"
  The above instance has fewer port connections than the module definition.
  Please use '+lint=TFIPC-L' to print out detailed information of unconnected 
  ports.


Warning-[TFIPC] Too few instance port connections
../02_SYN/Netlist/IOTDF_syn.v, 7858
top2maxmin, "DFFSRX1 u_compare_128bit_inst2_a_r_reg_82_( .D (n6140),  .CK (u_compare_128bit_inst2_net3651),  .SN (n2357),  .RN (n2358),  .Q (n920));"
  The above instance has fewer port connections than the module definition.
  Please use '+lint=TFIPC-L' to print out detailed information of unconnected 
  ports.


Warning-[TFIPC] Too few instance port connections
../02_SYN/Netlist/IOTDF_syn.v, 7860
top2maxmin, "DFFSRX1 u_compare_128bit_inst2_a_r_reg_99_( .D (n6060),  .CK (u_compare_128bit_inst2_net3631),  .SN (n2323),  .RN (n2324),  .Q (n912));"
  The above instance has fewer port connections than the module definition.
  Please use '+lint=TFIPC-L' to print out detailed information of unconnected 
  ports.


Warning-[TFIPC] Too few instance port connections
../02_SYN/Netlist/IOTDF_syn.v, 7862
top2maxmin, "DFFSRX1 u_compare_128bit_inst2_a_r_reg_114_( .D (n906),  .CK (u_compare_128bit_inst2_net3611),  .SN (n2491),  .RN (n2492),  .Q (n5910));"
  The above instance has fewer port connections than the module definition.
  Please use '+lint=TFIPC-L' to print out detailed information of unconnected 
  ports.


Warning-[TFIPC] Too few instance port connections
../02_SYN/Netlist/IOTDF_syn.v, 7867
top2maxmin, "DFFSRX1 u_compare_128bit_inst1_a_r_reg_0_( .D (1'b1),  .CK (u_compare_128bit_inst1_net4115),  .SN (n2091),  .RN (n2092),  .Q (n901));"
  The above instance has fewer port connections than the module definition.
  Please use '+lint=TFIPC-L' to print out detailed information of unconnected 
  ports.


Warning-[TFIPC] Too few instance port connections
../02_SYN/Netlist/IOTDF_syn.v, 442
IOTDF, "DFFRX1 data_r_reg_120_( .D (iot_in[0]),  .CK (net2264),  .RN (n802),  .Q (data_w[120]));"
  The above instance has fewer port connections than the module definition.
  Please use '+lint=TFIPC-L' to print out detailed information of unconnected 
  ports.


Warning-[TFIPC] Too few instance port connections
../02_SYN/Netlist/IOTDF_syn.v, 458
IOTDF, "DFFRX1 data_r_reg_112_( .D (data_w[120]),  .CK (net2274),  .RN (n802),  .Q (data_w[112]));"
  The above instance has fewer port connections than the module definition.
  Please use '+lint=TFIPC-L' to print out detailed information of unconnected 
  ports.


Warning-[TFIPC] Too few instance port connections
../02_SYN/Netlist/IOTDF_syn.v, 474
IOTDF, "DFFRX1 data_r_reg_104_( .D (data_w[112]),  .CK (net2284),  .RN (n802),  .Q (data_w[104]));"
  The above instance has fewer port connections than the module definition.
  Please use '+lint=TFIPC-L' to print out detailed information of unconnected 
  ports.


Warning-[TFIPC] Too few instance port connections
../02_SYN/Netlist/IOTDF_syn.v, 490
IOTDF, "DFFRX1 data_r_reg_96_( .D (data_w[104]),  .CK (net2294),  .RN (n802),  .Q (data_w[96]));"
  The above instance has fewer port connections than the module definition.
  Please use '+lint=TFIPC-L' to print out detailed information of unconnected 
  ports.


Warning-[TFIPC] Too few instance port connections
../02_SYN/Netlist/IOTDF_syn.v, 492
IOTDF, "DFFRX1 data_r_reg_95_( .D (data_w[103]),  .CK (net2299),  .RN (n802),  .Q (data_w[95]));"
  The above instance has fewer port connections than the module definition.
  Please use '+lint=TFIPC-L' to print out detailed information of unconnected 
  ports.


Warning-[TFIPC] Too few instance port connections
../02_SYN/Netlist/IOTDF_syn.v, 504
IOTDF, "DFFRX1 data_r_reg_89_( .D (data_w[97]),  .CK (net2304),  .RN (n801),  .Q (data_w[89]));"
  The above instance has fewer port connections than the module definition.
  Please use '+lint=TFIPC-L' to print out detailed information of unconnected 
  ports.


Warning-[TFIPC] Too few instance port connections
../02_SYN/Netlist/IOTDF_syn.v, 506
IOTDF, "DFFRX1 data_r_reg_88_( .D (data_w[96]),  .CK (net2304),  .RN (n801),  .Q (data_w[88]));"
  The above instance has fewer port connections than the module definition.
  Please use '+lint=TFIPC-L' to print out detailed information of unconnected 
  ports.


Warning-[TFIPC] Too few instance port connections
../02_SYN/Netlist/IOTDF_syn.v, 520
IOTDF, "DFFRX1 data_r_reg_81_( .D (data_w[89]),  .CK (net2314),  .RN (n801),  .Q (data_w[81]));"
  The above instance has fewer port connections than the module definition.
  Please use '+lint=TFIPC-L' to print out detailed information of unconnected 
  ports.


Warning-[TFIPC] Too few instance port connections
../02_SYN/Netlist/IOTDF_syn.v, 522
IOTDF, "DFFRX1 data_r_reg_80_( .D (data_w[88]),  .CK (net2314),  .RN (n801),  .Q (data_w[80]));"
  The above instance has fewer port connections than the module definition.
  Please use '+lint=TFIPC-L' to print out detailed information of unconnected 
  ports.


Warning-[TFIPC] Too few instance port connections
../02_SYN/Netlist/IOTDF_syn.v, 524
IOTDF, "DFFRX1 data_r_reg_79_( .D (data_w[87]),  .CK (net2319),  .RN (n801),  .Q (data_w[79]));"
  The above instance has fewer port connections than the module definition.
  Please use '+lint=TFIPC-L' to print out detailed information of unconnected 
  ports.


Warning-[TFIPC] Too few instance port connections
../02_SYN/Netlist/IOTDF_syn.v, 536
IOTDF, "DFFRX1 data_r_reg_73_( .D (data_w[81]),  .CK (net2324),  .RN (n801),  .Q (data_w[73]));"
  The above instance has fewer port connections than the module definition.
  Please use '+lint=TFIPC-L' to print out detailed information of unconnected 
  ports.


Warning-[TFIPC] Too few instance port connections
../02_SYN/Netlist/IOTDF_syn.v, 538
IOTDF, "DFFRX1 data_r_reg_72_( .D (data_w[80]),  .CK (net2324),  .RN (n801),  .Q (data_w[72]));"
  The above instance has fewer port connections than the module definition.
  Please use '+lint=TFIPC-L' to print out detailed information of unconnected 
  ports.


Warning-[TFIPC] Too few instance port connections
../02_SYN/Netlist/IOTDF_syn.v, 554
IOTDF, "DFFRX1 data_r_reg_64_( .D (data_w[72]),  .CK (net2334),  .RN (n772),  .Q (data_w[64]));"
  The above instance has fewer port connections than the module definition.
  Please use '+lint=TFIPC-L' to print out detailed information of unconnected 
  ports.


Warning-[TFIPC] Too few instance port connections
../02_SYN/Netlist/IOTDF_syn.v, 556
IOTDF, "DFFRX1 data_r_reg_63_( .D (data_w[71]),  .CK (net2339),  .RN (n772),  .Q (data_w[63]));"
  The above instance has fewer port connections than the module definition.
  Please use '+lint=TFIPC-L' to print out detailed information of unconnected 
  ports.


Warning-[TFIPC] Too few instance port connections
../02_SYN/Netlist/IOTDF_syn.v, 558
IOTDF, "DFFRX1 data_r_reg_62_( .D (data_w[70]),  .CK (net2339),  .RN (n772),  .Q (data_w[62]));"
  The above instance has fewer port connections than the module definition.
  Please use '+lint=TFIPC-L' to print out detailed information of unconnected 
  ports.


Warning-[TFIPC] Too few instance port connections
../02_SYN/Netlist/IOTDF_syn.v, 560
IOTDF, "DFFRX1 data_r_reg_61_( .D (data_w[69]),  .CK (net2339),  .RN (n772),  .Q (data_w[61]));"
  The above instance has fewer port connections than the module definition.
  Please use '+lint=TFIPC-L' to print out detailed information of unconnected 
  ports.


Warning-[TFIPC] Too few instance port connections
../02_SYN/Netlist/IOTDF_syn.v, 562
IOTDF, "DFFRX1 data_r_reg_60_( .D (data_w[68]),  .CK (net2339),  .RN (n772),  .Q (data_w[60]));"
  The above instance has fewer port connections than the module definition.
  Please use '+lint=TFIPC-L' to print out detailed information of unconnected 
  ports.


Warning-[TFIPC] Too few instance port connections
../02_SYN/Netlist/IOTDF_syn.v, 564
IOTDF, "DFFRX1 data_r_reg_59_( .D (data_w[67]),  .CK (net2344),  .RN (n772),  .Q (data_w[59]));"
  The above instance has fewer port connections than the module definition.
  Please use '+lint=TFIPC-L' to print out detailed information of unconnected 
  ports.


Warning-[TFIPC] Too few instance port connections
../02_SYN/Netlist/IOTDF_syn.v, 566
IOTDF, "DFFRX1 data_r_reg_58_( .D (data_w[66]),  .CK (net2344),  .RN (n772),  .Q (data_w[58]));"
  The above instance has fewer port connections than the module definition.
  Please use '+lint=TFIPC-L' to print out detailed information of unconnected 
  ports.


Warning-[TFIPC] Too few instance port connections
../02_SYN/Netlist/IOTDF_syn.v, 568
IOTDF, "DFFRX1 data_r_reg_57_( .D (data_w[65]),  .CK (net2344),  .RN (n772),  .Q (data_w[57]));"
  The above instance has fewer port connections than the module definition.
  Please use '+lint=TFIPC-L' to print out detailed information of unconnected 
  ports.


Warning-[TFIPC] Too few instance port connections
../02_SYN/Netlist/IOTDF_syn.v, 570
IOTDF, "DFFRX1 data_r_reg_56_( .D (data_w[64]),  .CK (net2344),  .RN (n773),  .Q (data_w[56]));"
  The above instance has fewer port connections than the module definition.
  Please use '+lint=TFIPC-L' to print out detailed information of unconnected 
  ports.


Warning-[TFIPC] Too few instance port connections
../02_SYN/Netlist/IOTDF_syn.v, 572
IOTDF, "DFFRX1 data_r_reg_55_( .D (data_w[63]),  .CK (net2349),  .RN (n773),  .Q (data_w[55]));"
  The above instance has fewer port connections than the module definition.
  Please use '+lint=TFIPC-L' to print out detailed information of unconnected 
  ports.


Warning-[TFIPC] Too few instance port connections
../02_SYN/Netlist/IOTDF_syn.v, 574
IOTDF, "DFFRX1 data_r_reg_54_( .D (data_w[62]),  .CK (net2349),  .RN (n773),  .Q (data_w[54]));"
  The above instance has fewer port connections than the module definition.
  Please use '+lint=TFIPC-L' to print out detailed information of unconnected 
  ports.


Warning-[TFIPC] Too few instance port connections
../02_SYN/Netlist/IOTDF_syn.v, 576
IOTDF, "DFFRX1 data_r_reg_53_( .D (data_w[61]),  .CK (net2349),  .RN (n773),  .Q (data_w[53]));"
  The above instance has fewer port connections than the module definition.
  Please use '+lint=TFIPC-L' to print out detailed information of unconnected 
  ports.


Warning-[TFIPC] Too few instance port connections
../02_SYN/Netlist/IOTDF_syn.v, 578
IOTDF, "DFFRX1 data_r_reg_52_( .D (data_w[60]),  .CK (net2349),  .RN (n773),  .Q (data_w[52]));"
  The above instance has fewer port connections than the module definition.
  Please use '+lint=TFIPC-L' to print out detailed information of unconnected 
  ports.


Warning-[TFIPC] Too few instance port connections
../02_SYN/Netlist/IOTDF_syn.v, 580
IOTDF, "DFFRX1 data_r_reg_51_( .D (data_w[59]),  .CK (net2354),  .RN (n773),  .Q (data_w[51]));"
  The above instance has fewer port connections than the module definition.
  Please use '+lint=TFIPC-L' to print out detailed information of unconnected 
  ports.


Warning-[TFIPC] Too few instance port connections
../02_SYN/Netlist/IOTDF_syn.v, 582
IOTDF, "DFFRX1 data_r_reg_50_( .D (data_w[58]),  .CK (net2354),  .RN (n773),  .Q (data_w[50]));"
  The above instance has fewer port connections than the module definition.
  Please use '+lint=TFIPC-L' to print out detailed information of unconnected 
  ports.


Warning-[TFIPC] Too few instance port connections
../02_SYN/Netlist/IOTDF_syn.v, 584
IOTDF, "DFFRX1 data_r_reg_49_( .D (data_w[57]),  .CK (net2354),  .RN (n773),  .Q (data_w[49]));"
  The above instance has fewer port connections than the module definition.
  Please use '+lint=TFIPC-L' to print out detailed information of unconnected 
  ports.


Warning-[TFIPC] Too few instance port connections
../02_SYN/Netlist/IOTDF_syn.v, 586
IOTDF, "DFFRX1 data_r_reg_48_( .D (data_w[56]),  .CK (net2354),  .RN (n773),  .Q (data_w[48]));"
  The above instance has fewer port connections than the module definition.
  Please use '+lint=TFIPC-L' to print out detailed information of unconnected 
  ports.


Warning-[TFIPC] Too few instance port connections
../02_SYN/Netlist/IOTDF_syn.v, 588
IOTDF, "DFFRX1 data_r_reg_47_( .D (data_w[55]),  .CK (net2359),  .RN (n773),  .Q (data_w[47]));"
  The above instance has fewer port connections than the module definition.
  Please use '+lint=TFIPC-L' to print out detailed information of unconnected 
  ports.


Warning-[TFIPC] Too few instance port connections
../02_SYN/Netlist/IOTDF_syn.v, 590
IOTDF, "DFFRX1 data_r_reg_46_( .D (data_w[54]),  .CK (net2359),  .RN (n773),  .Q (data_w[46]));"
  The above instance has fewer port connections than the module definition.
  Please use '+lint=TFIPC-L' to print out detailed information of unconnected 
  ports.


Warning-[TFIPC] Too few instance port connections
../02_SYN/Netlist/IOTDF_syn.v, 592
IOTDF, "DFFRX1 data_r_reg_45_( .D (data_w[53]),  .CK (net2359),  .RN (n773),  .Q (data_w[45]));"
  The above instance has fewer port connections than the module definition.
  Please use '+lint=TFIPC-L' to print out detailed information of unconnected 
  ports.


Warning-[TFIPC] Too few instance port connections
../02_SYN/Netlist/IOTDF_syn.v, 594
IOTDF, "DFFRX1 data_r_reg_44_( .D (data_w[52]),  .CK (net2359),  .RN (n774),  .Q (data_w[44]));"
  The above instance has fewer port connections than the module definition.
  Please use '+lint=TFIPC-L' to print out detailed information of unconnected 
  ports.


Warning-[TFIPC] Too few instance port connections
../02_SYN/Netlist/IOTDF_syn.v, 596
IOTDF, "DFFRX1 data_r_reg_43_( .D (data_w[51]),  .CK (net2364),  .RN (n774),  .Q (data_w[43]));"
  The above instance has fewer port connections than the module definition.
  Please use '+lint=TFIPC-L' to print out detailed information of unconnected 
  ports.


Warning-[TFIPC] Too few instance port connections
../02_SYN/Netlist/IOTDF_syn.v, 598
IOTDF, "DFFRX1 data_r_reg_42_( .D (data_w[50]),  .CK (net2364),  .RN (n774),  .Q (data_w[42]));"
  The above instance has fewer port connections than the module definition.
  Please use '+lint=TFIPC-L' to print out detailed information of unconnected 
  ports.


Warning-[TFIPC] Too few instance port connections
../02_SYN/Netlist/IOTDF_syn.v, 600
IOTDF, "DFFRX1 data_r_reg_41_( .D (data_w[49]),  .CK (net2364),  .RN (n774),  .Q (data_w[41]));"
  The above instance has fewer port connections than the module definition.
  Please use '+lint=TFIPC-L' to print out detailed information of unconnected 
  ports.


Warning-[TFIPC] Too few instance port connections
../02_SYN/Netlist/IOTDF_syn.v, 602
IOTDF, "DFFRX1 data_r_reg_40_( .D (data_w[48]),  .CK (net2364),  .RN (n774),  .Q (data_w[40]));"
  The above instance has fewer port connections than the module definition.
  Please use '+lint=TFIPC-L' to print out detailed information of unconnected 
  ports.


Warning-[TFIPC] Too few instance port connections
../02_SYN/Netlist/IOTDF_syn.v, 604
IOTDF, "DFFRX1 data_r_reg_39_( .D (data_w[47]),  .CK (net2369),  .RN (n774),  .Q (data_w[39]));"
  The above instance has fewer port connections than the module definition.
  Please use '+lint=TFIPC-L' to print out detailed information of unconnected 
  ports.


Warning-[TFIPC] Too few instance port connections
../02_SYN/Netlist/IOTDF_syn.v, 606
IOTDF, "DFFRX1 data_r_reg_38_( .D (data_w[46]),  .CK (net2369),  .RN (n774),  .Q (data_w[38]));"
  The above instance has fewer port connections than the module definition.
  Please use '+lint=TFIPC-L' to print out detailed information of unconnected 
  ports.


Warning-[TFIPC] Too few instance port connections
../02_SYN/Netlist/IOTDF_syn.v, 608
IOTDF, "DFFRX1 data_r_reg_37_( .D (data_w[45]),  .CK (net2369),  .RN (n774),  .Q (data_w[37]));"
  The above instance has fewer port connections than the module definition.
  Please use '+lint=TFIPC-L' to print out detailed information of unconnected 
  ports.


Warning-[TFIPC] Too few instance port connections
../02_SYN/Netlist/IOTDF_syn.v, 610
IOTDF, "DFFRX1 data_r_reg_36_( .D (data_w[44]),  .CK (net2369),  .RN (n774),  .Q (data_w[36]));"
  The above instance has fewer port connections than the module definition.
  Please use '+lint=TFIPC-L' to print out detailed information of unconnected 
  ports.


Warning-[TFIPC] Too few instance port connections
../02_SYN/Netlist/IOTDF_syn.v, 612
IOTDF, "DFFRX1 data_r_reg_35_( .D (data_w[43]),  .CK (net2374),  .RN (n774),  .Q (data_w[35]));"
  The above instance has fewer port connections than the module definition.
  Please use '+lint=TFIPC-L' to print out detailed information of unconnected 
  ports.


Warning-[TFIPC] Too few instance port connections
../02_SYN/Netlist/IOTDF_syn.v, 614
IOTDF, "DFFRX1 data_r_reg_34_( .D (data_w[42]),  .CK (net2374),  .RN (n774),  .Q (data_w[34]));"
  The above instance has fewer port connections than the module definition.
  Please use '+lint=TFIPC-L' to print out detailed information of unconnected 
  ports.


Warning-[TFIPC] Too few instance port connections
../02_SYN/Netlist/IOTDF_syn.v, 616
IOTDF, "DFFRX1 data_r_reg_33_( .D (data_w[41]),  .CK (net2374),  .RN (n774),  .Q (data_w[33]));"
  The above instance has fewer port connections than the module definition.
  Please use '+lint=TFIPC-L' to print out detailed information of unconnected 
  ports.


Warning-[TFIPC] Too few instance port connections
../02_SYN/Netlist/IOTDF_syn.v, 618
IOTDF, "DFFRX1 data_r_reg_32_( .D (data_w[40]),  .CK (net2374),  .RN (n799),  .Q (data_w[32]));"
  The above instance has fewer port connections than the module definition.
  Please use '+lint=TFIPC-L' to print out detailed information of unconnected 
  ports.


Warning-[TFIPC] Too few instance port connections
../02_SYN/Netlist/IOTDF_syn.v, 620
IOTDF, "DFFRX1 data_r_reg_31_( .D (data_w[39]),  .CK (net2379),  .RN (n799),  .Q (data_w[31]));"
  The above instance has fewer port connections than the module definition.
  Please use '+lint=TFIPC-L' to print out detailed information of unconnected 
  ports.


Warning-[TFIPC] Too few instance port connections
../02_SYN/Netlist/IOTDF_syn.v, 622
IOTDF, "DFFRX1 data_r_reg_30_( .D (data_w[38]),  .CK (net2379),  .RN (n799),  .Q (data_w[30]));"
  The above instance has fewer port connections than the module definition.
  Please use '+lint=TFIPC-L' to print out detailed information of unconnected 
  ports.


Warning-[TFIPC] Too few instance port connections
../02_SYN/Netlist/IOTDF_syn.v, 624
IOTDF, "DFFRX1 data_r_reg_29_( .D (data_w[37]),  .CK (net2379),  .RN (n799),  .Q (data_w[29]));"
  The above instance has fewer port connections than the module definition.
  Please use '+lint=TFIPC-L' to print out detailed information of unconnected 
  ports.


Warning-[TFIPC] Too few instance port connections
../02_SYN/Netlist/IOTDF_syn.v, 626
IOTDF, "DFFRX1 data_r_reg_28_( .D (data_w[36]),  .CK (net2379),  .RN (n799),  .Q (data_w[28]));"
  The above instance has fewer port connections than the module definition.
  Please use '+lint=TFIPC-L' to print out detailed information of unconnected 
  ports.


Warning-[TFIPC] Too few instance port connections
../02_SYN/Netlist/IOTDF_syn.v, 628
IOTDF, "DFFRX1 data_r_reg_27_( .D (data_w[35]),  .CK (net2384),  .RN (n799),  .Q (data_w[27]));"
  The above instance has fewer port connections than the module definition.
  Please use '+lint=TFIPC-L' to print out detailed information of unconnected 
  ports.


Warning-[TFIPC] Too few instance port connections
../02_SYN/Netlist/IOTDF_syn.v, 630
IOTDF, "DFFRX1 data_r_reg_26_( .D (data_w[34]),  .CK (net2384),  .RN (n799),  .Q (data_w[26]));"
  The above instance has fewer port connections than the module definition.
  Please use '+lint=TFIPC-L' to print out detailed information of unconnected 
  ports.


Warning-[TFIPC] Too few instance port connections
../02_SYN/Netlist/IOTDF_syn.v, 632
IOTDF, "DFFRX1 data_r_reg_25_( .D (data_w[33]),  .CK (net2384),  .RN (n774),  .Q (data_w[25]));"
  The above instance has fewer port connections than the module definition.
  Please use '+lint=TFIPC-L' to print out detailed information of unconnected 
  ports.


Warning-[TFIPC] Too few instance port connections
../02_SYN/Netlist/IOTDF_syn.v, 634
IOTDF, "DFFRX1 data_r_reg_24_( .D (data_w[32]),  .CK (net2384),  .RN (n799),  .Q (data_w[24]));"
  The above instance has fewer port connections than the module definition.
  Please use '+lint=TFIPC-L' to print out detailed information of unconnected 
  ports.


Warning-[TFIPC] Too few instance port connections
../02_SYN/Netlist/IOTDF_syn.v, 636
IOTDF, "DFFRX1 data_r_reg_23_( .D (data_w[31]),  .CK (net2389),  .RN (n774),  .Q (data_w[23]));"
  The above instance has fewer port connections than the module definition.
  Please use '+lint=TFIPC-L' to print out detailed information of unconnected 
  ports.


Warning-[TFIPC] Too few instance port connections
../02_SYN/Netlist/IOTDF_syn.v, 638
IOTDF, "DFFRX1 data_r_reg_22_( .D (data_w[30]),  .CK (net2389),  .RN (n774),  .Q (data_w[22]));"
  The above instance has fewer port connections than the module definition.
  Please use '+lint=TFIPC-L' to print out detailed information of unconnected 
  ports.


Warning-[TFIPC] Too few instance port connections
../02_SYN/Netlist/IOTDF_syn.v, 640
IOTDF, "DFFRX1 data_r_reg_21_( .D (data_w[29]),  .CK (net2389),  .RN (n774),  .Q (data_w[21]));"
  The above instance has fewer port connections than the module definition.
  Please use '+lint=TFIPC-L' to print out detailed information of unconnected 
  ports.


Warning-[TFIPC] Too few instance port connections
../02_SYN/Netlist/IOTDF_syn.v, 642
IOTDF, "DFFRX1 data_r_reg_20_( .D (data_w[28]),  .CK (net2389),  .RN (n799),  .Q (data_w[20]));"
  The above instance has fewer port connections than the module definition.
  Please use '+lint=TFIPC-L' to print out detailed information of unconnected 
  ports.


Warning-[TFIPC] Too few instance port connections
../02_SYN/Netlist/IOTDF_syn.v, 644
IOTDF, "DFFRX1 data_r_reg_19_( .D (data_w[27]),  .CK (net2394),  .RN (n342),  .Q (data_w[19]));"
  The above instance has fewer port connections than the module definition.
  Please use '+lint=TFIPC-L' to print out detailed information of unconnected 
  ports.


Warning-[TFIPC] Too few instance port connections
../02_SYN/Netlist/IOTDF_syn.v, 646
IOTDF, "DFFRX1 data_r_reg_18_( .D (data_w[26]),  .CK (net2394),  .RN (n774),  .Q (data_w[18]));"
  The above instance has fewer port connections than the module definition.
  Please use '+lint=TFIPC-L' to print out detailed information of unconnected 
  ports.


Warning-[TFIPC] Too few instance port connections
../02_SYN/Netlist/IOTDF_syn.v, 648
IOTDF, "DFFRX1 data_r_reg_17_( .D (data_w[25]),  .CK (net2394),  .RN (n774),  .Q (data_w[17]));"
  The above instance has fewer port connections than the module definition.
  Please use '+lint=TFIPC-L' to print out detailed information of unconnected 
  ports.


Warning-[TFIPC] Too few instance port connections
../02_SYN/Netlist/IOTDF_syn.v, 650
IOTDF, "DFFRX1 data_r_reg_16_( .D (data_w[24]),  .CK (net2394),  .RN (n773),  .Q (data_w[16]));"
  The above instance has fewer port connections than the module definition.
  Please use '+lint=TFIPC-L' to print out detailed information of unconnected 
  ports.


Warning-[TFIPC] Too few instance port connections
../02_SYN/Netlist/IOTDF_syn.v, 652
IOTDF, "DFFRX1 data_r_reg_15_( .D (data_w[23]),  .CK (net2399),  .RN (n799),  .Q (data_w[15]));"
  The above instance has fewer port connections than the module definition.
  Please use '+lint=TFIPC-L' to print out detailed information of unconnected 
  ports.


Warning-[TFIPC] Too few instance port connections
../02_SYN/Netlist/IOTDF_syn.v, 654
IOTDF, "DFFRX1 data_r_reg_14_( .D (data_w[22]),  .CK (net2399),  .RN (n799),  .Q (data_w[14]));"
  The above instance has fewer port connections than the module definition.
  Please use '+lint=TFIPC-L' to print out detailed information of unconnected 
  ports.


Warning-[TFIPC] Too few instance port connections
../02_SYN/Netlist/IOTDF_syn.v, 656
IOTDF, "DFFRX1 data_r_reg_13_( .D (data_w[21]),  .CK (net2399),  .RN (n342),  .Q (data_w[13]));"
  The above instance has fewer port connections than the module definition.
  Please use '+lint=TFIPC-L' to print out detailed information of unconnected 
  ports.


Warning-[TFIPC] Too few instance port connections
../02_SYN/Netlist/IOTDF_syn.v, 658
IOTDF, "DFFRX1 data_r_reg_12_( .D (data_w[20]),  .CK (net2399),  .RN (n799),  .Q (data_w[12]));"
  The above instance has fewer port connections than the module definition.
  Please use '+lint=TFIPC-L' to print out detailed information of unconnected 
  ports.


Warning-[TFIPC] Too few instance port connections
../02_SYN/Netlist/IOTDF_syn.v, 660
IOTDF, "DFFRX1 data_r_reg_11_( .D (data_w[19]),  .CK (net2404),  .RN (n799),  .Q (data_w[11]));"
  The above instance has fewer port connections than the module definition.
  Please use '+lint=TFIPC-L' to print out detailed information of unconnected 
  ports.


Warning-[TFIPC] Too few instance port connections
../02_SYN/Netlist/IOTDF_syn.v, 662
IOTDF, "DFFRX1 data_r_reg_10_( .D (data_w[18]),  .CK (net2404),  .RN (n342),  .Q (data_w[10]));"
  The above instance has fewer port connections than the module definition.
  Please use '+lint=TFIPC-L' to print out detailed information of unconnected 
  ports.


Warning-[TFIPC] Too few instance port connections
../02_SYN/Netlist/IOTDF_syn.v, 664
IOTDF, "DFFRX1 data_r_reg_9_( .D (data_w[17]),  .CK (net2404),  .RN (n799),  .Q (data_w[9]));"
  The above instance has fewer port connections than the module definition.
  Please use '+lint=TFIPC-L' to print out detailed information of unconnected 
  ports.


Warning-[TFIPC] Too few instance port connections
../02_SYN/Netlist/IOTDF_syn.v, 665
IOTDF, "DFFRX1 data_r_reg_8_( .D (data_w[16]),  .CK (net2404),  .RN (n799),  .Q (data_w[8]));"
  The above instance has fewer port connections than the module definition.
  Please use '+lint=TFIPC-L' to print out detailed information of unconnected 
  ports.


Warning-[TFIPC] Too few instance port connections
../02_SYN/Netlist/IOTDF_syn.v, 666
IOTDF, "DFFRX1 data_r_reg_7_( .D (data_w[15]),  .CK (net2409),  .RN (n799),  .Q (data_w[7]));"
  The above instance has fewer port connections than the module definition.
  Please use '+lint=TFIPC-L' to print out detailed information of unconnected 
  ports.


Warning-[TFIPC] Too few instance port connections
../02_SYN/Netlist/IOTDF_syn.v, 667
IOTDF, "DFFRX1 data_r_reg_6_( .D (data_w[14]),  .CK (net2409),  .RN (n342),  .Q (data_w[6]));"
  The above instance has fewer port connections than the module definition.
  Please use '+lint=TFIPC-L' to print out detailed information of unconnected 
  ports.


Warning-[TFIPC] Too few instance port connections
../02_SYN/Netlist/IOTDF_syn.v, 668
IOTDF, "DFFRX1 data_r_reg_5_( .D (data_w[13]),  .CK (net2409),  .RN (n799),  .Q (data_w[5]));"
  The above instance has fewer port connections than the module definition.
  Please use '+lint=TFIPC-L' to print out detailed information of unconnected 
  ports.


Warning-[TFIPC] Too few instance port connections
../02_SYN/Netlist/IOTDF_syn.v, 669
IOTDF, "DFFRX1 data_r_reg_4_( .D (data_w[12]),  .CK (net2409),  .RN (n799),  .Q (data_w[4]));"
  The above instance has fewer port connections than the module definition.
  Please use '+lint=TFIPC-L' to print out detailed information of unconnected 
  ports.


Warning-[TFIPC] Too few instance port connections
../02_SYN/Netlist/IOTDF_syn.v, 670
IOTDF, "DFFRX1 data_r_reg_3_( .D (data_w[11]),  .CK (net2414),  .RN (n342),  .Q (data_w[3]));"
  The above instance has fewer port connections than the module definition.
  Please use '+lint=TFIPC-L' to print out detailed information of unconnected 
  ports.


Warning-[TFIPC] Too few instance port connections
../02_SYN/Netlist/IOTDF_syn.v, 671
IOTDF, "DFFRX1 data_r_reg_2_( .D (data_w[10]),  .CK (net2414),  .RN (n799),  .Q (data_w[2]));"
  The above instance has fewer port connections than the module definition.
  Please use '+lint=TFIPC-L' to print out detailed information of unconnected 
  ports.


Warning-[TFIPC] Too few instance port connections
../02_SYN/Netlist/IOTDF_syn.v, 672
IOTDF, "DFFRX1 data_r_reg_1_( .D (data_w[9]),  .CK (net2414),  .RN (n799),  .Q (data_w[1]));"
  The above instance has fewer port connections than the module definition.
  Please use '+lint=TFIPC-L' to print out detailed information of unconnected 
  ports.


Warning-[TFIPC] Too few instance port connections
../02_SYN/Netlist/IOTDF_syn.v, 674
IOTDF, "DFFRX1 data_r_reg_0_( .D (data_w[8]),  .CK (net2414),  .RN (n342),  .Q (data_w[0]));"
  The above instance has fewer port connections than the module definition.
  Please use '+lint=TFIPC-L' to print out detailed information of unconnected 
  ports.


Warning-[TFIPC] Too few instance port connections
../02_SYN/Netlist/IOTDF_syn.v, 676
IOTDF, "DFFRX1 input_cnt_reg_0_( .D (N62),  .CK (clk),  .RN (n342),  .Q (input_cnt[0]));"
  The above instance has fewer port connections than the module definition.
  Please use '+lint=TFIPC-L' to print out detailed information of unconnected 
  ports.


Warning-[TFIPC] Too few instance port connections
../02_SYN/Netlist/IOTDF_syn.v, 677
IOTDF, "DFFRX1 input_cnt_reg_1_( .D (N63),  .CK (clk),  .RN (n799),  .QN (n713));"
  The above instance has fewer port connections than the module definition.
  Please use '+lint=TFIPC-L' to print out detailed information of unconnected 
  ports.


Warning-[TFIPC] Too few instance port connections
../02_SYN/Netlist/IOTDF_syn.v, 678
IOTDF, "DFFRX1 input_cnt_reg_2_( .D (N64),  .CK (clk),  .RN (n799),  .Q (input_cnt[2]));"
  The above instance has fewer port connections than the module definition.
  Please use '+lint=TFIPC-L' to print out detailed information of unconnected 
  ports.


Warning-[TFIPC] Too few instance port connections
../02_SYN/Netlist/IOTDF_syn.v, 679
IOTDF, "DFFRX1 input_cnt_reg_3_( .D (N65),  .CK (clk),  .RN (n799),  .QN (n734));"
  The above instance has fewer port connections than the module definition.
  Please use '+lint=TFIPC-L' to print out detailed information of unconnected 
  ports.


Warning-[TFIPC] Too few instance port connections
../02_SYN/Netlist/IOTDF_syn.v, 680
IOTDF, "DFFRX1 round_r_reg_0_( .D (N57),  .CK (clk),  .RN (n342),  .Q (round_r[0]));"
  The above instance has fewer port connections than the module definition.
  Please use '+lint=TFIPC-L' to print out detailed information of unconnected 
  ports.


Warning-[TFIPC] Too few instance port connections
../02_SYN/Netlist/IOTDF_syn.v, 681
IOTDF, "DFFRX1 round_r_reg_1_( .D (N58),  .CK (clk),  .RN (n799),  .Q (round_r[1]));"
  The above instance has fewer port connections than the module definition.
  Please use '+lint=TFIPC-L' to print out detailed information of unconnected 
  ports.


Warning-[TFIPC] Too few instance port connections
../02_SYN/Netlist/IOTDF_syn.v, 684
IOTDF, "DFFRX1 round_r_reg_3_( .D (N60),  .CK (clk),  .RN (n342),  .Q (round_r[3]));"
  The above instance has fewer port connections than the module definition.
  Please use '+lint=TFIPC-L' to print out detailed information of unconnected 
  ports.


Warning-[TFIPC] Too few instance port connections
../02_SYN/Netlist/IOTDF_syn.v, 686
IOTDF, "DFFRX1 u_ciptext_gen_main_key_r_reg_0_( .D (data_w[64]),  .CK (u_ciptext_gen_net4496),  .RN (n776),  .Q (cipher_text_out_w[64]));"
  The above instance has fewer port connections than the module definition.
  Please use '+lint=TFIPC-L' to print out detailed information of unconnected 
  ports.


Warning-[TFIPC] Too few instance port connections
../02_SYN/Netlist/IOTDF_syn.v, 688
IOTDF, "DFFRX1 u_ciptext_gen_main_key_r_reg_1_( .D (data_w[65]),  .CK (u_ciptext_gen_net4496),  .RN (n776),  .Q (cipher_text_out_w[65]));"
  The above instance has fewer port connections than the module definition.
  Please use '+lint=TFIPC-L' to print out detailed information of unconnected 
  ports.


Warning-[TFIPC] Too few instance port connections
../02_SYN/Netlist/IOTDF_syn.v, 690
IOTDF, "DFFRX1 u_ciptext_gen_main_key_r_reg_2_( .D (data_w[66]),  .CK (u_ciptext_gen_net4496),  .RN (n776),  .Q (cipher_text_out_w[66]));"
  The above instance has fewer port connections than the module definition.
  Please use '+lint=TFIPC-L' to print out detailed information of unconnected 
  ports.


Warning-[TFIPC] Too few instance port connections
../02_SYN/Netlist/IOTDF_syn.v, 692
IOTDF, "DFFRX1 u_ciptext_gen_main_key_r_reg_3_( .D (data_w[67]),  .CK (u_ciptext_gen_net4496),  .RN (n776),  .Q (cipher_text_out_w[67]));"
  The above instance has fewer port connections than the module definition.
  Please use '+lint=TFIPC-L' to print out detailed information of unconnected 
  ports.


Warning-[TFIPC] Too few instance port connections
../02_SYN/Netlist/IOTDF_syn.v, 694
IOTDF, "DFFRX1 u_ciptext_gen_main_key_r_reg_4_( .D (data_w[68]),  .CK (u_ciptext_gen_net4491),  .RN (n776),  .Q (cipher_text_out_w[68]));"
  The above instance has fewer port connections than the module definition.
  Please use '+lint=TFIPC-L' to print out detailed information of unconnected 
  ports.


Warning-[TFIPC] Too few instance port connections
../02_SYN/Netlist/IOTDF_syn.v, 696
IOTDF, "DFFRX1 u_ciptext_gen_main_key_r_reg_5_( .D (data_w[69]),  .CK (u_ciptext_gen_net4491),  .RN (n776),  .Q (cipher_text_out_w[69]));"
  The above instance has fewer port connections than the module definition.
  Please use '+lint=TFIPC-L' to print out detailed information of unconnected 
  ports.


Warning-[TFIPC] Too few instance port connections
../02_SYN/Netlist/IOTDF_syn.v, 698
IOTDF, "DFFRX1 u_ciptext_gen_main_key_r_reg_6_( .D (data_w[70]),  .CK (u_ciptext_gen_net4491),  .RN (n777),  .Q (cipher_text_out_w[70]));"
  The above instance has fewer port connections than the module definition.
  Please use '+lint=TFIPC-L' to print out detailed information of unconnected 
  ports.


Warning-[TFIPC] Too few instance port connections
../02_SYN/Netlist/IOTDF_syn.v, 700
IOTDF, "DFFRX1 u_ciptext_gen_main_key_r_reg_7_( .D (data_w[71]),  .CK (u_ciptext_gen_net4491),  .RN (n777),  .Q (cipher_text_out_w[71]));"
  The above instance has fewer port connections than the module definition.
  Please use '+lint=TFIPC-L' to print out detailed information of unconnected 
  ports.


Warning-[TFIPC] Too few instance port connections
../02_SYN/Netlist/IOTDF_syn.v, 702
IOTDF, "DFFRX1 u_ciptext_gen_main_key_r_reg_8_( .D (data_w[72]),  .CK (u_ciptext_gen_net4486),  .RN (n777),  .Q (cipher_text_out_w[72]));"
  The above instance has fewer port connections than the module definition.
  Please use '+lint=TFIPC-L' to print out detailed information of unconnected 
  ports.


Warning-[TFIPC] Too few instance port connections
../02_SYN/Netlist/IOTDF_syn.v, 704
IOTDF, "DFFRX1 u_ciptext_gen_main_key_r_reg_9_( .D (data_w[73]),  .CK (u_ciptext_gen_net4486),  .RN (n777),  .Q (cipher_text_out_w[73]));"
  The above instance has fewer port connections than the module definition.
  Please use '+lint=TFIPC-L' to print out detailed information of unconnected 
  ports.


Warning-[TFIPC] Too few instance port connections
../02_SYN/Netlist/IOTDF_syn.v, 706
IOTDF, "DFFRX1 u_ciptext_gen_main_key_r_reg_10_( .D (data_w[74]),  .CK (u_ciptext_gen_net4486),  .RN (n777),  .Q (cipher_text_out_w[74]));"
  The above instance has fewer port connections than the module definition.
  Please use '+lint=TFIPC-L' to print out detailed information of unconnected 
  ports.


Warning-[TFIPC] Too few instance port connections
../02_SYN/Netlist/IOTDF_syn.v, 708
IOTDF, "DFFRX1 u_ciptext_gen_main_key_r_reg_11_( .D (data_w[75]),  .CK (u_ciptext_gen_net4486),  .RN (n777),  .Q (cipher_text_out_w[75]));"
  The above instance has fewer port connections than the module definition.
  Please use '+lint=TFIPC-L' to print out detailed information of unconnected 
  ports.


Warning-[TFIPC] Too few instance port connections
../02_SYN/Netlist/IOTDF_syn.v, 710
IOTDF, "DFFRX1 u_ciptext_gen_main_key_r_reg_12_( .D (data_w[76]),  .CK (u_ciptext_gen_net4481),  .RN (n796),  .Q (cipher_text_out_w[76]));"
  The above instance has fewer port connections than the module definition.
  Please use '+lint=TFIPC-L' to print out detailed information of unconnected 
  ports.


Warning-[TFIPC] Too few instance port connections
../02_SYN/Netlist/IOTDF_syn.v, 712
IOTDF, "DFFRX1 u_ciptext_gen_main_key_r_reg_13_( .D (data_w[77]),  .CK (u_ciptext_gen_net4481),  .RN (n796),  .Q (cipher_text_out_w[77]));"
  The above instance has fewer port connections than the module definition.
  Please use '+lint=TFIPC-L' to print out detailed information of unconnected 
  ports.


Warning-[TFIPC] Too few instance port connections
../02_SYN/Netlist/IOTDF_syn.v, 714
IOTDF, "DFFRX1 u_ciptext_gen_main_key_r_reg_14_( .D (data_w[78]),  .CK (u_ciptext_gen_net4481),  .RN (n796),  .Q (cipher_text_out_w[78]));"
  The above instance has fewer port connections than the module definition.
  Please use '+lint=TFIPC-L' to print out detailed information of unconnected 
  ports.


Warning-[TFIPC] Too few instance port connections
../02_SYN/Netlist/IOTDF_syn.v, 716
IOTDF, "DFFRX1 u_ciptext_gen_main_key_r_reg_15_( .D (data_w[79]),  .CK (u_ciptext_gen_net4481),  .RN (n796),  .Q (cipher_text_out_w[79]));"
  The above instance has fewer port connections than the module definition.
  Please use '+lint=TFIPC-L' to print out detailed information of unconnected 
  ports.


Warning-[TFIPC] Too few instance port connections
../02_SYN/Netlist/IOTDF_syn.v, 718
IOTDF, "DFFRX1 u_ciptext_gen_main_key_r_reg_16_( .D (data_w[80]),  .CK (u_ciptext_gen_net4476),  .RN (n796),  .Q (cipher_text_out_w[80]));"
  The above instance has fewer port connections than the module definition.
  Please use '+lint=TFIPC-L' to print out detailed information of unconnected 
  ports.


Warning-[TFIPC] Too few instance port connections
../02_SYN/Netlist/IOTDF_syn.v, 720
IOTDF, "DFFRX1 u_ciptext_gen_main_key_r_reg_17_( .D (data_w[81]),  .CK (u_ciptext_gen_net4476),  .RN (n342),  .Q (cipher_text_out_w[81]));"
  The above instance has fewer port connections than the module definition.
  Please use '+lint=TFIPC-L' to print out detailed information of unconnected 
  ports.


Warning-[TFIPC] Too few instance port connections
../02_SYN/Netlist/IOTDF_syn.v, 722
IOTDF, "DFFRX1 u_ciptext_gen_main_key_r_reg_18_( .D (data_w[82]),  .CK (u_ciptext_gen_net4476),  .RN (n778),  .Q (cipher_text_out_w[82]));"
  The above instance has fewer port connections than the module definition.
  Please use '+lint=TFIPC-L' to print out detailed information of unconnected 
  ports.


Warning-[TFIPC] Too few instance port connections
../02_SYN/Netlist/IOTDF_syn.v, 724
IOTDF, "DFFRX1 u_ciptext_gen_main_key_r_reg_19_( .D (data_w[83]),  .CK (u_ciptext_gen_net4476),  .RN (n778),  .Q (cipher_text_out_w[83]));"
  The above instance has fewer port connections than the module definition.
  Please use '+lint=TFIPC-L' to print out detailed information of unconnected 
  ports.


Warning-[TFIPC] Too few instance port connections
../02_SYN/Netlist/IOTDF_syn.v, 726
IOTDF, "DFFRX1 u_ciptext_gen_main_key_r_reg_20_( .D (data_w[84]),  .CK (u_ciptext_gen_net4471),  .RN (n778),  .Q (cipher_text_out_w[84]));"
  The above instance has fewer port connections than the module definition.
  Please use '+lint=TFIPC-L' to print out detailed information of unconnected 
  ports.


Warning-[TFIPC] Too few instance port connections
../02_SYN/Netlist/IOTDF_syn.v, 728
IOTDF, "DFFRX1 u_ciptext_gen_main_key_r_reg_21_( .D (data_w[85]),  .CK (u_ciptext_gen_net4471),  .RN (n778),  .Q (cipher_text_out_w[85]));"
  The above instance has fewer port connections than the module definition.
  Please use '+lint=TFIPC-L' to print out detailed information of unconnected 
  ports.


Warning-[TFIPC] Too few instance port connections
../02_SYN/Netlist/IOTDF_syn.v, 730
IOTDF, "DFFRX1 u_ciptext_gen_main_key_r_reg_22_( .D (data_w[86]),  .CK (u_ciptext_gen_net4471),  .RN (n778),  .Q (cipher_text_out_w[86]));"
  The above instance has fewer port connections than the module definition.
  Please use '+lint=TFIPC-L' to print out detailed information of unconnected 
  ports.


Warning-[TFIPC] Too few instance port connections
../02_SYN/Netlist/IOTDF_syn.v, 732
IOTDF, "DFFRX1 u_ciptext_gen_main_key_r_reg_23_( .D (data_w[87]),  .CK (u_ciptext_gen_net4471),  .RN (n778),  .Q (cipher_text_out_w[87]));"
  The above instance has fewer port connections than the module definition.
  Please use '+lint=TFIPC-L' to print out detailed information of unconnected 
  ports.


Warning-[TFIPC] Too few instance port connections
../02_SYN/Netlist/IOTDF_syn.v, 734
IOTDF, "DFFRX1 u_ciptext_gen_main_key_r_reg_24_( .D (data_w[88]),  .CK (u_ciptext_gen_net4466),  .RN (n796),  .Q (cipher_text_out_w[88]));"
  The above instance has fewer port connections than the module definition.
  Please use '+lint=TFIPC-L' to print out detailed information of unconnected 
  ports.


Warning-[TFIPC] Too few instance port connections
../02_SYN/Netlist/IOTDF_syn.v, 736
IOTDF, "DFFRX1 u_ciptext_gen_main_key_r_reg_25_( .D (data_w[89]),  .CK (u_ciptext_gen_net4466),  .RN (n796),  .Q (cipher_text_out_w[89]));"
  The above instance has fewer port connections than the module definition.
  Please use '+lint=TFIPC-L' to print out detailed information of unconnected 
  ports.


Warning-[TFIPC] Too few instance port connections
../02_SYN/Netlist/IOTDF_syn.v, 738
IOTDF, "DFFRX1 u_ciptext_gen_main_key_r_reg_26_( .D (data_w[90]),  .CK (u_ciptext_gen_net4466),  .RN (n796),  .Q (cipher_text_out_w[90]));"
  The above instance has fewer port connections than the module definition.
  Please use '+lint=TFIPC-L' to print out detailed information of unconnected 
  ports.


Warning-[TFIPC] Too few instance port connections
../02_SYN/Netlist/IOTDF_syn.v, 740
IOTDF, "DFFRX1 u_ciptext_gen_main_key_r_reg_27_( .D (data_w[91]),  .CK (u_ciptext_gen_net4466),  .RN (n796),  .Q (cipher_text_out_w[91]));"
  The above instance has fewer port connections than the module definition.
  Please use '+lint=TFIPC-L' to print out detailed information of unconnected 
  ports.


Warning-[TFIPC] Too few instance port connections
../02_SYN/Netlist/IOTDF_syn.v, 742
IOTDF, "DFFRX1 u_ciptext_gen_main_key_r_reg_28_( .D (data_w[92]),  .CK (u_ciptext_gen_net4461),  .RN (n796),  .Q (cipher_text_out_w[92]));"
  The above instance has fewer port connections than the module definition.
  Please use '+lint=TFIPC-L' to print out detailed information of unconnected 
  ports.


Warning-[TFIPC] Too few instance port connections
../02_SYN/Netlist/IOTDF_syn.v, 744
IOTDF, "DFFRX1 u_ciptext_gen_main_key_r_reg_29_( .D (data_w[93]),  .CK (u_ciptext_gen_net4461),  .RN (n796),  .Q (cipher_text_out_w[93]));"
  The above instance has fewer port connections than the module definition.
  Please use '+lint=TFIPC-L' to print out detailed information of unconnected 
  ports.


Warning-[TFIPC] Too few instance port connections
../02_SYN/Netlist/IOTDF_syn.v, 746
IOTDF, "DFFRX1 u_ciptext_gen_main_key_r_reg_30_( .D (data_w[94]),  .CK (u_ciptext_gen_net4461),  .RN (n795),  .Q (cipher_text_out_w[94]));"
  The above instance has fewer port connections than the module definition.
  Please use '+lint=TFIPC-L' to print out detailed information of unconnected 
  ports.


Warning-[TFIPC] Too few instance port connections
../02_SYN/Netlist/IOTDF_syn.v, 748
IOTDF, "DFFRX1 u_ciptext_gen_main_key_r_reg_31_( .D (data_w[95]),  .CK (u_ciptext_gen_net4461),  .RN (n795),  .Q (cipher_text_out_w[95]));"
  The above instance has fewer port connections than the module definition.
  Please use '+lint=TFIPC-L' to print out detailed information of unconnected 
  ports.


Warning-[TFIPC] Too few instance port connections
../02_SYN/Netlist/IOTDF_syn.v, 750
IOTDF, "DFFRX1 u_ciptext_gen_main_key_r_reg_32_( .D (data_w[96]),  .CK (u_ciptext_gen_net4456),  .RN (n795),  .Q (cipher_text_out_w[96]));"
  The above instance has fewer port connections than the module definition.
  Please use '+lint=TFIPC-L' to print out detailed information of unconnected 
  ports.


Warning-[TFIPC] Too few instance port connections
../02_SYN/Netlist/IOTDF_syn.v, 752
IOTDF, "DFFRX1 u_ciptext_gen_main_key_r_reg_33_( .D (data_w[97]),  .CK (u_ciptext_gen_net4456),  .RN (n795),  .Q (cipher_text_out_w[97]));"
  The above instance has fewer port connections than the module definition.
  Please use '+lint=TFIPC-L' to print out detailed information of unconnected 
  ports.


Warning-[TFIPC] Too few instance port connections
../02_SYN/Netlist/IOTDF_syn.v, 754
IOTDF, "DFFRX1 u_ciptext_gen_main_key_r_reg_34_( .D (data_w[98]),  .CK (u_ciptext_gen_net4456),  .RN (n795),  .Q (cipher_text_out_w[98]));"
  The above instance has fewer port connections than the module definition.
  Please use '+lint=TFIPC-L' to print out detailed information of unconnected 
  ports.


Warning-[TFIPC] Too few instance port connections
../02_SYN/Netlist/IOTDF_syn.v, 756
IOTDF, "DFFRX1 u_ciptext_gen_main_key_r_reg_35_( .D (data_w[99]),  .CK (u_ciptext_gen_net4456),  .RN (n795),  .Q (cipher_text_out_w[99]));"
  The above instance has fewer port connections than the module definition.
  Please use '+lint=TFIPC-L' to print out detailed information of unconnected 
  ports.


Warning-[TFIPC] Too few instance port connections
../02_SYN/Netlist/IOTDF_syn.v, 758
IOTDF, "DFFRX1 u_ciptext_gen_main_key_r_reg_36_( .D (data_w[100]),  .CK (u_ciptext_gen_net4451),  .RN (n780),  .Q (cipher_text_out_w[100]));"
  The above instance has fewer port connections than the module definition.
  Please use '+lint=TFIPC-L' to print out detailed information of unconnected 
  ports.


Warning-[TFIPC] Too few instance port connections
../02_SYN/Netlist/IOTDF_syn.v, 760
IOTDF, "DFFRX1 u_ciptext_gen_main_key_r_reg_37_( .D (data_w[101]),  .CK (u_ciptext_gen_net4451),  .RN (n780),  .Q (cipher_text_out_w[101]));"
  The above instance has fewer port connections than the module definition.
  Please use '+lint=TFIPC-L' to print out detailed information of unconnected 
  ports.


Warning-[TFIPC] Too few instance port connections
../02_SYN/Netlist/IOTDF_syn.v, 762
IOTDF, "DFFRX1 u_ciptext_gen_main_key_r_reg_38_( .D (data_w[102]),  .CK (u_ciptext_gen_net4451),  .RN (n780),  .Q (cipher_text_out_w[102]));"
  The above instance has fewer port connections than the module definition.
  Please use '+lint=TFIPC-L' to print out detailed information of unconnected 
  ports.


Warning-[TFIPC] Too few instance port connections
../02_SYN/Netlist/IOTDF_syn.v, 764
IOTDF, "DFFRX1 u_ciptext_gen_main_key_r_reg_39_( .D (data_w[103]),  .CK (u_ciptext_gen_net4451),  .RN (n780),  .Q (cipher_text_out_w[103]));"
  The above instance has fewer port connections than the module definition.
  Please use '+lint=TFIPC-L' to print out detailed information of unconnected 
  ports.


Warning-[TFIPC] Too few instance port connections
../02_SYN/Netlist/IOTDF_syn.v, 766
IOTDF, "DFFRX1 u_ciptext_gen_main_key_r_reg_40_( .D (data_w[104]),  .CK (u_ciptext_gen_net4446),  .RN (n780),  .Q (cipher_text_out_w[104]));"
  The above instance has fewer port connections than the module definition.
  Please use '+lint=TFIPC-L' to print out detailed information of unconnected 
  ports.


Warning-[TFIPC] Too few instance port connections
../02_SYN/Netlist/IOTDF_syn.v, 768
IOTDF, "DFFRX1 u_ciptext_gen_main_key_r_reg_41_( .D (data_w[105]),  .CK (u_ciptext_gen_net4446),  .RN (n780),  .Q (cipher_text_out_w[105]));"
  The above instance has fewer port connections than the module definition.
  Please use '+lint=TFIPC-L' to print out detailed information of unconnected 
  ports.


Warning-[TFIPC] Too few instance port connections
../02_SYN/Netlist/IOTDF_syn.v, 770
IOTDF, "DFFRX1 u_ciptext_gen_main_key_r_reg_42_( .D (data_w[106]),  .CK (u_ciptext_gen_net4446),  .RN (n795),  .Q (cipher_text_out_w[106]));"
  The above instance has fewer port connections than the module definition.
  Please use '+lint=TFIPC-L' to print out detailed information of unconnected 
  ports.


Warning-[TFIPC] Too few instance port connections
../02_SYN/Netlist/IOTDF_syn.v, 772
IOTDF, "DFFRX1 u_ciptext_gen_main_key_r_reg_43_( .D (data_w[107]),  .CK (u_ciptext_gen_net4446),  .RN (n795),  .Q (cipher_text_out_w[107]));"
  The above instance has fewer port connections than the module definition.
  Please use '+lint=TFIPC-L' to print out detailed information of unconnected 
  ports.


Warning-[TFIPC] Too few instance port connections
../02_SYN/Netlist/IOTDF_syn.v, 774
IOTDF, "DFFRX1 u_ciptext_gen_main_key_r_reg_44_( .D (data_w[108]),  .CK (u_ciptext_gen_net4441),  .RN (n795),  .Q (cipher_text_out_w[108]));"
  The above instance has fewer port connections than the module definition.
  Please use '+lint=TFIPC-L' to print out detailed information of unconnected 
  ports.


Warning-[TFIPC] Too few instance port connections
../02_SYN/Netlist/IOTDF_syn.v, 776
IOTDF, "DFFRX1 u_ciptext_gen_main_key_r_reg_45_( .D (data_w[109]),  .CK (u_ciptext_gen_net4441),  .RN (n795),  .Q (cipher_text_out_w[109]));"
  The above instance has fewer port connections than the module definition.
  Please use '+lint=TFIPC-L' to print out detailed information of unconnected 
  ports.


Warning-[TFIPC] Too few instance port connections
../02_SYN/Netlist/IOTDF_syn.v, 778
IOTDF, "DFFRX1 u_ciptext_gen_main_key_r_reg_46_( .D (data_w[110]),  .CK (u_ciptext_gen_net4441),  .RN (n795),  .Q (cipher_text_out_w[110]));"
  The above instance has fewer port connections than the module definition.
  Please use '+lint=TFIPC-L' to print out detailed information of unconnected 
  ports.


Warning-[TFIPC] Too few instance port connections
../02_SYN/Netlist/IOTDF_syn.v, 780
IOTDF, "DFFRX1 u_ciptext_gen_main_key_r_reg_47_( .D (data_w[111]),  .CK (u_ciptext_gen_net4441),  .RN (n795),  .Q (cipher_text_out_w[111]));"
  The above instance has fewer port connections than the module definition.
  Please use '+lint=TFIPC-L' to print out detailed information of unconnected 
  ports.


Warning-[TFIPC] Too few instance port connections
../02_SYN/Netlist/IOTDF_syn.v, 782
IOTDF, "DFFRX1 u_ciptext_gen_main_key_r_reg_48_( .D (data_w[112]),  .CK (u_ciptext_gen_net4436),  .RN (n342),  .Q (cipher_text_out_w[112]));"
  The above instance has fewer port connections than the module definition.
  Please use '+lint=TFIPC-L' to print out detailed information of unconnected 
  ports.


Warning-[TFIPC] Too few instance port connections
../02_SYN/Netlist/IOTDF_syn.v, 784
IOTDF, "DFFRX1 u_ciptext_gen_main_key_r_reg_49_( .D (data_w[113]),  .CK (u_ciptext_gen_net4436),  .RN (n342),  .Q (cipher_text_out_w[113]));"
  The above instance has fewer port connections than the module definition.
  Please use '+lint=TFIPC-L' to print out detailed information of unconnected 
  ports.


Warning-[TFIPC] Too few instance port connections
../02_SYN/Netlist/IOTDF_syn.v, 786
IOTDF, "DFFRX1 u_ciptext_gen_main_key_r_reg_50_( .D (data_w[114]),  .CK (u_ciptext_gen_net4436),  .RN (n342),  .Q (cipher_text_out_w[114]));"
  The above instance has fewer port connections than the module definition.
  Please use '+lint=TFIPC-L' to print out detailed information of unconnected 
  ports.


Warning-[TFIPC] Too few instance port connections
../02_SYN/Netlist/IOTDF_syn.v, 788
IOTDF, "DFFRX1 u_ciptext_gen_main_key_r_reg_51_( .D (data_w[115]),  .CK (u_ciptext_gen_net4436),  .RN (n342),  .Q (cipher_text_out_w[115]));"
  The above instance has fewer port connections than the module definition.
  Please use '+lint=TFIPC-L' to print out detailed information of unconnected 
  ports.


Warning-[TFIPC] Too few instance port connections
../02_SYN/Netlist/IOTDF_syn.v, 790
IOTDF, "DFFRX1 u_ciptext_gen_main_key_r_reg_52_( .D (data_w[116]),  .CK (u_ciptext_gen_net4431),  .RN (n342),  .Q (cipher_text_out_w[116]));"
  The above instance has fewer port connections than the module definition.
  Please use '+lint=TFIPC-L' to print out detailed information of unconnected 
  ports.


Warning-[TFIPC] Too few instance port connections
../02_SYN/Netlist/IOTDF_syn.v, 792
IOTDF, "DFFRX1 u_ciptext_gen_main_key_r_reg_53_( .D (data_w[117]),  .CK (u_ciptext_gen_net4431),  .RN (n342),  .Q (cipher_text_out_w[117]));"
  The above instance has fewer port connections than the module definition.
  Please use '+lint=TFIPC-L' to print out detailed information of unconnected 
  ports.


Warning-[TFIPC] Too few instance port connections
../02_SYN/Netlist/IOTDF_syn.v, 794
IOTDF, "DFFRX1 u_ciptext_gen_main_key_r_reg_54_( .D (data_w[118]),  .CK (u_ciptext_gen_net4431),  .RN (n342),  .Q (cipher_text_out_w[118]));"
  The above instance has fewer port connections than the module definition.
  Please use '+lint=TFIPC-L' to print out detailed information of unconnected 
  ports.


Warning-[TFIPC] Too few instance port connections
../02_SYN/Netlist/IOTDF_syn.v, 796
IOTDF, "DFFRX1 u_ciptext_gen_main_key_r_reg_55_( .D (data_w[119]),  .CK (u_ciptext_gen_net4431),  .RN (n342),  .Q (cipher_text_out_w[119]));"
  The above instance has fewer port connections than the module definition.
  Please use '+lint=TFIPC-L' to print out detailed information of unconnected 
  ports.


Warning-[TFIPC] Too few instance port connections
../02_SYN/Netlist/IOTDF_syn.v, 798
IOTDF, "DFFRX1 u_ciptext_gen_main_key_r_reg_56_( .D (data_w[120]),  .CK (u_ciptext_gen_net4426),  .RN (n801),  .Q (cipher_text_out_w[120]));"
  The above instance has fewer port connections than the module definition.
  Please use '+lint=TFIPC-L' to print out detailed information of unconnected 
  ports.


Warning-[TFIPC] Too few instance port connections
../02_SYN/Netlist/IOTDF_syn.v, 800
IOTDF, "DFFRX1 u_ciptext_gen_main_key_r_reg_57_( .D (data_w[121]),  .CK (u_ciptext_gen_net4426),  .RN (n342),  .Q (cipher_text_out_w[121]));"
  The above instance has fewer port connections than the module definition.
  Please use '+lint=TFIPC-L' to print out detailed information of unconnected 
  ports.


Warning-[TFIPC] Too few instance port connections
../02_SYN/Netlist/IOTDF_syn.v, 802
IOTDF, "DFFRX1 u_ciptext_gen_main_key_r_reg_58_( .D (data_w[122]),  .CK (u_ciptext_gen_net4426),  .RN (n342),  .Q (cipher_text_out_w[122]));"
  The above instance has fewer port connections than the module definition.
  Please use '+lint=TFIPC-L' to print out detailed information of unconnected 
  ports.


Warning-[TFIPC] Too few instance port connections
../02_SYN/Netlist/IOTDF_syn.v, 804
IOTDF, "DFFRX1 u_ciptext_gen_main_key_r_reg_59_( .D (data_w[123]),  .CK (u_ciptext_gen_net4426),  .RN (n342),  .Q (cipher_text_out_w[123]));"
  The above instance has fewer port connections than the module definition.
  Please use '+lint=TFIPC-L' to print out detailed information of unconnected 
  ports.


Warning-[TFIPC] Too few instance port connections
../02_SYN/Netlist/IOTDF_syn.v, 806
IOTDF, "DFFRX1 u_ciptext_gen_main_key_r_reg_60_( .D (data_w[124]),  .CK (u_ciptext_gen_net4421),  .RN (n342),  .Q (cipher_text_out_w[124]));"
  The above instance has fewer port connections than the module definition.
  Please use '+lint=TFIPC-L' to print out detailed information of unconnected 
  ports.


Warning-[TFIPC] Too few instance port connections
../02_SYN/Netlist/IOTDF_syn.v, 808
IOTDF, "DFFRX1 u_ciptext_gen_main_key_r_reg_61_( .D (data_w[125]),  .CK (u_ciptext_gen_net4421),  .RN (n342),  .Q (cipher_text_out_w[125]));"
  The above instance has fewer port connections than the module definition.
  Please use '+lint=TFIPC-L' to print out detailed information of unconnected 
  ports.


Warning-[TFIPC] Too few instance port connections
../02_SYN/Netlist/IOTDF_syn.v, 810
IOTDF, "DFFRX1 u_ciptext_gen_main_key_r_reg_62_( .D (data_w[126]),  .CK (u_ciptext_gen_net4421),  .RN (n342),  .Q (cipher_text_out_w[126]));"
  The above instance has fewer port connections than the module definition.
  Please use '+lint=TFIPC-L' to print out detailed information of unconnected 
  ports.


Warning-[TFIPC] Too few instance port connections
../02_SYN/Netlist/IOTDF_syn.v, 812
IOTDF, "DFFRX1 u_ciptext_gen_main_key_r_reg_63_( .D (data_w[127]),  .CK (u_ciptext_gen_net4421),  .RN (n342),  .Q (cipher_text_out_w[127]));"
  The above instance has fewer port connections than the module definition.
  Please use '+lint=TFIPC-L' to print out detailed information of unconnected 
  ports.


Warning-[TFIPC] Too few instance port connections
../02_SYN/Netlist/IOTDF_syn.v, 814
IOTDF, "DFFRX1 u_ciptext_gen_R_ready_r_reg_31_( .D (u_ciptext_gen_N68),  .CK (u_ciptext_gen_net4341),  .RN (n342),  .Q (u_ciptext_gen_final_permutation_w[31]));"
  The above instance has fewer port connections than the module definition.
  Please use '+lint=TFIPC-L' to print out detailed information of unconnected 
  ports.


Warning-[TFIPC] Too few instance port connections
../02_SYN/Netlist/IOTDF_syn.v, 817
IOTDF, "DFFRX1 u_ciptext_gen_L_ready_r_reg_0_( .D (u_ciptext_gen_N69),  .CK (u_ciptext_gen_net4416),  .RN (n342),  .Q (u_ciptext_gen_L_ready_r[0]));"
  The above instance has fewer port connections than the module definition.
  Please use '+lint=TFIPC-L' to print out detailed information of unconnected 
  ports.


Warning-[TFIPC] Too few instance port connections
../02_SYN/Netlist/IOTDF_syn.v, 819
IOTDF, "DFFRX1 u_ciptext_gen_L_ready_r_reg_1_( .D (u_ciptext_gen_N70),  .CK (u_ciptext_gen_net4416),  .RN (n342),  .Q (u_ciptext_gen_L_ready_r[1]));"
  The above instance has fewer port connections than the module definition.
  Please use '+lint=TFIPC-L' to print out detailed information of unconnected 
  ports.


Warning-[TFIPC] Too few instance port connections
../02_SYN/Netlist/IOTDF_syn.v, 821
IOTDF, "DFFRX1 u_ciptext_gen_L_ready_r_reg_2_( .D (u_ciptext_gen_N71),  .CK (u_ciptext_gen_net4416),  .RN (n342),  .Q (u_ciptext_gen_L_ready_r[2]));"
  The above instance has fewer port connections than the module definition.
  Please use '+lint=TFIPC-L' to print out detailed information of unconnected 
  ports.


Warning-[TFIPC] Too few instance port connections
../02_SYN/Netlist/IOTDF_syn.v, 823
IOTDF, "DFFRX2 u_ciptext_gen_R_ready_r_reg_3_( .D (u_ciptext_gen_N40),  .CK (u_ciptext_gen_net4376),  .RN (n342),  .Q (u_ciptext_gen_final_permutation_w[3]));"
  The above instance has fewer port connections than the module definition.
  Please use '+lint=TFIPC-L' to print out detailed information of unconnected 
  ports.


Warning-[TFIPC] Too few instance port connections
../02_SYN/Netlist/IOTDF_syn.v, 826
IOTDF, "DFFRX1 u_ciptext_gen_L_ready_r_reg_3_( .D (u_ciptext_gen_N72),  .CK (u_ciptext_gen_net4416),  .RN (n342),  .Q (u_ciptext_gen_L_ready_r[3]));"
  The above instance has fewer port connections than the module definition.
  Please use '+lint=TFIPC-L' to print out detailed information of unconnected 
  ports.


Warning-[TFIPC] Too few instance port connections
../02_SYN/Netlist/IOTDF_syn.v, 828
IOTDF, "DFFRX1 u_ciptext_gen_L_ready_r_reg_4_( .D (u_ciptext_gen_N73),  .CK (u_ciptext_gen_net4411),  .RN (n342),  .Q (u_ciptext_gen_L_ready_r[4]));"
  The above instance has fewer port connections than the module definition.
  Please use '+lint=TFIPC-L' to print out detailed information of unconnected 
  ports.


Warning-[TFIPC] Too few instance port connections
../02_SYN/Netlist/IOTDF_syn.v, 830
IOTDF, "DFFRX1 u_ciptext_gen_R_ready_r_reg_5_( .D (u_ciptext_gen_N42),  .CK (u_ciptext_gen_net4371),  .RN (n342),  .Q (u_ciptext_gen_final_permutation_w[5]));"
  The above instance has fewer port connections than the module definition.
  Please use '+lint=TFIPC-L' to print out detailed information of unconnected 
  ports.


Warning-[TFIPC] Too few instance port connections
../02_SYN/Netlist/IOTDF_syn.v, 833
IOTDF, "DFFRX1 u_ciptext_gen_L_ready_r_reg_5_( .D (u_ciptext_gen_N74),  .CK (u_ciptext_gen_net4411),  .RN (n342),  .Q (u_ciptext_gen_L_ready_r[5]));"
  The above instance has fewer port connections than the module definition.
  Please use '+lint=TFIPC-L' to print out detailed information of unconnected 
  ports.


Warning-[TFIPC] Too few instance port connections
../02_SYN/Netlist/IOTDF_syn.v, 838
IOTDF, "DFFRX4 u_ciptext_gen_R_ready_r_reg_7_( .D (u_ciptext_gen_N44),  .CK (u_ciptext_gen_net4371),  .RN (n342),  .Q (u_ciptext_gen_final_permutation_w[7]));"
  The above instance has fewer port connections than the module definition.
  Please use '+lint=TFIPC-L' to print out detailed information of unconnected 
  ports.


Warning-[TFIPC] Too few instance port connections
../02_SYN/Netlist/IOTDF_syn.v, 841
IOTDF, "DFFRX1 u_ciptext_gen_L_ready_r_reg_7_( .D (u_ciptext_gen_N76),  .CK (u_ciptext_gen_net4411),  .RN (n342),  .Q (u_ciptext_gen_L_ready_r[7]));"
  The above instance has fewer port connections than the module definition.
  Please use '+lint=TFIPC-L' to print out detailed information of unconnected 
  ports.


Warning-[TFIPC] Too few instance port connections
../02_SYN/Netlist/IOTDF_syn.v, 843
IOTDF, "DFFRX1 u_ciptext_gen_L_ready_r_reg_8_( .D (u_ciptext_gen_N77),  .CK (u_ciptext_gen_net4406),  .RN (n342),  .Q (u_ciptext_gen_L_ready_r[8]));"
  The above instance has fewer port connections than the module definition.
  Please use '+lint=TFIPC-L' to print out detailed information of unconnected 
  ports.


Warning-[TFIPC] Too few instance port connections
../02_SYN/Netlist/IOTDF_syn.v, 845
IOTDF, "DFFRX1 u_ciptext_gen_R_ready_r_reg_9_( .D (u_ciptext_gen_N46),  .CK (u_ciptext_gen_net4366),  .RN (n342),  .Q (u_ciptext_gen_final_permutation_w[9]));"
  The above instance has fewer port connections than the module definition.
  Please use '+lint=TFIPC-L' to print out detailed information of unconnected 
  ports.


Warning-[TFIPC] Too few instance port connections
../02_SYN/Netlist/IOTDF_syn.v, 848
IOTDF, "DFFRX1 u_ciptext_gen_L_ready_r_reg_9_( .D (u_ciptext_gen_N78),  .CK (u_ciptext_gen_net4406),  .RN (n342),  .Q (u_ciptext_gen_L_ready_r[9]));"
  The above instance has fewer port connections than the module definition.
  Please use '+lint=TFIPC-L' to print out detailed information of unconnected 
  ports.


Warning-[TFIPC] Too few instance port connections
../02_SYN/Netlist/IOTDF_syn.v, 850
IOTDF, "DFFRX1 u_ciptext_gen_L_ready_r_reg_10_( .D (u_ciptext_gen_N79),  .CK (u_ciptext_gen_net4406),  .RN (n342),  .Q (u_ciptext_gen_L_ready_r[10]));"
  The above instance has fewer port connections than the module definition.
  Please use '+lint=TFIPC-L' to print out detailed information of unconnected 
  ports.


Warning-[TFIPC] Too few instance port connections
../02_SYN/Netlist/IOTDF_syn.v, 852
IOTDF, "DFFRX1 u_ciptext_gen_L_ready_r_reg_11_( .D (u_ciptext_gen_N80),  .CK (u_ciptext_gen_net4406),  .RN (n342),  .Q (u_ciptext_gen_L_ready_r[11]));"
  The above instance has fewer port connections than the module definition.
  Please use '+lint=TFIPC-L' to print out detailed information of unconnected 
  ports.


Warning-[TFIPC] Too few instance port connections
../02_SYN/Netlist/IOTDF_syn.v, 857
IOTDF, "DFFRX1 u_ciptext_gen_L_ready_r_reg_13_( .D (u_ciptext_gen_N82),  .CK (u_ciptext_gen_net4401),  .RN (n342),  .Q (u_ciptext_gen_L_ready_r[13]));"
  The above instance has fewer port connections than the module definition.
  Please use '+lint=TFIPC-L' to print out detailed information of unconnected 
  ports.


Warning-[TFIPC] Too few instance port connections
../02_SYN/Netlist/IOTDF_syn.v, 859
IOTDF, "DFFRX1 u_ciptext_gen_R_ready_r_reg_14_( .D (u_ciptext_gen_N51),  .CK (u_ciptext_gen_net4361),  .RN (n342),  .Q (u_ciptext_gen_final_permutation_w[14]));"
  The above instance has fewer port connections than the module definition.
  Please use '+lint=TFIPC-L' to print out detailed information of unconnected 
  ports.


Warning-[TFIPC] Too few instance port connections
../02_SYN/Netlist/IOTDF_syn.v, 862
IOTDF, "DFFRX1 u_ciptext_gen_L_ready_r_reg_14_( .D (u_ciptext_gen_N83),  .CK (u_ciptext_gen_net4401),  .RN (n342),  .Q (u_ciptext_gen_L_ready_r[14]));"
  The above instance has fewer port connections than the module definition.
  Please use '+lint=TFIPC-L' to print out detailed information of unconnected 
  ports.


Warning-[TFIPC] Too few instance port connections
../02_SYN/Netlist/IOTDF_syn.v, 864
IOTDF, "DFFRX1 u_ciptext_gen_L_ready_r_reg_15_( .D (u_ciptext_gen_N84),  .CK (u_ciptext_gen_net4401),  .RN (n342),  .Q (u_ciptext_gen_L_ready_r[15]));"
  The above instance has fewer port connections than the module definition.
  Please use '+lint=TFIPC-L' to print out detailed information of unconnected 
  ports.


Warning-[TFIPC] Too few instance port connections
../02_SYN/Netlist/IOTDF_syn.v, 866
IOTDF, "DFFRX1 u_ciptext_gen_L_ready_r_reg_16_( .D (u_ciptext_gen_N85),  .CK (u_ciptext_gen_net4396),  .RN (n342),  .Q (u_ciptext_gen_L_ready_r[16]));"
  The above instance has fewer port connections than the module definition.
  Please use '+lint=TFIPC-L' to print out detailed information of unconnected 
  ports.


Warning-[TFIPC] Too few instance port connections
../02_SYN/Netlist/IOTDF_syn.v, 868
IOTDF, "DFFRX1 u_ciptext_gen_R_ready_r_reg_17_( .D (u_ciptext_gen_N54),  .CK (u_ciptext_gen_net4356),  .RN (n342),  .Q (u_ciptext_gen_final_permutation_w[17]));"
  The above instance has fewer port connections than the module definition.
  Please use '+lint=TFIPC-L' to print out detailed information of unconnected 
  ports.


Warning-[TFIPC] Too few instance port connections
../02_SYN/Netlist/IOTDF_syn.v, 871
IOTDF, "DFFRX1 u_ciptext_gen_L_ready_r_reg_17_( .D (u_ciptext_gen_N86),  .CK (u_ciptext_gen_net4396),  .RN (n342),  .Q (u_ciptext_gen_L_ready_r[17]));"
  The above instance has fewer port connections than the module definition.
  Please use '+lint=TFIPC-L' to print out detailed information of unconnected 
  ports.


Warning-[TFIPC] Too few instance port connections
../02_SYN/Netlist/IOTDF_syn.v, 873
IOTDF, "DFFRX1 u_ciptext_gen_L_ready_r_reg_18_( .D (u_ciptext_gen_N87),  .CK (u_ciptext_gen_net4396),  .RN (n342),  .Q (u_ciptext_gen_L_ready_r[18]));"
  The above instance has fewer port connections than the module definition.
  Please use '+lint=TFIPC-L' to print out detailed information of unconnected 
  ports.


Warning-[TFIPC] Too few instance port connections
../02_SYN/Netlist/IOTDF_syn.v, 875
IOTDF, "DFFRX1 u_ciptext_gen_L_ready_r_reg_19_( .D (u_ciptext_gen_N88),  .CK (u_ciptext_gen_net4396),  .RN (n791),  .Q (u_ciptext_gen_L_ready_r[19]));"
  The above instance has fewer port connections than the module definition.
  Please use '+lint=TFIPC-L' to print out detailed information of unconnected 
  ports.


Warning-[TFIPC] Too few instance port connections
../02_SYN/Netlist/IOTDF_syn.v, 877
IOTDF, "DFFRX1 u_ciptext_gen_L_ready_r_reg_20_( .D (u_ciptext_gen_N89),  .CK (u_ciptext_gen_net4391),  .RN (n342),  .Q (u_ciptext_gen_L_ready_r[20]));"
  The above instance has fewer port connections than the module definition.
  Please use '+lint=TFIPC-L' to print out detailed information of unconnected 
  ports.


Warning-[TFIPC] Too few instance port connections
../02_SYN/Netlist/IOTDF_syn.v, 879
IOTDF, "DFFRX1 u_ciptext_gen_R_ready_r_reg_21_( .D (u_ciptext_gen_N58),  .CK (u_ciptext_gen_net4351),  .RN (n784),  .Q (u_ciptext_gen_final_permutation_w[21]));"
  The above instance has fewer port connections than the module definition.
  Please use '+lint=TFIPC-L' to print out detailed information of unconnected 
  ports.


Warning-[TFIPC] Too few instance port connections
../02_SYN/Netlist/IOTDF_syn.v, 885
IOTDF, "DFFRX1 u_ciptext_gen_L_ready_r_reg_22_( .D (u_ciptext_gen_N91),  .CK (u_ciptext_gen_net4391),  .RN (n791),  .Q (u_ciptext_gen_L_ready_r[22]));"
  The above instance has fewer port connections than the module definition.
  Please use '+lint=TFIPC-L' to print out detailed information of unconnected 
  ports.


Warning-[TFIPC] Too few instance port connections
../02_SYN/Netlist/IOTDF_syn.v, 887
IOTDF, "DFFRX2 u_ciptext_gen_R_ready_r_reg_23_( .D (u_ciptext_gen_N60),  .CK (u_ciptext_gen_net4351),  .RN (n342),  .Q (u_ciptext_gen_final_permutation_w[23]));"
  The above instance has fewer port connections than the module definition.
  Please use '+lint=TFIPC-L' to print out detailed information of unconnected 
  ports.


Warning-[TFIPC] Too few instance port connections
../02_SYN/Netlist/IOTDF_syn.v, 890
IOTDF, "DFFRX1 u_ciptext_gen_L_ready_r_reg_23_( .D (u_ciptext_gen_N92),  .CK (u_ciptext_gen_net4391),  .RN (n342),  .Q (u_ciptext_gen_L_ready_r[23]));"
  The above instance has fewer port connections than the module definition.
  Please use '+lint=TFIPC-L' to print out detailed information of unconnected 
  ports.


Warning-[TFIPC] Too few instance port connections
../02_SYN/Netlist/IOTDF_syn.v, 892
IOTDF, "DFFRX2 u_ciptext_gen_R_ready_r_reg_24_( .D (u_ciptext_gen_N61),  .CK (u_ciptext_gen_net4346),  .RN (n342),  .Q (u_ciptext_gen_final_permutation_w[24]));"
  The above instance has fewer port connections than the module definition.
  Please use '+lint=TFIPC-L' to print out detailed information of unconnected 
  ports.


Warning-[TFIPC] Too few instance port connections
../02_SYN/Netlist/IOTDF_syn.v, 895
IOTDF, "DFFRX1 u_ciptext_gen_L_ready_r_reg_24_( .D (u_ciptext_gen_N93),  .CK (u_ciptext_gen_net4386),  .RN (n342),  .Q (u_ciptext_gen_L_ready_r[24]));"
  The above instance has fewer port connections than the module definition.
  Please use '+lint=TFIPC-L' to print out detailed information of unconnected 
  ports.


Warning-[TFIPC] Too few instance port connections
../02_SYN/Netlist/IOTDF_syn.v, 900
IOTDF, "DFFRX1 u_ciptext_gen_L_ready_r_reg_26_( .D (u_ciptext_gen_N95),  .CK (u_ciptext_gen_net4386),  .RN (n342),  .Q (u_ciptext_gen_L_ready_r[26]));"
  The above instance has fewer port connections than the module definition.
  Please use '+lint=TFIPC-L' to print out detailed information of unconnected 
  ports.


Warning-[TFIPC] Too few instance port connections
../02_SYN/Netlist/IOTDF_syn.v, 902
IOTDF, "DFFRX1 u_ciptext_gen_L_ready_r_reg_27_( .D (u_ciptext_gen_N96),  .CK (u_ciptext_gen_net4386),  .RN (n342),  .Q (u_ciptext_gen_L_ready_r[27]));"
  The above instance has fewer port connections than the module definition.
  Please use '+lint=TFIPC-L' to print out detailed information of unconnected 
  ports.


Warning-[TFIPC] Too few instance port connections
../02_SYN/Netlist/IOTDF_syn.v, 904
IOTDF, "DFFRX1 u_ciptext_gen_L_ready_r_reg_28_( .D (u_ciptext_gen_N97),  .CK (u_ciptext_gen_net4381),  .RN (n342),  .Q (u_ciptext_gen_L_ready_r[28]));"
  The above instance has fewer port connections than the module definition.
  Please use '+lint=TFIPC-L' to print out detailed information of unconnected 
  ports.


Warning-[TFIPC] Too few instance port connections
../02_SYN/Netlist/IOTDF_syn.v, 906
IOTDF, "DFFRX1 u_ciptext_gen_L_ready_r_reg_29_( .D (u_ciptext_gen_N98),  .CK (u_ciptext_gen_net4381),  .RN (n342),  .Q (u_ciptext_gen_L_ready_r[29]));"
  The above instance has fewer port connections than the module definition.
  Please use '+lint=TFIPC-L' to print out detailed information of unconnected 
  ports.


Warning-[TFIPC] Too few instance port connections
../02_SYN/Netlist/IOTDF_syn.v, 908
IOTDF, "DFFRX1 u_ciptext_gen_L_ready_r_reg_30_( .D (u_ciptext_gen_N99),  .CK (u_ciptext_gen_net4381),  .RN (n791),  .Q (u_ciptext_gen_L_ready_r[30]));"
  The above instance has fewer port connections than the module definition.
  Please use '+lint=TFIPC-L' to print out detailed information of unconnected 
  ports.


Warning-[TFIPC] Too few instance port connections
../02_SYN/Netlist/IOTDF_syn.v, 910
IOTDF, "DFFRX1 u_ciptext_gen_L_ready_r_reg_31_( .D (u_ciptext_gen_N100),  .CK (u_ciptext_gen_net4381),  .RN (n342),  .Q (u_ciptext_gen_L_ready_r[31]));"
  The above instance has fewer port connections than the module definition.
  Please use '+lint=TFIPC-L' to print out detailed information of unconnected 
  ports.


Warning-[TFIPC] Too few instance port connections
../02_SYN/Netlist/IOTDF_syn.v, 912
IOTDF, "DFFRX1 u_ciptext_gen_first_r_reg_0_( .D (n567),  .CK (u_ciptext_gen_net4336),  .RN (n791),  .Q (u_ciptext_gen_first_r[0]));"
  The above instance has fewer port connections than the module definition.
  Please use '+lint=TFIPC-L' to print out detailed information of unconnected 
  ports.


Warning-[TFIPC] Too few instance port connections
../02_SYN/Netlist/IOTDF_syn.v, 914
IOTDF, "DFFRX1 u_ciptext_gen_first_r_reg_1_( .D (u_ciptext_gen_N102),  .CK (u_ciptext_gen_net4336),  .RN (n342),  .Q (u_ciptext_gen_first_r[1]));"
  The above instance has fewer port connections than the module definition.
  Please use '+lint=TFIPC-L' to print out detailed information of unconnected 
  ports.


Warning-[TFIPC] Too few instance port connections
../02_SYN/Netlist/IOTDF_syn.v, 916
IOTDF, "DFFRX1 u_ciptext_gen_first_r_reg_2_( .D (u_ciptext_gen_N103),  .CK (u_ciptext_gen_net4336),  .RN (n791),  .Q (u_ciptext_gen_first_r[2]));"
  The above instance has fewer port connections than the module definition.
  Please use '+lint=TFIPC-L' to print out detailed information of unconnected 
  ports.


Warning-[TFIPC] Too few instance port connections
../02_SYN/Netlist/IOTDF_syn.v, 918
IOTDF, "DFFRX1 u_ciptext_gen_first_r_reg_3_( .D (u_ciptext_gen_N104),  .CK (u_ciptext_gen_net4336),  .RN (n342),  .Q (u_ciptext_gen_first_r[3]));"
  The above instance has fewer port connections than the module definition.
  Please use '+lint=TFIPC-L' to print out detailed information of unconnected 
  ports.


Warning-[TFIPC] Too few instance port connections
../02_SYN/Netlist/IOTDF_syn.v, 920
IOTDF, "DFFRX1 u_ciptext_gen_first_r_reg_4_( .D (u_ciptext_gen_N105),  .CK (u_ciptext_gen_net4331),  .RN (n791),  .Q (u_ciptext_gen_first_r[4]));"
  The above instance has fewer port connections than the module definition.
  Please use '+lint=TFIPC-L' to print out detailed information of unconnected 
  ports.


Warning-[TFIPC] Too few instance port connections
../02_SYN/Netlist/IOTDF_syn.v, 922
IOTDF, "DFFRX1 u_ciptext_gen_first_r_reg_5_( .D (u_ciptext_gen_N106),  .CK (u_ciptext_gen_net4331),  .RN (n342),  .Q (u_ciptext_gen_first_r[5]));"
  The above instance has fewer port connections than the module definition.
  Please use '+lint=TFIPC-L' to print out detailed information of unconnected 
  ports.


Warning-[TFIPC] Too few instance port connections
../02_SYN/Netlist/IOTDF_syn.v, 924
IOTDF, "DFFRX1 u_ciptext_gen_first_r_reg_6_( .D (u_ciptext_gen_N107),  .CK (u_ciptext_gen_net4331),  .RN (n791),  .Q (u_ciptext_gen_first_r[6]));"
  The above instance has fewer port connections than the module definition.
  Please use '+lint=TFIPC-L' to print out detailed information of unconnected 
  ports.


Warning-[TFIPC] Too few instance port connections
../02_SYN/Netlist/IOTDF_syn.v, 926
IOTDF, "DFFRX1 u_ciptext_gen_first_r_reg_7_( .D (u_ciptext_gen_N108),  .CK (u_ciptext_gen_net4331),  .RN (n342),  .Q (u_ciptext_gen_first_r[7]));"
  The above instance has fewer port connections than the module definition.
  Please use '+lint=TFIPC-L' to print out detailed information of unconnected 
  ports.


Warning-[TFIPC] Too few instance port connections
../02_SYN/Netlist/IOTDF_syn.v, 928
IOTDF, "DFFRX1 u_ciptext_gen_first_r_reg_8_( .D (u_ciptext_gen_N109),  .CK (u_ciptext_gen_net4326),  .RN (n791),  .Q (u_ciptext_gen_first_r[8]));"
  The above instance has fewer port connections than the module definition.
  Please use '+lint=TFIPC-L' to print out detailed information of unconnected 
  ports.


Warning-[TFIPC] Too few instance port connections
../02_SYN/Netlist/IOTDF_syn.v, 930
IOTDF, "DFFRX1 u_ciptext_gen_first_r_reg_9_( .D (u_ciptext_gen_N110),  .CK (u_ciptext_gen_net4326),  .RN (n342),  .Q (u_ciptext_gen_first_r[9]));"
  The above instance has fewer port connections than the module definition.
  Please use '+lint=TFIPC-L' to print out detailed information of unconnected 
  ports.


Warning-[TFIPC] Too few instance port connections
../02_SYN/Netlist/IOTDF_syn.v, 932
IOTDF, "DFFRX1 u_ciptext_gen_first_r_reg_10_( .D (u_ciptext_gen_N111),  .CK (u_ciptext_gen_net4326),  .RN (n791),  .Q (u_ciptext_gen_first_r[10]));"
  The above instance has fewer port connections than the module definition.
  Please use '+lint=TFIPC-L' to print out detailed information of unconnected 
  ports.


Warning-[TFIPC] Too few instance port connections
../02_SYN/Netlist/IOTDF_syn.v, 934
IOTDF, "DFFRX1 u_ciptext_gen_first_r_reg_11_( .D (u_ciptext_gen_N112),  .CK (u_ciptext_gen_net4326),  .RN (n782),  .Q (u_ciptext_gen_first_r[11]));"
  The above instance has fewer port connections than the module definition.
  Please use '+lint=TFIPC-L' to print out detailed information of unconnected 
  ports.


Warning-[TFIPC] Too few instance port connections
../02_SYN/Netlist/IOTDF_syn.v, 936
IOTDF, "DFFRX1 u_ciptext_gen_first_r_reg_12_( .D (u_ciptext_gen_N113),  .CK (u_ciptext_gen_net4320),  .RN (n782),  .Q (u_ciptext_gen_first_r[12]));"
  The above instance has fewer port connections than the module definition.
  Please use '+lint=TFIPC-L' to print out detailed information of unconnected 
  ports.


Warning-[TFIPC] Too few instance port connections
../02_SYN/Netlist/IOTDF_syn.v, 938
IOTDF, "DFFRX1 u_ciptext_gen_first_r_reg_13_( .D (u_ciptext_gen_N114),  .CK (u_ciptext_gen_net4320),  .RN (n782),  .Q (u_ciptext_gen_first_r[13]));"
  The above instance has fewer port connections than the module definition.
  Please use '+lint=TFIPC-L' to print out detailed information of unconnected 
  ports.


Warning-[TFIPC] Too few instance port connections
../02_SYN/Netlist/IOTDF_syn.v, 940
IOTDF, "DFFRX1 u_ciptext_gen_first_r_reg_14_( .D (u_ciptext_gen_N115),  .CK (u_ciptext_gen_net4320),  .RN (n782),  .Q (u_ciptext_gen_first_r[14]));"
  The above instance has fewer port connections than the module definition.
  Please use '+lint=TFIPC-L' to print out detailed information of unconnected 
  ports.


Warning-[TFIPC] Too few instance port connections
../02_SYN/Netlist/IOTDF_syn.v, 942
IOTDF, "DFFRX1 u_ciptext_gen_first_r_reg_15_( .D (u_ciptext_gen_N116),  .CK (u_ciptext_gen_net4320),  .RN (n782),  .Q (cipher_out_valid_w));"
  The above instance has fewer port connections than the module definition.
  Please use '+lint=TFIPC-L' to print out detailed information of unconnected 
  ports.


Warning-[TFIPC] Too few instance port connections
../02_SYN/Netlist/IOTDF_syn.v, 944
IOTDF, "DFFRX1 u_crc_calc_first_r_reg_0_( .D (n600),  .CK (u_crc_calc_net4303),  .RN (n786),  .Q (u_crc_calc_first_r[0]));"
  The above instance has fewer port connections than the module definition.
  Please use '+lint=TFIPC-L' to print out detailed information of unconnected 
  ports.


Warning-[TFIPC] Too few instance port connections
../02_SYN/Netlist/IOTDF_syn.v, 946
IOTDF, "DFFRX1 u_crc_calc_first_r_reg_1_( .D (u_crc_calc_N4),  .CK (u_crc_calc_net4303),  .RN (n786),  .Q (u_crc_calc_first_r[1]));"
  The above instance has fewer port connections than the module definition.
  Please use '+lint=TFIPC-L' to print out detailed information of unconnected 
  ports.


Warning-[TFIPC] Too few instance port connections
../02_SYN/Netlist/IOTDF_syn.v, 947
IOTDF, "DFFRX1 u_crc_calc_first_r_reg_2_( .D (u_crc_calc_N5),  .CK (u_crc_calc_net4303),  .RN (n786),  .Q (u_crc_calc_first_r[2]));"
  The above instance has fewer port connections than the module definition.
  Please use '+lint=TFIPC-L' to print out detailed information of unconnected 
  ports.


Warning-[TFIPC] Too few instance port connections
../02_SYN/Netlist/IOTDF_syn.v, 948
IOTDF, "DFFRX1 u_crc_calc_first_r_reg_3_( .D (u_crc_calc_N6),  .CK (u_crc_calc_net4298),  .RN (n786),  .Q (u_crc_calc_first_r[3]));"
  The above instance has fewer port connections than the module definition.
  Please use '+lint=TFIPC-L' to print out detailed information of unconnected 
  ports.


Warning-[TFIPC] Too few instance port connections
../02_SYN/Netlist/IOTDF_syn.v, 949
IOTDF, "DFFRX1 u_crc_calc_first_r_reg_4_( .D (u_crc_calc_N7),  .CK (u_crc_calc_net4298),  .RN (n786),  .Q (u_crc_calc_first_r[4]));"
  The above instance has fewer port connections than the module definition.
  Please use '+lint=TFIPC-L' to print out detailed information of unconnected 
  ports.


Warning-[TFIPC] Too few instance port connections
../02_SYN/Netlist/IOTDF_syn.v, 950
IOTDF, "DFFRX1 u_crc_calc_first_r_reg_5_( .D (u_crc_calc_N8),  .CK (u_crc_calc_net4298),  .RN (n789),  .Q (u_crc_calc_first_r[5]));"
  The above instance has fewer port connections than the module definition.
  Please use '+lint=TFIPC-L' to print out detailed information of unconnected 
  ports.


Warning-[TFIPC] Too few instance port connections
../02_SYN/Netlist/IOTDF_syn.v, 951
IOTDF, "DFFRX1 u_crc_calc_first_r_reg_6_( .D (u_crc_calc_N9),  .CK (u_crc_calc_net4298),  .RN (n789),  .Q (u_crc_calc_first_r[6]));"
  The above instance has fewer port connections than the module definition.
  Please use '+lint=TFIPC-L' to print out detailed information of unconnected 
  ports.


Warning-[TFIPC] Too few instance port connections
../02_SYN/Netlist/IOTDF_syn.v, 952
IOTDF, "DFFRX1 u_crc_calc_first_r_reg_7_( .D (u_crc_calc_N10),  .CK (u_crc_calc_net4293),  .RN (n789),  .Q (u_crc_calc_first_r[7]));"
  The above instance has fewer port connections than the module definition.
  Please use '+lint=TFIPC-L' to print out detailed information of unconnected 
  ports.


Warning-[TFIPC] Too few instance port connections
../02_SYN/Netlist/IOTDF_syn.v, 954
IOTDF, "DFFRX1 u_crc_calc_first_r_reg_8_( .D (u_crc_calc_N11),  .CK (u_crc_calc_net4293),  .RN (n789),  .Q (u_crc_calc_first_r[8]));"
  The above instance has fewer port connections than the module definition.
  Please use '+lint=TFIPC-L' to print out detailed information of unconnected 
  ports.


Warning-[TFIPC] Too few instance port connections
../02_SYN/Netlist/IOTDF_syn.v, 956
IOTDF, "DFFRX1 u_crc_calc_first_r_reg_9_( .D (u_crc_calc_N12),  .CK (u_crc_calc_net4293),  .RN (n789),  .Q (u_crc_calc_first_r[9]));"
  The above instance has fewer port connections than the module definition.
  Please use '+lint=TFIPC-L' to print out detailed information of unconnected 
  ports.


Warning-[TFIPC] Too few instance port connections
../02_SYN/Netlist/IOTDF_syn.v, 958
IOTDF, "DFFRX1 u_crc_calc_first_r_reg_10_( .D (u_crc_calc_N13),  .CK (u_crc_calc_net4293),  .RN (n789),  .Q (u_crc_calc_first_r[10]));"
  The above instance has fewer port connections than the module definition.
  Please use '+lint=TFIPC-L' to print out detailed information of unconnected 
  ports.


Warning-[TFIPC] Too few instance port connections
../02_SYN/Netlist/IOTDF_syn.v, 960
IOTDF, "DFFRX1 u_crc_calc_first_r_reg_11_( .D (u_crc_calc_N14),  .CK (u_crc_calc_net4288),  .RN (n789),  .Q (u_crc_calc_first_r[11]));"
  The above instance has fewer port connections than the module definition.
  Please use '+lint=TFIPC-L' to print out detailed information of unconnected 
  ports.


Warning-[TFIPC] Too few instance port connections
../02_SYN/Netlist/IOTDF_syn.v, 962
IOTDF, "DFFRX1 u_crc_calc_first_r_reg_12_( .D (u_crc_calc_N15),  .CK (u_crc_calc_net4288),  .RN (n789),  .Q (u_crc_calc_first_r[12]));"
  The above instance has fewer port connections than the module definition.
  Please use '+lint=TFIPC-L' to print out detailed information of unconnected 
  ports.


Warning-[TFIPC] Too few instance port connections
../02_SYN/Netlist/IOTDF_syn.v, 964
IOTDF, "DFFRX1 u_crc_calc_first_r_reg_13_( .D (u_crc_calc_N16),  .CK (u_crc_calc_net4288),  .RN (n789),  .Q (u_crc_calc_first_r[13]));"
  The above instance has fewer port connections than the module definition.
  Please use '+lint=TFIPC-L' to print out detailed information of unconnected 
  ports.


Warning-[TFIPC] Too few instance port connections
../02_SYN/Netlist/IOTDF_syn.v, 966
IOTDF, "DFFRX1 u_crc_calc_first_r_reg_14_( .D (u_crc_calc_N17),  .CK (u_crc_calc_net4288),  .RN (n789),  .Q (u_crc_calc_first_r[14]));"
  The above instance has fewer port connections than the module definition.
  Please use '+lint=TFIPC-L' to print out detailed information of unconnected 
  ports.


Warning-[TFIPC] Too few instance port connections
../02_SYN/Netlist/IOTDF_syn.v, 968
IOTDF, "DFFRX1 u_crc_calc_first_r_reg_15_( .D (u_crc_calc_N18),  .CK (u_crc_calc_net4283),  .RN (n789),  .Q (crc_out_valid_w));"
  The above instance has fewer port connections than the module definition.
  Please use '+lint=TFIPC-L' to print out detailed information of unconnected 
  ports.


Warning-[TFIPC] Too few instance port connections
../02_SYN/Netlist/IOTDF_syn.v, 970
IOTDF, "DFFRX1 u_crc_calc_data_reg_0_( .D (u_crc_calc_N20),  .CK (u_crc_calc_net4278),  .RN (n773),  .Q (u_crc_calc_data[0]));"
  The above instance has fewer port connections than the module definition.
  Please use '+lint=TFIPC-L' to print out detailed information of unconnected 
  ports.


Warning-[TFIPC] Too few instance port connections
../02_SYN/Netlist/IOTDF_syn.v, 972
IOTDF, "DFFRX1 u_crc_calc_data_reg_1_( .D (u_crc_calc_N21),  .CK (u_crc_calc_net4278),  .RN (n772),  .Q (u_crc_calc_data[1]));"
  The above instance has fewer port connections than the module definition.
  Please use '+lint=TFIPC-L' to print out detailed information of unconnected 
  ports.


Warning-[TFIPC] Too few instance port connections
../02_SYN/Netlist/IOTDF_syn.v, 974
IOTDF, "DFFRX1 u_crc_calc_data_reg_2_( .D (u_crc_calc_N22),  .CK (u_crc_calc_net4278),  .RN (n777),  .Q (u_crc_calc_data[2]));"
  The above instance has fewer port connections than the module definition.
  Please use '+lint=TFIPC-L' to print out detailed information of unconnected 
  ports.


Warning-[TFIPC] Too few instance port connections
../02_SYN/Netlist/IOTDF_syn.v, 976
IOTDF, "DFFRX1 u_crc_calc_data_reg_3_( .D (u_crc_calc_N23),  .CK (u_crc_calc_net4278),  .RN (n784),  .Q (u_crc_calc_data[3]));"
  The above instance has fewer port connections than the module definition.
  Please use '+lint=TFIPC-L' to print out detailed information of unconnected 
  ports.


Warning-[TFIPC] Too few instance port connections
../02_SYN/Netlist/IOTDF_syn.v, 978
IOTDF, "DFFRX1 u_crc_calc_data_reg_4_( .D (u_crc_calc_N24),  .CK (u_crc_calc_net4273),  .RN (n791),  .Q (u_crc_calc_data[4]));"
  The above instance has fewer port connections than the module definition.
  Please use '+lint=TFIPC-L' to print out detailed information of unconnected 
  ports.


Warning-[TFIPC] Too few instance port connections
../02_SYN/Netlist/IOTDF_syn.v, 980
IOTDF, "DFFRX1 u_crc_calc_data_reg_5_( .D (u_crc_calc_N25),  .CK (u_crc_calc_net4273),  .RN (n776),  .Q (u_crc_calc_data[5]));"
  The above instance has fewer port connections than the module definition.
  Please use '+lint=TFIPC-L' to print out detailed information of unconnected 
  ports.


Warning-[TFIPC] Too few instance port connections
../02_SYN/Netlist/IOTDF_syn.v, 982
IOTDF, "DFFRX1 u_crc_calc_data_reg_6_( .D (u_crc_calc_N26),  .CK (u_crc_calc_net4273),  .RN (n773),  .Q (u_crc_calc_data[6]));"
  The above instance has fewer port connections than the module definition.
  Please use '+lint=TFIPC-L' to print out detailed information of unconnected 
  ports.


Warning-[TFIPC] Too few instance port connections
../02_SYN/Netlist/IOTDF_syn.v, 984
IOTDF, "DFFRX1 u_crc_calc_data_reg_7_( .D (u_crc_calc_N27),  .CK (u_crc_calc_net4273),  .RN (n777),  .Q (u_crc_calc_data[7]));"
  The above instance has fewer port connections than the module definition.
  Please use '+lint=TFIPC-L' to print out detailed information of unconnected 
  ports.


Warning-[TFIPC] Too few instance port connections
../02_SYN/Netlist/IOTDF_syn.v, 986
IOTDF, "DFFRX1 u_crc_calc_data_reg_8_( .D (u_crc_calc_N28),  .CK (u_crc_calc_net4268),  .RN (n773),  .Q (u_crc_calc_data[8]));"
  The above instance has fewer port connections than the module definition.
  Please use '+lint=TFIPC-L' to print out detailed information of unconnected 
  ports.


Warning-[TFIPC] Too few instance port connections
../02_SYN/Netlist/IOTDF_syn.v, 988
IOTDF, "DFFRX1 u_crc_calc_data_reg_9_( .D (u_crc_calc_N29),  .CK (u_crc_calc_net4268),  .RN (n784),  .Q (u_crc_calc_data[9]));"
  The above instance has fewer port connections than the module definition.
  Please use '+lint=TFIPC-L' to print out detailed information of unconnected 
  ports.


Warning-[TFIPC] Too few instance port connections
../02_SYN/Netlist/IOTDF_syn.v, 990
IOTDF, "DFFRX1 u_crc_calc_data_reg_10_( .D (u_crc_calc_N30),  .CK (u_crc_calc_net4268),  .RN (n791),  .Q (u_crc_calc_data[10]));"
  The above instance has fewer port connections than the module definition.
  Please use '+lint=TFIPC-L' to print out detailed information of unconnected 
  ports.


Warning-[TFIPC] Too few instance port connections
../02_SYN/Netlist/IOTDF_syn.v, 992
IOTDF, "DFFRX1 u_crc_calc_data_reg_11_( .D (u_crc_calc_N31),  .CK (u_crc_calc_net4268),  .RN (n773),  .Q (u_crc_calc_data[11]));"
  The above instance has fewer port connections than the module definition.
  Please use '+lint=TFIPC-L' to print out detailed information of unconnected 
  ports.


Warning-[TFIPC] Too few instance port connections
../02_SYN/Netlist/IOTDF_syn.v, 994
IOTDF, "DFFRX1 u_crc_calc_data_reg_12_( .D (u_crc_calc_N32),  .CK (u_crc_calc_net4263),  .RN (n789),  .Q (u_crc_calc_data[12]));"
  The above instance has fewer port connections than the module definition.
  Please use '+lint=TFIPC-L' to print out detailed information of unconnected 
  ports.


Warning-[TFIPC] Too few instance port connections
../02_SYN/Netlist/IOTDF_syn.v, 996
IOTDF, "DFFRX1 u_crc_calc_data_reg_13_( .D (u_crc_calc_N33),  .CK (u_crc_calc_net4263),  .RN (n789),  .Q (u_crc_calc_data[13]));"
  The above instance has fewer port connections than the module definition.
  Please use '+lint=TFIPC-L' to print out detailed information of unconnected 
  ports.


Warning-[TFIPC] Too few instance port connections
../02_SYN/Netlist/IOTDF_syn.v, 998
IOTDF, "DFFRX1 u_crc_calc_data_reg_14_( .D (u_crc_calc_N34),  .CK (u_crc_calc_net4263),  .RN (n789),  .Q (u_crc_calc_data[14]));"
  The above instance has fewer port connections than the module definition.
  Please use '+lint=TFIPC-L' to print out detailed information of unconnected 
  ports.


Warning-[TFIPC] Too few instance port connections
../02_SYN/Netlist/IOTDF_syn.v, 1000
IOTDF, "DFFRX1 u_crc_calc_data_reg_15_( .D (u_crc_calc_N35),  .CK (u_crc_calc_net4263),  .RN (n789),  .Q (u_crc_calc_data[15]));"
  The above instance has fewer port connections than the module definition.
  Please use '+lint=TFIPC-L' to print out detailed information of unconnected 
  ports.


Warning-[TFIPC] Too few instance port connections
../02_SYN/Netlist/IOTDF_syn.v, 1002
IOTDF, "DFFRX1 u_crc_calc_data_reg_16_( .D (u_crc_calc_N36),  .CK (u_crc_calc_net4258),  .RN (n789),  .Q (u_crc_calc_data[16]));"
  The above instance has fewer port connections than the module definition.
  Please use '+lint=TFIPC-L' to print out detailed information of unconnected 
  ports.


Warning-[TFIPC] Too few instance port connections
../02_SYN/Netlist/IOTDF_syn.v, 1004
IOTDF, "DFFRX1 u_crc_calc_data_reg_17_( .D (u_crc_calc_N37),  .CK (u_crc_calc_net4258),  .RN (n789),  .Q (u_crc_calc_data[17]));"
  The above instance has fewer port connections than the module definition.
  Please use '+lint=TFIPC-L' to print out detailed information of unconnected 
  ports.


Warning-[TFIPC] Too few instance port connections
../02_SYN/Netlist/IOTDF_syn.v, 1006
IOTDF, "DFFRX1 u_crc_calc_data_reg_18_( .D (u_crc_calc_N38),  .CK (u_crc_calc_net4258),  .RN (n789),  .Q (u_crc_calc_data[18]));"
  The above instance has fewer port connections than the module definition.
  Please use '+lint=TFIPC-L' to print out detailed information of unconnected 
  ports.


Warning-[TFIPC] Too few instance port connections
../02_SYN/Netlist/IOTDF_syn.v, 1008
IOTDF, "DFFRX1 u_crc_calc_data_reg_19_( .D (u_crc_calc_N39),  .CK (u_crc_calc_net4258),  .RN (n789),  .Q (u_crc_calc_data[19]));"
  The above instance has fewer port connections than the module definition.
  Please use '+lint=TFIPC-L' to print out detailed information of unconnected 
  ports.


Warning-[TFIPC] Too few instance port connections
../02_SYN/Netlist/IOTDF_syn.v, 1010
IOTDF, "DFFRX1 u_crc_calc_data_reg_20_( .D (u_crc_calc_N40),  .CK (u_crc_calc_net4253),  .RN (n789),  .Q (u_crc_calc_data[20]));"
  The above instance has fewer port connections than the module definition.
  Please use '+lint=TFIPC-L' to print out detailed information of unconnected 
  ports.


Warning-[TFIPC] Too few instance port connections
../02_SYN/Netlist/IOTDF_syn.v, 1012
IOTDF, "DFFRX1 u_crc_calc_data_reg_21_( .D (u_crc_calc_N41),  .CK (u_crc_calc_net4253),  .RN (n789),  .Q (u_crc_calc_data[21]));"
  The above instance has fewer port connections than the module definition.
  Please use '+lint=TFIPC-L' to print out detailed information of unconnected 
  ports.


Warning-[TFIPC] Too few instance port connections
../02_SYN/Netlist/IOTDF_syn.v, 1014
IOTDF, "DFFRX1 u_crc_calc_data_reg_22_( .D (u_crc_calc_N42),  .CK (u_crc_calc_net4253),  .RN (n789),  .Q (u_crc_calc_data[22]));"
  The above instance has fewer port connections than the module definition.
  Please use '+lint=TFIPC-L' to print out detailed information of unconnected 
  ports.


Warning-[TFIPC] Too few instance port connections
../02_SYN/Netlist/IOTDF_syn.v, 1016
IOTDF, "DFFRX1 u_crc_calc_data_reg_23_( .D (u_crc_calc_N43),  .CK (u_crc_calc_net4253),  .RN (n789),  .Q (u_crc_calc_data[23]));"
  The above instance has fewer port connections than the module definition.
  Please use '+lint=TFIPC-L' to print out detailed information of unconnected 
  ports.


Warning-[TFIPC] Too few instance port connections
../02_SYN/Netlist/IOTDF_syn.v, 1018
IOTDF, "DFFRX1 u_crc_calc_data_reg_24_( .D (u_crc_calc_N44),  .CK (u_crc_calc_net4248),  .RN (n788),  .Q (u_crc_calc_data[24]));"
  The above instance has fewer port connections than the module definition.
  Please use '+lint=TFIPC-L' to print out detailed information of unconnected 
  ports.


Warning-[TFIPC] Too few instance port connections
../02_SYN/Netlist/IOTDF_syn.v, 1020
IOTDF, "DFFRX1 u_crc_calc_data_reg_25_( .D (u_crc_calc_N45),  .CK (u_crc_calc_net4248),  .RN (n796),  .Q (u_crc_calc_data[25]));"
  The above instance has fewer port connections than the module definition.
  Please use '+lint=TFIPC-L' to print out detailed information of unconnected 
  ports.


Warning-[TFIPC] Too few instance port connections
../02_SYN/Netlist/IOTDF_syn.v, 1022
IOTDF, "DFFRX1 u_crc_calc_data_reg_26_( .D (u_crc_calc_N46),  .CK (u_crc_calc_net4248),  .RN (n789),  .Q (u_crc_calc_data[26]));"
  The above instance has fewer port connections than the module definition.
  Please use '+lint=TFIPC-L' to print out detailed information of unconnected 
  ports.


Warning-[TFIPC] Too few instance port connections
../02_SYN/Netlist/IOTDF_syn.v, 1024
IOTDF, "DFFRX1 u_crc_calc_data_reg_27_( .D (u_crc_calc_N47),  .CK (u_crc_calc_net4248),  .RN (n788),  .Q (u_crc_calc_data[27]));"
  The above instance has fewer port connections than the module definition.
  Please use '+lint=TFIPC-L' to print out detailed information of unconnected 
  ports.


Warning-[TFIPC] Too few instance port connections
../02_SYN/Netlist/IOTDF_syn.v, 1026
IOTDF, "DFFRX1 u_crc_calc_data_reg_28_( .D (u_crc_calc_N48),  .CK (u_crc_calc_net4243),  .RN (n788),  .Q (u_crc_calc_data[28]));"
  The above instance has fewer port connections than the module definition.
  Please use '+lint=TFIPC-L' to print out detailed information of unconnected 
  ports.


Warning-[TFIPC] Too few instance port connections
../02_SYN/Netlist/IOTDF_syn.v, 1028
IOTDF, "DFFRX1 u_crc_calc_data_reg_29_( .D (u_crc_calc_N49),  .CK (u_crc_calc_net4243),  .RN (n785),  .Q (u_crc_calc_data[29]));"
  The above instance has fewer port connections than the module definition.
  Please use '+lint=TFIPC-L' to print out detailed information of unconnected 
  ports.


Warning-[TFIPC] Too few instance port connections
../02_SYN/Netlist/IOTDF_syn.v, 1030
IOTDF, "DFFRX1 u_crc_calc_data_reg_30_( .D (u_crc_calc_N50),  .CK (u_crc_calc_net4243),  .RN (n786),  .Q (u_crc_calc_data[30]));"
  The above instance has fewer port connections than the module definition.
  Please use '+lint=TFIPC-L' to print out detailed information of unconnected 
  ports.


Warning-[TFIPC] Too few instance port connections
../02_SYN/Netlist/IOTDF_syn.v, 1032
IOTDF, "DFFRX1 u_crc_calc_data_reg_31_( .D (u_crc_calc_N51),  .CK (u_crc_calc_net4243),  .RN (n785),  .Q (u_crc_calc_data[31]));"
  The above instance has fewer port connections than the module definition.
  Please use '+lint=TFIPC-L' to print out detailed information of unconnected 
  ports.


Warning-[TFIPC] Too few instance port connections
../02_SYN/Netlist/IOTDF_syn.v, 1034
IOTDF, "DFFRX1 u_crc_calc_data_reg_32_( .D (u_crc_calc_N52),  .CK (u_crc_calc_net4238),  .RN (n786),  .Q (u_crc_calc_data[32]));"
  The above instance has fewer port connections than the module definition.
  Please use '+lint=TFIPC-L' to print out detailed information of unconnected 
  ports.


Warning-[TFIPC] Too few instance port connections
../02_SYN/Netlist/IOTDF_syn.v, 1036
IOTDF, "DFFRX1 u_crc_calc_data_reg_33_( .D (u_crc_calc_N53),  .CK (u_crc_calc_net4238),  .RN (n785),  .Q (u_crc_calc_data[33]));"
  The above instance has fewer port connections than the module definition.
  Please use '+lint=TFIPC-L' to print out detailed information of unconnected 
  ports.


Warning-[TFIPC] Too few instance port connections
../02_SYN/Netlist/IOTDF_syn.v, 1038
IOTDF, "DFFRX1 u_crc_calc_data_reg_34_( .D (u_crc_calc_N54),  .CK (u_crc_calc_net4238),  .RN (n786),  .Q (u_crc_calc_data[34]));"
  The above instance has fewer port connections than the module definition.
  Please use '+lint=TFIPC-L' to print out detailed information of unconnected 
  ports.


Warning-[TFIPC] Too few instance port connections
../02_SYN/Netlist/IOTDF_syn.v, 1040
IOTDF, "DFFRX1 u_crc_calc_data_reg_35_( .D (u_crc_calc_N55),  .CK (u_crc_calc_net4238),  .RN (n786),  .Q (u_crc_calc_data[35]));"
  The above instance has fewer port connections than the module definition.
  Please use '+lint=TFIPC-L' to print out detailed information of unconnected 
  ports.


Warning-[TFIPC] Too few instance port connections
../02_SYN/Netlist/IOTDF_syn.v, 1042
IOTDF, "DFFRX1 u_crc_calc_data_reg_36_( .D (u_crc_calc_N56),  .CK (u_crc_calc_net4233),  .RN (n788),  .Q (u_crc_calc_data[36]));"
  The above instance has fewer port connections than the module definition.
  Please use '+lint=TFIPC-L' to print out detailed information of unconnected 
  ports.


Warning-[TFIPC] Too few instance port connections
../02_SYN/Netlist/IOTDF_syn.v, 1044
IOTDF, "DFFRX1 u_crc_calc_data_reg_37_( .D (u_crc_calc_N57),  .CK (u_crc_calc_net4233),  .RN (n788),  .Q (u_crc_calc_data[37]));"
  The above instance has fewer port connections than the module definition.
  Please use '+lint=TFIPC-L' to print out detailed information of unconnected 
  ports.


Warning-[TFIPC] Too few instance port connections
../02_SYN/Netlist/IOTDF_syn.v, 1046
IOTDF, "DFFRX1 u_crc_calc_data_reg_38_( .D (u_crc_calc_N58),  .CK (u_crc_calc_net4233),  .RN (n780),  .Q (u_crc_calc_data[38]));"
  The above instance has fewer port connections than the module definition.
  Please use '+lint=TFIPC-L' to print out detailed information of unconnected 
  ports.


Warning-[TFIPC] Too few instance port connections
../02_SYN/Netlist/IOTDF_syn.v, 1048
IOTDF, "DFFRX1 u_crc_calc_data_reg_39_( .D (u_crc_calc_N59),  .CK (u_crc_calc_net4233),  .RN (n795),  .Q (u_crc_calc_data[39]));"
  The above instance has fewer port connections than the module definition.
  Please use '+lint=TFIPC-L' to print out detailed information of unconnected 
  ports.


Warning-[TFIPC] Too few instance port connections
../02_SYN/Netlist/IOTDF_syn.v, 1050
IOTDF, "DFFRX1 u_crc_calc_data_reg_40_( .D (u_crc_calc_N60),  .CK (u_crc_calc_net4228),  .RN (n772),  .Q (u_crc_calc_data[40]));"
  The above instance has fewer port connections than the module definition.
  Please use '+lint=TFIPC-L' to print out detailed information of unconnected 
  ports.


Warning-[TFIPC] Too few instance port connections
../02_SYN/Netlist/IOTDF_syn.v, 1052
IOTDF, "DFFRX1 u_crc_calc_data_reg_41_( .D (u_crc_calc_N61),  .CK (u_crc_calc_net4228),  .RN (n780),  .Q (u_crc_calc_data[41]));"
  The above instance has fewer port connections than the module definition.
  Please use '+lint=TFIPC-L' to print out detailed information of unconnected 
  ports.


Warning-[TFIPC] Too few instance port connections
../02_SYN/Netlist/IOTDF_syn.v, 1054
IOTDF, "DFFRX1 u_crc_calc_data_reg_42_( .D (u_crc_calc_N62),  .CK (u_crc_calc_net4228),  .RN (n795),  .Q (u_crc_calc_data[42]));"
  The above instance has fewer port connections than the module definition.
  Please use '+lint=TFIPC-L' to print out detailed information of unconnected 
  ports.


Warning-[TFIPC] Too few instance port connections
../02_SYN/Netlist/IOTDF_syn.v, 1056
IOTDF, "DFFRX1 u_crc_calc_data_reg_43_( .D (u_crc_calc_N63),  .CK (u_crc_calc_net4228),  .RN (n778),  .Q (u_crc_calc_data[43]));"
  The above instance has fewer port connections than the module definition.
  Please use '+lint=TFIPC-L' to print out detailed information of unconnected 
  ports.


Warning-[TFIPC] Too few instance port connections
../02_SYN/Netlist/IOTDF_syn.v, 1058
IOTDF, "DFFRX1 u_crc_calc_data_reg_44_( .D (u_crc_calc_N64),  .CK (u_crc_calc_net4223),  .RN (n796),  .Q (u_crc_calc_data[44]));"
  The above instance has fewer port connections than the module definition.
  Please use '+lint=TFIPC-L' to print out detailed information of unconnected 
  ports.


Warning-[TFIPC] Too few instance port connections
../02_SYN/Netlist/IOTDF_syn.v, 1060
IOTDF, "DFFRX1 u_crc_calc_data_reg_45_( .D (u_crc_calc_N65),  .CK (u_crc_calc_net4223),  .RN (n798),  .Q (u_crc_calc_data[45]));"
  The above instance has fewer port connections than the module definition.
  Please use '+lint=TFIPC-L' to print out detailed information of unconnected 
  ports.


Warning-[TFIPC] Too few instance port connections
../02_SYN/Netlist/IOTDF_syn.v, 1062
IOTDF, "DFFRX1 u_crc_calc_data_reg_46_( .D (u_crc_calc_N66),  .CK (u_crc_calc_net4223),  .RN (n772),  .Q (u_crc_calc_data[46]));"
  The above instance has fewer port connections than the module definition.
  Please use '+lint=TFIPC-L' to print out detailed information of unconnected 
  ports.


Warning-[TFIPC] Too few instance port connections
../02_SYN/Netlist/IOTDF_syn.v, 1064
IOTDF, "DFFRX1 u_crc_calc_data_reg_47_( .D (u_crc_calc_N67),  .CK (u_crc_calc_net4223),  .RN (n780),  .Q (u_crc_calc_data[47]));"
  The above instance has fewer port connections than the module definition.
  Please use '+lint=TFIPC-L' to print out detailed information of unconnected 
  ports.


Warning-[TFIPC] Too few instance port connections
../02_SYN/Netlist/IOTDF_syn.v, 1066
IOTDF, "DFFRX1 u_crc_calc_data_reg_48_( .D (u_crc_calc_N68),  .CK (u_crc_calc_net4218),  .RN (n801),  .Q (u_crc_calc_data[48]));"
  The above instance has fewer port connections than the module definition.
  Please use '+lint=TFIPC-L' to print out detailed information of unconnected 
  ports.


Warning-[TFIPC] Too few instance port connections
../02_SYN/Netlist/IOTDF_syn.v, 1068
IOTDF, "DFFRX1 u_crc_calc_data_reg_49_( .D (u_crc_calc_N69),  .CK (u_crc_calc_net4218),  .RN (n801),  .Q (u_crc_calc_data[49]));"
  The above instance has fewer port connections than the module definition.
  Please use '+lint=TFIPC-L' to print out detailed information of unconnected 
  ports.


Warning-[TFIPC] Too few instance port connections
../02_SYN/Netlist/IOTDF_syn.v, 1070
IOTDF, "DFFRX1 u_crc_calc_data_reg_50_( .D (u_crc_calc_N70),  .CK (u_crc_calc_net4218),  .RN (n801),  .Q (u_crc_calc_data[50]));"
  The above instance has fewer port connections than the module definition.
  Please use '+lint=TFIPC-L' to print out detailed information of unconnected 
  ports.


Warning-[TFIPC] Too few instance port connections
../02_SYN/Netlist/IOTDF_syn.v, 1072
IOTDF, "DFFRX1 u_crc_calc_data_reg_51_( .D (u_crc_calc_N71),  .CK (u_crc_calc_net4218),  .RN (n789),  .Q (u_crc_calc_data[51]));"
  The above instance has fewer port connections than the module definition.
  Please use '+lint=TFIPC-L' to print out detailed information of unconnected 
  ports.


Warning-[TFIPC] Too few instance port connections
../02_SYN/Netlist/IOTDF_syn.v, 1074
IOTDF, "DFFRX1 u_crc_calc_data_reg_52_( .D (u_crc_calc_N72),  .CK (u_crc_calc_net4213),  .RN (n342),  .Q (u_crc_calc_data[52]));"
  The above instance has fewer port connections than the module definition.
  Please use '+lint=TFIPC-L' to print out detailed information of unconnected 
  ports.


Warning-[TFIPC] Too few instance port connections
../02_SYN/Netlist/IOTDF_syn.v, 1076
IOTDF, "DFFRX1 u_crc_calc_data_reg_53_( .D (u_crc_calc_N73),  .CK (u_crc_calc_net4213),  .RN (n342),  .Q (u_crc_calc_data[53]));"
  The above instance has fewer port connections than the module definition.
  Please use '+lint=TFIPC-L' to print out detailed information of unconnected 
  ports.


Warning-[TFIPC] Too few instance port connections
../02_SYN/Netlist/IOTDF_syn.v, 1078
IOTDF, "DFFRX1 u_crc_calc_data_reg_54_( .D (u_crc_calc_N74),  .CK (u_crc_calc_net4213),  .RN (n342),  .Q (u_crc_calc_data[54]));"
  The above instance has fewer port connections than the module definition.
  Please use '+lint=TFIPC-L' to print out detailed information of unconnected 
  ports.


Warning-[TFIPC] Too few instance port connections
../02_SYN/Netlist/IOTDF_syn.v, 1080
IOTDF, "DFFRX1 u_crc_calc_data_reg_55_( .D (u_crc_calc_N75),  .CK (u_crc_calc_net4213),  .RN (n782),  .Q (u_crc_calc_data[55]));"
  The above instance has fewer port connections than the module definition.
  Please use '+lint=TFIPC-L' to print out detailed information of unconnected 
  ports.


Warning-[TFIPC] Too few instance port connections
../02_SYN/Netlist/IOTDF_syn.v, 1082
IOTDF, "DFFRX1 u_crc_calc_data_reg_56_( .D (u_crc_calc_N76),  .CK (u_crc_calc_net4208),  .RN (n784),  .Q (u_crc_calc_data[56]));"
  The above instance has fewer port connections than the module definition.
  Please use '+lint=TFIPC-L' to print out detailed information of unconnected 
  ports.


Warning-[TFIPC] Too few instance port connections
../02_SYN/Netlist/IOTDF_syn.v, 1084
IOTDF, "DFFRX1 u_crc_calc_data_reg_57_( .D (u_crc_calc_N77),  .CK (u_crc_calc_net4208),  .RN (n791),  .Q (u_crc_calc_data[57]));"
  The above instance has fewer port connections than the module definition.
  Please use '+lint=TFIPC-L' to print out detailed information of unconnected 
  ports.


Warning-[TFIPC] Too few instance port connections
../02_SYN/Netlist/IOTDF_syn.v, 1086
IOTDF, "DFFRX1 u_crc_calc_data_reg_58_( .D (u_crc_calc_N78),  .CK (u_crc_calc_net4208),  .RN (n782),  .Q (u_crc_calc_data[58]));"
  The above instance has fewer port connections than the module definition.
  Please use '+lint=TFIPC-L' to print out detailed information of unconnected 
  ports.


Warning-[TFIPC] Too few instance port connections
../02_SYN/Netlist/IOTDF_syn.v, 1088
IOTDF, "DFFRX1 u_crc_calc_data_reg_59_( .D (u_crc_calc_N79),  .CK (u_crc_calc_net4208),  .RN (n799),  .Q (u_crc_calc_data[59]));"
  The above instance has fewer port connections than the module definition.
  Please use '+lint=TFIPC-L' to print out detailed information of unconnected 
  ports.


Warning-[TFIPC] Too few instance port connections
../02_SYN/Netlist/IOTDF_syn.v, 1090
IOTDF, "DFFRX1 u_crc_calc_data_reg_60_( .D (u_crc_calc_N80),  .CK (u_crc_calc_net4203),  .RN (n342),  .Q (u_crc_calc_data[60]));"
  The above instance has fewer port connections than the module definition.
  Please use '+lint=TFIPC-L' to print out detailed information of unconnected 
  ports.


Warning-[TFIPC] Too few instance port connections
../02_SYN/Netlist/IOTDF_syn.v, 1092
IOTDF, "DFFRX1 u_crc_calc_data_reg_61_( .D (u_crc_calc_N81),  .CK (u_crc_calc_net4203),  .RN (n796),  .Q (u_crc_calc_data[61]));"
  The above instance has fewer port connections than the module definition.
  Please use '+lint=TFIPC-L' to print out detailed information of unconnected 
  ports.


Warning-[TFIPC] Too few instance port connections
../02_SYN/Netlist/IOTDF_syn.v, 1094
IOTDF, "DFFRX1 u_crc_calc_data_reg_62_( .D (u_crc_calc_N82),  .CK (u_crc_calc_net4203),  .RN (n801),  .Q (u_crc_calc_data[62]));"
  The above instance has fewer port connections than the module definition.
  Please use '+lint=TFIPC-L' to print out detailed information of unconnected 
  ports.


Warning-[TFIPC] Too few instance port connections
../02_SYN/Netlist/IOTDF_syn.v, 1096
IOTDF, "DFFRX1 u_crc_calc_data_reg_63_( .D (u_crc_calc_N83),  .CK (u_crc_calc_net4203),  .RN (n772),  .Q (u_crc_calc_data[63]));"
  The above instance has fewer port connections than the module definition.
  Please use '+lint=TFIPC-L' to print out detailed information of unconnected 
  ports.


Warning-[TFIPC] Too few instance port connections
../02_SYN/Netlist/IOTDF_syn.v, 1098
IOTDF, "DFFRX1 u_crc_calc_data_reg_64_( .D (u_crc_calc_N84),  .CK (u_crc_calc_net4198),  .RN (n796),  .Q (u_crc_calc_data[64]));"
  The above instance has fewer port connections than the module definition.
  Please use '+lint=TFIPC-L' to print out detailed information of unconnected 
  ports.


Warning-[TFIPC] Too few instance port connections
../02_SYN/Netlist/IOTDF_syn.v, 1100
IOTDF, "DFFRX1 u_crc_calc_data_reg_65_( .D (u_crc_calc_N85),  .CK (u_crc_calc_net4198),  .RN (n784),  .Q (u_crc_calc_data[65]));"
  The above instance has fewer port connections than the module definition.
  Please use '+lint=TFIPC-L' to print out detailed information of unconnected 
  ports.


Warning-[TFIPC] Too few instance port connections
../02_SYN/Netlist/IOTDF_syn.v, 1102
IOTDF, "DFFRX1 u_crc_calc_data_reg_66_( .D (u_crc_calc_N86),  .CK (u_crc_calc_net4198),  .RN (n778),  .Q (u_crc_calc_data[66]));"
  The above instance has fewer port connections than the module definition.
  Please use '+lint=TFIPC-L' to print out detailed information of unconnected 
  ports.


Warning-[TFIPC] Too few instance port connections
../02_SYN/Netlist/IOTDF_syn.v, 1104
IOTDF, "DFFRX1 u_crc_calc_data_reg_67_( .D (u_crc_calc_N87),  .CK (u_crc_calc_net4198),  .RN (n780),  .Q (u_crc_calc_data[67]));"
  The above instance has fewer port connections than the module definition.
  Please use '+lint=TFIPC-L' to print out detailed information of unconnected 
  ports.


Warning-[TFIPC] Too few instance port connections
../02_SYN/Netlist/IOTDF_syn.v, 1106
IOTDF, "DFFRX1 u_crc_calc_data_reg_68_( .D (u_crc_calc_N88),  .CK (u_crc_calc_net4193),  .RN (n795),  .Q (u_crc_calc_data[68]));"
  The above instance has fewer port connections than the module definition.
  Please use '+lint=TFIPC-L' to print out detailed information of unconnected 
  ports.


Warning-[TFIPC] Too few instance port connections
../02_SYN/Netlist/IOTDF_syn.v, 1108
IOTDF, "DFFRX1 u_crc_calc_data_reg_69_( .D (u_crc_calc_N89),  .CK (u_crc_calc_net4193),  .RN (n772),  .Q (u_crc_calc_data[69]));"
  The above instance has fewer port connections than the module definition.
  Please use '+lint=TFIPC-L' to print out detailed information of unconnected 
  ports.


Warning-[TFIPC] Too few instance port connections
../02_SYN/Netlist/IOTDF_syn.v, 1110
IOTDF, "DFFRX1 u_crc_calc_data_reg_70_( .D (u_crc_calc_N90),  .CK (u_crc_calc_net4193),  .RN (n801),  .Q (u_crc_calc_data[70]));"
  The above instance has fewer port connections than the module definition.
  Please use '+lint=TFIPC-L' to print out detailed information of unconnected 
  ports.


Warning-[TFIPC] Too few instance port connections
../02_SYN/Netlist/IOTDF_syn.v, 1112
IOTDF, "DFFRX1 u_crc_calc_data_reg_71_( .D (u_crc_calc_N91),  .CK (u_crc_calc_net4193),  .RN (n795),  .Q (u_crc_calc_data[71]));"
  The above instance has fewer port connections than the module definition.
  Please use '+lint=TFIPC-L' to print out detailed information of unconnected 
  ports.


Warning-[TFIPC] Too few instance port connections
../02_SYN/Netlist/IOTDF_syn.v, 1114
IOTDF, "DFFRX1 u_crc_calc_data_reg_72_( .D (u_crc_calc_N92),  .CK (u_crc_calc_net4188),  .RN (n795),  .Q (u_crc_calc_data[72]));"
  The above instance has fewer port connections than the module definition.
  Please use '+lint=TFIPC-L' to print out detailed information of unconnected 
  ports.


Warning-[TFIPC] Too few instance port connections
../02_SYN/Netlist/IOTDF_syn.v, 1116
IOTDF, "DFFRX1 u_crc_calc_data_reg_73_( .D (u_crc_calc_N93),  .CK (u_crc_calc_net4188),  .RN (n342),  .Q (u_crc_calc_data[73]));"
  The above instance has fewer port connections than the module definition.
  Please use '+lint=TFIPC-L' to print out detailed information of unconnected 
  ports.


Warning-[TFIPC] Too few instance port connections
../02_SYN/Netlist/IOTDF_syn.v, 1118
IOTDF, "DFFRX1 u_crc_calc_data_reg_74_( .D (u_crc_calc_N94),  .CK (u_crc_calc_net4188),  .RN (n776),  .Q (u_crc_calc_data[74]));"
  The above instance has fewer port connections than the module definition.
  Please use '+lint=TFIPC-L' to print out detailed information of unconnected 
  ports.


Warning-[TFIPC] Too few instance port connections
../02_SYN/Netlist/IOTDF_syn.v, 1120
IOTDF, "DFFRX1 u_crc_calc_data_reg_75_( .D (u_crc_calc_N95),  .CK (u_crc_calc_net4188),  .RN (n780),  .Q (u_crc_calc_data[75]));"
  The above instance has fewer port connections than the module definition.
  Please use '+lint=TFIPC-L' to print out detailed information of unconnected 
  ports.


Warning-[TFIPC] Too few instance port connections
../02_SYN/Netlist/IOTDF_syn.v, 1122
IOTDF, "DFFRX1 u_crc_calc_data_reg_76_( .D (u_crc_calc_N96),  .CK (u_crc_calc_net4183),  .RN (n778),  .Q (u_crc_calc_data[76]));"
  The above instance has fewer port connections than the module definition.
  Please use '+lint=TFIPC-L' to print out detailed information of unconnected 
  ports.


Warning-[TFIPC] Too few instance port connections
../02_SYN/Netlist/IOTDF_syn.v, 1124
IOTDF, "DFFRX1 u_crc_calc_data_reg_77_( .D (u_crc_calc_N97),  .CK (u_crc_calc_net4183),  .RN (n801),  .Q (u_crc_calc_data[77]));"
  The above instance has fewer port connections than the module definition.
  Please use '+lint=TFIPC-L' to print out detailed information of unconnected 
  ports.


Warning-[TFIPC] Too few instance port connections
../02_SYN/Netlist/IOTDF_syn.v, 1126
IOTDF, "DFFRX1 u_crc_calc_data_reg_78_( .D (u_crc_calc_N98),  .CK (u_crc_calc_net4183),  .RN (n782),  .Q (u_crc_calc_data[78]));"
  The above instance has fewer port connections than the module definition.
  Please use '+lint=TFIPC-L' to print out detailed information of unconnected 
  ports.


Warning-[TFIPC] Too few instance port connections
../02_SYN/Netlist/IOTDF_syn.v, 1128
IOTDF, "DFFRX1 u_crc_calc_data_reg_79_( .D (u_crc_calc_N99),  .CK (u_crc_calc_net4183),  .RN (n796),  .Q (u_crc_calc_data[79]));"
  The above instance has fewer port connections than the module definition.
  Please use '+lint=TFIPC-L' to print out detailed information of unconnected 
  ports.


Warning-[TFIPC] Too few instance port connections
../02_SYN/Netlist/IOTDF_syn.v, 1130
IOTDF, "DFFRX1 u_crc_calc_data_reg_80_( .D (u_crc_calc_N100),  .CK (u_crc_calc_net4178),  .RN (n796),  .Q (u_crc_calc_data[80]));"
  The above instance has fewer port connections than the module definition.
  Please use '+lint=TFIPC-L' to print out detailed information of unconnected 
  ports.


Warning-[TFIPC] Too few instance port connections
../02_SYN/Netlist/IOTDF_syn.v, 1131
IOTDF, "DFFRX1 u_crc_calc_data_reg_81_( .D (u_crc_calc_N101),  .CK (u_crc_calc_net4178),  .RN (n795),  .Q (u_crc_calc_data[81]));"
  The above instance has fewer port connections than the module definition.
  Please use '+lint=TFIPC-L' to print out detailed information of unconnected 
  ports.


Warning-[TFIPC] Too few instance port connections
../02_SYN/Netlist/IOTDF_syn.v, 1132
IOTDF, "DFFRX1 u_crc_calc_data_reg_82_( .D (u_crc_calc_N102),  .CK (u_crc_calc_net4178),  .RN (n772),  .Q (u_crc_calc_data[82]));"
  The above instance has fewer port connections than the module definition.
  Please use '+lint=TFIPC-L' to print out detailed information of unconnected 
  ports.


Warning-[TFIPC] Too few instance port connections
../02_SYN/Netlist/IOTDF_syn.v, 1133
IOTDF, "DFFRX1 u_crc_calc_data_reg_83_( .D (u_crc_calc_N103),  .CK (u_crc_calc_net4178),  .RN (n791),  .Q (u_crc_calc_data[83]));"
  The above instance has fewer port connections than the module definition.
  Please use '+lint=TFIPC-L' to print out detailed information of unconnected 
  ports.


Warning-[TFIPC] Too few instance port connections
../02_SYN/Netlist/IOTDF_syn.v, 1134
IOTDF, "DFFRX1 u_crc_calc_data_reg_84_( .D (u_crc_calc_N104),  .CK (u_crc_calc_net4173),  .RN (n773),  .Q (u_crc_calc_data[84]));"
  The above instance has fewer port connections than the module definition.
  Please use '+lint=TFIPC-L' to print out detailed information of unconnected 
  ports.


Warning-[TFIPC] Too few instance port connections
../02_SYN/Netlist/IOTDF_syn.v, 1135
IOTDF, "DFFRX1 u_crc_calc_data_reg_85_( .D (u_crc_calc_N105),  .CK (u_crc_calc_net4173),  .RN (n772),  .Q (u_crc_calc_data[85]));"
  The above instance has fewer port connections than the module definition.
  Please use '+lint=TFIPC-L' to print out detailed information of unconnected 
  ports.


Warning-[TFIPC] Too few instance port connections
../02_SYN/Netlist/IOTDF_syn.v, 1136
IOTDF, "DFFRX1 u_crc_calc_data_reg_86_( .D (u_crc_calc_N106),  .CK (u_crc_calc_net4173),  .RN (n802),  .Q (u_crc_calc_data[86]));"
  The above instance has fewer port connections than the module definition.
  Please use '+lint=TFIPC-L' to print out detailed information of unconnected 
  ports.


Warning-[TFIPC] Too few instance port connections
../02_SYN/Netlist/IOTDF_syn.v, 1137
IOTDF, "DFFRX1 u_crc_calc_data_reg_87_( .D (u_crc_calc_N107),  .CK (u_crc_calc_net4173),  .RN (n789),  .Q (u_crc_calc_data[87]));"
  The above instance has fewer port connections than the module definition.
  Please use '+lint=TFIPC-L' to print out detailed information of unconnected 
  ports.


Warning-[TFIPC] Too few instance port connections
../02_SYN/Netlist/IOTDF_syn.v, 1138
IOTDF, "DFFRX1 u_crc_calc_data_reg_88_( .D (u_crc_calc_N108),  .CK (u_crc_calc_net4168),  .RN (n801),  .Q (u_crc_calc_data[88]));"
  The above instance has fewer port connections than the module definition.
  Please use '+lint=TFIPC-L' to print out detailed information of unconnected 
  ports.


Warning-[TFIPC] Too few instance port connections
../02_SYN/Netlist/IOTDF_syn.v, 1139
IOTDF, "DFFRX1 u_crc_calc_data_reg_89_( .D (u_crc_calc_N109),  .CK (u_crc_calc_net4168),  .RN (n780),  .Q (u_crc_calc_data[89]));"
  The above instance has fewer port connections than the module definition.
  Please use '+lint=TFIPC-L' to print out detailed information of unconnected 
  ports.


Warning-[TFIPC] Too few instance port connections
../02_SYN/Netlist/IOTDF_syn.v, 1140
IOTDF, "DFFRX1 u_crc_calc_data_reg_90_( .D (u_crc_calc_N110),  .CK (u_crc_calc_net4168),  .RN (n796),  .Q (u_crc_calc_data[90]));"
  The above instance has fewer port connections than the module definition.
  Please use '+lint=TFIPC-L' to print out detailed information of unconnected 
  ports.


Warning-[TFIPC] Too few instance port connections
../02_SYN/Netlist/IOTDF_syn.v, 1141
IOTDF, "DFFRX1 u_crc_calc_data_reg_91_( .D (u_crc_calc_N111),  .CK (u_crc_calc_net4168),  .RN (n789),  .Q (u_crc_calc_data[91]));"
  The above instance has fewer port connections than the module definition.
  Please use '+lint=TFIPC-L' to print out detailed information of unconnected 
  ports.


Warning-[TFIPC] Too few instance port connections
../02_SYN/Netlist/IOTDF_syn.v, 1142
IOTDF, "DFFRX1 u_crc_calc_data_reg_92_( .D (u_crc_calc_N112),  .CK (u_crc_calc_net4163),  .RN (n789),  .Q (u_crc_calc_data[92]));"
  The above instance has fewer port connections than the module definition.
  Please use '+lint=TFIPC-L' to print out detailed information of unconnected 
  ports.


Warning-[TFIPC] Too few instance port connections
../02_SYN/Netlist/IOTDF_syn.v, 1143
IOTDF, "DFFRX1 u_crc_calc_data_reg_93_( .D (u_crc_calc_N113),  .CK (u_crc_calc_net4163),  .RN (n795),  .Q (u_crc_calc_data[93]));"
  The above instance has fewer port connections than the module definition.
  Please use '+lint=TFIPC-L' to print out detailed information of unconnected 
  ports.


Warning-[TFIPC] Too few instance port connections
../02_SYN/Netlist/IOTDF_syn.v, 1144
IOTDF, "DFFRX1 u_crc_calc_data_reg_94_( .D (u_crc_calc_N114),  .CK (u_crc_calc_net4163),  .RN (n798),  .Q (u_crc_calc_data[94]));"
  The above instance has fewer port connections than the module definition.
  Please use '+lint=TFIPC-L' to print out detailed information of unconnected 
  ports.


Warning-[TFIPC] Too few instance port connections
../02_SYN/Netlist/IOTDF_syn.v, 1145
IOTDF, "DFFRX1 u_crc_calc_data_reg_95_( .D (u_crc_calc_N115),  .CK (u_crc_calc_net4163),  .RN (n795),  .Q (u_crc_calc_data[95]));"
  The above instance has fewer port connections than the module definition.
  Please use '+lint=TFIPC-L' to print out detailed information of unconnected 
  ports.


Warning-[TFIPC] Too few instance port connections
../02_SYN/Netlist/IOTDF_syn.v, 1146
IOTDF, "DFFRX1 u_crc_calc_data_reg_96_( .D (u_crc_calc_N116),  .CK (u_crc_calc_net4158),  .RN (n788),  .Q (u_crc_calc_data[96]));"
  The above instance has fewer port connections than the module definition.
  Please use '+lint=TFIPC-L' to print out detailed information of unconnected 
  ports.


Warning-[TFIPC] Too few instance port connections
../02_SYN/Netlist/IOTDF_syn.v, 1147
IOTDF, "DFFRX1 u_crc_calc_data_reg_97_( .D (u_crc_calc_N117),  .CK (u_crc_calc_net4158),  .RN (n788),  .Q (u_crc_calc_data[97]));"
  The above instance has fewer port connections than the module definition.
  Please use '+lint=TFIPC-L' to print out detailed information of unconnected 
  ports.


Warning-[TFIPC] Too few instance port connections
../02_SYN/Netlist/IOTDF_syn.v, 1148
IOTDF, "DFFRX1 u_crc_calc_data_reg_98_( .D (u_crc_calc_N118),  .CK (u_crc_calc_net4158),  .RN (n788),  .Q (u_crc_calc_data[98]));"
  The above instance has fewer port connections than the module definition.
  Please use '+lint=TFIPC-L' to print out detailed information of unconnected 
  ports.


Warning-[TFIPC] Too few instance port connections
../02_SYN/Netlist/IOTDF_syn.v, 1149
IOTDF, "DFFRX1 u_crc_calc_data_reg_99_( .D (u_crc_calc_N119),  .CK (u_crc_calc_net4158),  .RN (n788),  .Q (u_crc_calc_data[99]));"
  The above instance has fewer port connections than the module definition.
  Please use '+lint=TFIPC-L' to print out detailed information of unconnected 
  ports.


Warning-[TFIPC] Too few instance port connections
../02_SYN/Netlist/IOTDF_syn.v, 1150
IOTDF, "DFFRX1 u_crc_calc_data_reg_100_( .D (u_crc_calc_N120),  .CK (u_crc_calc_net4153),  .RN (n788),  .Q (u_crc_calc_data[100]));"
  The above instance has fewer port connections than the module definition.
  Please use '+lint=TFIPC-L' to print out detailed information of unconnected 
  ports.


Warning-[TFIPC] Too few instance port connections
../02_SYN/Netlist/IOTDF_syn.v, 1152
IOTDF, "DFFRX1 u_crc_calc_data_reg_101_( .D (u_crc_calc_N121),  .CK (u_crc_calc_net4153),  .RN (n788),  .Q (u_crc_calc_data[101]));"
  The above instance has fewer port connections than the module definition.
  Please use '+lint=TFIPC-L' to print out detailed information of unconnected 
  ports.


Warning-[TFIPC] Too few instance port connections
../02_SYN/Netlist/IOTDF_syn.v, 1154
IOTDF, "DFFRX1 u_crc_calc_data_reg_102_( .D (u_crc_calc_N122),  .CK (u_crc_calc_net4153),  .RN (n788),  .Q (u_crc_calc_data[102]));"
  The above instance has fewer port connections than the module definition.
  Please use '+lint=TFIPC-L' to print out detailed information of unconnected 
  ports.


Warning-[TFIPC] Too few instance port connections
../02_SYN/Netlist/IOTDF_syn.v, 1156
IOTDF, "DFFRX1 u_crc_calc_data_reg_103_( .D (u_crc_calc_N123),  .CK (u_crc_calc_net4153),  .RN (n788),  .Q (u_crc_calc_data[103]));"
  The above instance has fewer port connections than the module definition.
  Please use '+lint=TFIPC-L' to print out detailed information of unconnected 
  ports.


Warning-[TFIPC] Too few instance port connections
../02_SYN/Netlist/IOTDF_syn.v, 1158
IOTDF, "DFFRX1 u_crc_calc_data_reg_104_( .D (u_crc_calc_N124),  .CK (u_crc_calc_net4148),  .RN (n788),  .Q (u_crc_calc_data[104]));"
  The above instance has fewer port connections than the module definition.
  Please use '+lint=TFIPC-L' to print out detailed information of unconnected 
  ports.


Warning-[TFIPC] Too few instance port connections
../02_SYN/Netlist/IOTDF_syn.v, 1160
IOTDF, "DFFRX1 u_crc_calc_data_reg_105_( .D (u_crc_calc_N125),  .CK (u_crc_calc_net4148),  .RN (n788),  .Q (u_crc_calc_data[105]));"
  The above instance has fewer port connections than the module definition.
  Please use '+lint=TFIPC-L' to print out detailed information of unconnected 
  ports.


Warning-[TFIPC] Too few instance port connections
../02_SYN/Netlist/IOTDF_syn.v, 1162
IOTDF, "DFFRX1 u_crc_calc_data_reg_106_( .D (u_crc_calc_N126),  .CK (u_crc_calc_net4148),  .RN (n788),  .Q (u_crc_calc_data[106]));"
  The above instance has fewer port connections than the module definition.
  Please use '+lint=TFIPC-L' to print out detailed information of unconnected 
  ports.


Warning-[TFIPC] Too few instance port connections
../02_SYN/Netlist/IOTDF_syn.v, 1164
IOTDF, "DFFRX1 u_crc_calc_data_reg_107_( .D (u_crc_calc_N127),  .CK (u_crc_calc_net4148),  .RN (n788),  .Q (u_crc_calc_data[107]));"
  The above instance has fewer port connections than the module definition.
  Please use '+lint=TFIPC-L' to print out detailed information of unconnected 
  ports.


Warning-[TFIPC] Too few instance port connections
../02_SYN/Netlist/IOTDF_syn.v, 1166
IOTDF, "DFFRX1 u_crc_calc_data_reg_108_( .D (u_crc_calc_N128),  .CK (u_crc_calc_net4143),  .RN (n788),  .Q (u_crc_calc_data[108]));"
  The above instance has fewer port connections than the module definition.
  Please use '+lint=TFIPC-L' to print out detailed information of unconnected 
  ports.


Warning-[TFIPC] Too few instance port connections
../02_SYN/Netlist/IOTDF_syn.v, 1168
IOTDF, "DFFRX1 u_crc_calc_data_reg_109_( .D (u_crc_calc_N129),  .CK (u_crc_calc_net4143),  .RN (n795),  .Q (u_crc_calc_data[109]));"
  The above instance has fewer port connections than the module definition.
  Please use '+lint=TFIPC-L' to print out detailed information of unconnected 
  ports.


Warning-[TFIPC] Too few instance port connections
../02_SYN/Netlist/IOTDF_syn.v, 1170
IOTDF, "DFFRX1 u_crc_calc_data_reg_110_( .D (u_crc_calc_N130),  .CK (u_crc_calc_net4143),  .RN (n789),  .Q (u_crc_calc_data[110]));"
  The above instance has fewer port connections than the module definition.
  Please use '+lint=TFIPC-L' to print out detailed information of unconnected 
  ports.


Warning-[TFIPC] Too few instance port connections
../02_SYN/Netlist/IOTDF_syn.v, 1172
IOTDF, "DFFRX1 u_crc_calc_data_reg_111_( .D (u_crc_calc_N131),  .CK (u_crc_calc_net4143),  .RN (n796),  .Q (u_crc_calc_data[111]));"
  The above instance has fewer port connections than the module definition.
  Please use '+lint=TFIPC-L' to print out detailed information of unconnected 
  ports.


Warning-[TFIPC] Too few instance port connections
../02_SYN/Netlist/IOTDF_syn.v, 1174
IOTDF, "DFFRX1 u_crc_calc_data_reg_112_( .D (u_crc_calc_N132),  .CK (u_crc_calc_net4138),  .RN (n772),  .Q (u_crc_calc_data[112]));"
  The above instance has fewer port connections than the module definition.
  Please use '+lint=TFIPC-L' to print out detailed information of unconnected 
  ports.


Warning-[TFIPC] Too few instance port connections
../02_SYN/Netlist/IOTDF_syn.v, 1176
IOTDF, "DFFRX1 u_crc_calc_data_reg_113_( .D (u_crc_calc_N133),  .CK (u_crc_calc_net4138),  .RN (n789),  .Q (u_crc_calc_data[113]));"
  The above instance has fewer port connections than the module definition.
  Please use '+lint=TFIPC-L' to print out detailed information of unconnected 
  ports.


Warning-[TFIPC] Too few instance port connections
../02_SYN/Netlist/IOTDF_syn.v, 1178
IOTDF, "DFFRX1 u_crc_calc_data_reg_114_( .D (u_crc_calc_N134),  .CK (u_crc_calc_net4138),  .RN (n778),  .Q (u_crc_calc_data[114]));"
  The above instance has fewer port connections than the module definition.
  Please use '+lint=TFIPC-L' to print out detailed information of unconnected 
  ports.


Warning-[TFIPC] Too few instance port connections
../02_SYN/Netlist/IOTDF_syn.v, 1180
IOTDF, "DFFRX1 u_crc_calc_data_reg_115_( .D (u_crc_calc_N135),  .CK (u_crc_calc_net4138),  .RN (n789),  .Q (u_crc_calc_data[115]));"
  The above instance has fewer port connections than the module definition.
  Please use '+lint=TFIPC-L' to print out detailed information of unconnected 
  ports.


Warning-[TFIPC] Too few instance port connections
../02_SYN/Netlist/IOTDF_syn.v, 1182
IOTDF, "DFFRX1 u_crc_calc_data_reg_116_( .D (u_crc_calc_N136),  .CK (u_crc_calc_net4132),  .RN (n789),  .Q (u_crc_calc_data[116]));"
  The above instance has fewer port connections than the module definition.
  Please use '+lint=TFIPC-L' to print out detailed information of unconnected 
  ports.


Warning-[TFIPC] Too few instance port connections
../02_SYN/Netlist/IOTDF_syn.v, 1184
IOTDF, "DFFRX1 u_crc_calc_data_reg_117_( .D (u_crc_calc_N137),  .CK (u_crc_calc_net4132),  .RN (n789),  .Q (u_crc_calc_data[117]));"
  The above instance has fewer port connections than the module definition.
  Please use '+lint=TFIPC-L' to print out detailed information of unconnected 
  ports.


Warning-[TFIPC] Too few instance port connections
../02_SYN/Netlist/IOTDF_syn.v, 1186
IOTDF, "DFFRX1 u_crc_calc_data_reg_118_( .D (u_crc_calc_N138),  .CK (u_crc_calc_net4132),  .RN (n777),  .Q (u_crc_calc_data[118]));"
  The above instance has fewer port connections than the module definition.
  Please use '+lint=TFIPC-L' to print out detailed information of unconnected 
  ports.


Warning-[TFIPC] Too few instance port connections
../02_SYN/Netlist/IOTDF_syn.v, 1188
IOTDF, "DFFRX1 u_crc_calc_data_reg_119_( .D (u_crc_calc_N139),  .CK (u_crc_calc_net4132),  .RN (n342),  .Q (u_crc_calc_data[119]));"
  The above instance has fewer port connections than the module definition.
  Please use '+lint=TFIPC-L' to print out detailed information of unconnected 
  ports.


Warning-[TFIPC] Too few instance port connections
../02_SYN/Netlist/IOTDF_syn.v, 1190
IOTDF, "DFFRX1 u_crc_calc_crcIn_reg_1_( .D (u_crc_calc_crc[1]),  .CK (u_crc_calc_net4283),  .RN (n778),  .Q (crc_out_w[1]));"
  The above instance has fewer port connections than the module definition.
  Please use '+lint=TFIPC-L' to print out detailed information of unconnected 
  ports.


Warning-[TFIPC] Too few instance port connections
../02_SYN/Netlist/IOTDF_syn.v, 1192
IOTDF, "DFFRX1 u_crc_calc_crcIn_reg_2_( .D (u_crc_calc_crc[2]),  .CK (u_crc_calc_net4283),  .RN (n796),  .Q (crc_out_w[2]));"
  The above instance has fewer port connections than the module definition.
  Please use '+lint=TFIPC-L' to print out detailed information of unconnected 
  ports.


Warning-[TFIPC] Too few instance port connections
../02_SYN/Netlist/IOTDF_syn.v, 1197
IOTDF, "DFFRX1 iot_out_r_reg_64_( .D (N138),  .CK (clk),  .RN (n776),  .Q (iot_out[64]));"
  The above instance has fewer port connections than the module definition.
  Please use '+lint=TFIPC-L' to print out detailed information of unconnected 
  ports.


Warning-[TFIPC] Too few instance port connections
../02_SYN/Netlist/IOTDF_syn.v, 1198
IOTDF, "DFFRX1 iot_out_r_reg_65_( .D (N139),  .CK (clk),  .RN (n776),  .Q (iot_out[65]));"
  The above instance has fewer port connections than the module definition.
  Please use '+lint=TFIPC-L' to print out detailed information of unconnected 
  ports.


Warning-[TFIPC] Too few instance port connections
../02_SYN/Netlist/IOTDF_syn.v, 1199
IOTDF, "DFFRX1 iot_out_r_reg_66_( .D (N140),  .CK (clk),  .RN (n776),  .Q (iot_out[66]));"
  The above instance has fewer port connections than the module definition.
  Please use '+lint=TFIPC-L' to print out detailed information of unconnected 
  ports.


Warning-[TFIPC] Too few instance port connections
../02_SYN/Netlist/IOTDF_syn.v, 1200
IOTDF, "DFFRX1 iot_out_r_reg_67_( .D (N141),  .CK (clk),  .RN (n776),  .Q (iot_out[67]));"
  The above instance has fewer port connections than the module definition.
  Please use '+lint=TFIPC-L' to print out detailed information of unconnected 
  ports.


Warning-[TFIPC] Too few instance port connections
../02_SYN/Netlist/IOTDF_syn.v, 1201
IOTDF, "DFFRX1 iot_out_r_reg_68_( .D (N142),  .CK (clk),  .RN (n776),  .Q (iot_out[68]));"
  The above instance has fewer port connections than the module definition.
  Please use '+lint=TFIPC-L' to print out detailed information of unconnected 
  ports.


Warning-[TFIPC] Too few instance port connections
../02_SYN/Netlist/IOTDF_syn.v, 1202
IOTDF, "DFFRX1 iot_out_r_reg_69_( .D (N143),  .CK (clk),  .RN (n777),  .Q (iot_out[69]));"
  The above instance has fewer port connections than the module definition.
  Please use '+lint=TFIPC-L' to print out detailed information of unconnected 
  ports.


Warning-[TFIPC] Too few instance port connections
../02_SYN/Netlist/IOTDF_syn.v, 1203
IOTDF, "DFFRX1 iot_out_r_reg_70_( .D (N144),  .CK (clk),  .RN (n777),  .Q (iot_out[70]));"
  The above instance has fewer port connections than the module definition.
  Please use '+lint=TFIPC-L' to print out detailed information of unconnected 
  ports.


Warning-[TFIPC] Too few instance port connections
../02_SYN/Netlist/IOTDF_syn.v, 1204
IOTDF, "DFFRX1 iot_out_r_reg_71_( .D (N145),  .CK (clk),  .RN (n777),  .Q (iot_out[71]));"
  The above instance has fewer port connections than the module definition.
  Please use '+lint=TFIPC-L' to print out detailed information of unconnected 
  ports.


Warning-[TFIPC] Too few instance port connections
../02_SYN/Netlist/IOTDF_syn.v, 1205
IOTDF, "DFFRX1 iot_out_r_reg_72_( .D (N146),  .CK (clk),  .RN (n777),  .Q (iot_out[72]));"
  The above instance has fewer port connections than the module definition.
  Please use '+lint=TFIPC-L' to print out detailed information of unconnected 
  ports.


Warning-[TFIPC] Too few instance port connections
../02_SYN/Netlist/IOTDF_syn.v, 1206
IOTDF, "DFFRX1 iot_out_r_reg_73_( .D (N147),  .CK (clk),  .RN (n777),  .Q (iot_out[73]));"
  The above instance has fewer port connections than the module definition.
  Please use '+lint=TFIPC-L' to print out detailed information of unconnected 
  ports.


Warning-[TFIPC] Too few instance port connections
../02_SYN/Netlist/IOTDF_syn.v, 1207
IOTDF, "DFFRX1 iot_out_r_reg_74_( .D (N148),  .CK (clk),  .RN (n777),  .Q (iot_out[74]));"
  The above instance has fewer port connections than the module definition.
  Please use '+lint=TFIPC-L' to print out detailed information of unconnected 
  ports.


Warning-[TFIPC] Too few instance port connections
../02_SYN/Netlist/IOTDF_syn.v, 1208
IOTDF, "DFFRX1 iot_out_r_reg_90_( .D (N164),  .CK (clk),  .RN (n796),  .Q (iot_out[90]));"
  The above instance has fewer port connections than the module definition.
  Please use '+lint=TFIPC-L' to print out detailed information of unconnected 
  ports.


Warning-[TFIPC] Too few instance port connections
../02_SYN/Netlist/IOTDF_syn.v, 1209
IOTDF, "DFFRX1 iot_out_r_reg_91_( .D (N165),  .CK (clk),  .RN (n796),  .Q (iot_out[91]));"
  The above instance has fewer port connections than the module definition.
  Please use '+lint=TFIPC-L' to print out detailed information of unconnected 
  ports.


Warning-[TFIPC] Too few instance port connections
../02_SYN/Netlist/IOTDF_syn.v, 1210
IOTDF, "DFFRX1 iot_out_r_reg_92_( .D (N166),  .CK (clk),  .RN (n796),  .Q (iot_out[92]));"
  The above instance has fewer port connections than the module definition.
  Please use '+lint=TFIPC-L' to print out detailed information of unconnected 
  ports.


Warning-[TFIPC] Too few instance port connections
../02_SYN/Netlist/IOTDF_syn.v, 1211
IOTDF, "DFFRX1 iot_out_r_reg_93_( .D (N167),  .CK (clk),  .RN (n795),  .Q (iot_out[93]));"
  The above instance has fewer port connections than the module definition.
  Please use '+lint=TFIPC-L' to print out detailed information of unconnected 
  ports.


Warning-[TFIPC] Too few instance port connections
../02_SYN/Netlist/IOTDF_syn.v, 1212
IOTDF, "DFFRX1 iot_out_r_reg_94_( .D (N168),  .CK (clk),  .RN (n795),  .Q (iot_out[94]));"
  The above instance has fewer port connections than the module definition.
  Please use '+lint=TFIPC-L' to print out detailed information of unconnected 
  ports.


Warning-[TFIPC] Too few instance port connections
../02_SYN/Netlist/IOTDF_syn.v, 1213
IOTDF, "DFFRX1 iot_out_r_reg_95_( .D (N169),  .CK (clk),  .RN (n795),  .Q (iot_out[95]));"
  The above instance has fewer port connections than the module definition.
  Please use '+lint=TFIPC-L' to print out detailed information of unconnected 
  ports.


Warning-[TFIPC] Too few instance port connections
../02_SYN/Netlist/IOTDF_syn.v, 1214
IOTDF, "DFFRX1 iot_out_r_reg_96_( .D (N170),  .CK (clk),  .RN (n795),  .Q (iot_out[96]));"
  The above instance has fewer port connections than the module definition.
  Please use '+lint=TFIPC-L' to print out detailed information of unconnected 
  ports.


Warning-[TFIPC] Too few instance port connections
../02_SYN/Netlist/IOTDF_syn.v, 1215
IOTDF, "DFFRX1 iot_out_r_reg_97_( .D (N171),  .CK (clk),  .RN (n795),  .Q (iot_out[97]));"
  The above instance has fewer port connections than the module definition.
  Please use '+lint=TFIPC-L' to print out detailed information of unconnected 
  ports.


Warning-[TFIPC] Too few instance port connections
../02_SYN/Netlist/IOTDF_syn.v, 1216
IOTDF, "DFFRX1 iot_out_r_reg_101_( .D (N175),  .CK (clk),  .RN (n780),  .Q (iot_out[101]));"
  The above instance has fewer port connections than the module definition.
  Please use '+lint=TFIPC-L' to print out detailed information of unconnected 
  ports.


Warning-[TFIPC] Too few instance port connections
../02_SYN/Netlist/IOTDF_syn.v, 1218
IOTDF, "DFFRX1 iot_out_r_reg_102_( .D (N176),  .CK (clk),  .RN (n780),  .Q (iot_out[102]));"
  The above instance has fewer port connections than the module definition.
  Please use '+lint=TFIPC-L' to print out detailed information of unconnected 
  ports.


Warning-[TFIPC] Too few instance port connections
../02_SYN/Netlist/IOTDF_syn.v, 1220
IOTDF, "DFFRX1 iot_out_r_reg_103_( .D (N177),  .CK (clk),  .RN (n780),  .Q (iot_out[103]));"
  The above instance has fewer port connections than the module definition.
  Please use '+lint=TFIPC-L' to print out detailed information of unconnected 
  ports.


Warning-[TFIPC] Too few instance port connections
../02_SYN/Netlist/IOTDF_syn.v, 1222
IOTDF, "DFFRX1 iot_out_r_reg_104_( .D (N178),  .CK (clk),  .RN (n780),  .Q (iot_out[104]));"
  The above instance has fewer port connections than the module definition.
  Please use '+lint=TFIPC-L' to print out detailed information of unconnected 
  ports.


Warning-[TFIPC] Too few instance port connections
../02_SYN/Netlist/IOTDF_syn.v, 1224
IOTDF, "DFFRX1 iot_out_r_reg_105_( .D (N179),  .CK (clk),  .RN (n795),  .Q (iot_out[105]));"
  The above instance has fewer port connections than the module definition.
  Please use '+lint=TFIPC-L' to print out detailed information of unconnected 
  ports.


Warning-[TFIPC] Too few instance port connections
../02_SYN/Netlist/IOTDF_syn.v, 1226
IOTDF, "DFFRX1 iot_out_r_reg_106_( .D (N180),  .CK (clk),  .RN (n795),  .Q (iot_out[106]));"
  The above instance has fewer port connections than the module definition.
  Please use '+lint=TFIPC-L' to print out detailed information of unconnected 
  ports.


Warning-[TFIPC] Too few instance port connections
../02_SYN/Netlist/IOTDF_syn.v, 1228
IOTDF, "DFFRX1 iot_out_r_reg_107_( .D (N181),  .CK (clk),  .RN (n795),  .Q (iot_out[107]));"
  The above instance has fewer port connections than the module definition.
  Please use '+lint=TFIPC-L' to print out detailed information of unconnected 
  ports.


Warning-[TFIPC] Too few instance port connections
../02_SYN/Netlist/IOTDF_syn.v, 1230
IOTDF, "DFFRX1 iot_out_r_reg_108_( .D (N182),  .CK (clk),  .RN (n795),  .Q (iot_out[108]));"
  The above instance has fewer port connections than the module definition.
  Please use '+lint=TFIPC-L' to print out detailed information of unconnected 
  ports.


Warning-[TFIPC] Too few instance port connections
../02_SYN/Netlist/IOTDF_syn.v, 1232
IOTDF, "DFFRX1 iot_out_r_reg_109_( .D (N183),  .CK (clk),  .RN (n795),  .Q (iot_out[109]));"
  The above instance has fewer port connections than the module definition.
  Please use '+lint=TFIPC-L' to print out detailed information of unconnected 
  ports.


Warning-[TFIPC] Too few instance port connections
../02_SYN/Netlist/IOTDF_syn.v, 1234
IOTDF, "DFFRX1 iot_out_r_reg_110_( .D (N184),  .CK (clk),  .RN (n795),  .Q (iot_out[110]));"
  The above instance has fewer port connections than the module definition.
  Please use '+lint=TFIPC-L' to print out detailed information of unconnected 
  ports.


Warning-[TFIPC] Too few instance port connections
../02_SYN/Netlist/IOTDF_syn.v, 1236
IOTDF, "DFFRX1 iot_out_r_reg_111_( .D (N185),  .CK (clk),  .RN (n342),  .Q (iot_out[111]));"
  The above instance has fewer port connections than the module definition.
  Please use '+lint=TFIPC-L' to print out detailed information of unconnected 
  ports.


Warning-[TFIPC] Too few instance port connections
../02_SYN/Netlist/IOTDF_syn.v, 1238
IOTDF, "DFFRX1 iot_out_r_reg_112_( .D (N186),  .CK (clk),  .RN (n342),  .Q (iot_out[112]));"
  The above instance has fewer port connections than the module definition.
  Please use '+lint=TFIPC-L' to print out detailed information of unconnected 
  ports.


Warning-[TFIPC] Too few instance port connections
../02_SYN/Netlist/IOTDF_syn.v, 1240
IOTDF, "DFFRX1 iot_out_r_reg_113_( .D (N187),  .CK (clk),  .RN (n342),  .Q (iot_out[113]));"
  The above instance has fewer port connections than the module definition.
  Please use '+lint=TFIPC-L' to print out detailed information of unconnected 
  ports.


Warning-[TFIPC] Too few instance port connections
../02_SYN/Netlist/IOTDF_syn.v, 1242
IOTDF, "DFFRX1 iot_out_r_reg_114_( .D (N188),  .CK (clk),  .RN (n342),  .Q (iot_out[114]));"
  The above instance has fewer port connections than the module definition.
  Please use '+lint=TFIPC-L' to print out detailed information of unconnected 
  ports.


Warning-[TFIPC] Too few instance port connections
../02_SYN/Netlist/IOTDF_syn.v, 1244
IOTDF, "DFFRX1 iot_out_r_reg_115_( .D (N189),  .CK (clk),  .RN (n342),  .Q (iot_out[115]));"
  The above instance has fewer port connections than the module definition.
  Please use '+lint=TFIPC-L' to print out detailed information of unconnected 
  ports.


Warning-[TFIPC] Too few instance port connections
../02_SYN/Netlist/IOTDF_syn.v, 1246
IOTDF, "DFFRX1 iot_out_r_reg_116_( .D (N190),  .CK (clk),  .RN (n342),  .Q (iot_out[116]));"
  The above instance has fewer port connections than the module definition.
  Please use '+lint=TFIPC-L' to print out detailed information of unconnected 
  ports.


Warning-[TFIPC] Too few instance port connections
../02_SYN/Netlist/IOTDF_syn.v, 1248
IOTDF, "DFFRX1 iot_out_r_reg_117_( .D (N191),  .CK (clk),  .RN (n342),  .Q (iot_out[117]));"
  The above instance has fewer port connections than the module definition.
  Please use '+lint=TFIPC-L' to print out detailed information of unconnected 
  ports.


Warning-[TFIPC] Too few instance port connections
../02_SYN/Netlist/IOTDF_syn.v, 1250
IOTDF, "DFFRX1 iot_out_r_reg_118_( .D (N192),  .CK (clk),  .RN (n342),  .Q (iot_out[118]));"
  The above instance has fewer port connections than the module definition.
  Please use '+lint=TFIPC-L' to print out detailed information of unconnected 
  ports.


Warning-[TFIPC] Too few instance port connections
../02_SYN/Netlist/IOTDF_syn.v, 1252
IOTDF, "DFFRX1 iot_out_r_reg_119_( .D (N193),  .CK (clk),  .RN (n342),  .Q (iot_out[119]));"
  The above instance has fewer port connections than the module definition.
  Please use '+lint=TFIPC-L' to print out detailed information of unconnected 
  ports.


Warning-[TFIPC] Too few instance port connections
../02_SYN/Netlist/IOTDF_syn.v, 1254
IOTDF, "DFFRX1 iot_out_r_reg_120_( .D (N194),  .CK (clk),  .RN (n342),  .Q (iot_out[120]));"
  The above instance has fewer port connections than the module definition.
  Please use '+lint=TFIPC-L' to print out detailed information of unconnected 
  ports.


Warning-[TFIPC] Too few instance port connections
../02_SYN/Netlist/IOTDF_syn.v, 1256
IOTDF, "DFFRX1 iot_out_r_reg_121_( .D (N195),  .CK (clk),  .RN (n342),  .Q (iot_out[121]));"
  The above instance has fewer port connections than the module definition.
  Please use '+lint=TFIPC-L' to print out detailed information of unconnected 
  ports.


Warning-[TFIPC] Too few instance port connections
../02_SYN/Netlist/IOTDF_syn.v, 1258
IOTDF, "DFFRX1 iot_out_r_reg_122_( .D (N196),  .CK (clk),  .RN (n342),  .Q (iot_out[122]));"
  The above instance has fewer port connections than the module definition.
  Please use '+lint=TFIPC-L' to print out detailed information of unconnected 
  ports.


Warning-[TFIPC] Too few instance port connections
../02_SYN/Netlist/IOTDF_syn.v, 1260
IOTDF, "DFFRX1 iot_out_r_reg_123_( .D (N197),  .CK (clk),  .RN (n342),  .Q (iot_out[123]));"
  The above instance has fewer port connections than the module definition.
  Please use '+lint=TFIPC-L' to print out detailed information of unconnected 
  ports.


Warning-[TFIPC] Too few instance port connections
../02_SYN/Netlist/IOTDF_syn.v, 1262
IOTDF, "DFFRX1 iot_out_r_reg_124_( .D (N198),  .CK (clk),  .RN (n342),  .Q (iot_out[124]));"
  The above instance has fewer port connections than the module definition.
  Please use '+lint=TFIPC-L' to print out detailed information of unconnected 
  ports.


Warning-[TFIPC] Too few instance port connections
../02_SYN/Netlist/IOTDF_syn.v, 1264
IOTDF, "DFFRX1 iot_out_r_reg_125_( .D (N199),  .CK (clk),  .RN (n342),  .Q (iot_out[125]));"
  The above instance has fewer port connections than the module definition.
  Please use '+lint=TFIPC-L' to print out detailed information of unconnected 
  ports.


Warning-[TFIPC] Too few instance port connections
../02_SYN/Netlist/IOTDF_syn.v, 1266
IOTDF, "DFFRX1 iot_out_r_reg_126_( .D (N200),  .CK (clk),  .RN (n342),  .Q (iot_out[126]));"
  The above instance has fewer port connections than the module definition.
  Please use '+lint=TFIPC-L' to print out detailed information of unconnected 
  ports.


Warning-[TFIPC] Too few instance port connections
../02_SYN/Netlist/IOTDF_syn.v, 1268
IOTDF, "DFFRX1 iot_out_r_reg_127_( .D (N201),  .CK (clk),  .RN (n342),  .Q (iot_out[127]));"
  The above instance has fewer port connections than the module definition.
  Please use '+lint=TFIPC-L' to print out detailed information of unconnected 
  ports.


Warning-[TFIPC] Too few instance port connections
../02_SYN/Netlist/IOTDF_syn.v, 1270
IOTDF, "DFFRX1 iot_out_r_reg_3_( .D (N77),  .CK (clk),  .RN (n782),  .Q (iot_out[3]));"
  The above instance has fewer port connections than the module definition.
  Please use '+lint=TFIPC-L' to print out detailed information of unconnected 
  ports.


Warning-[TFIPC] Too few instance port connections
../02_SYN/Netlist/IOTDF_syn.v, 1271
IOTDF, "DFFRX1 iot_out_r_reg_5_( .D (N79),  .CK (clk),  .RN (n782),  .Q (iot_out[5]));"
  The above instance has fewer port connections than the module definition.
  Please use '+lint=TFIPC-L' to print out detailed information of unconnected 
  ports.


Warning-[TFIPC] Too few instance port connections
../02_SYN/Netlist/IOTDF_syn.v, 1272
IOTDF, "DFFRX1 iot_out_r_reg_7_( .D (N81),  .CK (clk),  .RN (n782),  .Q (iot_out[7]));"
  The above instance has fewer port connections than the module definition.
  Please use '+lint=TFIPC-L' to print out detailed information of unconnected 
  ports.


Warning-[TFIPC] Too few instance port connections
../02_SYN/Netlist/IOTDF_syn.v, 1273
IOTDF, "DFFRX2 iot_out_r_reg_8_( .D (N82),  .CK (clk),  .RN (n782),  .Q (iot_out[8]));"
  The above instance has fewer port connections than the module definition.
  Please use '+lint=TFIPC-L' to print out detailed information of unconnected 
  ports.


Warning-[TFIPC] Too few instance port connections
../02_SYN/Netlist/IOTDF_syn.v, 1274
IOTDF, "DFFRX1 iot_out_r_reg_9_( .D (N83),  .CK (clk),  .RN (n791),  .Q (iot_out[9]));"
  The above instance has fewer port connections than the module definition.
  Please use '+lint=TFIPC-L' to print out detailed information of unconnected 
  ports.


Warning-[TFIPC] Too few instance port connections
../02_SYN/Netlist/IOTDF_syn.v, 1275
IOTDF, "DFFRX1 iot_out_r_reg_11_( .D (N85),  .CK (clk),  .RN (n791),  .Q (iot_out[11]));"
  The above instance has fewer port connections than the module definition.
  Please use '+lint=TFIPC-L' to print out detailed information of unconnected 
  ports.


Warning-[TFIPC] Too few instance port connections
../02_SYN/Netlist/IOTDF_syn.v, 1276
IOTDF, "DFFRX1 iot_out_r_reg_13_( .D (N87),  .CK (clk),  .RN (n791),  .Q (iot_out[13]));"
  The above instance has fewer port connections than the module definition.
  Please use '+lint=TFIPC-L' to print out detailed information of unconnected 
  ports.


Warning-[TFIPC] Too few instance port connections
../02_SYN/Netlist/IOTDF_syn.v, 1277
IOTDF, "DFFRX1 iot_out_r_reg_15_( .D (N89),  .CK (clk),  .RN (n791),  .Q (iot_out[15]));"
  The above instance has fewer port connections than the module definition.
  Please use '+lint=TFIPC-L' to print out detailed information of unconnected 
  ports.


Warning-[TFIPC] Too few instance port connections
../02_SYN/Netlist/IOTDF_syn.v, 1278
IOTDF, "DFFRX1 iot_out_r_reg_17_( .D (N91),  .CK (clk),  .RN (n791),  .Q (iot_out[17]));"
  The above instance has fewer port connections than the module definition.
  Please use '+lint=TFIPC-L' to print out detailed information of unconnected 
  ports.


Warning-[TFIPC] Too few instance port connections
../02_SYN/Netlist/IOTDF_syn.v, 1279
IOTDF, "DFFRX2 iot_out_r_reg_18_( .D (N92),  .CK (clk),  .RN (n791),  .Q (iot_out[18]));"
  The above instance has fewer port connections than the module definition.
  Please use '+lint=TFIPC-L' to print out detailed information of unconnected 
  ports.


Warning-[TFIPC] Too few instance port connections
../02_SYN/Netlist/IOTDF_syn.v, 1280
IOTDF, "DFFRX1 iot_out_r_reg_19_( .D (N93),  .CK (clk),  .RN (n791),  .Q (iot_out[19]));"
  The above instance has fewer port connections than the module definition.
  Please use '+lint=TFIPC-L' to print out detailed information of unconnected 
  ports.


Warning-[TFIPC] Too few instance port connections
../02_SYN/Netlist/IOTDF_syn.v, 1281
IOTDF, "DFFRX1 iot_out_r_reg_20_( .D (N94),  .CK (clk),  .RN (n791),  .Q (iot_out[20]));"
  The above instance has fewer port connections than the module definition.
  Please use '+lint=TFIPC-L' to print out detailed information of unconnected 
  ports.


Warning-[TFIPC] Too few instance port connections
../02_SYN/Netlist/IOTDF_syn.v, 1282
IOTDF, "DFFRX1 iot_out_r_reg_21_( .D (N95),  .CK (clk),  .RN (n784),  .Q (iot_out[21]));"
  The above instance has fewer port connections than the module definition.
  Please use '+lint=TFIPC-L' to print out detailed information of unconnected 
  ports.


Warning-[TFIPC] Too few instance port connections
../02_SYN/Netlist/IOTDF_syn.v, 1283
IOTDF, "DFFRX1 iot_out_r_reg_23_( .D (N97),  .CK (clk),  .RN (n784),  .Q (iot_out[23]));"
  The above instance has fewer port connections than the module definition.
  Please use '+lint=TFIPC-L' to print out detailed information of unconnected 
  ports.


Warning-[TFIPC] Too few instance port connections
../02_SYN/Netlist/IOTDF_syn.v, 1284
IOTDF, "DFFRX1 iot_out_r_reg_25_( .D (N99),  .CK (clk),  .RN (n784),  .Q (iot_out[25]));"
  The above instance has fewer port connections than the module definition.
  Please use '+lint=TFIPC-L' to print out detailed information of unconnected 
  ports.


Warning-[TFIPC] Too few instance port connections
../02_SYN/Netlist/IOTDF_syn.v, 1285
IOTDF, "DFFRX2 iot_out_r_reg_26_( .D (N100),  .CK (clk),  .RN (n784),  .Q (iot_out[26]));"
  The above instance has fewer port connections than the module definition.
  Please use '+lint=TFIPC-L' to print out detailed information of unconnected 
  ports.


Warning-[TFIPC] Too few instance port connections
../02_SYN/Netlist/IOTDF_syn.v, 1286
IOTDF, "DFFRX1 iot_out_r_reg_27_( .D (N101),  .CK (clk),  .RN (n784),  .Q (iot_out[27]));"
  The above instance has fewer port connections than the module definition.
  Please use '+lint=TFIPC-L' to print out detailed information of unconnected 
  ports.


Warning-[TFIPC] Too few instance port connections
../02_SYN/Netlist/IOTDF_syn.v, 1287
IOTDF, "DFFRX1 iot_out_r_reg_28_( .D (N102),  .CK (clk),  .RN (n784),  .Q (iot_out[28]));"
  The above instance has fewer port connections than the module definition.
  Please use '+lint=TFIPC-L' to print out detailed information of unconnected 
  ports.


Warning-[TFIPC] Too few instance port connections
../02_SYN/Netlist/IOTDF_syn.v, 1288
IOTDF, "DFFRX1 iot_out_r_reg_29_( .D (N103),  .CK (clk),  .RN (n784),  .Q (iot_out[29]));"
  The above instance has fewer port connections than the module definition.
  Please use '+lint=TFIPC-L' to print out detailed information of unconnected 
  ports.


Warning-[TFIPC] Too few instance port connections
../02_SYN/Netlist/IOTDF_syn.v, 1289
IOTDF, "DFFRX1 iot_out_r_reg_31_( .D (N105),  .CK (clk),  .RN (n784),  .Q (iot_out[31]));"
  The above instance has fewer port connections than the module definition.
  Please use '+lint=TFIPC-L' to print out detailed information of unconnected 
  ports.


Warning-[TFIPC] Too few instance port connections
../02_SYN/Netlist/IOTDF_syn.v, 1290
IOTDF, "DFFRX1 iot_out_r_reg_33_( .D (N107),  .CK (clk),  .RN (n772),  .Q (iot_out[33]));"
  The above instance has fewer port connections than the module definition.
  Please use '+lint=TFIPC-L' to print out detailed information of unconnected 
  ports.


Warning-[TFIPC] Too few instance port connections
../02_SYN/Netlist/IOTDF_syn.v, 1291
IOTDF, "DFFRX1 iot_out_r_reg_35_( .D (N109),  .CK (clk),  .RN (n772),  .Q (iot_out[35]));"
  The above instance has fewer port connections than the module definition.
  Please use '+lint=TFIPC-L' to print out detailed information of unconnected 
  ports.


Warning-[TFIPC] Too few instance port connections
../02_SYN/Netlist/IOTDF_syn.v, 1292
IOTDF, "DFFRX2 iot_out_r_reg_36_( .D (N110),  .CK (clk),  .RN (n772),  .Q (iot_out[36]));"
  The above instance has fewer port connections than the module definition.
  Please use '+lint=TFIPC-L' to print out detailed information of unconnected 
  ports.


Warning-[TFIPC] Too few instance port connections
../02_SYN/Netlist/IOTDF_syn.v, 1293
IOTDF, "DFFRX1 iot_out_r_reg_37_( .D (N111),  .CK (clk),  .RN (n772),  .Q (iot_out[37]));"
  The above instance has fewer port connections than the module definition.
  Please use '+lint=TFIPC-L' to print out detailed information of unconnected 
  ports.


Warning-[TFIPC] Too few instance port connections
../02_SYN/Netlist/IOTDF_syn.v, 1294
IOTDF, "DFFRX2 iot_out_r_reg_38_( .D (N112),  .CK (clk),  .RN (n772),  .Q (iot_out[38]));"
  The above instance has fewer port connections than the module definition.
  Please use '+lint=TFIPC-L' to print out detailed information of unconnected 
  ports.


Warning-[TFIPC] Too few instance port connections
../02_SYN/Netlist/IOTDF_syn.v, 1295
IOTDF, "DFFRX1 iot_out_r_reg_39_( .D (N113),  .CK (clk),  .RN (n772),  .Q (iot_out[39]));"
  The above instance has fewer port connections than the module definition.
  Please use '+lint=TFIPC-L' to print out detailed information of unconnected 
  ports.


Warning-[TFIPC] Too few instance port connections
../02_SYN/Netlist/IOTDF_syn.v, 1296
IOTDF, "DFFRX2 iot_out_r_reg_40_( .D (N114),  .CK (clk),  .RN (n772),  .Q (iot_out[40]));"
  The above instance has fewer port connections than the module definition.
  Please use '+lint=TFIPC-L' to print out detailed information of unconnected 
  ports.


Warning-[TFIPC] Too few instance port connections
../02_SYN/Netlist/IOTDF_syn.v, 1297
IOTDF, "DFFRX1 iot_out_r_reg_45_( .D (N119),  .CK (clk),  .RN (n785),  .Q (iot_out[45]));"
  The above instance has fewer port connections than the module definition.
  Please use '+lint=TFIPC-L' to print out detailed information of unconnected 
  ports.


Warning-[TFIPC] Too few instance port connections
../02_SYN/Netlist/IOTDF_syn.v, 1298
IOTDF, "DFFRX2 iot_out_r_reg_46_( .D (N120),  .CK (clk),  .RN (n785),  .Q (iot_out[46]));"
  The above instance has fewer port connections than the module definition.
  Please use '+lint=TFIPC-L' to print out detailed information of unconnected 
  ports.


Warning-[TFIPC] Too few instance port connections
../02_SYN/Netlist/IOTDF_syn.v, 1299
IOTDF, "DFFRX1 iot_out_r_reg_47_( .D (N121),  .CK (clk),  .RN (n785),  .Q (iot_out[47]));"
  The above instance has fewer port connections than the module definition.
  Please use '+lint=TFIPC-L' to print out detailed information of unconnected 
  ports.


Warning-[TFIPC] Too few instance port connections
../02_SYN/Netlist/IOTDF_syn.v, 1300
IOTDF, "DFFRX1 iot_out_r_reg_48_( .D (N122),  .CK (clk),  .RN (n785),  .Q (iot_out[48]));"
  The above instance has fewer port connections than the module definition.
  Please use '+lint=TFIPC-L' to print out detailed information of unconnected 
  ports.


Warning-[TFIPC] Too few instance port connections
../02_SYN/Netlist/IOTDF_syn.v, 1301
IOTDF, "DFFRX1 iot_out_r_reg_49_( .D (N123),  .CK (clk),  .RN (n785),  .Q (iot_out[49]));"
  The above instance has fewer port connections than the module definition.
  Please use '+lint=TFIPC-L' to print out detailed information of unconnected 
  ports.


Warning-[TFIPC] Too few instance port connections
../02_SYN/Netlist/IOTDF_syn.v, 1302
IOTDF, "DFFRX1 iot_out_r_reg_50_( .D (N124),  .CK (clk),  .RN (n785),  .Q (iot_out[50]));"
  The above instance has fewer port connections than the module definition.
  Please use '+lint=TFIPC-L' to print out detailed information of unconnected 
  ports.


Warning-[TFIPC] Too few instance port connections
../02_SYN/Netlist/IOTDF_syn.v, 1303
IOTDF, "DFFRX1 iot_out_r_reg_51_( .D (N125),  .CK (clk),  .RN (n785),  .Q (iot_out[51]));"
  The above instance has fewer port connections than the module definition.
  Please use '+lint=TFIPC-L' to print out detailed information of unconnected 
  ports.


Warning-[TFIPC] Too few instance port connections
../02_SYN/Netlist/IOTDF_syn.v, 1304
IOTDF, "DFFRX1 iot_out_r_reg_52_( .D (N126),  .CK (clk),  .RN (n785),  .Q (iot_out[52]));"
  The above instance has fewer port connections than the module definition.
  Please use '+lint=TFIPC-L' to print out detailed information of unconnected 
  ports.


Warning-[TFIPC] Too few instance port connections
../02_SYN/Netlist/IOTDF_syn.v, 1305
IOTDF, "DFFRX1 iot_out_r_reg_53_( .D (N127),  .CK (clk),  .RN (n785),  .Q (iot_out[53]));"
  The above instance has fewer port connections than the module definition.
  Please use '+lint=TFIPC-L' to print out detailed information of unconnected 
  ports.


Warning-[TFIPC] Too few instance port connections
../02_SYN/Netlist/IOTDF_syn.v, 1306
IOTDF, "DFFRX2 iot_out_r_reg_54_( .D (N128),  .CK (clk),  .RN (n785),  .Q (iot_out[54]));"
  The above instance has fewer port connections than the module definition.
  Please use '+lint=TFIPC-L' to print out detailed information of unconnected 
  ports.


Warning-[TFIPC] Too few instance port connections
../02_SYN/Netlist/IOTDF_syn.v, 1307
IOTDF, "DFFRX1 iot_out_r_reg_55_( .D (N129),  .CK (clk),  .RN (n785),  .Q (iot_out[55]));"
  The above instance has fewer port connections than the module definition.
  Please use '+lint=TFIPC-L' to print out detailed information of unconnected 
  ports.


Warning-[TFIPC] Too few instance port connections
../02_SYN/Netlist/IOTDF_syn.v, 1308
IOTDF, "DFFRX1 iot_out_r_reg_56_( .D (N130),  .CK (clk),  .RN (n785),  .Q (iot_out[56]));"
  The above instance has fewer port connections than the module definition.
  Please use '+lint=TFIPC-L' to print out detailed information of unconnected 
  ports.


Warning-[TFIPC] Too few instance port connections
../02_SYN/Netlist/IOTDF_syn.v, 1309
IOTDF, "DFFRX1 iot_out_r_reg_57_( .D (N131),  .CK (clk),  .RN (n786),  .Q (iot_out[57]));"
  The above instance has fewer port connections than the module definition.
  Please use '+lint=TFIPC-L' to print out detailed information of unconnected 
  ports.


Warning-[TFIPC] Too few instance port connections
../02_SYN/Netlist/IOTDF_syn.v, 1310
IOTDF, "DFFRX1 iot_out_r_reg_59_( .D (N133),  .CK (clk),  .RN (n786),  .Q (iot_out[59]));"
  The above instance has fewer port connections than the module definition.
  Please use '+lint=TFIPC-L' to print out detailed information of unconnected 
  ports.


Warning-[TFIPC] Too few instance port connections
../02_SYN/Netlist/IOTDF_syn.v, 1311
IOTDF, "DFFRX2 iot_out_r_reg_60_( .D (N134),  .CK (clk),  .RN (n786),  .Q (iot_out[60]));"
  The above instance has fewer port connections than the module definition.
  Please use '+lint=TFIPC-L' to print out detailed information of unconnected 
  ports.


Warning-[TFIPC] Too few instance port connections
../02_SYN/Netlist/IOTDF_syn.v, 1312
IOTDF, "DFFRX1 iot_out_r_reg_61_( .D (N135),  .CK (clk),  .RN (n786),  .Q (iot_out[61]));"
  The above instance has fewer port connections than the module definition.
  Please use '+lint=TFIPC-L' to print out detailed information of unconnected 
  ports.


Warning-[TFIPC] Too few instance port connections
../02_SYN/Netlist/IOTDF_syn.v, 1313
IOTDF, "DFFRX1 iot_out_r_reg_63_( .D (N137),  .CK (clk),  .RN (n786),  .Q (iot_out[63]));"
  The above instance has fewer port connections than the module definition.
  Please use '+lint=TFIPC-L' to print out detailed information of unconnected 
  ports.


Warning-[TFIPC] Too few instance port connections
../02_SYN/Netlist/IOTDF_syn.v, 1314
IOTDF, "DFFRX1 valid_r_reg( .D (N70),  .CK (clk),  .RN (n789),  .Q (valid));"
  The above instance has fewer port connections than the module definition.
  Please use '+lint=TFIPC-L' to print out detailed information of unconnected 
  ports.


Warning-[TFIPC] Too few instance port connections
../02_SYN/Netlist/IOTDF_syn.v, 1315
IOTDF, "DFFRX1 iot_out_r_reg_2_( .D (N76),  .CK (clk),  .RN (n795),  .Q (iot_out[2]));"
  The above instance has fewer port connections than the module definition.
  Please use '+lint=TFIPC-L' to print out detailed information of unconnected 
  ports.


Warning-[TFIPC] Too few instance port connections
../02_SYN/Netlist/IOTDF_syn.v, 1316
IOTDF, "DFFRX1 iot_out_r_reg_1_( .D (N75),  .CK (clk),  .RN (n798),  .Q (iot_out[1]));"
  The above instance has fewer port connections than the module definition.
  Please use '+lint=TFIPC-L' to print out detailed information of unconnected 
  ports.


Warning-[TFIPC] Too few instance port connections
../02_SYN/Netlist/IOTDF_syn.v, 1349
IOTDF, "DFFRX2 u_ciptext_gen_R_ready_r_reg_16_( .D (u_ciptext_gen_N53),  .CK (u_ciptext_gen_net4356),  .RN (n342),  .Q (u_ciptext_gen_final_permutation_w[16]));"
  The above instance has fewer port connections than the module definition.
  Please use '+lint=TFIPC-L' to print out detailed information of unconnected 
  ports.


Warning-[TFIPC] Too few instance port connections
../02_SYN/Netlist/IOTDF_syn.v, 1352
IOTDF, "DFFRX4 u_ciptext_gen_R_ready_r_reg_8_( .D (u_ciptext_gen_N45),  .CK (u_ciptext_gen_net4366),  .RN (n342),  .Q (u_ciptext_gen_final_permutation_w[8]));"
  The above instance has fewer port connections than the module definition.
  Please use '+lint=TFIPC-L' to print out detailed information of unconnected 
  ports.


Warning-[TFIPC] Too few instance port connections
../02_SYN/Netlist/IOTDF_syn.v, 1355
IOTDF, "DFFRX2 iot_out_r_reg_58_( .D (N132),  .CK (clk),  .RN (n786),  .Q (iot_out[58]));"
  The above instance has fewer port connections than the module definition.
  Please use '+lint=TFIPC-L' to print out detailed information of unconnected 
  ports.


Warning-[TFIPC] Too few instance port connections
../02_SYN/Netlist/IOTDF_syn.v, 1356
IOTDF, "DFFRX4 u_ciptext_gen_R_ready_r_reg_27_( .D (u_ciptext_gen_N64),  .CK (u_ciptext_gen_net4346),  .RN (n791),  .Q (u_ciptext_gen_final_permutation_w[27]));"
  The above instance has fewer port connections than the module definition.
  Please use '+lint=TFIPC-L' to print out detailed information of unconnected 
  ports.


Warning-[TFIPC] Too few instance port connections
../02_SYN/Netlist/IOTDF_syn.v, 1359
IOTDF, "DFFRX2 u_ciptext_gen_R_ready_r_reg_30_( .D (u_ciptext_gen_N67),  .CK (u_ciptext_gen_net4341),  .RN (n342),  .Q (u_ciptext_gen_final_permutation_w[30]));"
  The above instance has fewer port connections than the module definition.
  Please use '+lint=TFIPC-L' to print out detailed information of unconnected 
  ports.


Warning-[TFIPC] Too few instance port connections
../02_SYN/Netlist/IOTDF_syn.v, 1362
IOTDF, "DFFRX4 u_ciptext_gen_R_ready_r_reg_26_( .D (u_ciptext_gen_N63),  .CK (u_ciptext_gen_net4346),  .RN (n791),  .Q (u_ciptext_gen_final_permutation_w[26]));"
  The above instance has fewer port connections than the module definition.
  Please use '+lint=TFIPC-L' to print out detailed information of unconnected 
  ports.


Warning-[TFIPC] Too few instance port connections
../02_SYN/Netlist/IOTDF_syn.v, 1365
IOTDF, "DFFRX4 u_ciptext_gen_R_ready_r_reg_25_( .D (u_ciptext_gen_N62),  .CK (u_ciptext_gen_net4346),  .RN (n342),  .Q (u_ciptext_gen_final_permutation_w[25]));"
  The above instance has fewer port connections than the module definition.
  Please use '+lint=TFIPC-L' to print out detailed information of unconnected 
  ports.


Warning-[TFIPC] Too few instance port connections
../02_SYN/Netlist/IOTDF_syn.v, 1368
IOTDF, "DFFRX4 u_ciptext_gen_R_ready_r_reg_19_( .D (u_ciptext_gen_N56),  .CK (u_ciptext_gen_net4356),  .RN (n782),  .Q (u_ciptext_gen_final_permutation_w[19]));"
  The above instance has fewer port connections than the module definition.
  Please use '+lint=TFIPC-L' to print out detailed information of unconnected 
  ports.


Warning-[TFIPC] Too few instance port connections
../02_SYN/Netlist/IOTDF_syn.v, 1371
IOTDF, "DFFRX2 u_ciptext_gen_R_ready_r_reg_6_( .D (u_ciptext_gen_N43),  .CK (u_ciptext_gen_net4371),  .RN (n342),  .Q (u_ciptext_gen_final_permutation_w[6]));"
  The above instance has fewer port connections than the module definition.
  Please use '+lint=TFIPC-L' to print out detailed information of unconnected 
  ports.


Warning-[TFIPC] Too few instance port connections
../02_SYN/Netlist/IOTDF_syn.v, 1374
IOTDF, "DFFRX2 u_ciptext_gen_R_ready_r_reg_12_( .D (u_ciptext_gen_N49),  .CK (u_ciptext_gen_net4361),  .RN (n342),  .Q (u_ciptext_gen_final_permutation_w[12]));"
  The above instance has fewer port connections than the module definition.
  Please use '+lint=TFIPC-L' to print out detailed information of unconnected 
  ports.


Warning-[TFIPC] Too few instance port connections
../02_SYN/Netlist/IOTDF_syn.v, 1377
IOTDF, "DFFRX4 iot_out_r_reg_0_( .D (N74),  .CK (clk),  .RN (n782),  .Q (iot_out[0]));"
  The above instance has fewer port connections than the module definition.
  Please use '+lint=TFIPC-L' to print out detailed information of unconnected 
  ports.


Warning-[TFIPC] Too few instance port connections
../02_SYN/Netlist/IOTDF_syn.v, 1378
IOTDF, "DFFRX2 u_ciptext_gen_R_ready_r_reg_18_( .D (u_ciptext_gen_N55),  .CK (u_ciptext_gen_net4356),  .RN (n342),  .Q (u_ciptext_gen_final_permutation_w[18]));"
  The above instance has fewer port connections than the module definition.
  Please use '+lint=TFIPC-L' to print out detailed information of unconnected 
  ports.


Warning-[TFIPC] Too few instance port connections
../02_SYN/Netlist/IOTDF_syn.v, 1383
IOTDF, "DFFRX2 u_ciptext_gen_R_ready_r_reg_11_( .D (u_ciptext_gen_N48),  .CK (u_ciptext_gen_net4366),  .RN (n342),  .Q (u_ciptext_gen_final_permutation_w[11]));"
  The above instance has fewer port connections than the module definition.
  Please use '+lint=TFIPC-L' to print out detailed information of unconnected 
  ports.


Warning-[TFIPC] Too few instance port connections
../02_SYN/Netlist/IOTDF_syn.v, 1388
IOTDF, "DFFRX1 iot_out_r_reg_87_( .D (N161),  .CK (clk),  .RN (n796),  .Q (iot_out[87]));"
  The above instance has fewer port connections than the module definition.
  Please use '+lint=TFIPC-L' to print out detailed information of unconnected 
  ports.


Warning-[TFIPC] Too few instance port connections
../02_SYN/Netlist/IOTDF_syn.v, 1389
IOTDF, "DFFRX1 iot_out_r_reg_100_( .D (N174),  .CK (clk),  .RN (n780),  .Q (iot_out[100]));"
  The above instance has fewer port connections than the module definition.
  Please use '+lint=TFIPC-L' to print out detailed information of unconnected 
  ports.


Warning-[TFIPC] Too few instance port connections
../02_SYN/Netlist/IOTDF_syn.v, 1393
IOTDF, "DFFRX1 u_ciptext_gen_R_ready_r_reg_1_( .D (u_ciptext_gen_N38),  .CK (u_ciptext_gen_net4376),  .RN (n342),  .Q (u_ciptext_gen_final_permutation_w[1]));"
  The above instance has fewer port connections than the module definition.
  Please use '+lint=TFIPC-L' to print out detailed information of unconnected 
  ports.


Warning-[TFIPC] Too few instance port connections
../02_SYN/Netlist/IOTDF_syn.v, 1396
IOTDF, "DFFRX2 u_ciptext_gen_R_ready_r_reg_20_( .D (u_ciptext_gen_N57),  .CK (u_ciptext_gen_net4351),  .RN (n342),  .Q (u_ciptext_gen_final_permutation_w[20]));"
  The above instance has fewer port connections than the module definition.
  Please use '+lint=TFIPC-L' to print out detailed information of unconnected 
  ports.


Warning-[TFIPC] Too few instance port connections
../02_SYN/Netlist/IOTDF_syn.v, 1404
IOTDF, "DFFRX1 iot_out_r_reg_75_( .D (N149),  .CK (clk),  .RN (n796),  .Q (iot_out[75]));"
  The above instance has fewer port connections than the module definition.
  Please use '+lint=TFIPC-L' to print out detailed information of unconnected 
  ports.


Warning-[TFIPC] Too few instance port connections
../02_SYN/Netlist/IOTDF_syn.v, 1405
IOTDF, "DFFRX1 iot_out_r_reg_89_( .D (N163),  .CK (clk),  .RN (n796),  .Q (iot_out[89]));"
  The above instance has fewer port connections than the module definition.
  Please use '+lint=TFIPC-L' to print out detailed information of unconnected 
  ports.


Warning-[TFIPC] Too few instance port connections
../02_SYN/Netlist/IOTDF_syn.v, 1406
IOTDF, "DFFRX1 iot_out_r_reg_99_( .D (N173),  .CK (clk),  .RN (n780),  .Q (iot_out[99]));"
  The above instance has fewer port connections than the module definition.
  Please use '+lint=TFIPC-L' to print out detailed information of unconnected 
  ports.


Warning-[TFIPC] Too few instance port connections
../02_SYN/Netlist/IOTDF_syn.v, 1407
IOTDF, "DFFRX1 iot_out_r_reg_12_( .D (N86),  .CK (clk),  .RN (n791),  .Q (iot_out[12]));"
  The above instance has fewer port connections than the module definition.
  Please use '+lint=TFIPC-L' to print out detailed information of unconnected 
  ports.


Warning-[TFIPC] Too few instance port connections
../02_SYN/Netlist/IOTDF_syn.v, 1418
IOTDF, "DFFRX2 u_ciptext_gen_R_ready_r_reg_10_( .D (u_ciptext_gen_N47),  .CK (u_ciptext_gen_net4366),  .RN (n342),  .Q (u_ciptext_gen_final_permutation_w[10]));"
  The above instance has fewer port connections than the module definition.
  Please use '+lint=TFIPC-L' to print out detailed information of unconnected 
  ports.


Warning-[TFIPC] Too few instance port connections
../02_SYN/Netlist/IOTDF_syn.v, 1421
IOTDF, "DFFRX2 u_ciptext_gen_R_ready_r_reg_22_( .D (u_ciptext_gen_N59),  .CK (u_ciptext_gen_net4351),  .RN (n782),  .Q (u_ciptext_gen_final_permutation_w[22]));"
  The above instance has fewer port connections than the module definition.
  Please use '+lint=TFIPC-L' to print out detailed information of unconnected 
  ports.


Warning-[TFIPC] Too few instance port connections
../02_SYN/Netlist/IOTDF_syn.v, 1424
IOTDF, "DFFRX2 u_ciptext_gen_R_ready_r_reg_13_( .D (u_ciptext_gen_N50),  .CK (u_ciptext_gen_net4361),  .RN (n342),  .Q (u_ciptext_gen_final_permutation_w[13]));"
  The above instance has fewer port connections than the module definition.
  Please use '+lint=TFIPC-L' to print out detailed information of unconnected 
  ports.


Warning-[TFIPC] Too few instance port connections
../02_SYN/Netlist/IOTDF_syn.v, 1442
IOTDF, "DFFRX2 u_ciptext_gen_R_ready_r_reg_29_( .D (u_ciptext_gen_N66),  .CK (u_ciptext_gen_net4341),  .RN (n791),  .Q (u_ciptext_gen_final_permutation_w[29]));"
  The above instance has fewer port connections than the module definition.
  Please use '+lint=TFIPC-L' to print out detailed information of unconnected 
  ports.


Warning-[TFIPC] Too few instance port connections
../02_SYN/Netlist/IOTDF_syn.v, 1445
IOTDF, "DFFRX2 u_ciptext_gen_R_ready_r_reg_0_( .D (u_ciptext_gen_N37),  .CK (u_ciptext_gen_net4376),  .RN (n342),  .Q (u_ciptext_gen_final_permutation_w[0]));"
  The above instance has fewer port connections than the module definition.
  Please use '+lint=TFIPC-L' to print out detailed information of unconnected 
  ports.


Warning-[TFIPC] Too few instance port connections
../02_SYN/Netlist/IOTDF_syn.v, 1448
IOTDF, "DFFRX2 u_ciptext_gen_R_ready_r_reg_4_( .D (u_ciptext_gen_N41),  .CK (u_ciptext_gen_net4371),  .RN (n342),  .Q (u_ciptext_gen_final_permutation_w[4]));"
  The above instance has fewer port connections than the module definition.
  Please use '+lint=TFIPC-L' to print out detailed information of unconnected 
  ports.


Warning-[TFIPC] Too few instance port connections
../02_SYN/Netlist/IOTDF_syn.v, 1451
IOTDF, "DFFRX2 u_ciptext_gen_R_ready_r_reg_28_( .D (u_ciptext_gen_N65),  .CK (u_ciptext_gen_net4341),  .RN (n791),  .Q (u_ciptext_gen_final_permutation_w[28]));"
  The above instance has fewer port connections than the module definition.
  Please use '+lint=TFIPC-L' to print out detailed information of unconnected 
  ports.


Warning-[TFIPC] Too few instance port connections
../02_SYN/Netlist/IOTDF_syn.v, 1454
IOTDF, "DFFRX2 u_ciptext_gen_R_ready_r_reg_15_( .D (u_ciptext_gen_N52),  .CK (u_ciptext_gen_net4361),  .RN (n342),  .Q (u_ciptext_gen_final_permutation_w[15]));"
  The above instance has fewer port connections than the module definition.
  Please use '+lint=TFIPC-L' to print out detailed information of unconnected 
  ports.


Warning-[TFIPC] Too few instance port connections
../02_SYN/Netlist/IOTDF_syn.v, 1474
IOTDF, "DFFRX2 u_ciptext_gen_R_ready_r_reg_2_( .D (u_ciptext_gen_N39),  .CK (u_ciptext_gen_net4376),  .RN (n342),  .Q (u_ciptext_gen_final_permutation_w[2]));"
  The above instance has fewer port connections than the module definition.
  Please use '+lint=TFIPC-L' to print out detailed information of unconnected 
  ports.


Warning-[TFIPC] Too few instance port connections
../02_SYN/Netlist/IOTDF_syn.v, 1492
IOTDF, "DFFRX1 iot_out_r_reg_62_( .D (N136),  .CK (clk),  .RN (n786),  .Q (iot_out[62]));"
  The above instance has fewer port connections than the module definition.
  Please use '+lint=TFIPC-L' to print out detailed information of unconnected 
  ports.


Warning-[TFIPC] Too few instance port connections
../02_SYN/Netlist/IOTDF_syn.v, 1493
IOTDF, "DFFRX1 iot_out_r_reg_76_( .D (N150),  .CK (clk),  .RN (n796),  .Q (iot_out[76]));"
  The above instance has fewer port connections than the module definition.
  Please use '+lint=TFIPC-L' to print out detailed information of unconnected 
  ports.


Warning-[TFIPC] Too few instance port connections
../02_SYN/Netlist/IOTDF_syn.v, 1494
IOTDF, "DFFRX1 iot_out_r_reg_77_( .D (N151),  .CK (clk),  .RN (n796),  .Q (iot_out[77]));"
  The above instance has fewer port connections than the module definition.
  Please use '+lint=TFIPC-L' to print out detailed information of unconnected 
  ports.


Warning-[TFIPC] Too few instance port connections
../02_SYN/Netlist/IOTDF_syn.v, 1495
IOTDF, "DFFRX1 iot_out_r_reg_78_( .D (N152),  .CK (clk),  .RN (n796),  .Q (iot_out[78]));"
  The above instance has fewer port connections than the module definition.
  Please use '+lint=TFIPC-L' to print out detailed information of unconnected 
  ports.


Warning-[TFIPC] Too few instance port connections
../02_SYN/Netlist/IOTDF_syn.v, 1496
IOTDF, "DFFRX1 iot_out_r_reg_79_( .D (N153),  .CK (clk),  .RN (n796),  .Q (iot_out[79]));"
  The above instance has fewer port connections than the module definition.
  Please use '+lint=TFIPC-L' to print out detailed information of unconnected 
  ports.


Warning-[TFIPC] Too few instance port connections
../02_SYN/Netlist/IOTDF_syn.v, 1497
IOTDF, "DFFRX1 iot_out_r_reg_80_( .D (N154),  .CK (clk),  .RN (n796),  .Q (iot_out[80]));"
  The above instance has fewer port connections than the module definition.
  Please use '+lint=TFIPC-L' to print out detailed information of unconnected 
  ports.


Warning-[TFIPC] Too few instance port connections
../02_SYN/Netlist/IOTDF_syn.v, 1498
IOTDF, "DFFRX1 iot_out_r_reg_88_( .D (N162),  .CK (clk),  .RN (n796),  .Q (iot_out[88]));"
  The above instance has fewer port connections than the module definition.
  Please use '+lint=TFIPC-L' to print out detailed information of unconnected 
  ports.


Warning-[TFIPC] Too few instance port connections
../02_SYN/Netlist/IOTDF_syn.v, 1499
IOTDF, "DFFRX1 iot_out_r_reg_10_( .D (N84),  .CK (clk),  .RN (n791),  .Q (iot_out[10]));"
  The above instance has fewer port connections than the module definition.
  Please use '+lint=TFIPC-L' to print out detailed information of unconnected 
  ports.


Warning-[TFIPC] Too few instance port connections
../02_SYN/Netlist/IOTDF_syn.v, 1500
IOTDF, "DFFRX1 iot_out_r_reg_16_( .D (N90),  .CK (clk),  .RN (n791),  .Q (iot_out[16]));"
  The above instance has fewer port connections than the module definition.
  Please use '+lint=TFIPC-L' to print out detailed information of unconnected 
  ports.


Warning-[TFIPC] Too few instance port connections
../02_SYN/Netlist/IOTDF_syn.v, 1501
IOTDF, "DFFRX1 iot_out_r_reg_81_( .D (N155),  .CK (clk),  .RN (n778),  .Q (iot_out[81]));"
  The above instance has fewer port connections than the module definition.
  Please use '+lint=TFIPC-L' to print out detailed information of unconnected 
  ports.


Warning-[TFIPC] Too few instance port connections
../02_SYN/Netlist/IOTDF_syn.v, 1502
IOTDF, "DFFRX1 iot_out_r_reg_82_( .D (N156),  .CK (clk),  .RN (n778),  .Q (iot_out[82]));"
  The above instance has fewer port connections than the module definition.
  Please use '+lint=TFIPC-L' to print out detailed information of unconnected 
  ports.


Warning-[TFIPC] Too few instance port connections
../02_SYN/Netlist/IOTDF_syn.v, 1503
IOTDF, "DFFRX1 iot_out_r_reg_83_( .D (N157),  .CK (clk),  .RN (n778),  .Q (iot_out[83]));"
  The above instance has fewer port connections than the module definition.
  Please use '+lint=TFIPC-L' to print out detailed information of unconnected 
  ports.


Warning-[TFIPC] Too few instance port connections
../02_SYN/Netlist/IOTDF_syn.v, 1504
IOTDF, "DFFRX1 iot_out_r_reg_84_( .D (N158),  .CK (clk),  .RN (n778),  .Q (iot_out[84]));"
  The above instance has fewer port connections than the module definition.
  Please use '+lint=TFIPC-L' to print out detailed information of unconnected 
  ports.


Warning-[TFIPC] Too few instance port connections
../02_SYN/Netlist/IOTDF_syn.v, 1505
IOTDF, "DFFRX1 iot_out_r_reg_85_( .D (N159),  .CK (clk),  .RN (n778),  .Q (iot_out[85]));"
  The above instance has fewer port connections than the module definition.
  Please use '+lint=TFIPC-L' to print out detailed information of unconnected 
  ports.


Warning-[TFIPC] Too few instance port connections
../02_SYN/Netlist/IOTDF_syn.v, 1506
IOTDF, "DFFRX1 iot_out_r_reg_86_( .D (N160),  .CK (clk),  .RN (n778),  .Q (iot_out[86]));"
  The above instance has fewer port connections than the module definition.
  Please use '+lint=TFIPC-L' to print out detailed information of unconnected 
  ports.


Warning-[TFIPC] Too few instance port connections
../02_SYN/Netlist/IOTDF_syn.v, 1507
IOTDF, "DFFRX1 iot_out_r_reg_14_( .D (N88),  .CK (clk),  .RN (n791),  .Q (iot_out[14]));"
  The above instance has fewer port connections than the module definition.
  Please use '+lint=TFIPC-L' to print out detailed information of unconnected 
  ports.


Warning-[TFIPC] Too few instance port connections
../02_SYN/Netlist/IOTDF_syn.v, 1508
IOTDF, "DFFRX1 iot_out_r_reg_22_( .D (N96),  .CK (clk),  .RN (n784),  .Q (iot_out[22]));"
  The above instance has fewer port connections than the module definition.
  Please use '+lint=TFIPC-L' to print out detailed information of unconnected 
  ports.


Warning-[TFIPC] Too few instance port connections
../02_SYN/Netlist/IOTDF_syn.v, 1509
IOTDF, "DFFRX1 iot_out_r_reg_24_( .D (N98),  .CK (clk),  .RN (n784),  .Q (iot_out[24]));"
  The above instance has fewer port connections than the module definition.
  Please use '+lint=TFIPC-L' to print out detailed information of unconnected 
  ports.


Warning-[TFIPC] Too few instance port connections
../02_SYN/Netlist/IOTDF_syn.v, 1510
IOTDF, "DFFRX1 iot_out_r_reg_30_( .D (N104),  .CK (clk),  .RN (n784),  .Q (iot_out[30]));"
  The above instance has fewer port connections than the module definition.
  Please use '+lint=TFIPC-L' to print out detailed information of unconnected 
  ports.


Warning-[TFIPC] Too few instance port connections
../02_SYN/Netlist/IOTDF_syn.v, 1511
IOTDF, "DFFRX1 iot_out_r_reg_32_( .D (N106),  .CK (clk),  .RN (n784),  .Q (iot_out[32]));"
  The above instance has fewer port connections than the module definition.
  Please use '+lint=TFIPC-L' to print out detailed information of unconnected 
  ports.


Warning-[TFIPC] Too few instance port connections
../02_SYN/Netlist/IOTDF_syn.v, 1512
IOTDF, "DFFRX1 iot_out_r_reg_34_( .D (N108),  .CK (clk),  .RN (n772),  .Q (iot_out[34]));"
  The above instance has fewer port connections than the module definition.
  Please use '+lint=TFIPC-L' to print out detailed information of unconnected 
  ports.


Warning-[TFIPC] Too few instance port connections
../02_SYN/Netlist/IOTDF_syn.v, 1513
IOTDF, "DFFRX1 iot_out_r_reg_41_( .D (N115),  .CK (clk),  .RN (n772),  .Q (iot_out[41]));"
  The above instance has fewer port connections than the module definition.
  Please use '+lint=TFIPC-L' to print out detailed information of unconnected 
  ports.


Warning-[TFIPC] Too few instance port connections
../02_SYN/Netlist/IOTDF_syn.v, 1514
IOTDF, "DFFRX1 iot_out_r_reg_42_( .D (N116),  .CK (clk),  .RN (n772),  .Q (iot_out[42]));"
  The above instance has fewer port connections than the module definition.
  Please use '+lint=TFIPC-L' to print out detailed information of unconnected 
  ports.


Warning-[TFIPC] Too few instance port connections
../02_SYN/Netlist/IOTDF_syn.v, 1515
IOTDF, "DFFRX1 iot_out_r_reg_43_( .D (N117),  .CK (clk),  .RN (n772),  .Q (iot_out[43]));"
  The above instance has fewer port connections than the module definition.
  Please use '+lint=TFIPC-L' to print out detailed information of unconnected 
  ports.


Warning-[TFIPC] Too few instance port connections
../02_SYN/Netlist/IOTDF_syn.v, 1516
IOTDF, "DFFRX1 iot_out_r_reg_44_( .D (N118),  .CK (clk),  .RN (n772),  .Q (iot_out[44]));"
  The above instance has fewer port connections than the module definition.
  Please use '+lint=TFIPC-L' to print out detailed information of unconnected 
  ports.


Warning-[TFIPC] Too few instance port connections
../02_SYN/Netlist/IOTDF_syn.v, 1517
IOTDF, "DFFRX1 iot_out_r_reg_98_( .D (N172),  .CK (clk),  .RN (n795),  .Q (iot_out[98]));"
  The above instance has fewer port connections than the module definition.
  Please use '+lint=TFIPC-L' to print out detailed information of unconnected 
  ports.


Warning-[TFIPC] Too few instance port connections
../02_SYN/Netlist/IOTDF_syn.v, 1518
IOTDF, "DFFRX1 iot_out_r_reg_6_( .D (N80),  .CK (clk),  .RN (n782),  .Q (iot_out[6]));"
  The above instance has fewer port connections than the module definition.
  Please use '+lint=TFIPC-L' to print out detailed information of unconnected 
  ports.


Warning-[TFIPC] Too few instance port connections
../02_SYN/Netlist/IOTDF_syn.v, 1519
IOTDF, "DFFRX1 iot_out_r_reg_4_( .D (N78),  .CK (clk),  .RN (n782),  .Q (iot_out[4]));"
  The above instance has fewer port connections than the module definition.
  Please use '+lint=TFIPC-L' to print out detailed information of unconnected 
  ports.


   ***   $sdf_annotate() version 1.2R
   ***    SDF file: "../02_SYN/Netlist/IOTDF_syn.sdf"
   ***    Annotation scope: test.u_IOTDF
   ***    No MTM selection argument specified
   ***    No SCALE FACTORS argument specified
   ***    No SCALE TYPE argument specified
   ***    MTM selection defaulted to "TOOL_CONTROL":
               (+maxdelays compiled, MAXIMUM delays selected)
   ***    SCALE FACTORS defaulted to "1.0:1.0:1.0":
   ***    SCALE TYPE defaulted to: "FROM_MTM"
   ***    Turnoff delay: "FROM_FILE"
   ***    Approximation (mipd) policy: "MAXIMUM"

   ***    SDF annotation begin: Sat Nov  9 22:35:27 2024


SDF Info: +pulse_r/100, +pulse_e/100 in effect

          Total errors: 0
          Total warnings: 0
   ***    SDF annotation completed: Sat Nov  9 22:35:27 2024


Starting vcs inline pass...
946 modules and 12 UDPs read.
recompiling module test
	However, due to incremental compilation, only 1 module needs to be compiled. 
rm -f _cuarc*.so _csrc*.so pre_vcsobj_*.so share_vcsobj_*.so
ld -shared  -Bsymbolic   -o .//../simv.daidir//_cuarc0.so objs/a/amcQw_d.o 
rm -f _cuarc0.so
if [ -x ../simv ]; then chmod a-x ../simv; fi
g++  -o ../simv      -rdynamic  -Wl,-rpath='$ORIGIN'/simv.daidir -Wl,-rpath=./simv.daidir -Wl,-rpath=/usr/cad/synopsys/vcs/2022.06/linux64/lib -L/usr/cad/synopsys/vcs/2022.06/linux64/lib  -Wl,-rpath-link=./  /usr/lib64/libnuma.so.1     _120430_archive_1.so _prev_archive_1.so _cuarc0.so objs/udps/D2wHf.o objs/udps/uYEPC.o objs/udps/vCfas.o objs/udps/IEZrF.o objs/udps/U7Vwg.o objs/udps/i2VqJ.o objs/udps/CjLsY.o objs/udps/sk4QJ.o objs/udps/exIG1.o objs/udps/gSqMj.o objs/udps/Cpxa2.o objs/udps/AubIW.o  SIM_l.o      rmapats_mop.o rmapats.o rmar.o rmar_nd.o  rmar_llvm_0_1.o rmar_llvm_0_0.o           -lvirsim -lerrorinf -lsnpsmalloc -lvfs    -lvcsnew -lsimprofile -luclinative /usr/cad/synopsys/vcs/2022.06/linux64/lib/vcs_tls.o   -Wl,-whole-archive  -lvcsucli    -Wl,-no-whole-archive        _vcs_pli_stub_.o   /usr/cad/synopsys/vcs/2022.06/linux64/lib/vcs_save_restore_new.o /usr/cad/synopsys/verdi/cur/share/PLI/VCS/LINUX64/pli.a -ldl  -lc -lm -lpthread -ldl 
../simv up to date
Chronologic VCS simulator copyright 1991-2022
Contains Synopsys proprietary information.
Compiler version T-2022.06_Full64; Runtime version T-2022.06_Full64;  Nov  9 22:35 2024
Doing SDF annotation ...... Done
../00_TESTBED/pattern1_data/pattern1.dat
../00_TESTBED/pattern1_data/f4.dat
*Verdi* Loading libsscore_vcs202206.so
FSDB Dumper for VCS, Release Verdi_T-2022.06, Linux x86_64/64bit, 05/29/2022
(C) 1996 - 2022 by Synopsys, Inc.
*Verdi* FSDB WARNING: The FSDB file already exists. Overwriting the FSDB file may crash the programs that are using this file.
*Verdi* : Create FSDB file 'IOTDF_F4.fsdb'
*Verdi* : Begin traversing the scopes, layer (0).
*Verdi* : End of traversing.
*Verdi* : Begin traversing the MDAs, layer (0).
*Verdi* : Enable +mda and +packedmda dumping.
*Verdi* : End of traversing the MDAs.

"/home/raid7_2/course/cvsd/CBDK_IC_Contest_v2.5/Verilog/tsmc13_neg.v", 18351: Timing violation in test.u_IOTDF.iot_out_r_reg_64_
    $setuphold( posedge CK:2500, posedge RN:2292, limits: (293,-194) );

"/home/raid7_2/course/cvsd/CBDK_IC_Contest_v2.5/Verilog/tsmc13_neg.v", 18351: Timing violation in test.u_IOTDF.iot_out_r_reg_65_
    $setuphold( posedge CK:2500, posedge RN:2292, limits: (293,-194) );

"/home/raid7_2/course/cvsd/CBDK_IC_Contest_v2.5/Verilog/tsmc13_neg.v", 18351: Timing violation in test.u_IOTDF.iot_out_r_reg_66_
    $setuphold( posedge CK:2500, posedge RN:2292, limits: (293,-194) );

"/home/raid7_2/course/cvsd/CBDK_IC_Contest_v2.5/Verilog/tsmc13_neg.v", 18351: Timing violation in test.u_IOTDF.iot_out_r_reg_67_
    $setuphold( posedge CK:2500, posedge RN:2292, limits: (293,-194) );

"/home/raid7_2/course/cvsd/CBDK_IC_Contest_v2.5/Verilog/tsmc13_neg.v", 18351: Timing violation in test.u_IOTDF.iot_out_r_reg_68_
    $setuphold( posedge CK:2500, posedge RN:2292, limits: (293,-194) );

"/home/raid7_2/course/cvsd/CBDK_IC_Contest_v2.5/Verilog/tsmc13_neg.v", 18351: Timing violation in test.u_IOTDF.iot_out_r_reg_69_
    $setuphold( posedge CK:2500, posedge RN:2289, limits: (293,-194) );

"/home/raid7_2/course/cvsd/CBDK_IC_Contest_v2.5/Verilog/tsmc13_neg.v", 18351: Timing violation in test.u_IOTDF.iot_out_r_reg_70_
    $setuphold( posedge CK:2500, posedge RN:2289, limits: (293,-194) );

"/home/raid7_2/course/cvsd/CBDK_IC_Contest_v2.5/Verilog/tsmc13_neg.v", 18351: Timing violation in test.u_IOTDF.iot_out_r_reg_71_
    $setuphold( posedge CK:2500, posedge RN:2289, limits: (293,-194) );

"/home/raid7_2/course/cvsd/CBDK_IC_Contest_v2.5/Verilog/tsmc13_neg.v", 18351: Timing violation in test.u_IOTDF.iot_out_r_reg_72_
    $setuphold( posedge CK:2500, posedge RN:2289, limits: (293,-194) );

"/home/raid7_2/course/cvsd/CBDK_IC_Contest_v2.5/Verilog/tsmc13_neg.v", 18351: Timing violation in test.u_IOTDF.iot_out_r_reg_73_
    $setuphold( posedge CK:2500, posedge RN:2289, limits: (293,-194) );

"/home/raid7_2/course/cvsd/CBDK_IC_Contest_v2.5/Verilog/tsmc13_neg.v", 18351: Timing violation in test.u_IOTDF.iot_out_r_reg_74_
    $setuphold( posedge CK:2500, posedge RN:2289, limits: (293,-194) );

"/home/raid7_2/course/cvsd/CBDK_IC_Contest_v2.5/Verilog/tsmc13_neg.v", 18351: Timing violation in test.u_IOTDF.iot_out_r_reg_101_
    $setuphold( posedge CK:2500, posedge RN:2246, limits: (296,-195) );

"/home/raid7_2/course/cvsd/CBDK_IC_Contest_v2.5/Verilog/tsmc13_neg.v", 18351: Timing violation in test.u_IOTDF.iot_out_r_reg_102_
    $setuphold( posedge CK:2500, posedge RN:2246, limits: (296,-195) );

"/home/raid7_2/course/cvsd/CBDK_IC_Contest_v2.5/Verilog/tsmc13_neg.v", 18351: Timing violation in test.u_IOTDF.iot_out_r_reg_103_
    $setuphold( posedge CK:2500, posedge RN:2246, limits: (296,-195) );

"/home/raid7_2/course/cvsd/CBDK_IC_Contest_v2.5/Verilog/tsmc13_neg.v", 18351: Timing violation in test.u_IOTDF.iot_out_r_reg_104_
    $setuphold( posedge CK:2500, posedge RN:2246, limits: (296,-195) );

"/home/raid7_2/course/cvsd/CBDK_IC_Contest_v2.5/Verilog/tsmc13_neg.v", 18351: Timing violation in test.u_IOTDF.iot_out_r_reg_3_
    $setuphold( posedge CK:2500, posedge RN:2207, limits: (295,-195) );

"/home/raid7_2/course/cvsd/CBDK_IC_Contest_v2.5/Verilog/tsmc13_neg.v", 18351: Timing violation in test.u_IOTDF.iot_out_r_reg_5_
    $setuphold( posedge CK:2500, posedge RN:2207, limits: (295,-195) );

"/home/raid7_2/course/cvsd/CBDK_IC_Contest_v2.5/Verilog/tsmc13_neg.v", 18351: Timing violation in test.u_IOTDF.iot_out_r_reg_7_
    $setuphold( posedge CK:2500, posedge RN:2207, limits: (295,-195) );

"/home/raid7_2/course/cvsd/CBDK_IC_Contest_v2.5/Verilog/tsmc13_neg.v", 18351: Timing violation in test.u_IOTDF.iot_out_r_reg_33_
    $setuphold( posedge CK:2500, posedge RN:2221, limits: (291,-193) );

"/home/raid7_2/course/cvsd/CBDK_IC_Contest_v2.5/Verilog/tsmc13_neg.v", 18351: Timing violation in test.u_IOTDF.iot_out_r_reg_35_
    $setuphold( posedge CK:2500, posedge RN:2221, limits: (291,-193) );

"/home/raid7_2/course/cvsd/CBDK_IC_Contest_v2.5/Verilog/tsmc13_neg.v", 18351: Timing violation in test.u_IOTDF.iot_out_r_reg_37_
    $setuphold( posedge CK:2500, posedge RN:2221, limits: (291,-193) );

"/home/raid7_2/course/cvsd/CBDK_IC_Contest_v2.5/Verilog/tsmc13_neg.v", 18351: Timing violation in test.u_IOTDF.iot_out_r_reg_39_
    $setuphold( posedge CK:2500, posedge RN:2221, limits: (291,-193) );

"/home/raid7_2/course/cvsd/CBDK_IC_Contest_v2.5/Verilog/tsmc13_neg.v", 18351: Timing violation in test.u_IOTDF.valid_r_reg
    $setuphold( posedge CK:2500, posedge RN:2222, limits: (291,-193) );

"/home/raid7_2/course/cvsd/CBDK_IC_Contest_v2.5/Verilog/tsmc13_neg.v", 18351: Timing violation in test.u_IOTDF.iot_out_r_reg_100_
    $setuphold( posedge CK:2500, posedge RN:2246, limits: (296,-195) );

"/home/raid7_2/course/cvsd/CBDK_IC_Contest_v2.5/Verilog/tsmc13_neg.v", 18351: Timing violation in test.u_IOTDF.iot_out_r_reg_99_
    $setuphold( posedge CK:2500, posedge RN:2246, limits: (296,-195) );

"/home/raid7_2/course/cvsd/CBDK_IC_Contest_v2.5/Verilog/tsmc13_neg.v", 18351: Timing violation in test.u_IOTDF.iot_out_r_reg_34_
    $setuphold( posedge CK:2500, posedge RN:2221, limits: (291,-193) );

"/home/raid7_2/course/cvsd/CBDK_IC_Contest_v2.5/Verilog/tsmc13_neg.v", 18351: Timing violation in test.u_IOTDF.iot_out_r_reg_41_
    $setuphold( posedge CK:2500, posedge RN:2221, limits: (291,-193) );

"/home/raid7_2/course/cvsd/CBDK_IC_Contest_v2.5/Verilog/tsmc13_neg.v", 18351: Timing violation in test.u_IOTDF.iot_out_r_reg_42_
    $setuphold( posedge CK:2500, posedge RN:2221, limits: (291,-193) );

"/home/raid7_2/course/cvsd/CBDK_IC_Contest_v2.5/Verilog/tsmc13_neg.v", 18351: Timing violation in test.u_IOTDF.iot_out_r_reg_43_
    $setuphold( posedge CK:2500, posedge RN:2221, limits: (291,-193) );

"/home/raid7_2/course/cvsd/CBDK_IC_Contest_v2.5/Verilog/tsmc13_neg.v", 18351: Timing violation in test.u_IOTDF.iot_out_r_reg_44_
    $setuphold( posedge CK:2500, posedge RN:2221, limits: (291,-193) );

"/home/raid7_2/course/cvsd/CBDK_IC_Contest_v2.5/Verilog/tsmc13_neg.v", 18351: Timing violation in test.u_IOTDF.iot_out_r_reg_6_
    $setuphold( posedge CK:2500, posedge RN:2207, limits: (295,-195) );

"/home/raid7_2/course/cvsd/CBDK_IC_Contest_v2.5/Verilog/tsmc13_neg.v", 18351: Timing violation in test.u_IOTDF.iot_out_r_reg_4_
    $setuphold( posedge CK:2500, posedge RN:2207, limits: (295,-195) );

-----------------------------------------------------

Start to Send IOT Data & Compare ...



"/home/raid7_2/course/cvsd/CBDK_IC_Contest_v2.5/Verilog/tsmc13_neg.v", 18846: Timing violation in test.u_IOTDF.u_top2maxmin.u_compare_128bit_inst1_a_r_reg_69_
    $setuphold( posedge CK:12928, posedge SN:13070, limits: (-76,152) );

"/home/raid7_2/course/cvsd/CBDK_IC_Contest_v2.5/Verilog/tsmc13_neg.v", 18846: Timing violation in test.u_IOTDF.u_top2maxmin.u_compare_128bit_inst1_a_r_reg_60_
    $setuphold( posedge CK:12928, posedge SN:13070, limits: (-76,152) );

"/home/raid7_2/course/cvsd/CBDK_IC_Contest_v2.5/Verilog/tsmc13_neg.v", 18846: Timing violation in test.u_IOTDF.u_top2maxmin.u_compare_128bit_inst1_a_r_reg_55_
    $setuphold( posedge CK:12928, posedge SN:13070, limits: (-76,152) );

P00:  ** Correct!! ** , iot_out=e49198391ae44eba6ac104063164548f
P01:  ** Correct!! ** , iot_out=c5f214a78fa276f2bf5449dfeffff9bb
P02:  ** Correct!! ** , iot_out=e6b3be32fcfe311a847a2b145eab6b26
P03:  ** Correct!! ** , iot_out=914bef7bb7efa13186b0eae95184716f
P04:  ** Correct!! ** , iot_out=ee0bcb877a4ebac51ee8f4df8861695b
P05:  ** Correct!! ** , iot_out=ad863f233c8f0ea0907323af0fd8a76a
P06:  ** Correct!! ** , iot_out=a65e56d6b7bb7e21443f128e9733cec8
P07:  ** Correct!! ** , iot_out=87a77bb1d0c5ec775fc2ca95025e96a0
P08:  ** Correct!! ** , iot_out=c08ab85d0d125de4899fe5085b954a06
P09:  ** Correct!! ** , iot_out=6f88a6efbdef93365230a1b8462f6fdc
P10:  ** Correct!! ** , iot_out=e34c293e2a2ef9f97759500989156d39
P11:  ** Correct!! ** , iot_out=b7f317bd7bea54690ed03480a1cdb352
P12:  ** Correct!! ** , iot_out=b08f6da5bb0a1de7008c1025a1adc361
P13:  ** Correct!! ** , iot_out=ab84d26e7580488ded47e4eadeca6256
P14:  ** Correct!! ** , iot_out=a9cfd46237afa3997e04be99b91ca724
P15:  ** Correct!! ** , iot_out=a8ad7c18223d8dbca7c9f0fbf7e4e769

-----------------------------------------------------

Congratulations! All data have been generated successfully!

Total cost time:    5235.00 ns
-------------------------PASS------------------------

$finish called from file "../00_TESTBED/testfixture.v", line 303.
$finish at simulation time              5235000
           V C S   S i m u l a t i o n   R e p o r t 
Time: 5235000 ps
CPU Time:      1.320 seconds;       Data structure size:   2.5Mb
Sat Nov  9 22:35:39 2024
CPU time: 4.709 seconds to compile + .880 seconds to elab + 1.453 seconds to link + 1.386 seconds in simulation
