*** Using c compiler gcc instead of cc ...
                         Chronologic VCS (TM)
         Version T-2022.06_Full64 -- Tue Dec 10 01:49:53 2024

                    Copyright (c) 1991 - 2022 Synopsys, Inc.
   This software and the associated documentation are proprietary to Synopsys,
 Inc. This software may only be used in accordance with the terms and conditions
 of a written license agreement with Synopsys, Inc. All other use, reproduction,
   or distribution of this software is strictly prohibited.  Licensed Products
     communicate with Synopsys servers for the purpose of providing software
    updates, detecting software piracy and verifying that customers are using
    Licensed Products in conformity with the applicable License Key for such
  Licensed Products. Synopsys will use information gathered in connection with
    this process to deliver software updates and pursue software pirates and
                                   infringers.

 Inclusivity & Diversity - Visit SolvNetPlus to read the "Synopsys Statement on
            Inclusivity and Diversity" (Refer to article 000036315 at
                        https://solvnetplus.synopsys.com)

Parsing design file '../00_TESTBED/testbed.sv'
Parsing included file '../00_TESTBED/pattern/tb_dat.sv'.
Back to file '../00_TESTBED/testbed.sv'.
Parsing design file '../02_SYN/Netlist/ed25519_syn.v'
Parsing library file '/home/raid7_2/course/cvsd/CBDK_IC_Contest/CIC/Verilog/tsmc13_neg.v'
Top Level Modules:
       testbench
TimeScale is 1 ns / 1 ps

Warning-[TFIPC] Too few instance port connections
../02_SYN/Netlist/ed25519_syn.v, 7532
ed25519, "TLATX1 redZ_b_in_w_reg_4_( .G (n34689),  .D (N7562),  .Q (redZ_b_in_w[4]));"
  The above instance has fewer port connections than the module definition.
  Please use '+lint=TFIPC-L' to print out detailed information of unconnected 
  ports.


Warning-[TFIPC] Too few instance port connections
../02_SYN/Netlist/ed25519_syn.v, 7533
ed25519, "TLATX1 redZ_b_in_w_reg_254_( .G (n34690),  .D (N7812),  .Q (redZ_b_in_w[254]));"
  The above instance has fewer port connections than the module definition.
  Please use '+lint=TFIPC-L' to print out detailed information of unconnected 
  ports.


Warning-[TFIPC] Too few instance port connections
../02_SYN/Netlist/ed25519_syn.v, 7534
ed25519, "TLATX1 redZ_b_in_w_reg_2_( .G (n19883),  .D (N7560),  .Q (redZ_b_in_w[2]));"
  The above instance has fewer port connections than the module definition.
  Please use '+lint=TFIPC-L' to print out detailed information of unconnected 
  ports.


Warning-[TFIPC] Too few instance port connections
../02_SYN/Netlist/ed25519_syn.v, 7535
ed25519, "TLATX1 redZ_b_in_w_reg_3_( .G (n34691),  .D (N7561),  .Q (redZ_b_in_w[3]));"
  The above instance has fewer port connections than the module definition.
  Please use '+lint=TFIPC-L' to print out detailed information of unconnected 
  ports.


Warning-[TFIPC] Too few instance port connections
../02_SYN/Netlist/ed25519_syn.v, 7536
ed25519, "TLATX1 redZ_b_in_w_reg_6_( .G (n34690),  .D (N7564),  .Q (redZ_b_in_w[6]));"
  The above instance has fewer port connections than the module definition.
  Please use '+lint=TFIPC-L' to print out detailed information of unconnected 
  ports.


Warning-[TFIPC] Too few instance port connections
../02_SYN/Netlist/ed25519_syn.v, 7537
ed25519, "TLATX1 redZ_b_in_w_reg_8_( .G (n34689),  .D (N7566),  .Q (redZ_b_in_w[8]));"
  The above instance has fewer port connections than the module definition.
  Please use '+lint=TFIPC-L' to print out detailed information of unconnected 
  ports.


Warning-[TFIPC] Too few instance port connections
../02_SYN/Netlist/ed25519_syn.v, 7538
ed25519, "TLATX1 redZ_b_in_w_reg_9_( .G (n19883),  .D (N7567),  .Q (redZ_b_in_w[9]));"
  The above instance has fewer port connections than the module definition.
  Please use '+lint=TFIPC-L' to print out detailed information of unconnected 
  ports.


Warning-[TFIPC] Too few instance port connections
../02_SYN/Netlist/ed25519_syn.v, 7539
ed25519, "TLATX1 redZ_b_in_w_reg_10_( .G (n34691),  .D (N7568),  .Q (redZ_b_in_w[10]));"
  The above instance has fewer port connections than the module definition.
  Please use '+lint=TFIPC-L' to print out detailed information of unconnected 
  ports.


Warning-[TFIPC] Too few instance port connections
../02_SYN/Netlist/ed25519_syn.v, 7540
ed25519, "TLATX1 redZ_b_in_w_reg_15_( .G (n34691),  .D (N7573),  .Q (redZ_b_in_w[15]));"
  The above instance has fewer port connections than the module definition.
  Please use '+lint=TFIPC-L' to print out detailed information of unconnected 
  ports.


Warning-[TFIPC] Too few instance port connections
../02_SYN/Netlist/ed25519_syn.v, 7541
ed25519, "TLATX1 redZ_b_in_w_reg_17_( .G (n34690),  .D (N7575),  .Q (redZ_b_in_w[17]));"
  The above instance has fewer port connections than the module definition.
  Please use '+lint=TFIPC-L' to print out detailed information of unconnected 
  ports.


Warning-[TFIPC] Too few instance port connections
../02_SYN/Netlist/ed25519_syn.v, 7542
ed25519, "TLATX1 redZ_b_in_w_reg_18_( .G (n34691),  .D (N7576),  .Q (redZ_b_in_w[18]));"
  The above instance has fewer port connections than the module definition.
  Please use '+lint=TFIPC-L' to print out detailed information of unconnected 
  ports.


Warning-[TFIPC] Too few instance port connections
../02_SYN/Netlist/ed25519_syn.v, 7543
ed25519, "TLATX1 redZ_b_in_w_reg_21_( .G (n34690),  .D (N7579),  .Q (redZ_b_in_w[21]));"
  The above instance has fewer port connections than the module definition.
  Please use '+lint=TFIPC-L' to print out detailed information of unconnected 
  ports.


Warning-[TFIPC] Too few instance port connections
../02_SYN/Netlist/ed25519_syn.v, 7544
ed25519, "TLATX1 redZ_b_in_w_reg_23_( .G (n34690),  .D (N7581),  .Q (redZ_b_in_w[23]));"
  The above instance has fewer port connections than the module definition.
  Please use '+lint=TFIPC-L' to print out detailed information of unconnected 
  ports.


Warning-[TFIPC] Too few instance port connections
../02_SYN/Netlist/ed25519_syn.v, 7545
ed25519, "TLATX1 redZ_b_in_w_reg_27_( .G (n34690),  .D (N7585),  .Q (redZ_b_in_w[27]));"
  The above instance has fewer port connections than the module definition.
  Please use '+lint=TFIPC-L' to print out detailed information of unconnected 
  ports.


Warning-[TFIPC] Too few instance port connections
../02_SYN/Netlist/ed25519_syn.v, 7546
ed25519, "TLATX1 redZ_b_in_w_reg_29_( .G (n34690),  .D (N7587),  .Q (redZ_b_in_w[29]));"
  The above instance has fewer port connections than the module definition.
  Please use '+lint=TFIPC-L' to print out detailed information of unconnected 
  ports.


Warning-[TFIPC] Too few instance port connections
../02_SYN/Netlist/ed25519_syn.v, 7547
ed25519, "TLATX1 redZ_b_in_w_reg_30_( .G (n34689),  .D (N7588),  .Q (redZ_b_in_w[30]));"
  The above instance has fewer port connections than the module definition.
  Please use '+lint=TFIPC-L' to print out detailed information of unconnected 
  ports.


Warning-[TFIPC] Too few instance port connections
../02_SYN/Netlist/ed25519_syn.v, 7548
ed25519, "TLATX1 redZ_b_in_w_reg_32_( .G (n34690),  .D (N7590),  .Q (redZ_b_in_w[32]));"
  The above instance has fewer port connections than the module definition.
  Please use '+lint=TFIPC-L' to print out detailed information of unconnected 
  ports.


Warning-[TFIPC] Too few instance port connections
../02_SYN/Netlist/ed25519_syn.v, 7549
ed25519, "TLATX1 redZ_b_in_w_reg_34_( .G (n34689),  .D (N7592),  .Q (redZ_b_in_w[34]));"
  The above instance has fewer port connections than the module definition.
  Please use '+lint=TFIPC-L' to print out detailed information of unconnected 
  ports.


Warning-[TFIPC] Too few instance port connections
../02_SYN/Netlist/ed25519_syn.v, 7550
ed25519, "TLATX1 redZ_b_in_w_reg_37_( .G (n34690),  .D (N7595),  .Q (redZ_b_in_w[37]));"
  The above instance has fewer port connections than the module definition.
  Please use '+lint=TFIPC-L' to print out detailed information of unconnected 
  ports.


Warning-[TFIPC] Too few instance port connections
../02_SYN/Netlist/ed25519_syn.v, 7551
ed25519, "TLATX1 redZ_b_in_w_reg_41_( .G (n34691),  .D (N7599),  .Q (redZ_b_in_w[41]));"
  The above instance has fewer port connections than the module definition.
  Please use '+lint=TFIPC-L' to print out detailed information of unconnected 
  ports.


Warning-[TFIPC] Too few instance port connections
../02_SYN/Netlist/ed25519_syn.v, 7552
ed25519, "TLATX1 redZ_b_in_w_reg_44_( .G (n34691),  .D (N7602),  .Q (redZ_b_in_w[44]));"
  The above instance has fewer port connections than the module definition.
  Please use '+lint=TFIPC-L' to print out detailed information of unconnected 
  ports.


Warning-[TFIPC] Too few instance port connections
../02_SYN/Netlist/ed25519_syn.v, 7553
ed25519, "TLATX1 redZ_b_in_w_reg_45_( .G (n19883),  .D (N7603),  .Q (redZ_b_in_w[45]));"
  The above instance has fewer port connections than the module definition.
  Please use '+lint=TFIPC-L' to print out detailed information of unconnected 
  ports.


Warning-[TFIPC] Too few instance port connections
../02_SYN/Netlist/ed25519_syn.v, 7554
ed25519, "TLATX1 redZ_b_in_w_reg_47_( .G (n34690),  .D (N7605),  .Q (redZ_b_in_w[47]));"
  The above instance has fewer port connections than the module definition.
  Please use '+lint=TFIPC-L' to print out detailed information of unconnected 
  ports.


Warning-[TFIPC] Too few instance port connections
../02_SYN/Netlist/ed25519_syn.v, 7555
ed25519, "TLATX1 redZ_b_in_w_reg_50_( .G (n34690),  .D (N7608),  .Q (redZ_b_in_w[50]));"
  The above instance has fewer port connections than the module definition.
  Please use '+lint=TFIPC-L' to print out detailed information of unconnected 
  ports.


Warning-[TFIPC] Too few instance port connections
../02_SYN/Netlist/ed25519_syn.v, 7556
ed25519, "TLATX1 redZ_b_in_w_reg_52_( .G (n34689),  .D (N7610),  .Q (redZ_b_in_w[52]));"
  The above instance has fewer port connections than the module definition.
  Please use '+lint=TFIPC-L' to print out detailed information of unconnected 
  ports.


Warning-[TFIPC] Too few instance port connections
../02_SYN/Netlist/ed25519_syn.v, 7557
ed25519, "TLATX1 redZ_b_in_w_reg_57_( .G (n34691),  .D (N7615),  .Q (redZ_b_in_w[57]));"
  The above instance has fewer port connections than the module definition.
  Please use '+lint=TFIPC-L' to print out detailed information of unconnected 
  ports.


Warning-[TFIPC] Too few instance port connections
../02_SYN/Netlist/ed25519_syn.v, 7558
ed25519, "TLATX1 redZ_b_in_w_reg_59_( .G (n34690),  .D (N7617),  .Q (redZ_b_in_w[59]));"
  The above instance has fewer port connections than the module definition.
  Please use '+lint=TFIPC-L' to print out detailed information of unconnected 
  ports.


Warning-[TFIPC] Too few instance port connections
../02_SYN/Netlist/ed25519_syn.v, 7559
ed25519, "TLATX1 redZ_b_in_w_reg_63_( .G (n34689),  .D (N7621),  .Q (redZ_b_in_w[63]));"
  The above instance has fewer port connections than the module definition.
  Please use '+lint=TFIPC-L' to print out detailed information of unconnected 
  ports.


Warning-[TFIPC] Too few instance port connections
../02_SYN/Netlist/ed25519_syn.v, 7560
ed25519, "TLATX1 redZ_b_in_w_reg_66_( .G (n34691),  .D (N7624),  .Q (redZ_b_in_w[66]));"
  The above instance has fewer port connections than the module definition.
  Please use '+lint=TFIPC-L' to print out detailed information of unconnected 
  ports.


Warning-[TFIPC] Too few instance port connections
../02_SYN/Netlist/ed25519_syn.v, 7561
ed25519, "TLATX1 redZ_b_in_w_reg_68_( .G (n34691),  .D (N7626),  .Q (redZ_b_in_w[68]));"
  The above instance has fewer port connections than the module definition.
  Please use '+lint=TFIPC-L' to print out detailed information of unconnected 
  ports.


Warning-[TFIPC] Too few instance port connections
../02_SYN/Netlist/ed25519_syn.v, 7562
ed25519, "TLATX1 redZ_b_in_w_reg_70_( .G (n34691),  .D (N7628),  .Q (redZ_b_in_w[70]));"
  The above instance has fewer port connections than the module definition.
  Please use '+lint=TFIPC-L' to print out detailed information of unconnected 
  ports.


Warning-[TFIPC] Too few instance port connections
../02_SYN/Netlist/ed25519_syn.v, 7563
ed25519, "TLATX1 redZ_b_in_w_reg_73_( .G (n34690),  .D (N7631),  .Q (redZ_b_in_w[73]));"
  The above instance has fewer port connections than the module definition.
  Please use '+lint=TFIPC-L' to print out detailed information of unconnected 
  ports.


Warning-[TFIPC] Too few instance port connections
../02_SYN/Netlist/ed25519_syn.v, 7564
ed25519, "TLATX1 redZ_b_in_w_reg_74_( .G (n34691),  .D (N7632),  .Q (redZ_b_in_w[74]));"
  The above instance has fewer port connections than the module definition.
  Please use '+lint=TFIPC-L' to print out detailed information of unconnected 
  ports.


Warning-[TFIPC] Too few instance port connections
../02_SYN/Netlist/ed25519_syn.v, 7565
ed25519, "TLATX1 redZ_b_in_w_reg_77_( .G (n34691),  .D (N7635),  .Q (redZ_b_in_w[77]));"
  The above instance has fewer port connections than the module definition.
  Please use '+lint=TFIPC-L' to print out detailed information of unconnected 
  ports.


Warning-[TFIPC] Too few instance port connections
../02_SYN/Netlist/ed25519_syn.v, 7566
ed25519, "TLATX1 redZ_b_in_w_reg_91_( .G (n34690),  .D (N7649),  .Q (redZ_b_in_w[91]));"
  The above instance has fewer port connections than the module definition.
  Please use '+lint=TFIPC-L' to print out detailed information of unconnected 
  ports.


Warning-[TFIPC] Too few instance port connections
../02_SYN/Netlist/ed25519_syn.v, 7567
ed25519, "TLATX1 redZ_b_in_w_reg_92_( .G (n34690),  .D (N7650),  .Q (redZ_b_in_w[92]));"
  The above instance has fewer port connections than the module definition.
  Please use '+lint=TFIPC-L' to print out detailed information of unconnected 
  ports.


Warning-[TFIPC] Too few instance port connections
../02_SYN/Netlist/ed25519_syn.v, 7568
ed25519, "TLATX1 redZ_b_in_w_reg_93_( .G (n34691),  .D (N7651),  .Q (redZ_b_in_w[93]));"
  The above instance has fewer port connections than the module definition.
  Please use '+lint=TFIPC-L' to print out detailed information of unconnected 
  ports.


Warning-[TFIPC] Too few instance port connections
../02_SYN/Netlist/ed25519_syn.v, 7569
ed25519, "TLATX1 redZ_b_in_w_reg_95_( .G (n34690),  .D (N7653),  .Q (redZ_b_in_w[95]));"
  The above instance has fewer port connections than the module definition.
  Please use '+lint=TFIPC-L' to print out detailed information of unconnected 
  ports.


Warning-[TFIPC] Too few instance port connections
../02_SYN/Netlist/ed25519_syn.v, 7570
ed25519, "TLATX1 redZ_b_in_w_reg_97_( .G (n34690),  .D (N7655),  .Q (redZ_b_in_w[97]));"
  The above instance has fewer port connections than the module definition.
  Please use '+lint=TFIPC-L' to print out detailed information of unconnected 
  ports.


Warning-[TFIPC] Too few instance port connections
../02_SYN/Netlist/ed25519_syn.v, 7571
ed25519, "TLATX1 redZ_b_in_w_reg_100_( .G (n34691),  .D (N7658),  .Q (redZ_b_in_w[100]));"
  The above instance has fewer port connections than the module definition.
  Please use '+lint=TFIPC-L' to print out detailed information of unconnected 
  ports.


Warning-[TFIPC] Too few instance port connections
../02_SYN/Netlist/ed25519_syn.v, 7572
ed25519, "TLATX1 redZ_b_in_w_reg_101_( .G (n34689),  .D (N7659),  .Q (redZ_b_in_w[101]));"
  The above instance has fewer port connections than the module definition.
  Please use '+lint=TFIPC-L' to print out detailed information of unconnected 
  ports.


Warning-[TFIPC] Too few instance port connections
../02_SYN/Netlist/ed25519_syn.v, 7573
ed25519, "TLATX1 redZ_b_in_w_reg_104_( .G (n34690),  .D (N7662),  .Q (redZ_b_in_w[104]));"
  The above instance has fewer port connections than the module definition.
  Please use '+lint=TFIPC-L' to print out detailed information of unconnected 
  ports.


Warning-[TFIPC] Too few instance port connections
../02_SYN/Netlist/ed25519_syn.v, 7574
ed25519, "TLATX1 redZ_b_in_w_reg_106_( .G (n34690),  .D (N7664),  .Q (redZ_b_in_w[106]));"
  The above instance has fewer port connections than the module definition.
  Please use '+lint=TFIPC-L' to print out detailed information of unconnected 
  ports.


Warning-[TFIPC] Too few instance port connections
../02_SYN/Netlist/ed25519_syn.v, 7575
ed25519, "TLATX1 redZ_b_in_w_reg_108_( .G (n34690),  .D (N7666),  .Q (redZ_b_in_w[108]));"
  The above instance has fewer port connections than the module definition.
  Please use '+lint=TFIPC-L' to print out detailed information of unconnected 
  ports.


Warning-[TFIPC] Too few instance port connections
../02_SYN/Netlist/ed25519_syn.v, 7576
ed25519, "TLATX1 redZ_b_in_w_reg_109_( .G (n34690),  .D (N7667),  .Q (redZ_b_in_w[109]));"
  The above instance has fewer port connections than the module definition.
  Please use '+lint=TFIPC-L' to print out detailed information of unconnected 
  ports.


Warning-[TFIPC] Too few instance port connections
../02_SYN/Netlist/ed25519_syn.v, 7577
ed25519, "TLATX1 redZ_b_in_w_reg_110_( .G (n34690),  .D (N7668),  .Q (redZ_b_in_w[110]));"
  The above instance has fewer port connections than the module definition.
  Please use '+lint=TFIPC-L' to print out detailed information of unconnected 
  ports.


Warning-[TFIPC] Too few instance port connections
../02_SYN/Netlist/ed25519_syn.v, 7578
ed25519, "TLATX1 redZ_b_in_w_reg_111_( .G (n34690),  .D (N7669),  .Q (redZ_b_in_w[111]));"
  The above instance has fewer port connections than the module definition.
  Please use '+lint=TFIPC-L' to print out detailed information of unconnected 
  ports.


Warning-[TFIPC] Too few instance port connections
../02_SYN/Netlist/ed25519_syn.v, 7579
ed25519, "TLATX1 redZ_b_in_w_reg_112_( .G (n34690),  .D (N7670),  .Q (redZ_b_in_w[112]));"
  The above instance has fewer port connections than the module definition.
  Please use '+lint=TFIPC-L' to print out detailed information of unconnected 
  ports.


Warning-[TFIPC] Too few instance port connections
../02_SYN/Netlist/ed25519_syn.v, 7580
ed25519, "TLATX1 redZ_b_in_w_reg_113_( .G (n34690),  .D (N7671),  .Q (redZ_b_in_w[113]));"
  The above instance has fewer port connections than the module definition.
  Please use '+lint=TFIPC-L' to print out detailed information of unconnected 
  ports.


Warning-[TFIPC] Too few instance port connections
../02_SYN/Netlist/ed25519_syn.v, 7581
ed25519, "TLATX1 redZ_b_in_w_reg_114_( .G (n34690),  .D (N7672),  .Q (redZ_b_in_w[114]));"
  The above instance has fewer port connections than the module definition.
  Please use '+lint=TFIPC-L' to print out detailed information of unconnected 
  ports.


Warning-[TFIPC] Too few instance port connections
../02_SYN/Netlist/ed25519_syn.v, 7582
ed25519, "TLATX1 redZ_b_in_w_reg_115_( .G (n34690),  .D (N7673),  .Q (redZ_b_in_w[115]));"
  The above instance has fewer port connections than the module definition.
  Please use '+lint=TFIPC-L' to print out detailed information of unconnected 
  ports.


Warning-[TFIPC] Too few instance port connections
../02_SYN/Netlist/ed25519_syn.v, 7583
ed25519, "TLATX1 redZ_b_in_w_reg_119_( .G (n34690),  .D (N7677),  .Q (redZ_b_in_w[119]));"
  The above instance has fewer port connections than the module definition.
  Please use '+lint=TFIPC-L' to print out detailed information of unconnected 
  ports.


Warning-[TFIPC] Too few instance port connections
../02_SYN/Netlist/ed25519_syn.v, 7584
ed25519, "TLATX1 redZ_b_in_w_reg_120_( .G (n34691),  .D (N7678),  .Q (redZ_b_in_w[120]));"
  The above instance has fewer port connections than the module definition.
  Please use '+lint=TFIPC-L' to print out detailed information of unconnected 
  ports.


Warning-[TFIPC] Too few instance port connections
../02_SYN/Netlist/ed25519_syn.v, 7585
ed25519, "TLATX1 redZ_b_in_w_reg_121_( .G (n19883),  .D (N7679),  .Q (redZ_b_in_w[121]));"
  The above instance has fewer port connections than the module definition.
  Please use '+lint=TFIPC-L' to print out detailed information of unconnected 
  ports.


Warning-[TFIPC] Too few instance port connections
../02_SYN/Netlist/ed25519_syn.v, 7586
ed25519, "TLATX1 redZ_b_in_w_reg_122_( .G (n34690),  .D (N7680),  .Q (redZ_b_in_w[122]));"
  The above instance has fewer port connections than the module definition.
  Please use '+lint=TFIPC-L' to print out detailed information of unconnected 
  ports.


Warning-[TFIPC] Too few instance port connections
../02_SYN/Netlist/ed25519_syn.v, 7587
ed25519, "TLATX1 redZ_b_in_w_reg_123_( .G (n34690),  .D (N7681),  .Q (redZ_b_in_w[123]));"
  The above instance has fewer port connections than the module definition.
  Please use '+lint=TFIPC-L' to print out detailed information of unconnected 
  ports.


Warning-[TFIPC] Too few instance port connections
../02_SYN/Netlist/ed25519_syn.v, 7588
ed25519, "TLATX1 redZ_b_in_w_reg_125_( .G (n34690),  .D (N7683),  .Q (redZ_b_in_w[125]));"
  The above instance has fewer port connections than the module definition.
  Please use '+lint=TFIPC-L' to print out detailed information of unconnected 
  ports.


Warning-[TFIPC] Too few instance port connections
../02_SYN/Netlist/ed25519_syn.v, 7589
ed25519, "TLATX1 redZ_b_in_w_reg_126_( .G (n34691),  .D (N7684),  .Q (redZ_b_in_w[126]));"
  The above instance has fewer port connections than the module definition.
  Please use '+lint=TFIPC-L' to print out detailed information of unconnected 
  ports.


Warning-[TFIPC] Too few instance port connections
../02_SYN/Netlist/ed25519_syn.v, 7590
ed25519, "TLATX1 redZ_b_in_w_reg_127_( .G (n34691),  .D (N7685),  .Q (redZ_b_in_w[127]));"
  The above instance has fewer port connections than the module definition.
  Please use '+lint=TFIPC-L' to print out detailed information of unconnected 
  ports.


Warning-[TFIPC] Too few instance port connections
../02_SYN/Netlist/ed25519_syn.v, 7591
ed25519, "TLATX1 redZ_b_in_w_reg_128_( .G (n34691),  .D (N7686),  .Q (redZ_b_in_w[128]));"
  The above instance has fewer port connections than the module definition.
  Please use '+lint=TFIPC-L' to print out detailed information of unconnected 
  ports.


Warning-[TFIPC] Too few instance port connections
../02_SYN/Netlist/ed25519_syn.v, 7592
ed25519, "TLATX1 redZ_b_in_w_reg_129_( .G (n34689),  .D (N7687),  .Q (redZ_b_in_w[129]));"
  The above instance has fewer port connections than the module definition.
  Please use '+lint=TFIPC-L' to print out detailed information of unconnected 
  ports.


Warning-[TFIPC] Too few instance port connections
../02_SYN/Netlist/ed25519_syn.v, 7593
ed25519, "TLATX1 redZ_b_in_w_reg_130_( .G (n34691),  .D (N7688),  .Q (redZ_b_in_w[130]));"
  The above instance has fewer port connections than the module definition.
  Please use '+lint=TFIPC-L' to print out detailed information of unconnected 
  ports.


Warning-[TFIPC] Too few instance port connections
../02_SYN/Netlist/ed25519_syn.v, 7594
ed25519, "TLATX1 redZ_b_in_w_reg_133_( .G (n34691),  .D (N7691),  .Q (redZ_b_in_w[133]));"
  The above instance has fewer port connections than the module definition.
  Please use '+lint=TFIPC-L' to print out detailed information of unconnected 
  ports.


Warning-[TFIPC] Too few instance port connections
../02_SYN/Netlist/ed25519_syn.v, 7595
ed25519, "TLATX1 redZ_b_in_w_reg_134_( .G (n34691),  .D (N7692),  .Q (redZ_b_in_w[134]));"
  The above instance has fewer port connections than the module definition.
  Please use '+lint=TFIPC-L' to print out detailed information of unconnected 
  ports.


Warning-[TFIPC] Too few instance port connections
../02_SYN/Netlist/ed25519_syn.v, 7596
ed25519, "TLATX1 redZ_b_in_w_reg_136_( .G (n34691),  .D (N7694),  .Q (redZ_b_in_w[136]));"
  The above instance has fewer port connections than the module definition.
  Please use '+lint=TFIPC-L' to print out detailed information of unconnected 
  ports.


Warning-[TFIPC] Too few instance port connections
../02_SYN/Netlist/ed25519_syn.v, 7597
ed25519, "TLATX1 redZ_b_in_w_reg_137_( .G (n34691),  .D (N7695),  .Q (redZ_b_in_w[137]));"
  The above instance has fewer port connections than the module definition.
  Please use '+lint=TFIPC-L' to print out detailed information of unconnected 
  ports.


Warning-[TFIPC] Too few instance port connections
../02_SYN/Netlist/ed25519_syn.v, 7598
ed25519, "TLATX1 redZ_b_in_w_reg_138_( .G (n34691),  .D (N7696),  .Q (redZ_b_in_w[138]));"
  The above instance has fewer port connections than the module definition.
  Please use '+lint=TFIPC-L' to print out detailed information of unconnected 
  ports.


Warning-[TFIPC] Too few instance port connections
../02_SYN/Netlist/ed25519_syn.v, 7599
ed25519, "TLATX1 redZ_b_in_w_reg_140_( .G (n34691),  .D (N7698),  .Q (redZ_b_in_w[140]));"
  The above instance has fewer port connections than the module definition.
  Please use '+lint=TFIPC-L' to print out detailed information of unconnected 
  ports.


Warning-[TFIPC] Too few instance port connections
../02_SYN/Netlist/ed25519_syn.v, 7600
ed25519, "TLATX1 redZ_b_in_w_reg_145_( .G (n34691),  .D (N7703),  .Q (redZ_b_in_w[145]));"
  The above instance has fewer port connections than the module definition.
  Please use '+lint=TFIPC-L' to print out detailed information of unconnected 
  ports.


Warning-[TFIPC] Too few instance port connections
../02_SYN/Netlist/ed25519_syn.v, 7601
ed25519, "TLATX1 redZ_b_in_w_reg_151_( .G (n34690),  .D (N7709),  .Q (redZ_b_in_w[151]));"
  The above instance has fewer port connections than the module definition.
  Please use '+lint=TFIPC-L' to print out detailed information of unconnected 
  ports.


Warning-[TFIPC] Too few instance port connections
../02_SYN/Netlist/ed25519_syn.v, 7602
ed25519, "TLATX1 redZ_b_in_w_reg_155_( .G (n34690),  .D (N7713),  .Q (redZ_b_in_w[155]));"
  The above instance has fewer port connections than the module definition.
  Please use '+lint=TFIPC-L' to print out detailed information of unconnected 
  ports.


Warning-[TFIPC] Too few instance port connections
../02_SYN/Netlist/ed25519_syn.v, 7603
ed25519, "TLATX1 redZ_b_in_w_reg_159_( .G (n34690),  .D (N7717),  .Q (redZ_b_in_w[159]));"
  The above instance has fewer port connections than the module definition.
  Please use '+lint=TFIPC-L' to print out detailed information of unconnected 
  ports.


Warning-[TFIPC] Too few instance port connections
../02_SYN/Netlist/ed25519_syn.v, 7604
ed25519, "TLATX1 redZ_b_in_w_reg_161_( .G (n34689),  .D (N7719),  .Q (redZ_b_in_w[161]));"
  The above instance has fewer port connections than the module definition.
  Please use '+lint=TFIPC-L' to print out detailed information of unconnected 
  ports.


Warning-[TFIPC] Too few instance port connections
../02_SYN/Netlist/ed25519_syn.v, 7605
ed25519, "TLATX1 redZ_b_in_w_reg_162_( .G (n34690),  .D (N7720),  .Q (redZ_b_in_w[162]));"
  The above instance has fewer port connections than the module definition.
  Please use '+lint=TFIPC-L' to print out detailed information of unconnected 
  ports.


Warning-[TFIPC] Too few instance port connections
../02_SYN/Netlist/ed25519_syn.v, 7606
ed25519, "TLATX1 redZ_b_in_w_reg_167_( .G (n19883),  .D (N7725),  .Q (redZ_b_in_w[167]));"
  The above instance has fewer port connections than the module definition.
  Please use '+lint=TFIPC-L' to print out detailed information of unconnected 
  ports.


Warning-[TFIPC] Too few instance port connections
../02_SYN/Netlist/ed25519_syn.v, 7607
ed25519, "TLATX1 redZ_b_in_w_reg_168_( .G (n34691),  .D (N7726),  .Q (redZ_b_in_w[168]));"
  The above instance has fewer port connections than the module definition.
  Please use '+lint=TFIPC-L' to print out detailed information of unconnected 
  ports.


Warning-[TFIPC] Too few instance port connections
../02_SYN/Netlist/ed25519_syn.v, 7608
ed25519, "TLATX1 redZ_b_in_w_reg_169_( .G (n34690),  .D (N7727),  .Q (redZ_b_in_w[169]));"
  The above instance has fewer port connections than the module definition.
  Please use '+lint=TFIPC-L' to print out detailed information of unconnected 
  ports.


Warning-[TFIPC] Too few instance port connections
../02_SYN/Netlist/ed25519_syn.v, 7609
ed25519, "TLATX1 redZ_b_in_w_reg_170_( .G (n34691),  .D (N7728),  .Q (redZ_b_in_w[170]));"
  The above instance has fewer port connections than the module definition.
  Please use '+lint=TFIPC-L' to print out detailed information of unconnected 
  ports.


Warning-[TFIPC] Too few instance port connections
../02_SYN/Netlist/ed25519_syn.v, 7610
ed25519, "TLATX1 redZ_b_in_w_reg_171_( .G (n34689),  .D (N7729),  .Q (redZ_b_in_w[171]));"
  The above instance has fewer port connections than the module definition.
  Please use '+lint=TFIPC-L' to print out detailed information of unconnected 
  ports.


Warning-[TFIPC] Too few instance port connections
../02_SYN/Netlist/ed25519_syn.v, 7611
ed25519, "TLATX1 redZ_b_in_w_reg_173_( .G (n34690),  .D (N7731),  .Q (redZ_b_in_w[173]));"
  The above instance has fewer port connections than the module definition.
  Please use '+lint=TFIPC-L' to print out detailed information of unconnected 
  ports.


Warning-[TFIPC] Too few instance port connections
../02_SYN/Netlist/ed25519_syn.v, 7612
ed25519, "TLATX1 redZ_b_in_w_reg_175_( .G (n34691),  .D (N7733),  .Q (redZ_b_in_w[175]));"
  The above instance has fewer port connections than the module definition.
  Please use '+lint=TFIPC-L' to print out detailed information of unconnected 
  ports.


Warning-[TFIPC] Too few instance port connections
../02_SYN/Netlist/ed25519_syn.v, 7613
ed25519, "TLATX1 redZ_b_in_w_reg_180_( .G (n34690),  .D (N7738),  .Q (redZ_b_in_w[180]));"
  The above instance has fewer port connections than the module definition.
  Please use '+lint=TFIPC-L' to print out detailed information of unconnected 
  ports.


Warning-[TFIPC] Too few instance port connections
../02_SYN/Netlist/ed25519_syn.v, 7614
ed25519, "TLATX1 redZ_b_in_w_reg_181_( .G (n34691),  .D (N7739),  .Q (redZ_b_in_w[181]));"
  The above instance has fewer port connections than the module definition.
  Please use '+lint=TFIPC-L' to print out detailed information of unconnected 
  ports.


Warning-[TFIPC] Too few instance port connections
../02_SYN/Netlist/ed25519_syn.v, 7615
ed25519, "TLATX1 redZ_b_in_w_reg_185_( .G (n34691),  .D (N7743),  .Q (redZ_b_in_w[185]));"
  The above instance has fewer port connections than the module definition.
  Please use '+lint=TFIPC-L' to print out detailed information of unconnected 
  ports.


Warning-[TFIPC] Too few instance port connections
../02_SYN/Netlist/ed25519_syn.v, 7616
ed25519, "TLATX1 redZ_b_in_w_reg_188_( .G (n34691),  .D (N7746),  .Q (redZ_b_in_w[188]));"
  The above instance has fewer port connections than the module definition.
  Please use '+lint=TFIPC-L' to print out detailed information of unconnected 
  ports.


Warning-[TFIPC] Too few instance port connections
../02_SYN/Netlist/ed25519_syn.v, 7617
ed25519, "TLATX1 redZ_b_in_w_reg_189_( .G (n34690),  .D (N7747),  .Q (redZ_b_in_w[189]));"
  The above instance has fewer port connections than the module definition.
  Please use '+lint=TFIPC-L' to print out detailed information of unconnected 
  ports.


Warning-[TFIPC] Too few instance port connections
../02_SYN/Netlist/ed25519_syn.v, 7618
ed25519, "TLATX1 redZ_b_in_w_reg_190_( .G (n34691),  .D (N7748),  .Q (redZ_b_in_w[190]));"
  The above instance has fewer port connections than the module definition.
  Please use '+lint=TFIPC-L' to print out detailed information of unconnected 
  ports.


Warning-[TFIPC] Too few instance port connections
../02_SYN/Netlist/ed25519_syn.v, 7619
ed25519, "TLATX1 redZ_b_in_w_reg_194_( .G (n34690),  .D (N7752),  .Q (redZ_b_in_w[194]));"
  The above instance has fewer port connections than the module definition.
  Please use '+lint=TFIPC-L' to print out detailed information of unconnected 
  ports.


Warning-[TFIPC] Too few instance port connections
../02_SYN/Netlist/ed25519_syn.v, 7620
ed25519, "TLATX1 redZ_b_in_w_reg_195_( .G (n34690),  .D (N7753),  .Q (redZ_b_in_w[195]));"
  The above instance has fewer port connections than the module definition.
  Please use '+lint=TFIPC-L' to print out detailed information of unconnected 
  ports.


Warning-[TFIPC] Too few instance port connections
../02_SYN/Netlist/ed25519_syn.v, 7621
ed25519, "TLATX1 redZ_b_in_w_reg_199_( .G (n34689),  .D (N7757),  .Q (redZ_b_in_w[199]));"
  The above instance has fewer port connections than the module definition.
  Please use '+lint=TFIPC-L' to print out detailed information of unconnected 
  ports.


Warning-[TFIPC] Too few instance port connections
../02_SYN/Netlist/ed25519_syn.v, 7622
ed25519, "TLATX1 redZ_b_in_w_reg_200_( .G (n19883),  .D (N7758),  .Q (redZ_b_in_w[200]));"
  The above instance has fewer port connections than the module definition.
  Please use '+lint=TFIPC-L' to print out detailed information of unconnected 
  ports.


Warning-[TFIPC] Too few instance port connections
../02_SYN/Netlist/ed25519_syn.v, 7623
ed25519, "TLATX1 redZ_b_in_w_reg_212_( .G (n34691),  .D (N7770),  .Q (redZ_b_in_w[212]));"
  The above instance has fewer port connections than the module definition.
  Please use '+lint=TFIPC-L' to print out detailed information of unconnected 
  ports.


Warning-[TFIPC] Too few instance port connections
../02_SYN/Netlist/ed25519_syn.v, 7624
ed25519, "TLATX1 redZ_b_in_w_reg_220_( .G (n34691),  .D (N7778),  .Q (redZ_b_in_w[220]));"
  The above instance has fewer port connections than the module definition.
  Please use '+lint=TFIPC-L' to print out detailed information of unconnected 
  ports.


Warning-[TFIPC] Too few instance port connections
../02_SYN/Netlist/ed25519_syn.v, 7625
ed25519, "TLATX1 redZ_b_in_w_reg_222_( .G (n34690),  .D (N7780),  .Q (redZ_b_in_w[222]));"
  The above instance has fewer port connections than the module definition.
  Please use '+lint=TFIPC-L' to print out detailed information of unconnected 
  ports.


Warning-[TFIPC] Too few instance port connections
../02_SYN/Netlist/ed25519_syn.v, 7626
ed25519, "TLATX1 redZ_b_in_w_reg_223_( .G (n34691),  .D (N7781),  .Q (redZ_b_in_w[223]));"
  The above instance has fewer port connections than the module definition.
  Please use '+lint=TFIPC-L' to print out detailed information of unconnected 
  ports.


Warning-[TFIPC] Too few instance port connections
../02_SYN/Netlist/ed25519_syn.v, 7627
ed25519, "TLATX1 redZ_b_in_w_reg_224_( .G (n34691),  .D (N7782),  .Q (redZ_b_in_w[224]));"
  The above instance has fewer port connections than the module definition.
  Please use '+lint=TFIPC-L' to print out detailed information of unconnected 
  ports.


Warning-[TFIPC] Too few instance port connections
../02_SYN/Netlist/ed25519_syn.v, 7628
ed25519, "TLATX1 redZ_b_in_w_reg_228_( .G (n34691),  .D (N7786),  .Q (redZ_b_in_w[228]));"
  The above instance has fewer port connections than the module definition.
  Please use '+lint=TFIPC-L' to print out detailed information of unconnected 
  ports.


Warning-[TFIPC] Too few instance port connections
../02_SYN/Netlist/ed25519_syn.v, 7629
ed25519, "TLATX1 redZ_b_in_w_reg_232_( .G (n34691),  .D (N7790),  .Q (redZ_b_in_w[232]));"
  The above instance has fewer port connections than the module definition.
  Please use '+lint=TFIPC-L' to print out detailed information of unconnected 
  ports.


Warning-[TFIPC] Too few instance port connections
../02_SYN/Netlist/ed25519_syn.v, 7630
ed25519, "TLATX1 redZ_b_in_w_reg_233_( .G (n34690),  .D (N7791),  .Q (redZ_b_in_w[233]));"
  The above instance has fewer port connections than the module definition.
  Please use '+lint=TFIPC-L' to print out detailed information of unconnected 
  ports.


Warning-[TFIPC] Too few instance port connections
../02_SYN/Netlist/ed25519_syn.v, 7631
ed25519, "TLATX1 redZ_b_in_w_reg_236_( .G (n34689),  .D (N7794),  .Q (redZ_b_in_w[236]));"
  The above instance has fewer port connections than the module definition.
  Please use '+lint=TFIPC-L' to print out detailed information of unconnected 
  ports.


Warning-[TFIPC] Too few instance port connections
../02_SYN/Netlist/ed25519_syn.v, 7632
ed25519, "TLATX1 redZ_b_in_w_reg_239_( .G (n19883),  .D (N7797),  .Q (redZ_b_in_w[239]));"
  The above instance has fewer port connections than the module definition.
  Please use '+lint=TFIPC-L' to print out detailed information of unconnected 
  ports.


Warning-[TFIPC] Too few instance port connections
../02_SYN/Netlist/ed25519_syn.v, 7633
ed25519, "TLATX1 redZ_b_in_w_reg_243_( .G (n34690),  .D (N7801),  .Q (redZ_b_in_w[243]));"
  The above instance has fewer port connections than the module definition.
  Please use '+lint=TFIPC-L' to print out detailed information of unconnected 
  ports.


Warning-[TFIPC] Too few instance port connections
../02_SYN/Netlist/ed25519_syn.v, 7634
ed25519, "TLATX1 redZ_b_in_w_reg_244_( .G (n34691),  .D (N7802),  .Q (redZ_b_in_w[244]));"
  The above instance has fewer port connections than the module definition.
  Please use '+lint=TFIPC-L' to print out detailed information of unconnected 
  ports.


Warning-[TFIPC] Too few instance port connections
../02_SYN/Netlist/ed25519_syn.v, 7635
ed25519, "TLATX1 redZ_b_in_w_reg_245_( .G (n34691),  .D (N7803),  .Q (redZ_b_in_w[245]));"
  The above instance has fewer port connections than the module definition.
  Please use '+lint=TFIPC-L' to print out detailed information of unconnected 
  ports.


Warning-[TFIPC] Too few instance port connections
../02_SYN/Netlist/ed25519_syn.v, 7636
ed25519, "TLATX1 redZ_b_in_w_reg_248_( .G (n34690),  .D (N7806),  .Q (redZ_b_in_w[248]));"
  The above instance has fewer port connections than the module definition.
  Please use '+lint=TFIPC-L' to print out detailed information of unconnected 
  ports.


Warning-[TFIPC] Too few instance port connections
../02_SYN/Netlist/ed25519_syn.v, 7637
ed25519, "TLATX1 redZ_b_in_w_reg_250_( .G (n34690),  .D (N7808),  .Q (redZ_b_in_w[250]));"
  The above instance has fewer port connections than the module definition.
  Please use '+lint=TFIPC-L' to print out detailed information of unconnected 
  ports.


Warning-[TFIPC] Too few instance port connections
../02_SYN/Netlist/ed25519_syn.v, 7638
ed25519, "TLATX1 redZ_b_in_w_reg_251_( .G (n34689),  .D (N7809),  .Q (redZ_b_in_w[251]));"
  The above instance has fewer port connections than the module definition.
  Please use '+lint=TFIPC-L' to print out detailed information of unconnected 
  ports.


Warning-[TFIPC] Too few instance port connections
../02_SYN/Netlist/ed25519_syn.v, 7639
ed25519, "TLATX1 redZ_b_in_w_reg_26_( .G (n34689),  .D (N7584),  .Q (redZ_b_in_w[26]));"
  The above instance has fewer port connections than the module definition.
  Please use '+lint=TFIPC-L' to print out detailed information of unconnected 
  ports.


Warning-[TFIPC] Too few instance port connections
../02_SYN/Netlist/ed25519_syn.v, 7640
ed25519, "TLATX1 redZ_b_in_w_reg_31_( .G (n34689),  .D (N7589),  .Q (redZ_b_in_w[31]));"
  The above instance has fewer port connections than the module definition.
  Please use '+lint=TFIPC-L' to print out detailed information of unconnected 
  ports.


Warning-[TFIPC] Too few instance port connections
../02_SYN/Netlist/ed25519_syn.v, 7641
ed25519, "TLATX1 redZ_b_in_w_reg_36_( .G (n34689),  .D (N7594),  .Q (redZ_b_in_w[36]));"
  The above instance has fewer port connections than the module definition.
  Please use '+lint=TFIPC-L' to print out detailed information of unconnected 
  ports.


Warning-[TFIPC] Too few instance port connections
../02_SYN/Netlist/ed25519_syn.v, 7642
ed25519, "TLATX1 redZ_b_in_w_reg_72_( .G (n34689),  .D (N7630),  .Q (redZ_b_in_w[72]));"
  The above instance has fewer port connections than the module definition.
  Please use '+lint=TFIPC-L' to print out detailed information of unconnected 
  ports.


Warning-[TFIPC] Too few instance port connections
../02_SYN/Netlist/ed25519_syn.v, 7643
ed25519, "TLATX1 redZ_b_in_w_reg_81_( .G (n34689),  .D (N7639),  .Q (redZ_b_in_w[81]));"
  The above instance has fewer port connections than the module definition.
  Please use '+lint=TFIPC-L' to print out detailed information of unconnected 
  ports.


Warning-[TFIPC] Too few instance port connections
../02_SYN/Netlist/ed25519_syn.v, 7644
ed25519, "TLATX1 redZ_b_in_w_reg_82_( .G (n34689),  .D (N7640),  .Q (redZ_b_in_w[82]));"
  The above instance has fewer port connections than the module definition.
  Please use '+lint=TFIPC-L' to print out detailed information of unconnected 
  ports.


Warning-[TFIPC] Too few instance port connections
../02_SYN/Netlist/ed25519_syn.v, 7645
ed25519, "TLATX1 redZ_b_in_w_reg_83_( .G (n34689),  .D (N7641),  .Q (redZ_b_in_w[83]));"
  The above instance has fewer port connections than the module definition.
  Please use '+lint=TFIPC-L' to print out detailed information of unconnected 
  ports.


Warning-[TFIPC] Too few instance port connections
../02_SYN/Netlist/ed25519_syn.v, 7646
ed25519, "TLATX1 redZ_b_in_w_reg_84_( .G (n34689),  .D (N7642),  .Q (redZ_b_in_w[84]));"
  The above instance has fewer port connections than the module definition.
  Please use '+lint=TFIPC-L' to print out detailed information of unconnected 
  ports.


Warning-[TFIPC] Too few instance port connections
../02_SYN/Netlist/ed25519_syn.v, 7647
ed25519, "TLATX1 redZ_b_in_w_reg_85_( .G (n34689),  .D (N7643),  .Q (redZ_b_in_w[85]));"
  The above instance has fewer port connections than the module definition.
  Please use '+lint=TFIPC-L' to print out detailed information of unconnected 
  ports.


Warning-[TFIPC] Too few instance port connections
../02_SYN/Netlist/ed25519_syn.v, 7648
ed25519, "TLATX1 redZ_b_in_w_reg_87_( .G (n34689),  .D (N7645),  .Q (redZ_b_in_w[87]));"
  The above instance has fewer port connections than the module definition.
  Please use '+lint=TFIPC-L' to print out detailed information of unconnected 
  ports.


Warning-[TFIPC] Too few instance port connections
../02_SYN/Netlist/ed25519_syn.v, 7649
ed25519, "TLATX1 redZ_b_in_w_reg_89_( .G (n34689),  .D (N7647),  .Q (redZ_b_in_w[89]));"
  The above instance has fewer port connections than the module definition.
  Please use '+lint=TFIPC-L' to print out detailed information of unconnected 
  ports.


Warning-[TFIPC] Too few instance port connections
../02_SYN/Netlist/ed25519_syn.v, 7650
ed25519, "TLATX1 redZ_b_in_w_reg_90_( .G (n34689),  .D (N7648),  .Q (redZ_b_in_w[90]));"
  The above instance has fewer port connections than the module definition.
  Please use '+lint=TFIPC-L' to print out detailed information of unconnected 
  ports.


Warning-[TFIPC] Too few instance port connections
../02_SYN/Netlist/ed25519_syn.v, 7651
ed25519, "TLATX1 redZ_b_in_w_reg_103_( .G (n34689),  .D (N7661),  .Q (redZ_b_in_w[103]));"
  The above instance has fewer port connections than the module definition.
  Please use '+lint=TFIPC-L' to print out detailed information of unconnected 
  ports.


Warning-[TFIPC] Too few instance port connections
../02_SYN/Netlist/ed25519_syn.v, 7652
ed25519, "TLATX1 redZ_b_in_w_reg_124_( .G (n34689),  .D (N7682),  .Q (redZ_b_in_w[124]));"
  The above instance has fewer port connections than the module definition.
  Please use '+lint=TFIPC-L' to print out detailed information of unconnected 
  ports.


Warning-[TFIPC] Too few instance port connections
../02_SYN/Netlist/ed25519_syn.v, 7653
ed25519, "TLATX1 redZ_b_in_w_reg_146_( .G (n34689),  .D (N7704),  .Q (redZ_b_in_w[146]));"
  The above instance has fewer port connections than the module definition.
  Please use '+lint=TFIPC-L' to print out detailed information of unconnected 
  ports.


Warning-[TFIPC] Too few instance port connections
../02_SYN/Netlist/ed25519_syn.v, 7654
ed25519, "TLATX1 redZ_b_in_w_reg_172_( .G (n34689),  .D (N7730),  .Q (redZ_b_in_w[172]));"
  The above instance has fewer port connections than the module definition.
  Please use '+lint=TFIPC-L' to print out detailed information of unconnected 
  ports.


Warning-[TFIPC] Too few instance port connections
../02_SYN/Netlist/ed25519_syn.v, 7655
ed25519, "TLATX1 redZ_b_in_w_reg_179_( .G (n34689),  .D (N7737),  .Q (redZ_b_in_w[179]));"
  The above instance has fewer port connections than the module definition.
  Please use '+lint=TFIPC-L' to print out detailed information of unconnected 
  ports.


Warning-[TFIPC] Too few instance port connections
../02_SYN/Netlist/ed25519_syn.v, 7656
ed25519, "TLATX1 redZ_b_in_w_reg_184_( .G (n34689),  .D (N7742),  .Q (redZ_b_in_w[184]));"
  The above instance has fewer port connections than the module definition.
  Please use '+lint=TFIPC-L' to print out detailed information of unconnected 
  ports.


Warning-[TFIPC] Too few instance port connections
../02_SYN/Netlist/ed25519_syn.v, 7657
ed25519, "TLATX1 redZ_b_in_w_reg_215_( .G (n34689),  .D (N7773),  .Q (redZ_b_in_w[215]));"
  The above instance has fewer port connections than the module definition.
  Please use '+lint=TFIPC-L' to print out detailed information of unconnected 
  ports.


Warning-[TFIPC] Too few instance port connections
../02_SYN/Netlist/ed25519_syn.v, 7658
ed25519, "TLATX1 redZ_b_in_w_reg_218_( .G (n34689),  .D (N7776),  .Q (redZ_b_in_w[218]));"
  The above instance has fewer port connections than the module definition.
  Please use '+lint=TFIPC-L' to print out detailed information of unconnected 
  ports.


Warning-[TFIPC] Too few instance port connections
../02_SYN/Netlist/ed25519_syn.v, 7659
ed25519, "TLATX1 redZ_b_in_w_reg_242_( .G (n34689),  .D (N7800),  .Q (redZ_b_in_w[242]));"
  The above instance has fewer port connections than the module definition.
  Please use '+lint=TFIPC-L' to print out detailed information of unconnected 
  ports.


Warning-[TFIPC] Too few instance port connections
../02_SYN/Netlist/ed25519_syn.v, 7660
ed25519, "TLATX1 redZ_b_in_w_reg_246_( .G (n34689),  .D (N7804),  .Q (redZ_b_in_w[246]));"
  The above instance has fewer port connections than the module definition.
  Please use '+lint=TFIPC-L' to print out detailed information of unconnected 
  ports.


Warning-[TFIPC] Too few instance port connections
../02_SYN/Netlist/ed25519_syn.v, 7661
ed25519, "TLATX1 redZ_b_in_w_reg_247_( .G (n34689),  .D (N7805),  .Q (redZ_b_in_w[247]));"
  The above instance has fewer port connections than the module definition.
  Please use '+lint=TFIPC-L' to print out detailed information of unconnected 
  ports.


Warning-[TFIPC] Too few instance port connections
../02_SYN/Netlist/ed25519_syn.v, 7662
ed25519, "TLATX1 redZ_b_in_w_reg_253_( .G (n34689),  .D (N7811),  .Q (redZ_b_in_w[253]));"
  The above instance has fewer port connections than the module definition.
  Please use '+lint=TFIPC-L' to print out detailed information of unconnected 
  ports.


Warning-[TFIPC] Too few instance port connections
../02_SYN/Netlist/ed25519_syn.v, 7663
ed25519, "TLATX1 redZ_b_in_w_reg_255_( .G (n34691),  .D (N7813),  .Q (redZ_b_in_w[255]));"
  The above instance has fewer port connections than the module definition.
  Please use '+lint=TFIPC-L' to print out detailed information of unconnected 
  ports.


Warning-[TFIPC] Too few instance port connections
../02_SYN/Netlist/ed25519_syn.v, 7664
ed25519, "TLATX1 redZ_b_in_w_reg_0_( .G (n19883),  .D (N7556),  .Q (redZ_b_in_w[0]));"
  The above instance has fewer port connections than the module definition.
  Please use '+lint=TFIPC-L' to print out detailed information of unconnected 
  ports.


Warning-[TFIPC] Too few instance port connections
../02_SYN/Netlist/ed25519_syn.v, 7665
ed25519, "TLATX1 redZ_b_in_w_reg_1_( .G (n34691),  .D (N7558),  .Q (redZ_b_in_w[1]));"
  The above instance has fewer port connections than the module definition.
  Please use '+lint=TFIPC-L' to print out detailed information of unconnected 
  ports.


Warning-[TFIPC] Too few instance port connections
../02_SYN/Netlist/ed25519_syn.v, 7666
ed25519, "TLATX1 redZ_b_in_w_reg_5_( .G (n34690),  .D (N7563),  .Q (redZ_b_in_w[5]));"
  The above instance has fewer port connections than the module definition.
  Please use '+lint=TFIPC-L' to print out detailed information of unconnected 
  ports.


Warning-[TFIPC] Too few instance port connections
../02_SYN/Netlist/ed25519_syn.v, 7667
ed25519, "TLATX1 redZ_b_in_w_reg_7_( .G (n34689),  .D (N7565),  .Q (redZ_b_in_w[7]));"
  The above instance has fewer port connections than the module definition.
  Please use '+lint=TFIPC-L' to print out detailed information of unconnected 
  ports.


Warning-[TFIPC] Too few instance port connections
../02_SYN/Netlist/ed25519_syn.v, 7668
ed25519, "TLATX1 redZ_b_in_w_reg_11_( .G (n19883),  .D (N7569),  .Q (redZ_b_in_w[11]));"
  The above instance has fewer port connections than the module definition.
  Please use '+lint=TFIPC-L' to print out detailed information of unconnected 
  ports.


Warning-[TFIPC] Too few instance port connections
../02_SYN/Netlist/ed25519_syn.v, 7669
ed25519, "TLATX1 redZ_b_in_w_reg_12_( .G (n34691),  .D (N7570),  .Q (redZ_b_in_w[12]));"
  The above instance has fewer port connections than the module definition.
  Please use '+lint=TFIPC-L' to print out detailed information of unconnected 
  ports.


Warning-[TFIPC] Too few instance port connections
../02_SYN/Netlist/ed25519_syn.v, 7670
ed25519, "TLATX1 redZ_b_in_w_reg_13_( .G (n34690),  .D (N7571),  .Q (redZ_b_in_w[13]));"
  The above instance has fewer port connections than the module definition.
  Please use '+lint=TFIPC-L' to print out detailed information of unconnected 
  ports.


Warning-[TFIPC] Too few instance port connections
../02_SYN/Netlist/ed25519_syn.v, 7671
ed25519, "TLATX1 redZ_b_in_w_reg_14_( .G (n34689),  .D (N7572),  .Q (redZ_b_in_w[14]));"
  The above instance has fewer port connections than the module definition.
  Please use '+lint=TFIPC-L' to print out detailed information of unconnected 
  ports.


Warning-[TFIPC] Too few instance port connections
../02_SYN/Netlist/ed25519_syn.v, 7672
ed25519, "TLATX1 redZ_b_in_w_reg_19_( .G (n19883),  .D (N7577),  .Q (redZ_b_in_w[19]));"
  The above instance has fewer port connections than the module definition.
  Please use '+lint=TFIPC-L' to print out detailed information of unconnected 
  ports.


Warning-[TFIPC] Too few instance port connections
../02_SYN/Netlist/ed25519_syn.v, 7673
ed25519, "TLATX1 redZ_b_in_w_reg_20_( .G (n34689),  .D (N7578),  .Q (redZ_b_in_w[20]));"
  The above instance has fewer port connections than the module definition.
  Please use '+lint=TFIPC-L' to print out detailed information of unconnected 
  ports.


Warning-[TFIPC] Too few instance port connections
../02_SYN/Netlist/ed25519_syn.v, 7674
ed25519, "TLATX1 redZ_b_in_w_reg_24_( .G (n34691),  .D (N7582),  .Q (redZ_b_in_w[24]));"
  The above instance has fewer port connections than the module definition.
  Please use '+lint=TFIPC-L' to print out detailed information of unconnected 
  ports.


Warning-[TFIPC] Too few instance port connections
../02_SYN/Netlist/ed25519_syn.v, 7675
ed25519, "TLATX1 redZ_b_in_w_reg_25_( .G (n34691),  .D (N7583),  .Q (redZ_b_in_w[25]));"
  The above instance has fewer port connections than the module definition.
  Please use '+lint=TFIPC-L' to print out detailed information of unconnected 
  ports.


Warning-[TFIPC] Too few instance port connections
../02_SYN/Netlist/ed25519_syn.v, 7676
ed25519, "TLATX1 redZ_b_in_w_reg_28_( .G (n34691),  .D (N7586),  .Q (redZ_b_in_w[28]));"
  The above instance has fewer port connections than the module definition.
  Please use '+lint=TFIPC-L' to print out detailed information of unconnected 
  ports.


Warning-[TFIPC] Too few instance port connections
../02_SYN/Netlist/ed25519_syn.v, 7677
ed25519, "TLATX1 redZ_b_in_w_reg_33_( .G (n34691),  .D (N7591),  .Q (redZ_b_in_w[33]));"
  The above instance has fewer port connections than the module definition.
  Please use '+lint=TFIPC-L' to print out detailed information of unconnected 
  ports.


Warning-[TFIPC] Too few instance port connections
../02_SYN/Netlist/ed25519_syn.v, 7678
ed25519, "TLATX1 redZ_b_in_w_reg_35_( .G (n34691),  .D (N7593),  .Q (redZ_b_in_w[35]));"
  The above instance has fewer port connections than the module definition.
  Please use '+lint=TFIPC-L' to print out detailed information of unconnected 
  ports.


Warning-[TFIPC] Too few instance port connections
../02_SYN/Netlist/ed25519_syn.v, 7679
ed25519, "TLATX1 redZ_b_in_w_reg_38_( .G (n34691),  .D (N7596),  .Q (redZ_b_in_w[38]));"
  The above instance has fewer port connections than the module definition.
  Please use '+lint=TFIPC-L' to print out detailed information of unconnected 
  ports.


Warning-[TFIPC] Too few instance port connections
../02_SYN/Netlist/ed25519_syn.v, 7680
ed25519, "TLATX1 redZ_b_in_w_reg_39_( .G (n34690),  .D (N7597),  .Q (redZ_b_in_w[39]));"
  The above instance has fewer port connections than the module definition.
  Please use '+lint=TFIPC-L' to print out detailed information of unconnected 
  ports.


Warning-[TFIPC] Too few instance port connections
../02_SYN/Netlist/ed25519_syn.v, 7681
ed25519, "TLATX1 redZ_b_in_w_reg_40_( .G (n34690),  .D (N7598),  .Q (redZ_b_in_w[40]));"
  The above instance has fewer port connections than the module definition.
  Please use '+lint=TFIPC-L' to print out detailed information of unconnected 
  ports.


Warning-[TFIPC] Too few instance port connections
../02_SYN/Netlist/ed25519_syn.v, 7682
ed25519, "TLATX1 redZ_b_in_w_reg_43_( .G (n34690),  .D (N7601),  .Q (redZ_b_in_w[43]));"
  The above instance has fewer port connections than the module definition.
  Please use '+lint=TFIPC-L' to print out detailed information of unconnected 
  ports.


Warning-[TFIPC] Too few instance port connections
../02_SYN/Netlist/ed25519_syn.v, 7683
ed25519, "TLATX1 redZ_b_in_w_reg_48_( .G (n34689),  .D (N7606),  .Q (redZ_b_in_w[48]));"
  The above instance has fewer port connections than the module definition.
  Please use '+lint=TFIPC-L' to print out detailed information of unconnected 
  ports.


Warning-[TFIPC] Too few instance port connections
../02_SYN/Netlist/ed25519_syn.v, 7684
ed25519, "TLATX1 redZ_b_in_w_reg_51_( .G (n34691),  .D (N7609),  .Q (redZ_b_in_w[51]));"
  The above instance has fewer port connections than the module definition.
  Please use '+lint=TFIPC-L' to print out detailed information of unconnected 
  ports.


Warning-[TFIPC] Too few instance port connections
../02_SYN/Netlist/ed25519_syn.v, 7685
ed25519, "TLATX1 redZ_b_in_w_reg_53_( .G (n34691),  .D (N7611),  .Q (redZ_b_in_w[53]));"
  The above instance has fewer port connections than the module definition.
  Please use '+lint=TFIPC-L' to print out detailed information of unconnected 
  ports.


Warning-[TFIPC] Too few instance port connections
../02_SYN/Netlist/ed25519_syn.v, 7686
ed25519, "TLATX1 redZ_b_in_w_reg_54_( .G (n34690),  .D (N7612),  .Q (redZ_b_in_w[54]));"
  The above instance has fewer port connections than the module definition.
  Please use '+lint=TFIPC-L' to print out detailed information of unconnected 
  ports.


Warning-[TFIPC] Too few instance port connections
../02_SYN/Netlist/ed25519_syn.v, 7687
ed25519, "TLATX1 redZ_b_in_w_reg_55_( .G (n34689),  .D (N7613),  .Q (redZ_b_in_w[55]));"
  The above instance has fewer port connections than the module definition.
  Please use '+lint=TFIPC-L' to print out detailed information of unconnected 
  ports.


Warning-[TFIPC] Too few instance port connections
../02_SYN/Netlist/ed25519_syn.v, 7688
ed25519, "TLATX1 redZ_b_in_w_reg_56_( .G (n34691),  .D (N7614),  .Q (redZ_b_in_w[56]));"
  The above instance has fewer port connections than the module definition.
  Please use '+lint=TFIPC-L' to print out detailed information of unconnected 
  ports.


Warning-[TFIPC] Too few instance port connections
../02_SYN/Netlist/ed25519_syn.v, 7689
ed25519, "TLATX1 redZ_b_in_w_reg_58_( .G (n34690),  .D (N7616),  .Q (redZ_b_in_w[58]));"
  The above instance has fewer port connections than the module definition.
  Please use '+lint=TFIPC-L' to print out detailed information of unconnected 
  ports.


Warning-[TFIPC] Too few instance port connections
../02_SYN/Netlist/ed25519_syn.v, 7690
ed25519, "TLATX1 redZ_b_in_w_reg_60_( .G (n34689),  .D (N7618),  .Q (redZ_b_in_w[60]));"
  The above instance has fewer port connections than the module definition.
  Please use '+lint=TFIPC-L' to print out detailed information of unconnected 
  ports.


Warning-[TFIPC] Too few instance port connections
../02_SYN/Netlist/ed25519_syn.v, 7691
ed25519, "TLATX1 redZ_b_in_w_reg_61_( .G (n34691),  .D (N7619),  .Q (redZ_b_in_w[61]));"
  The above instance has fewer port connections than the module definition.
  Please use '+lint=TFIPC-L' to print out detailed information of unconnected 
  ports.


Warning-[TFIPC] Too few instance port connections
../02_SYN/Netlist/ed25519_syn.v, 7692
ed25519, "TLATX1 redZ_b_in_w_reg_62_( .G (n34690),  .D (N7620),  .Q (redZ_b_in_w[62]));"
  The above instance has fewer port connections than the module definition.
  Please use '+lint=TFIPC-L' to print out detailed information of unconnected 
  ports.


Warning-[TFIPC] Too few instance port connections
../02_SYN/Netlist/ed25519_syn.v, 7693
ed25519, "TLATX1 redZ_b_in_w_reg_64_( .G (n34689),  .D (N7622),  .Q (redZ_b_in_w[64]));"
  The above instance has fewer port connections than the module definition.
  Please use '+lint=TFIPC-L' to print out detailed information of unconnected 
  ports.


Warning-[TFIPC] Too few instance port connections
../02_SYN/Netlist/ed25519_syn.v, 7694
ed25519, "TLATX1 redZ_b_in_w_reg_65_( .G (n34690),  .D (N7623),  .Q (redZ_b_in_w[65]));"
  The above instance has fewer port connections than the module definition.
  Please use '+lint=TFIPC-L' to print out detailed information of unconnected 
  ports.


Warning-[TFIPC] Too few instance port connections
../02_SYN/Netlist/ed25519_syn.v, 7695
ed25519, "TLATX1 redZ_b_in_w_reg_67_( .G (n19883),  .D (N7625),  .Q (redZ_b_in_w[67]));"
  The above instance has fewer port connections than the module definition.
  Please use '+lint=TFIPC-L' to print out detailed information of unconnected 
  ports.


Warning-[TFIPC] Too few instance port connections
../02_SYN/Netlist/ed25519_syn.v, 7696
ed25519, "TLATX1 redZ_b_in_w_reg_69_( .G (n19883),  .D (N7627),  .Q (redZ_b_in_w[69]));"
  The above instance has fewer port connections than the module definition.
  Please use '+lint=TFIPC-L' to print out detailed information of unconnected 
  ports.


Warning-[TFIPC] Too few instance port connections
../02_SYN/Netlist/ed25519_syn.v, 7697
ed25519, "TLATX1 redZ_b_in_w_reg_71_( .G (n34691),  .D (N7629),  .Q (redZ_b_in_w[71]));"
  The above instance has fewer port connections than the module definition.
  Please use '+lint=TFIPC-L' to print out detailed information of unconnected 
  ports.


Warning-[TFIPC] Too few instance port connections
../02_SYN/Netlist/ed25519_syn.v, 7698
ed25519, "TLATX1 redZ_b_in_w_reg_75_( .G (n19883),  .D (N7633),  .Q (redZ_b_in_w[75]));"
  The above instance has fewer port connections than the module definition.
  Please use '+lint=TFIPC-L' to print out detailed information of unconnected 
  ports.


Warning-[TFIPC] Too few instance port connections
../02_SYN/Netlist/ed25519_syn.v, 7699
ed25519, "TLATX1 redZ_b_in_w_reg_76_( .G (n19883),  .D (N7634),  .Q (redZ_b_in_w[76]));"
  The above instance has fewer port connections than the module definition.
  Please use '+lint=TFIPC-L' to print out detailed information of unconnected 
  ports.


Warning-[TFIPC] Too few instance port connections
../02_SYN/Netlist/ed25519_syn.v, 7700
ed25519, "TLATX1 redZ_b_in_w_reg_96_( .G (n34691),  .D (N7654),  .Q (redZ_b_in_w[96]));"
  The above instance has fewer port connections than the module definition.
  Please use '+lint=TFIPC-L' to print out detailed information of unconnected 
  ports.


Warning-[TFIPC] Too few instance port connections
../02_SYN/Netlist/ed25519_syn.v, 7701
ed25519, "TLATX1 redZ_b_in_w_reg_98_( .G (n19883),  .D (N7656),  .Q (redZ_b_in_w[98]));"
  The above instance has fewer port connections than the module definition.
  Please use '+lint=TFIPC-L' to print out detailed information of unconnected 
  ports.


Warning-[TFIPC] Too few instance port connections
../02_SYN/Netlist/ed25519_syn.v, 7702
ed25519, "TLATX1 redZ_b_in_w_reg_99_( .G (n34691),  .D (N7657),  .Q (redZ_b_in_w[99]));"
  The above instance has fewer port connections than the module definition.
  Please use '+lint=TFIPC-L' to print out detailed information of unconnected 
  ports.


Warning-[TFIPC] Too few instance port connections
../02_SYN/Netlist/ed25519_syn.v, 7703
ed25519, "TLATX1 redZ_b_in_w_reg_102_( .G (n34690),  .D (N7660),  .Q (redZ_b_in_w[102]));"
  The above instance has fewer port connections than the module definition.
  Please use '+lint=TFIPC-L' to print out detailed information of unconnected 
  ports.


Warning-[TFIPC] Too few instance port connections
../02_SYN/Netlist/ed25519_syn.v, 7704
ed25519, "TLATX1 redZ_b_in_w_reg_105_( .G (n34690),  .D (N7663),  .Q (redZ_b_in_w[105]));"
  The above instance has fewer port connections than the module definition.
  Please use '+lint=TFIPC-L' to print out detailed information of unconnected 
  ports.


Warning-[TFIPC] Too few instance port connections
../02_SYN/Netlist/ed25519_syn.v, 7705
ed25519, "TLATX1 redZ_b_in_w_reg_107_( .G (n34690),  .D (N7665),  .Q (redZ_b_in_w[107]));"
  The above instance has fewer port connections than the module definition.
  Please use '+lint=TFIPC-L' to print out detailed information of unconnected 
  ports.


Warning-[TFIPC] Too few instance port connections
../02_SYN/Netlist/ed25519_syn.v, 7706
ed25519, "TLATX1 redZ_b_in_w_reg_116_( .G (n34690),  .D (N7674),  .Q (redZ_b_in_w[116]));"
  The above instance has fewer port connections than the module definition.
  Please use '+lint=TFIPC-L' to print out detailed information of unconnected 
  ports.


Warning-[TFIPC] Too few instance port connections
../02_SYN/Netlist/ed25519_syn.v, 7707
ed25519, "TLATX1 redZ_b_in_w_reg_117_( .G (n34689),  .D (N7675),  .Q (redZ_b_in_w[117]));"
  The above instance has fewer port connections than the module definition.
  Please use '+lint=TFIPC-L' to print out detailed information of unconnected 
  ports.


Warning-[TFIPC] Too few instance port connections
../02_SYN/Netlist/ed25519_syn.v, 7708
ed25519, "TLATX1 redZ_b_in_w_reg_131_( .G (n34691),  .D (N7689),  .Q (redZ_b_in_w[131]));"
  The above instance has fewer port connections than the module definition.
  Please use '+lint=TFIPC-L' to print out detailed information of unconnected 
  ports.


Warning-[TFIPC] Too few instance port connections
../02_SYN/Netlist/ed25519_syn.v, 7709
ed25519, "TLATX1 redZ_b_in_w_reg_132_( .G (n34691),  .D (N7690),  .Q (redZ_b_in_w[132]));"
  The above instance has fewer port connections than the module definition.
  Please use '+lint=TFIPC-L' to print out detailed information of unconnected 
  ports.


Warning-[TFIPC] Too few instance port connections
../02_SYN/Netlist/ed25519_syn.v, 7710
ed25519, "TLATX1 redZ_b_in_w_reg_135_( .G (n34691),  .D (N7693),  .Q (redZ_b_in_w[135]));"
  The above instance has fewer port connections than the module definition.
  Please use '+lint=TFIPC-L' to print out detailed information of unconnected 
  ports.


Warning-[TFIPC] Too few instance port connections
../02_SYN/Netlist/ed25519_syn.v, 7711
ed25519, "TLATX1 redZ_b_in_w_reg_139_( .G (n34691),  .D (N7697),  .Q (redZ_b_in_w[139]));"
  The above instance has fewer port connections than the module definition.
  Please use '+lint=TFIPC-L' to print out detailed information of unconnected 
  ports.


Warning-[TFIPC] Too few instance port connections
../02_SYN/Netlist/ed25519_syn.v, 7712
ed25519, "TLATX1 redZ_b_in_w_reg_141_( .G (n34691),  .D (N7699),  .Q (redZ_b_in_w[141]));"
  The above instance has fewer port connections than the module definition.
  Please use '+lint=TFIPC-L' to print out detailed information of unconnected 
  ports.


Warning-[TFIPC] Too few instance port connections
../02_SYN/Netlist/ed25519_syn.v, 7713
ed25519, "TLATX1 redZ_b_in_w_reg_142_( .G (n34691),  .D (N7700),  .Q (redZ_b_in_w[142]));"
  The above instance has fewer port connections than the module definition.
  Please use '+lint=TFIPC-L' to print out detailed information of unconnected 
  ports.


Warning-[TFIPC] Too few instance port connections
../02_SYN/Netlist/ed25519_syn.v, 7714
ed25519, "TLATX1 redZ_b_in_w_reg_143_( .G (n19883),  .D (N7701),  .Q (redZ_b_in_w[143]));"
  The above instance has fewer port connections than the module definition.
  Please use '+lint=TFIPC-L' to print out detailed information of unconnected 
  ports.


Warning-[TFIPC] Too few instance port connections
../02_SYN/Netlist/ed25519_syn.v, 7715
ed25519, "TLATX1 redZ_b_in_w_reg_144_( .G (n34691),  .D (N7702),  .Q (redZ_b_in_w[144]));"
  The above instance has fewer port connections than the module definition.
  Please use '+lint=TFIPC-L' to print out detailed information of unconnected 
  ports.


Warning-[TFIPC] Too few instance port connections
../02_SYN/Netlist/ed25519_syn.v, 7716
ed25519, "TLATX1 redZ_b_in_w_reg_147_( .G (n34690),  .D (N7705),  .Q (redZ_b_in_w[147]));"
  The above instance has fewer port connections than the module definition.
  Please use '+lint=TFIPC-L' to print out detailed information of unconnected 
  ports.


Warning-[TFIPC] Too few instance port connections
../02_SYN/Netlist/ed25519_syn.v, 7717
ed25519, "TLATX1 redZ_b_in_w_reg_148_( .G (n34691),  .D (N7706),  .Q (redZ_b_in_w[148]));"
  The above instance has fewer port connections than the module definition.
  Please use '+lint=TFIPC-L' to print out detailed information of unconnected 
  ports.


Warning-[TFIPC] Too few instance port connections
../02_SYN/Netlist/ed25519_syn.v, 7718
ed25519, "TLATX1 redZ_b_in_w_reg_149_( .G (n19883),  .D (N7707),  .Q (redZ_b_in_w[149]));"
  The above instance has fewer port connections than the module definition.
  Please use '+lint=TFIPC-L' to print out detailed information of unconnected 
  ports.


Warning-[TFIPC] Too few instance port connections
../02_SYN/Netlist/ed25519_syn.v, 7719
ed25519, "TLATX1 redZ_b_in_w_reg_153_( .G (n34690),  .D (N7711),  .Q (redZ_b_in_w[153]));"
  The above instance has fewer port connections than the module definition.
  Please use '+lint=TFIPC-L' to print out detailed information of unconnected 
  ports.


Warning-[TFIPC] Too few instance port connections
../02_SYN/Netlist/ed25519_syn.v, 7720
ed25519, "TLATX1 redZ_b_in_w_reg_154_( .G (n34691),  .D (N7712),  .Q (redZ_b_in_w[154]));"
  The above instance has fewer port connections than the module definition.
  Please use '+lint=TFIPC-L' to print out detailed information of unconnected 
  ports.


Warning-[TFIPC] Too few instance port connections
../02_SYN/Netlist/ed25519_syn.v, 7721
ed25519, "TLATX1 redZ_b_in_w_reg_157_( .G (n34690),  .D (N7715),  .Q (redZ_b_in_w[157]));"
  The above instance has fewer port connections than the module definition.
  Please use '+lint=TFIPC-L' to print out detailed information of unconnected 
  ports.


Warning-[TFIPC] Too few instance port connections
../02_SYN/Netlist/ed25519_syn.v, 7722
ed25519, "TLATX1 redZ_b_in_w_reg_160_( .G (n34691),  .D (N7718),  .Q (redZ_b_in_w[160]));"
  The above instance has fewer port connections than the module definition.
  Please use '+lint=TFIPC-L' to print out detailed information of unconnected 
  ports.


Warning-[TFIPC] Too few instance port connections
../02_SYN/Netlist/ed25519_syn.v, 7723
ed25519, "TLATX1 redZ_b_in_w_reg_163_( .G (n34689),  .D (N7721),  .Q (redZ_b_in_w[163]));"
  The above instance has fewer port connections than the module definition.
  Please use '+lint=TFIPC-L' to print out detailed information of unconnected 
  ports.


Warning-[TFIPC] Too few instance port connections
../02_SYN/Netlist/ed25519_syn.v, 7724
ed25519, "TLATX1 redZ_b_in_w_reg_165_( .G (n34690),  .D (N7723),  .Q (redZ_b_in_w[165]));"
  The above instance has fewer port connections than the module definition.
  Please use '+lint=TFIPC-L' to print out detailed information of unconnected 
  ports.


Warning-[TFIPC] Too few instance port connections
../02_SYN/Netlist/ed25519_syn.v, 7725
ed25519, "TLATX1 redZ_b_in_w_reg_166_( .G (n34691),  .D (N7724),  .Q (redZ_b_in_w[166]));"
  The above instance has fewer port connections than the module definition.
  Please use '+lint=TFIPC-L' to print out detailed information of unconnected 
  ports.


Warning-[TFIPC] Too few instance port connections
../02_SYN/Netlist/ed25519_syn.v, 7726
ed25519, "TLATX1 redZ_b_in_w_reg_174_( .G (n34691),  .D (N7732),  .Q (redZ_b_in_w[174]));"
  The above instance has fewer port connections than the module definition.
  Please use '+lint=TFIPC-L' to print out detailed information of unconnected 
  ports.


Warning-[TFIPC] Too few instance port connections
../02_SYN/Netlist/ed25519_syn.v, 7727
ed25519, "TLATX1 redZ_b_in_w_reg_176_( .G (n34691),  .D (N7734),  .Q (redZ_b_in_w[176]));"
  The above instance has fewer port connections than the module definition.
  Please use '+lint=TFIPC-L' to print out detailed information of unconnected 
  ports.


Warning-[TFIPC] Too few instance port connections
../02_SYN/Netlist/ed25519_syn.v, 7728
ed25519, "TLATX1 redZ_b_in_w_reg_177_( .G (n19883),  .D (N7735),  .Q (redZ_b_in_w[177]));"
  The above instance has fewer port connections than the module definition.
  Please use '+lint=TFIPC-L' to print out detailed information of unconnected 
  ports.


Warning-[TFIPC] Too few instance port connections
../02_SYN/Netlist/ed25519_syn.v, 7729
ed25519, "TLATX1 redZ_b_in_w_reg_178_( .G (n34690),  .D (N7736),  .Q (redZ_b_in_w[178]));"
  The above instance has fewer port connections than the module definition.
  Please use '+lint=TFIPC-L' to print out detailed information of unconnected 
  ports.


Warning-[TFIPC] Too few instance port connections
../02_SYN/Netlist/ed25519_syn.v, 7730
ed25519, "TLATX1 redZ_b_in_w_reg_182_( .G (n19883),  .D (N7740),  .Q (redZ_b_in_w[182]));"
  The above instance has fewer port connections than the module definition.
  Please use '+lint=TFIPC-L' to print out detailed information of unconnected 
  ports.


Warning-[TFIPC] Too few instance port connections
../02_SYN/Netlist/ed25519_syn.v, 7731
ed25519, "TLATX1 redZ_b_in_w_reg_183_( .G (n34690),  .D (N7741),  .Q (redZ_b_in_w[183]));"
  The above instance has fewer port connections than the module definition.
  Please use '+lint=TFIPC-L' to print out detailed information of unconnected 
  ports.


Warning-[TFIPC] Too few instance port connections
../02_SYN/Netlist/ed25519_syn.v, 7732
ed25519, "TLATX1 redZ_b_in_w_reg_187_( .G (n34690),  .D (N7745),  .Q (redZ_b_in_w[187]));"
  The above instance has fewer port connections than the module definition.
  Please use '+lint=TFIPC-L' to print out detailed information of unconnected 
  ports.


Warning-[TFIPC] Too few instance port connections
../02_SYN/Netlist/ed25519_syn.v, 7733
ed25519, "TLATX1 redZ_b_in_w_reg_191_( .G (n34690),  .D (N7749),  .Q (redZ_b_in_w[191]));"
  The above instance has fewer port connections than the module definition.
  Please use '+lint=TFIPC-L' to print out detailed information of unconnected 
  ports.


Warning-[TFIPC] Too few instance port connections
../02_SYN/Netlist/ed25519_syn.v, 7734
ed25519, "TLATX1 redZ_b_in_w_reg_192_( .G (n34689),  .D (N7750),  .Q (redZ_b_in_w[192]));"
  The above instance has fewer port connections than the module definition.
  Please use '+lint=TFIPC-L' to print out detailed information of unconnected 
  ports.


Warning-[TFIPC] Too few instance port connections
../02_SYN/Netlist/ed25519_syn.v, 7735
ed25519, "TLATX1 redZ_b_in_w_reg_197_( .G (n34690),  .D (N7755),  .Q (redZ_b_in_w[197]));"
  The above instance has fewer port connections than the module definition.
  Please use '+lint=TFIPC-L' to print out detailed information of unconnected 
  ports.


Warning-[TFIPC] Too few instance port connections
../02_SYN/Netlist/ed25519_syn.v, 7736
ed25519, "TLATX1 redZ_b_in_w_reg_198_( .G (n34691),  .D (N7756),  .Q (redZ_b_in_w[198]));"
  The above instance has fewer port connections than the module definition.
  Please use '+lint=TFIPC-L' to print out detailed information of unconnected 
  ports.


Warning-[TFIPC] Too few instance port connections
../02_SYN/Netlist/ed25519_syn.v, 7737
ed25519, "TLATX1 redZ_b_in_w_reg_202_( .G (n34691),  .D (N7760),  .Q (redZ_b_in_w[202]));"
  The above instance has fewer port connections than the module definition.
  Please use '+lint=TFIPC-L' to print out detailed information of unconnected 
  ports.


Warning-[TFIPC] Too few instance port connections
../02_SYN/Netlist/ed25519_syn.v, 7738
ed25519, "TLATX1 redZ_b_in_w_reg_203_( .G (n34690),  .D (N7761),  .Q (redZ_b_in_w[203]));"
  The above instance has fewer port connections than the module definition.
  Please use '+lint=TFIPC-L' to print out detailed information of unconnected 
  ports.


Warning-[TFIPC] Too few instance port connections
../02_SYN/Netlist/ed25519_syn.v, 7739
ed25519, "TLATX1 redZ_b_in_w_reg_205_( .G (n34690),  .D (N7763),  .Q (redZ_b_in_w[205]));"
  The above instance has fewer port connections than the module definition.
  Please use '+lint=TFIPC-L' to print out detailed information of unconnected 
  ports.


Warning-[TFIPC] Too few instance port connections
../02_SYN/Netlist/ed25519_syn.v, 7740
ed25519, "TLATX1 redZ_b_in_w_reg_206_( .G (n34691),  .D (N7764),  .Q (redZ_b_in_w[206]));"
  The above instance has fewer port connections than the module definition.
  Please use '+lint=TFIPC-L' to print out detailed information of unconnected 
  ports.


Warning-[TFIPC] Too few instance port connections
../02_SYN/Netlist/ed25519_syn.v, 7741
ed25519, "TLATX1 redZ_b_in_w_reg_208_( .G (n34689),  .D (N7766),  .Q (redZ_b_in_w[208]));"
  The above instance has fewer port connections than the module definition.
  Please use '+lint=TFIPC-L' to print out detailed information of unconnected 
  ports.


Warning-[TFIPC] Too few instance port connections
../02_SYN/Netlist/ed25519_syn.v, 7742
ed25519, "TLATX1 redZ_b_in_w_reg_209_( .G (n34691),  .D (N7767),  .Q (redZ_b_in_w[209]));"
  The above instance has fewer port connections than the module definition.
  Please use '+lint=TFIPC-L' to print out detailed information of unconnected 
  ports.


Warning-[TFIPC] Too few instance port connections
../02_SYN/Netlist/ed25519_syn.v, 7743
ed25519, "TLATX1 redZ_b_in_w_reg_211_( .G (n34690),  .D (N7769),  .Q (redZ_b_in_w[211]));"
  The above instance has fewer port connections than the module definition.
  Please use '+lint=TFIPC-L' to print out detailed information of unconnected 
  ports.


Warning-[TFIPC] Too few instance port connections
../02_SYN/Netlist/ed25519_syn.v, 7744
ed25519, "TLATX1 redZ_b_in_w_reg_213_( .G (n19883),  .D (N7771),  .Q (redZ_b_in_w[213]));"
  The above instance has fewer port connections than the module definition.
  Please use '+lint=TFIPC-L' to print out detailed information of unconnected 
  ports.


Warning-[TFIPC] Too few instance port connections
../02_SYN/Netlist/ed25519_syn.v, 7745
ed25519, "TLATX1 redZ_b_in_w_reg_214_( .G (n34690),  .D (N7772),  .Q (redZ_b_in_w[214]));"
  The above instance has fewer port connections than the module definition.
  Please use '+lint=TFIPC-L' to print out detailed information of unconnected 
  ports.


Warning-[TFIPC] Too few instance port connections
../02_SYN/Netlist/ed25519_syn.v, 7746
ed25519, "TLATX1 redZ_b_in_w_reg_217_( .G (n19883),  .D (N7775),  .Q (redZ_b_in_w[217]));"
  The above instance has fewer port connections than the module definition.
  Please use '+lint=TFIPC-L' to print out detailed information of unconnected 
  ports.


Warning-[TFIPC] Too few instance port connections
../02_SYN/Netlist/ed25519_syn.v, 7747
ed25519, "TLATX1 redZ_b_in_w_reg_219_( .G (n34690),  .D (N7777),  .Q (redZ_b_in_w[219]));"
  The above instance has fewer port connections than the module definition.
  Please use '+lint=TFIPC-L' to print out detailed information of unconnected 
  ports.


Warning-[TFIPC] Too few instance port connections
../02_SYN/Netlist/ed25519_syn.v, 7748
ed25519, "TLATX1 redZ_b_in_w_reg_225_( .G (n19883),  .D (N7783),  .Q (redZ_b_in_w[225]));"
  The above instance has fewer port connections than the module definition.
  Please use '+lint=TFIPC-L' to print out detailed information of unconnected 
  ports.


Warning-[TFIPC] Too few instance port connections
../02_SYN/Netlist/ed25519_syn.v, 7749
ed25519, "TLATX1 redZ_b_in_w_reg_226_( .G (n34690),  .D (N7784),  .Q (redZ_b_in_w[226]));"
  The above instance has fewer port connections than the module definition.
  Please use '+lint=TFIPC-L' to print out detailed information of unconnected 
  ports.


Warning-[TFIPC] Too few instance port connections
../02_SYN/Netlist/ed25519_syn.v, 7750
ed25519, "TLATX1 redZ_b_in_w_reg_227_( .G (n19883),  .D (N7785),  .Q (redZ_b_in_w[227]));"
  The above instance has fewer port connections than the module definition.
  Please use '+lint=TFIPC-L' to print out detailed information of unconnected 
  ports.


Warning-[TFIPC] Too few instance port connections
../02_SYN/Netlist/ed25519_syn.v, 7751
ed25519, "TLATX1 redZ_b_in_w_reg_229_( .G (n19883),  .D (N7787),  .Q (redZ_b_in_w[229]));"
  The above instance has fewer port connections than the module definition.
  Please use '+lint=TFIPC-L' to print out detailed information of unconnected 
  ports.


Warning-[TFIPC] Too few instance port connections
../02_SYN/Netlist/ed25519_syn.v, 7752
ed25519, "TLATX1 redZ_b_in_w_reg_231_( .G (n34690),  .D (N7789),  .Q (redZ_b_in_w[231]));"
  The above instance has fewer port connections than the module definition.
  Please use '+lint=TFIPC-L' to print out detailed information of unconnected 
  ports.


Warning-[TFIPC] Too few instance port connections
../02_SYN/Netlist/ed25519_syn.v, 7753
ed25519, "TLATX1 redZ_b_in_w_reg_234_( .G (n34690),  .D (N7792),  .Q (redZ_b_in_w[234]));"
  The above instance has fewer port connections than the module definition.
  Please use '+lint=TFIPC-L' to print out detailed information of unconnected 
  ports.


Warning-[TFIPC] Too few instance port connections
../02_SYN/Netlist/ed25519_syn.v, 7754
ed25519, "TLATX1 redZ_b_in_w_reg_235_( .G (n34691),  .D (N7793),  .Q (redZ_b_in_w[235]));"
  The above instance has fewer port connections than the module definition.
  Please use '+lint=TFIPC-L' to print out detailed information of unconnected 
  ports.


Warning-[TFIPC] Too few instance port connections
../02_SYN/Netlist/ed25519_syn.v, 7755
ed25519, "TLATX1 redZ_b_in_w_reg_237_( .G (n19883),  .D (N7795),  .Q (redZ_b_in_w[237]));"
  The above instance has fewer port connections than the module definition.
  Please use '+lint=TFIPC-L' to print out detailed information of unconnected 
  ports.


Warning-[TFIPC] Too few instance port connections
../02_SYN/Netlist/ed25519_syn.v, 7756
ed25519, "TLATX1 redZ_b_in_w_reg_240_( .G (n19883),  .D (N7798),  .Q (redZ_b_in_w[240]));"
  The above instance has fewer port connections than the module definition.
  Please use '+lint=TFIPC-L' to print out detailed information of unconnected 
  ports.


Warning-[TFIPC] Too few instance port connections
../02_SYN/Netlist/ed25519_syn.v, 7757
ed25519, "TLATX1 redZ_b_in_w_reg_241_( .G (n19883),  .D (N7799),  .Q (redZ_b_in_w[241]));"
  The above instance has fewer port connections than the module definition.
  Please use '+lint=TFIPC-L' to print out detailed information of unconnected 
  ports.


Warning-[TFIPC] Too few instance port connections
../02_SYN/Netlist/ed25519_syn.v, 7758
ed25519, "TLATX1 redZ_b_in_w_reg_249_( .G (n34691),  .D (N7807),  .Q (redZ_b_in_w[249]));"
  The above instance has fewer port connections than the module definition.
  Please use '+lint=TFIPC-L' to print out detailed information of unconnected 
  ports.


Warning-[TFIPC] Too few instance port connections
../02_SYN/Netlist/ed25519_syn.v, 7759
ed25519, "TLATX1 redZ_b_in_w_reg_252_( .G (n19883),  .D (N7810),  .Q (redZ_b_in_w[252]));"
  The above instance has fewer port connections than the module definition.
  Please use '+lint=TFIPC-L' to print out detailed information of unconnected 
  ports.


Warning-[TFIPC] Too few instance port connections
../02_SYN/Netlist/ed25519_syn.v, 7760
ed25519, "TLATX1 redZ_b_in_w_reg_16_( .G (n34689),  .D (N7574),  .Q (redZ_b_in_w[16]));"
  The above instance has fewer port connections than the module definition.
  Please use '+lint=TFIPC-L' to print out detailed information of unconnected 
  ports.


Warning-[TFIPC] Too few instance port connections
../02_SYN/Netlist/ed25519_syn.v, 7761
ed25519, "TLATX1 redZ_b_in_w_reg_22_( .G (n34689),  .D (N7580),  .Q (redZ_b_in_w[22]));"
  The above instance has fewer port connections than the module definition.
  Please use '+lint=TFIPC-L' to print out detailed information of unconnected 
  ports.


Warning-[TFIPC] Too few instance port connections
../02_SYN/Netlist/ed25519_syn.v, 7762
ed25519, "TLATX1 redZ_b_in_w_reg_42_( .G (n34689),  .D (N7600),  .Q (redZ_b_in_w[42]));"
  The above instance has fewer port connections than the module definition.
  Please use '+lint=TFIPC-L' to print out detailed information of unconnected 
  ports.


Warning-[TFIPC] Too few instance port connections
../02_SYN/Netlist/ed25519_syn.v, 7763
ed25519, "TLATX1 redZ_b_in_w_reg_46_( .G (n34689),  .D (N7604),  .Q (redZ_b_in_w[46]));"
  The above instance has fewer port connections than the module definition.
  Please use '+lint=TFIPC-L' to print out detailed information of unconnected 
  ports.


Warning-[TFIPC] Too few instance port connections
../02_SYN/Netlist/ed25519_syn.v, 7764
ed25519, "TLATX1 redZ_b_in_w_reg_49_( .G (n34689),  .D (N7607),  .Q (redZ_b_in_w[49]));"
  The above instance has fewer port connections than the module definition.
  Please use '+lint=TFIPC-L' to print out detailed information of unconnected 
  ports.


Warning-[TFIPC] Too few instance port connections
../02_SYN/Netlist/ed25519_syn.v, 7765
ed25519, "TLATX1 redZ_b_in_w_reg_78_( .G (n34689),  .D (N7636),  .Q (redZ_b_in_w[78]));"
  The above instance has fewer port connections than the module definition.
  Please use '+lint=TFIPC-L' to print out detailed information of unconnected 
  ports.


Warning-[TFIPC] Too few instance port connections
../02_SYN/Netlist/ed25519_syn.v, 7766
ed25519, "TLATX1 redZ_b_in_w_reg_79_( .G (n34689),  .D (N7637),  .Q (redZ_b_in_w[79]));"
  The above instance has fewer port connections than the module definition.
  Please use '+lint=TFIPC-L' to print out detailed information of unconnected 
  ports.


Warning-[TFIPC] Too few instance port connections
../02_SYN/Netlist/ed25519_syn.v, 7767
ed25519, "TLATX1 redZ_b_in_w_reg_80_( .G (n34689),  .D (N7638),  .Q (redZ_b_in_w[80]));"
  The above instance has fewer port connections than the module definition.
  Please use '+lint=TFIPC-L' to print out detailed information of unconnected 
  ports.


Warning-[TFIPC] Too few instance port connections
../02_SYN/Netlist/ed25519_syn.v, 7768
ed25519, "TLATX1 redZ_b_in_w_reg_86_( .G (n34689),  .D (N7644),  .Q (redZ_b_in_w[86]));"
  The above instance has fewer port connections than the module definition.
  Please use '+lint=TFIPC-L' to print out detailed information of unconnected 
  ports.


Warning-[TFIPC] Too few instance port connections
../02_SYN/Netlist/ed25519_syn.v, 7769
ed25519, "TLATX1 redZ_b_in_w_reg_88_( .G (n34689),  .D (N7646),  .Q (redZ_b_in_w[88]));"
  The above instance has fewer port connections than the module definition.
  Please use '+lint=TFIPC-L' to print out detailed information of unconnected 
  ports.


Warning-[TFIPC] Too few instance port connections
../02_SYN/Netlist/ed25519_syn.v, 7770
ed25519, "TLATX1 redZ_b_in_w_reg_94_( .G (n34689),  .D (N7652),  .Q (redZ_b_in_w[94]));"
  The above instance has fewer port connections than the module definition.
  Please use '+lint=TFIPC-L' to print out detailed information of unconnected 
  ports.


Warning-[TFIPC] Too few instance port connections
../02_SYN/Netlist/ed25519_syn.v, 7771
ed25519, "TLATX1 redZ_b_in_w_reg_118_( .G (n34689),  .D (N7676),  .Q (redZ_b_in_w[118]));"
  The above instance has fewer port connections than the module definition.
  Please use '+lint=TFIPC-L' to print out detailed information of unconnected 
  ports.


Warning-[TFIPC] Too few instance port connections
../02_SYN/Netlist/ed25519_syn.v, 7772
ed25519, "TLATX1 redZ_b_in_w_reg_150_( .G (n34689),  .D (N7708),  .Q (redZ_b_in_w[150]));"
  The above instance has fewer port connections than the module definition.
  Please use '+lint=TFIPC-L' to print out detailed information of unconnected 
  ports.


Warning-[TFIPC] Too few instance port connections
../02_SYN/Netlist/ed25519_syn.v, 7773
ed25519, "TLATX1 redZ_b_in_w_reg_152_( .G (n34689),  .D (N7710),  .Q (redZ_b_in_w[152]));"
  The above instance has fewer port connections than the module definition.
  Please use '+lint=TFIPC-L' to print out detailed information of unconnected 
  ports.


Warning-[TFIPC] Too few instance port connections
../02_SYN/Netlist/ed25519_syn.v, 7774
ed25519, "TLATX1 redZ_b_in_w_reg_156_( .G (n34689),  .D (N7714),  .Q (redZ_b_in_w[156]));"
  The above instance has fewer port connections than the module definition.
  Please use '+lint=TFIPC-L' to print out detailed information of unconnected 
  ports.


Warning-[TFIPC] Too few instance port connections
../02_SYN/Netlist/ed25519_syn.v, 7775
ed25519, "TLATX1 redZ_b_in_w_reg_158_( .G (n34689),  .D (N7716),  .Q (redZ_b_in_w[158]));"
  The above instance has fewer port connections than the module definition.
  Please use '+lint=TFIPC-L' to print out detailed information of unconnected 
  ports.


Warning-[TFIPC] Too few instance port connections
../02_SYN/Netlist/ed25519_syn.v, 7776
ed25519, "TLATX1 redZ_b_in_w_reg_164_( .G (n34689),  .D (N7722),  .Q (redZ_b_in_w[164]));"
  The above instance has fewer port connections than the module definition.
  Please use '+lint=TFIPC-L' to print out detailed information of unconnected 
  ports.


Warning-[TFIPC] Too few instance port connections
../02_SYN/Netlist/ed25519_syn.v, 7777
ed25519, "TLATX1 redZ_b_in_w_reg_186_( .G (n34689),  .D (N7744),  .Q (redZ_b_in_w[186]));"
  The above instance has fewer port connections than the module definition.
  Please use '+lint=TFIPC-L' to print out detailed information of unconnected 
  ports.


Warning-[TFIPC] Too few instance port connections
../02_SYN/Netlist/ed25519_syn.v, 7778
ed25519, "TLATX1 redZ_b_in_w_reg_193_( .G (n34689),  .D (N7751),  .Q (redZ_b_in_w[193]));"
  The above instance has fewer port connections than the module definition.
  Please use '+lint=TFIPC-L' to print out detailed information of unconnected 
  ports.


Warning-[TFIPC] Too few instance port connections
../02_SYN/Netlist/ed25519_syn.v, 7779
ed25519, "TLATX1 redZ_b_in_w_reg_196_( .G (n34689),  .D (N7754),  .Q (redZ_b_in_w[196]));"
  The above instance has fewer port connections than the module definition.
  Please use '+lint=TFIPC-L' to print out detailed information of unconnected 
  ports.


Warning-[TFIPC] Too few instance port connections
../02_SYN/Netlist/ed25519_syn.v, 7780
ed25519, "TLATX1 redZ_b_in_w_reg_201_( .G (n34689),  .D (N7759),  .Q (redZ_b_in_w[201]));"
  The above instance has fewer port connections than the module definition.
  Please use '+lint=TFIPC-L' to print out detailed information of unconnected 
  ports.


Warning-[TFIPC] Too few instance port connections
../02_SYN/Netlist/ed25519_syn.v, 7781
ed25519, "TLATX1 redZ_b_in_w_reg_204_( .G (n34689),  .D (N7762),  .Q (redZ_b_in_w[204]));"
  The above instance has fewer port connections than the module definition.
  Please use '+lint=TFIPC-L' to print out detailed information of unconnected 
  ports.


Warning-[TFIPC] Too few instance port connections
../02_SYN/Netlist/ed25519_syn.v, 7782
ed25519, "TLATX1 redZ_b_in_w_reg_207_( .G (n34689),  .D (N7765),  .Q (redZ_b_in_w[207]));"
  The above instance has fewer port connections than the module definition.
  Please use '+lint=TFIPC-L' to print out detailed information of unconnected 
  ports.


Warning-[TFIPC] Too few instance port connections
../02_SYN/Netlist/ed25519_syn.v, 7783
ed25519, "TLATX1 redZ_b_in_w_reg_210_( .G (n34689),  .D (N7768),  .Q (redZ_b_in_w[210]));"
  The above instance has fewer port connections than the module definition.
  Please use '+lint=TFIPC-L' to print out detailed information of unconnected 
  ports.


Warning-[TFIPC] Too few instance port connections
../02_SYN/Netlist/ed25519_syn.v, 7784
ed25519, "TLATX1 redZ_b_in_w_reg_216_( .G (n34689),  .D (N7774),  .Q (redZ_b_in_w[216]));"
  The above instance has fewer port connections than the module definition.
  Please use '+lint=TFIPC-L' to print out detailed information of unconnected 
  ports.


Warning-[TFIPC] Too few instance port connections
../02_SYN/Netlist/ed25519_syn.v, 7785
ed25519, "TLATX1 redZ_b_in_w_reg_221_( .G (n34689),  .D (N7779),  .Q (redZ_b_in_w[221]));"
  The above instance has fewer port connections than the module definition.
  Please use '+lint=TFIPC-L' to print out detailed information of unconnected 
  ports.


Warning-[TFIPC] Too few instance port connections
../02_SYN/Netlist/ed25519_syn.v, 7786
ed25519, "TLATX1 redZ_b_in_w_reg_230_( .G (n34689),  .D (N7788),  .Q (redZ_b_in_w[230]));"
  The above instance has fewer port connections than the module definition.
  Please use '+lint=TFIPC-L' to print out detailed information of unconnected 
  ports.


Warning-[TFIPC] Too few instance port connections
../02_SYN/Netlist/ed25519_syn.v, 7787
ed25519, "TLATX1 redZ_b_in_w_reg_238_( .G (n34689),  .D (N7796),  .Q (redZ_b_in_w[238]));"
  The above instance has fewer port connections than the module definition.
  Please use '+lint=TFIPC-L' to print out detailed information of unconnected 
  ports.


Warning-[TFIPC] Too few instance port connections
../02_SYN/Netlist/ed25519_syn.v, 8501
ed25519, "DFFNSRXL i_in_data_r_reg_63_( .D (i_in_data[63]),  .CKN (i_clk),  .SN (1'b1),  .RN (1'b1),  .Q (i_in_data_r[63]));"
  The above instance has fewer port connections than the module definition.
  Please use '+lint=TFIPC-L' to print out detailed information of unconnected 
  ports.


Warning-[TFIPC] Too few instance port connections
../02_SYN/Netlist/ed25519_syn.v, 8503
ed25519, "DFFNSRXL i_in_data_r_reg_62_( .D (i_in_data[62]),  .CKN (i_clk),  .SN (1'b1),  .RN (1'b1),  .Q (i_in_data_r[62]));"
  The above instance has fewer port connections than the module definition.
  Please use '+lint=TFIPC-L' to print out detailed information of unconnected 
  ports.


Warning-[TFIPC] Too few instance port connections
../02_SYN/Netlist/ed25519_syn.v, 8505
ed25519, "DFFNSRXL i_in_data_r_reg_61_( .D (i_in_data[61]),  .CKN (i_clk),  .SN (1'b1),  .RN (1'b1),  .Q (i_in_data_r[61]));"
  The above instance has fewer port connections than the module definition.
  Please use '+lint=TFIPC-L' to print out detailed information of unconnected 
  ports.


Warning-[TFIPC] Too few instance port connections
../02_SYN/Netlist/ed25519_syn.v, 8507
ed25519, "DFFNSRXL i_in_data_r_reg_60_( .D (i_in_data[60]),  .CKN (i_clk),  .SN (1'b1),  .RN (1'b1),  .Q (i_in_data_r[60]));"
  The above instance has fewer port connections than the module definition.
  Please use '+lint=TFIPC-L' to print out detailed information of unconnected 
  ports.


Warning-[TFIPC] Too few instance port connections
../02_SYN/Netlist/ed25519_syn.v, 8509
ed25519, "DFFNSRXL i_in_data_r_reg_59_( .D (i_in_data[59]),  .CKN (i_clk),  .SN (1'b1),  .RN (1'b1),  .Q (i_in_data_r[59]));"
  The above instance has fewer port connections than the module definition.
  Please use '+lint=TFIPC-L' to print out detailed information of unconnected 
  ports.


Warning-[TFIPC] Too few instance port connections
../02_SYN/Netlist/ed25519_syn.v, 8511
ed25519, "DFFNSRXL i_in_data_r_reg_58_( .D (i_in_data[58]),  .CKN (i_clk),  .SN (1'b1),  .RN (1'b1),  .Q (i_in_data_r[58]));"
  The above instance has fewer port connections than the module definition.
  Please use '+lint=TFIPC-L' to print out detailed information of unconnected 
  ports.


Warning-[TFIPC] Too few instance port connections
../02_SYN/Netlist/ed25519_syn.v, 8513
ed25519, "DFFNSRXL i_in_data_r_reg_57_( .D (i_in_data[57]),  .CKN (i_clk),  .SN (1'b1),  .RN (1'b1),  .Q (i_in_data_r[57]));"
  The above instance has fewer port connections than the module definition.
  Please use '+lint=TFIPC-L' to print out detailed information of unconnected 
  ports.


Warning-[TFIPC] Too few instance port connections
../02_SYN/Netlist/ed25519_syn.v, 8515
ed25519, "DFFNSRXL i_in_data_r_reg_56_( .D (i_in_data[56]),  .CKN (i_clk),  .SN (1'b1),  .RN (1'b1),  .Q (i_in_data_r[56]));"
  The above instance has fewer port connections than the module definition.
  Please use '+lint=TFIPC-L' to print out detailed information of unconnected 
  ports.


Warning-[TFIPC] Too few instance port connections
../02_SYN/Netlist/ed25519_syn.v, 8517
ed25519, "DFFNSRXL i_in_data_r_reg_55_( .D (i_in_data[55]),  .CKN (i_clk),  .SN (1'b1),  .RN (1'b1),  .Q (i_in_data_r[55]));"
  The above instance has fewer port connections than the module definition.
  Please use '+lint=TFIPC-L' to print out detailed information of unconnected 
  ports.


Warning-[TFIPC] Too few instance port connections
../02_SYN/Netlist/ed25519_syn.v, 8519
ed25519, "DFFNSRXL i_in_data_r_reg_53_( .D (i_in_data[53]),  .CKN (i_clk),  .SN (1'b1),  .RN (1'b1),  .Q (i_in_data_r[53]));"
  The above instance has fewer port connections than the module definition.
  Please use '+lint=TFIPC-L' to print out detailed information of unconnected 
  ports.


Warning-[TFIPC] Too few instance port connections
../02_SYN/Netlist/ed25519_syn.v, 8521
ed25519, "DFFNSRXL i_in_data_r_reg_52_( .D (i_in_data[52]),  .CKN (i_clk),  .SN (1'b1),  .RN (1'b1),  .Q (i_in_data_r[52]));"
  The above instance has fewer port connections than the module definition.
  Please use '+lint=TFIPC-L' to print out detailed information of unconnected 
  ports.


Warning-[TFIPC] Too few instance port connections
../02_SYN/Netlist/ed25519_syn.v, 8523
ed25519, "DFFNSRXL i_in_data_r_reg_51_( .D (i_in_data[51]),  .CKN (i_clk),  .SN (1'b1),  .RN (1'b1),  .Q (i_in_data_r[51]));"
  The above instance has fewer port connections than the module definition.
  Please use '+lint=TFIPC-L' to print out detailed information of unconnected 
  ports.


Warning-[TFIPC] Too few instance port connections
../02_SYN/Netlist/ed25519_syn.v, 8525
ed25519, "DFFNSRXL i_in_data_r_reg_50_( .D (i_in_data[50]),  .CKN (i_clk),  .SN (1'b1),  .RN (1'b1),  .Q (i_in_data_r[50]));"
  The above instance has fewer port connections than the module definition.
  Please use '+lint=TFIPC-L' to print out detailed information of unconnected 
  ports.


Warning-[TFIPC] Too few instance port connections
../02_SYN/Netlist/ed25519_syn.v, 8527
ed25519, "DFFNSRXL i_in_data_r_reg_49_( .D (i_in_data[49]),  .CKN (i_clk),  .SN (1'b1),  .RN (1'b1),  .Q (i_in_data_r[49]));"
  The above instance has fewer port connections than the module definition.
  Please use '+lint=TFIPC-L' to print out detailed information of unconnected 
  ports.


Warning-[TFIPC] Too few instance port connections
../02_SYN/Netlist/ed25519_syn.v, 8529
ed25519, "DFFNSRXL i_in_data_r_reg_48_( .D (i_in_data[48]),  .CKN (i_clk),  .SN (1'b1),  .RN (1'b1),  .Q (i_in_data_r[48]));"
  The above instance has fewer port connections than the module definition.
  Please use '+lint=TFIPC-L' to print out detailed information of unconnected 
  ports.


Warning-[TFIPC] Too few instance port connections
../02_SYN/Netlist/ed25519_syn.v, 8531
ed25519, "DFFNSRXL i_in_data_r_reg_47_( .D (i_in_data[47]),  .CKN (i_clk),  .SN (1'b1),  .RN (1'b1),  .Q (i_in_data_r[47]));"
  The above instance has fewer port connections than the module definition.
  Please use '+lint=TFIPC-L' to print out detailed information of unconnected 
  ports.


Warning-[TFIPC] Too few instance port connections
../02_SYN/Netlist/ed25519_syn.v, 8533
ed25519, "DFFNSRXL i_in_data_r_reg_46_( .D (i_in_data[46]),  .CKN (i_clk),  .SN (1'b1),  .RN (1'b1),  .Q (i_in_data_r[46]));"
  The above instance has fewer port connections than the module definition.
  Please use '+lint=TFIPC-L' to print out detailed information of unconnected 
  ports.


Warning-[TFIPC] Too few instance port connections
../02_SYN/Netlist/ed25519_syn.v, 8535
ed25519, "DFFNSRXL i_in_data_r_reg_45_( .D (i_in_data[45]),  .CKN (i_clk),  .SN (1'b1),  .RN (1'b1),  .Q (i_in_data_r[45]));"
  The above instance has fewer port connections than the module definition.
  Please use '+lint=TFIPC-L' to print out detailed information of unconnected 
  ports.


Warning-[TFIPC] Too few instance port connections
../02_SYN/Netlist/ed25519_syn.v, 8537
ed25519, "DFFNSRXL i_in_data_r_reg_44_( .D (i_in_data[44]),  .CKN (i_clk),  .SN (1'b1),  .RN (1'b1),  .Q (i_in_data_r[44]));"
  The above instance has fewer port connections than the module definition.
  Please use '+lint=TFIPC-L' to print out detailed information of unconnected 
  ports.


Warning-[TFIPC] Too few instance port connections
../02_SYN/Netlist/ed25519_syn.v, 8539
ed25519, "DFFNSRXL i_in_data_r_reg_43_( .D (i_in_data[43]),  .CKN (i_clk),  .SN (1'b1),  .RN (1'b1),  .Q (i_in_data_r[43]));"
  The above instance has fewer port connections than the module definition.
  Please use '+lint=TFIPC-L' to print out detailed information of unconnected 
  ports.


Warning-[TFIPC] Too few instance port connections
../02_SYN/Netlist/ed25519_syn.v, 8541
ed25519, "DFFNSRXL i_in_data_r_reg_42_( .D (i_in_data[42]),  .CKN (i_clk),  .SN (1'b1),  .RN (1'b1),  .Q (i_in_data_r[42]));"
  The above instance has fewer port connections than the module definition.
  Please use '+lint=TFIPC-L' to print out detailed information of unconnected 
  ports.


Warning-[TFIPC] Too few instance port connections
../02_SYN/Netlist/ed25519_syn.v, 8543
ed25519, "DFFNSRXL i_in_data_r_reg_41_( .D (i_in_data[41]),  .CKN (i_clk),  .SN (1'b1),  .RN (1'b1),  .Q (i_in_data_r[41]));"
  The above instance has fewer port connections than the module definition.
  Please use '+lint=TFIPC-L' to print out detailed information of unconnected 
  ports.


Warning-[TFIPC] Too few instance port connections
../02_SYN/Netlist/ed25519_syn.v, 8545
ed25519, "DFFNSRXL i_in_data_r_reg_40_( .D (i_in_data[40]),  .CKN (i_clk),  .SN (1'b1),  .RN (1'b1),  .Q (i_in_data_r[40]));"
  The above instance has fewer port connections than the module definition.
  Please use '+lint=TFIPC-L' to print out detailed information of unconnected 
  ports.


Warning-[TFIPC] Too few instance port connections
../02_SYN/Netlist/ed25519_syn.v, 8547
ed25519, "DFFNSRXL i_in_data_r_reg_38_( .D (i_in_data[38]),  .CKN (i_clk),  .SN (1'b1),  .RN (1'b1),  .Q (i_in_data_r[38]));"
  The above instance has fewer port connections than the module definition.
  Please use '+lint=TFIPC-L' to print out detailed information of unconnected 
  ports.


Warning-[TFIPC] Too few instance port connections
../02_SYN/Netlist/ed25519_syn.v, 8549
ed25519, "DFFNSRXL i_in_data_r_reg_37_( .D (i_in_data[37]),  .CKN (i_clk),  .SN (1'b1),  .RN (1'b1),  .Q (i_in_data_r[37]));"
  The above instance has fewer port connections than the module definition.
  Please use '+lint=TFIPC-L' to print out detailed information of unconnected 
  ports.


Warning-[TFIPC] Too few instance port connections
../02_SYN/Netlist/ed25519_syn.v, 8551
ed25519, "DFFNSRXL i_in_data_r_reg_36_( .D (i_in_data[36]),  .CKN (i_clk),  .SN (1'b1),  .RN (1'b1),  .Q (i_in_data_r[36]));"
  The above instance has fewer port connections than the module definition.
  Please use '+lint=TFIPC-L' to print out detailed information of unconnected 
  ports.


Warning-[TFIPC] Too few instance port connections
../02_SYN/Netlist/ed25519_syn.v, 8553
ed25519, "DFFNSRXL i_in_data_r_reg_35_( .D (i_in_data[35]),  .CKN (i_clk),  .SN (1'b1),  .RN (1'b1),  .Q (i_in_data_r[35]));"
  The above instance has fewer port connections than the module definition.
  Please use '+lint=TFIPC-L' to print out detailed information of unconnected 
  ports.


Warning-[TFIPC] Too few instance port connections
../02_SYN/Netlist/ed25519_syn.v, 8555
ed25519, "DFFNSRXL i_in_data_r_reg_34_( .D (i_in_data[34]),  .CKN (i_clk),  .SN (1'b1),  .RN (1'b1),  .Q (i_in_data_r[34]));"
  The above instance has fewer port connections than the module definition.
  Please use '+lint=TFIPC-L' to print out detailed information of unconnected 
  ports.


Warning-[TFIPC] Too few instance port connections
../02_SYN/Netlist/ed25519_syn.v, 8557
ed25519, "DFFNSRXL i_in_data_r_reg_33_( .D (i_in_data[33]),  .CKN (i_clk),  .SN (1'b1),  .RN (1'b1),  .Q (i_in_data_r[33]));"
  The above instance has fewer port connections than the module definition.
  Please use '+lint=TFIPC-L' to print out detailed information of unconnected 
  ports.


Warning-[TFIPC] Too few instance port connections
../02_SYN/Netlist/ed25519_syn.v, 8559
ed25519, "DFFNSRXL i_in_data_r_reg_32_( .D (i_in_data[32]),  .CKN (i_clk),  .SN (1'b1),  .RN (1'b1),  .Q (i_in_data_r[32]));"
  The above instance has fewer port connections than the module definition.
  Please use '+lint=TFIPC-L' to print out detailed information of unconnected 
  ports.


Warning-[TFIPC] Too few instance port connections
../02_SYN/Netlist/ed25519_syn.v, 8561
ed25519, "DFFNSRXL i_in_data_r_reg_31_( .D (i_in_data[31]),  .CKN (i_clk),  .SN (1'b1),  .RN (1'b1),  .Q (i_in_data_r[31]));"
  The above instance has fewer port connections than the module definition.
  Please use '+lint=TFIPC-L' to print out detailed information of unconnected 
  ports.


Warning-[TFIPC] Too few instance port connections
../02_SYN/Netlist/ed25519_syn.v, 8563
ed25519, "DFFNSRXL i_in_data_r_reg_30_( .D (i_in_data[30]),  .CKN (i_clk),  .SN (1'b1),  .RN (1'b1),  .Q (i_in_data_r[30]));"
  The above instance has fewer port connections than the module definition.
  Please use '+lint=TFIPC-L' to print out detailed information of unconnected 
  ports.


Warning-[TFIPC] Too few instance port connections
../02_SYN/Netlist/ed25519_syn.v, 8565
ed25519, "DFFNSRXL i_in_data_r_reg_29_( .D (i_in_data[29]),  .CKN (i_clk),  .SN (1'b1),  .RN (1'b1),  .Q (i_in_data_r[29]));"
  The above instance has fewer port connections than the module definition.
  Please use '+lint=TFIPC-L' to print out detailed information of unconnected 
  ports.


Warning-[TFIPC] Too few instance port connections
../02_SYN/Netlist/ed25519_syn.v, 8567
ed25519, "DFFNSRXL i_in_data_r_reg_28_( .D (i_in_data[28]),  .CKN (i_clk),  .SN (1'b1),  .RN (1'b1),  .Q (i_in_data_r[28]));"
  The above instance has fewer port connections than the module definition.
  Please use '+lint=TFIPC-L' to print out detailed information of unconnected 
  ports.


Warning-[TFIPC] Too few instance port connections
../02_SYN/Netlist/ed25519_syn.v, 8569
ed25519, "DFFNSRXL i_in_data_r_reg_27_( .D (i_in_data[27]),  .CKN (i_clk),  .SN (1'b1),  .RN (1'b1),  .Q (i_in_data_r[27]));"
  The above instance has fewer port connections than the module definition.
  Please use '+lint=TFIPC-L' to print out detailed information of unconnected 
  ports.


Warning-[TFIPC] Too few instance port connections
../02_SYN/Netlist/ed25519_syn.v, 8571
ed25519, "DFFNSRXL i_in_data_r_reg_26_( .D (i_in_data[26]),  .CKN (i_clk),  .SN (1'b1),  .RN (1'b1),  .Q (i_in_data_r[26]));"
  The above instance has fewer port connections than the module definition.
  Please use '+lint=TFIPC-L' to print out detailed information of unconnected 
  ports.


Warning-[TFIPC] Too few instance port connections
../02_SYN/Netlist/ed25519_syn.v, 8573
ed25519, "DFFNSRXL i_in_data_r_reg_25_( .D (i_in_data[25]),  .CKN (i_clk),  .SN (1'b1),  .RN (1'b1),  .Q (i_in_data_r[25]));"
  The above instance has fewer port connections than the module definition.
  Please use '+lint=TFIPC-L' to print out detailed information of unconnected 
  ports.


Warning-[TFIPC] Too few instance port connections
../02_SYN/Netlist/ed25519_syn.v, 8575
ed25519, "DFFNSRXL i_in_data_r_reg_23_( .D (i_in_data[23]),  .CKN (i_clk),  .SN (1'b1),  .RN (1'b1),  .Q (i_in_data_r[23]));"
  The above instance has fewer port connections than the module definition.
  Please use '+lint=TFIPC-L' to print out detailed information of unconnected 
  ports.


Warning-[TFIPC] Too few instance port connections
../02_SYN/Netlist/ed25519_syn.v, 8577
ed25519, "DFFNSRXL i_in_data_r_reg_22_( .D (i_in_data[22]),  .CKN (i_clk),  .SN (1'b1),  .RN (1'b1),  .Q (i_in_data_r[22]));"
  The above instance has fewer port connections than the module definition.
  Please use '+lint=TFIPC-L' to print out detailed information of unconnected 
  ports.


Warning-[TFIPC] Too few instance port connections
../02_SYN/Netlist/ed25519_syn.v, 8579
ed25519, "DFFNSRXL i_in_data_r_reg_21_( .D (i_in_data[21]),  .CKN (i_clk),  .SN (1'b1),  .RN (1'b1),  .Q (i_in_data_r[21]));"
  The above instance has fewer port connections than the module definition.
  Please use '+lint=TFIPC-L' to print out detailed information of unconnected 
  ports.


Warning-[TFIPC] Too few instance port connections
../02_SYN/Netlist/ed25519_syn.v, 8581
ed25519, "DFFNSRXL i_in_data_r_reg_20_( .D (i_in_data[20]),  .CKN (i_clk),  .SN (1'b1),  .RN (1'b1),  .Q (i_in_data_r[20]));"
  The above instance has fewer port connections than the module definition.
  Please use '+lint=TFIPC-L' to print out detailed information of unconnected 
  ports.


Warning-[TFIPC] Too few instance port connections
../02_SYN/Netlist/ed25519_syn.v, 8583
ed25519, "DFFNSRXL i_in_data_r_reg_19_( .D (i_in_data[19]),  .CKN (i_clk),  .SN (1'b1),  .RN (1'b1),  .Q (i_in_data_r[19]));"
  The above instance has fewer port connections than the module definition.
  Please use '+lint=TFIPC-L' to print out detailed information of unconnected 
  ports.


Warning-[TFIPC] Too few instance port connections
../02_SYN/Netlist/ed25519_syn.v, 8585
ed25519, "DFFNSRXL i_in_data_r_reg_18_( .D (i_in_data[18]),  .CKN (i_clk),  .SN (1'b1),  .RN (1'b1),  .Q (i_in_data_r[18]));"
  The above instance has fewer port connections than the module definition.
  Please use '+lint=TFIPC-L' to print out detailed information of unconnected 
  ports.


Warning-[TFIPC] Too few instance port connections
../02_SYN/Netlist/ed25519_syn.v, 8587
ed25519, "DFFNSRXL i_in_data_r_reg_17_( .D (i_in_data[17]),  .CKN (i_clk),  .SN (1'b1),  .RN (1'b1),  .Q (i_in_data_r[17]));"
  The above instance has fewer port connections than the module definition.
  Please use '+lint=TFIPC-L' to print out detailed information of unconnected 
  ports.


Warning-[TFIPC] Too few instance port connections
../02_SYN/Netlist/ed25519_syn.v, 8589
ed25519, "DFFNSRXL i_in_data_r_reg_16_( .D (i_in_data[16]),  .CKN (i_clk),  .SN (1'b1),  .RN (1'b1),  .Q (i_in_data_r[16]));"
  The above instance has fewer port connections than the module definition.
  Please use '+lint=TFIPC-L' to print out detailed information of unconnected 
  ports.


Warning-[TFIPC] Too few instance port connections
../02_SYN/Netlist/ed25519_syn.v, 8591
ed25519, "DFFNSRXL i_in_data_r_reg_15_( .D (i_in_data[15]),  .CKN (i_clk),  .SN (1'b1),  .RN (1'b1),  .Q (i_in_data_r[15]));"
  The above instance has fewer port connections than the module definition.
  Please use '+lint=TFIPC-L' to print out detailed information of unconnected 
  ports.


Warning-[TFIPC] Too few instance port connections
../02_SYN/Netlist/ed25519_syn.v, 8593
ed25519, "DFFNSRXL i_in_data_r_reg_14_( .D (i_in_data[14]),  .CKN (i_clk),  .SN (1'b1),  .RN (1'b1),  .Q (i_in_data_r[14]));"
  The above instance has fewer port connections than the module definition.
  Please use '+lint=TFIPC-L' to print out detailed information of unconnected 
  ports.


Warning-[TFIPC] Too few instance port connections
../02_SYN/Netlist/ed25519_syn.v, 8595
ed25519, "DFFNSRXL i_in_data_r_reg_13_( .D (i_in_data[13]),  .CKN (i_clk),  .SN (1'b1),  .RN (1'b1),  .Q (i_in_data_r[13]));"
  The above instance has fewer port connections than the module definition.
  Please use '+lint=TFIPC-L' to print out detailed information of unconnected 
  ports.


Warning-[TFIPC] Too few instance port connections
../02_SYN/Netlist/ed25519_syn.v, 8597
ed25519, "DFFNSRXL i_in_data_r_reg_12_( .D (i_in_data[12]),  .CKN (i_clk),  .SN (1'b1),  .RN (1'b1),  .Q (i_in_data_r[12]));"
  The above instance has fewer port connections than the module definition.
  Please use '+lint=TFIPC-L' to print out detailed information of unconnected 
  ports.


Warning-[TFIPC] Too few instance port connections
../02_SYN/Netlist/ed25519_syn.v, 8599
ed25519, "DFFNSRXL i_in_data_r_reg_11_( .D (i_in_data[11]),  .CKN (i_clk),  .SN (1'b1),  .RN (1'b1),  .Q (i_in_data_r[11]));"
  The above instance has fewer port connections than the module definition.
  Please use '+lint=TFIPC-L' to print out detailed information of unconnected 
  ports.


Warning-[TFIPC] Too few instance port connections
../02_SYN/Netlist/ed25519_syn.v, 8601
ed25519, "DFFNSRXL i_in_data_r_reg_10_( .D (i_in_data[10]),  .CKN (i_clk),  .SN (1'b1),  .RN (1'b1),  .Q (i_in_data_r[10]));"
  The above instance has fewer port connections than the module definition.
  Please use '+lint=TFIPC-L' to print out detailed information of unconnected 
  ports.


Warning-[TFIPC] Too few instance port connections
../02_SYN/Netlist/ed25519_syn.v, 8603
ed25519, "DFFNSRXL i_in_data_r_reg_8_( .D (i_in_data[8]),  .CKN (i_clk),  .SN (1'b1),  .RN (1'b1),  .Q (i_in_data_r[8]));"
  The above instance has fewer port connections than the module definition.
  Please use '+lint=TFIPC-L' to print out detailed information of unconnected 
  ports.


Warning-[TFIPC] Too few instance port connections
../02_SYN/Netlist/ed25519_syn.v, 8605
ed25519, "DFFNSRXL i_in_data_r_reg_7_( .D (i_in_data[7]),  .CKN (i_clk),  .SN (1'b1),  .RN (1'b1),  .Q (i_in_data_r[7]));"
  The above instance has fewer port connections than the module definition.
  Please use '+lint=TFIPC-L' to print out detailed information of unconnected 
  ports.


Warning-[TFIPC] Too few instance port connections
../02_SYN/Netlist/ed25519_syn.v, 8607
ed25519, "DFFNSRXL i_in_data_r_reg_6_( .D (i_in_data[6]),  .CKN (i_clk),  .SN (1'b1),  .RN (1'b1),  .Q (i_in_data_r[6]));"
  The above instance has fewer port connections than the module definition.
  Please use '+lint=TFIPC-L' to print out detailed information of unconnected 
  ports.


Warning-[TFIPC] Too few instance port connections
../02_SYN/Netlist/ed25519_syn.v, 8609
ed25519, "DFFNSRXL i_in_data_r_reg_5_( .D (i_in_data[5]),  .CKN (i_clk),  .SN (1'b1),  .RN (1'b1),  .Q (i_in_data_r[5]));"
  The above instance has fewer port connections than the module definition.
  Please use '+lint=TFIPC-L' to print out detailed information of unconnected 
  ports.


Warning-[TFIPC] Too few instance port connections
../02_SYN/Netlist/ed25519_syn.v, 8611
ed25519, "DFFNSRXL i_in_data_r_reg_4_( .D (i_in_data[4]),  .CKN (i_clk),  .SN (1'b1),  .RN (1'b1),  .Q (i_in_data_r[4]));"
  The above instance has fewer port connections than the module definition.
  Please use '+lint=TFIPC-L' to print out detailed information of unconnected 
  ports.


Warning-[TFIPC] Too few instance port connections
../02_SYN/Netlist/ed25519_syn.v, 8613
ed25519, "DFFNSRXL i_in_data_r_reg_3_( .D (i_in_data[3]),  .CKN (i_clk),  .SN (1'b1),  .RN (1'b1),  .Q (i_in_data_r[3]));"
  The above instance has fewer port connections than the module definition.
  Please use '+lint=TFIPC-L' to print out detailed information of unconnected 
  ports.


Warning-[TFIPC] Too few instance port connections
../02_SYN/Netlist/ed25519_syn.v, 8615
ed25519, "DFFNSRXL i_in_data_r_reg_2_( .D (i_in_data[2]),  .CKN (i_clk),  .SN (1'b1),  .RN (1'b1),  .Q (i_in_data_r[2]));"
  The above instance has fewer port connections than the module definition.
  Please use '+lint=TFIPC-L' to print out detailed information of unconnected 
  ports.


Warning-[TFIPC] Too few instance port connections
../02_SYN/Netlist/ed25519_syn.v, 8617
ed25519, "DFFNSRXL i_in_data_r_reg_1_( .D (i_in_data[1]),  .CKN (i_clk),  .SN (1'b1),  .RN (1'b1),  .Q (i_in_data_r[1]));"
  The above instance has fewer port connections than the module definition.
  Please use '+lint=TFIPC-L' to print out detailed information of unconnected 
  ports.


Warning-[TFIPC] Too few instance port connections
../02_SYN/Netlist/ed25519_syn.v, 8696
ed25519, "DFFNSRX1 i_in_data_r_reg_54_( .D (i_in_data[54]),  .CKN (i_clk),  .SN (1'b1),  .RN (1'b1),  .Q (i_in_data_r[54]));"
  The above instance has fewer port connections than the module definition.
  Please use '+lint=TFIPC-L' to print out detailed information of unconnected 
  ports.


Warning-[TFIPC] Too few instance port connections
../02_SYN/Netlist/ed25519_syn.v, 8698
ed25519, "DFFNSRX1 i_in_data_r_reg_39_( .D (i_in_data[39]),  .CKN (i_clk),  .SN (1'b1),  .RN (1'b1),  .Q (i_in_data_r[39]));"
  The above instance has fewer port connections than the module definition.
  Please use '+lint=TFIPC-L' to print out detailed information of unconnected 
  ports.


Warning-[TFIPC] Too few instance port connections
../02_SYN/Netlist/ed25519_syn.v, 8700
ed25519, "DFFNSRX1 i_in_data_r_reg_24_( .D (i_in_data[24]),  .CKN (i_clk),  .SN (1'b1),  .RN (1'b1),  .Q (i_in_data_r[24]));"
  The above instance has fewer port connections than the module definition.
  Please use '+lint=TFIPC-L' to print out detailed information of unconnected 
  ports.


Warning-[TFIPC] Too few instance port connections
../02_SYN/Netlist/ed25519_syn.v, 8702
ed25519, "DFFNSRX1 i_in_data_r_reg_9_( .D (i_in_data[9]),  .CKN (i_clk),  .SN (1'b1),  .RN (1'b1),  .Q (i_in_data_r[9]));"
  The above instance has fewer port connections than the module definition.
  Please use '+lint=TFIPC-L' to print out detailed information of unconnected 
  ports.


Warning-[TFIPC] Too few instance port connections
../02_SYN/Netlist/ed25519_syn.v, 8704
ed25519, "DFFNSRX1 i_in_data_r_reg_0_( .D (i_in_data[0]),  .CKN (i_clk),  .SN (1'b1),  .RN (1'b1),  .Q (i_in_data_r[0]));"
  The above instance has fewer port connections than the module definition.
  Please use '+lint=TFIPC-L' to print out detailed information of unconnected 
  ports.


   ***   $sdf_annotate() version 1.2R
   ***    SDF file: "../02_SYN/Netlist/ed25519_syn.sdf"
   ***    Annotation scope: testbench.u_ed25519
   ***    No MTM selection argument specified
   ***    No SCALE FACTORS argument specified
   ***    No SCALE TYPE argument specified
   ***    MTM selection defaulted to "TOOL_CONTROL":
               (+maxdelays compiled, MAXIMUM delays selected)
   ***    SCALE FACTORS defaulted to "1.0:1.0:1.0":
   ***    SCALE TYPE defaulted to: "FROM_MTM"
   ***    Turnoff delay: "FROM_FILE"
   ***    Approximation (mipd) policy: "MAXIMUM"

   ***    SDF annotation begin: Tue Dec 10 01:49:59 2024


SDF Info: +pulse_r/100, +pulse_e/100 in effect

Warning-[SDFCOM_SWC] Simple Wire Connection
../02_SYN/Netlist/ed25519_syn.sdf, 31914
module: DFFQX1, "instance: testbench.u_ed25519.modular_mult_inst.modular_add_sub_inst_C_reg_0_"
  SDF Warning: The path from modular_mult_inst.modular_add_sub_inst_C_reg_0_.Q
  to U29025.B doesn't have a simple wire connection, delay will still be 
  annotated.


Warning-[SDFCOM_SWC] Simple Wire Connection
../02_SYN/Netlist/ed25519_syn.sdf, 32778
module: DFFQX1, "instance: testbench.u_ed25519.modular_mult_inst.modular_add_sub_inst_C_reg_240_"
  SDF Warning: The path from 
  modular_mult_inst.modular_add_sub_inst_C_reg_240_.Q to U28719.A doesn't have
  a simple wire connection, delay will still be annotated.


Warning-[SDFCOM_SWC] Simple Wire Connection
../02_SYN/Netlist/ed25519_syn.sdf, 32804
module: DFFQX1, "instance: testbench.u_ed25519.modular_mult_inst.modular_add_sub_inst_C_reg_156_"
  SDF Warning: The path from 
  modular_mult_inst.modular_add_sub_inst_C_reg_156_.Q to U28707.A doesn't have
  a simple wire connection, delay will still be annotated.


Warning-[SDFCOM_SWC] Simple Wire Connection
../02_SYN/Netlist/ed25519_syn.sdf, 32978
module: DFFQX1, "instance: testbench.u_ed25519.modular_mult_inst.modular_add_sub_inst_C_reg_153_"
  SDF Warning: The path from 
  modular_mult_inst.modular_add_sub_inst_C_reg_153_.Q to U28641.A doesn't have
  a simple wire connection, delay will still be annotated.


Warning-[SDFCOM_SWC] Simple Wire Connection
../02_SYN/Netlist/ed25519_syn.sdf, 33206
module: DFFQX1, "instance: testbench.u_ed25519.modular_mult_inst.modular_add_sub_inst_C_reg_238_"
  SDF Warning: The path from 
  modular_mult_inst.modular_add_sub_inst_C_reg_238_.Q to U28557.A doesn't have
  a simple wire connection, delay will still be annotated.


Warning-[SDFCOM_SWC] Simple Wire Connection
../02_SYN/Netlist/ed25519_syn.sdf, 33438
module: DFFQX1, "instance: testbench.u_ed25519.modular_mult_inst.modular_add_sub_inst_C_reg_152_"
  SDF Warning: The path from 
  modular_mult_inst.modular_add_sub_inst_C_reg_152_.Q to U28469.A doesn't have
  a simple wire connection, delay will still be annotated.


Warning-[SDFCOM_SWC] Simple Wire Connection
../02_SYN/Netlist/ed25519_syn.sdf, 33874
module: DFFQX1, "instance: testbench.u_ed25519.modular_mult_inst.modular_add_sub_inst_C_reg_242_"
  SDF Warning: The path from 
  modular_mult_inst.modular_add_sub_inst_C_reg_242_.Q to U28304.A doesn't have
  a simple wire connection, delay will still be annotated.


Warning-[SDFCOM_SWC] Simple Wire Connection
../02_SYN/Netlist/ed25519_syn.sdf, 34131
module: DFFQX1, "instance: testbench.u_ed25519.modular_mult_inst.modular_add_sub_inst_C_reg_149_"
  SDF Warning: The path from 
  modular_mult_inst.modular_add_sub_inst_C_reg_149_.Q to U28192.A doesn't have
  a simple wire connection, delay will still be annotated.


Warning-[SDFCOM_SWC] Simple Wire Connection
../02_SYN/Netlist/ed25519_syn.sdf, 34860
module: DFFQX1, "instance: testbench.u_ed25519.modular_mult_inst.modular_add_sub_inst_C_reg_142_"
  SDF Warning: The path from 
  modular_mult_inst.modular_add_sub_inst_C_reg_142_.Q to U27923.B1 doesn't 
  have a simple wire connection, delay will still be annotated.

All future warnings not reported; use +sdfverbose to report them.

Warning-[SDFCOM_SWC] Simple Wire Connection
../02_SYN/Netlist/ed25519_syn.sdf, 34870
module: DFFQX1, "instance: testbench.u_ed25519.modular_mult_inst.modular_add_sub_inst_C_reg_117_"
  SDF Warning: The path from 
  modular_mult_inst.modular_add_sub_inst_C_reg_117_.Q to U27920.B1 doesn't 
  have a simple wire connection, delay will still be annotated.


          Total errors: 0
          Total warnings: 11
   ***    SDF annotation completed: Tue Dec 10 01:50:01 2024



Warning-[SDFCOM_NTCDTL] NTC Delay is larger than ModPath Delay
/home/raid7_2/course/cvsd/CBDK_IC_Contest/CIC/Verilog/tsmc13_neg.v, 26810
instance: testbench.u_ed25519.redZ_b_in_w_reg_0_
  Negative Timing Check delay of signal "negedge D" is "197",
  which is larger than module path delay "148" 

the relevant timing check as below,
("/home/raid7_2/course/cvsd/CBDK_IC_Contest/CIC/Verilog/tsmc13_neg.v", 26816, $setuphold(negedge G &&& (SandR == 1'b1), negedge D,... ))


Warning-[SDFCOM_NTCDTL] NTC Delay is larger than ModPath Delay
/home/raid7_2/course/cvsd/CBDK_IC_Contest/CIC/Verilog/tsmc13_neg.v, 26810
instance: testbench.u_ed25519.redZ_b_in_w_reg_255_
  Negative Timing Check delay of signal "negedge D" is "197",
  which is larger than module path delay "164" 

the relevant timing check as below,
("/home/raid7_2/course/cvsd/CBDK_IC_Contest/CIC/Verilog/tsmc13_neg.v", 26816, $setuphold(negedge G &&& (SandR == 1'b1), negedge D,... ))

Starting vcs inline pass...
177 modules and 3 UDPs read.
recompiling module testbench
recompiling module clk_gen
Both modules done.
	However, due to incremental compilation, only 2 modules need to be compiled. 
rm -f _cuarc*.so _csrc*.so pre_vcsobj_*.so share_vcsobj_*.so
ld -shared  -Bsymbolic   -o .//../simv.daidir//_cuarc0.so objs/amcQw_d.o 
rm -f _cuarc0.so
if [ -x ../simv ]; then chmod a-x ../simv; fi
g++  -o ../simv      -rdynamic  -Wl,-rpath='$ORIGIN'/simv.daidir -Wl,-rpath=./simv.daidir -Wl,-rpath=/usr/cad/synopsys/vcs/2022.06/linux64/lib -L/usr/cad/synopsys/vcs/2022.06/linux64/lib  -Wl,-rpath-link=./  /usr/lib64/libnuma.so.1     _187105_archive_1.so _prev_archive_1.so _cuarc0.so objs/udps/U7Vwg.o objs/udps/exIG1.o objs/udps/gSqMj.o  SIM_l.o      rmapats_mop.o rmapats.o rmar.o rmar_nd.o  rmar_llvm_0_1.o rmar_llvm_0_0.o           -lvirsim -lerrorinf -lsnpsmalloc -lvfs /usr/cad/synopsys/verdi/cur/share/PLI/VCS/LINUX64/pli.a    -lvcsnew -lsimprofile -luclinative /usr/cad/synopsys/vcs/2022.06/linux64/lib/vcs_tls.o   -Wl,-whole-archive  -lvcsucli    -Wl,-no-whole-archive        _vcs_pli_stub_.o   /usr/cad/synopsys/vcs/2022.06/linux64/lib/vcs_save_restore_new.o -ldl  -lc -lm -lpthread -ldl 
../simv up to date
Chronologic VCS simulator copyright 1991-2022
Contains Synopsys proprietary information.
Compiler version T-2022.06_Full64; Runtime version T-2022.06_Full64;  Dec 10 01:50 2024
Doing SDF annotation ...... Done
 5347325870405280762153859591045764298592379460295841875875733337631247918392422
*Verdi* Loading libsscore_vcs202206.so
*Verdi* WARNING: No '-debug_access' in VCS compile options
FSDB Dumper for VCS, Release Verdi_T-2022.06, Linux x86_64/64bit, 05/29/2022
(C) 1996 - 2022 by Synopsys, Inc.
*Verdi* FSDB WARNING: The FSDB file already exists. Overwriting the FSDB file may crash the programs that are using this file.
*Verdi* : Create FSDB file 'ed25519_gate.fsdb'
*Verdi* : Begin traversing the scope (testbench), layer (0).
*Verdi* : Enable +mda dumping.
*Verdi* : End of traversing.

"/home/raid7_2/course/cvsd/CBDK_IC_Contest/CIC/Verilog/tsmc13_neg.v", 26817: Timing violation in testbench.u_ed25519.next_inv_state_reg_0_
    $width( posedge G &&& (SandR == 1'b1):1105639,  : 1105802, limit: 166 );


"/home/raid7_2/course/cvsd/CBDK_IC_Contest/CIC/Verilog/tsmc13_neg.v", 26817: Timing violation in testbench.u_ed25519.next_inv_state_reg_1_
    $width( posedge G &&& (SandR == 1'b1):1105639,  : 1105802, limit: 166 );


"/home/raid7_2/course/cvsd/CBDK_IC_Contest/CIC/Verilog/tsmc13_neg.v", 26817: Timing violation in testbench.u_ed25519.next_inv_state_reg_0_
    $width( posedge G &&& (SandR == 1'b1):3265639,  : 3265802, limit: 166 );


"/home/raid7_2/course/cvsd/CBDK_IC_Contest/CIC/Verilog/tsmc13_neg.v", 26817: Timing violation in testbench.u_ed25519.next_inv_state_reg_1_
    $width( posedge G &&& (SandR == 1'b1):3265639,  : 3265802, limit: 166 );


"/home/raid7_2/course/cvsd/CBDK_IC_Contest/CIC/Verilog/tsmc13_neg.v", 26817: Timing violation in testbench.u_ed25519.next_inv_state_reg_0_
    $width( posedge G &&& (SandR == 1'b1):5665639,  : 5665802, limit: 166 );


"/home/raid7_2/course/cvsd/CBDK_IC_Contest/CIC/Verilog/tsmc13_neg.v", 26817: Timing violation in testbench.u_ed25519.next_inv_state_reg_1_
    $width( posedge G &&& (SandR == 1'b1):5665639,  : 5665802, limit: 166 );


"/home/raid7_2/course/cvsd/CBDK_IC_Contest/CIC/Verilog/tsmc13_neg.v", 26817: Timing violation in testbench.u_ed25519.next_inv_state_reg_0_
    $width( posedge G &&& (SandR == 1'b1):8655639,  : 8655802, limit: 166 );


"/home/raid7_2/course/cvsd/CBDK_IC_Contest/CIC/Verilog/tsmc13_neg.v", 26817: Timing violation in testbench.u_ed25519.next_inv_state_reg_1_
    $width( posedge G &&& (SandR == 1'b1):8655639,  : 8655802, limit: 166 );


"/home/raid7_2/course/cvsd/CBDK_IC_Contest/CIC/Verilog/tsmc13_neg.v", 26817: Timing violation in testbench.u_ed25519.next_inv_state_reg_0_
    $width( posedge G &&& (SandR == 1'b1):10815639,  : 10815802, limit: 166 );


"/home/raid7_2/course/cvsd/CBDK_IC_Contest/CIC/Verilog/tsmc13_neg.v", 26817: Timing violation in testbench.u_ed25519.next_inv_state_reg_1_
    $width( posedge G &&& (SandR == 1'b1):10815639,  : 10815802, limit: 166 );


"/home/raid7_2/course/cvsd/CBDK_IC_Contest/CIC/Verilog/tsmc13_neg.v", 26817: Timing violation in testbench.u_ed25519.next_inv_state_reg_0_
    $width( posedge G &&& (SandR == 1'b1):12975639,  : 12975802, limit: 166 );


"/home/raid7_2/course/cvsd/CBDK_IC_Contest/CIC/Verilog/tsmc13_neg.v", 26817: Timing violation in testbench.u_ed25519.next_inv_state_reg_1_
    $width( posedge G &&& (SandR == 1'b1):12975639,  : 12975802, limit: 166 );


"/home/raid7_2/course/cvsd/CBDK_IC_Contest/CIC/Verilog/tsmc13_neg.v", 26817: Timing violation in testbench.u_ed25519.next_inv_state_reg_0_
    $width( posedge G &&& (SandR == 1'b1):15375639,  : 15375802, limit: 166 );


"/home/raid7_2/course/cvsd/CBDK_IC_Contest/CIC/Verilog/tsmc13_neg.v", 26817: Timing violation in testbench.u_ed25519.next_inv_state_reg_1_
    $width( posedge G &&& (SandR == 1'b1):15375639,  : 15375802, limit: 166 );


"/home/raid7_2/course/cvsd/CBDK_IC_Contest/CIC/Verilog/tsmc13_neg.v", 26817: Timing violation in testbench.u_ed25519.next_inv_state_reg_0_
    $width( posedge G &&& (SandR == 1'b1):18365639,  : 18365802, limit: 166 );


"/home/raid7_2/course/cvsd/CBDK_IC_Contest/CIC/Verilog/tsmc13_neg.v", 26817: Timing violation in testbench.u_ed25519.next_inv_state_reg_1_
    $width( posedge G &&& (SandR == 1'b1):18365639,  : 18365802, limit: 166 );


"/home/raid7_2/course/cvsd/CBDK_IC_Contest/CIC/Verilog/tsmc13_neg.v", 26817: Timing violation in testbench.u_ed25519.next_inv_state_reg_0_
    $width( posedge G &&& (SandR == 1'b1):20525639,  : 20525802, limit: 166 );


"/home/raid7_2/course/cvsd/CBDK_IC_Contest/CIC/Verilog/tsmc13_neg.v", 26817: Timing violation in testbench.u_ed25519.next_inv_state_reg_1_
    $width( posedge G &&& (SandR == 1'b1):20525639,  : 20525802, limit: 166 );


"/home/raid7_2/course/cvsd/CBDK_IC_Contest/CIC/Verilog/tsmc13_neg.v", 26817: Timing violation in testbench.u_ed25519.next_inv_state_reg_0_
    $width( posedge G &&& (SandR == 1'b1):22925639,  : 22925802, limit: 166 );


"/home/raid7_2/course/cvsd/CBDK_IC_Contest/CIC/Verilog/tsmc13_neg.v", 26817: Timing violation in testbench.u_ed25519.next_inv_state_reg_1_
    $width( posedge G &&& (SandR == 1'b1):22925639,  : 22925802, limit: 166 );


"/home/raid7_2/course/cvsd/CBDK_IC_Contest/CIC/Verilog/tsmc13_neg.v", 26817: Timing violation in testbench.u_ed25519.next_inv_state_reg_0_
    $width( posedge G &&& (SandR == 1'b1):25915639,  : 25915802, limit: 166 );


"/home/raid7_2/course/cvsd/CBDK_IC_Contest/CIC/Verilog/tsmc13_neg.v", 26817: Timing violation in testbench.u_ed25519.next_inv_state_reg_1_
    $width( posedge G &&& (SandR == 1'b1):25915639,  : 25915802, limit: 166 );


"/home/raid7_2/course/cvsd/CBDK_IC_Contest/CIC/Verilog/tsmc13_neg.v", 26817: Timing violation in testbench.u_ed25519.next_inv_state_reg_0_
    $width( posedge G &&& (SandR == 1'b1):28315639,  : 28315802, limit: 166 );


"/home/raid7_2/course/cvsd/CBDK_IC_Contest/CIC/Verilog/tsmc13_neg.v", 26817: Timing violation in testbench.u_ed25519.next_inv_state_reg_1_
    $width( posedge G &&& (SandR == 1'b1):28315639,  : 28315802, limit: 166 );

