read_file: info: using default project `spyglass-1.prj'
define.v core.v conv.v median.vcoreremove_option: info: option `ignoredu' is not set
sram_512x8current_goal: info: loading goal `Design_Read' with top `core' (in progress)
current_goal: info: finished loading goal `Design_Read' (ok)
current_goal: info: loading goal `lint/lint_rtl' with top `core' (in progress)
current_goal: info: finished loading goal `lint/lint_rtl' (ok)

INFO:    SpyGlass will run goal(s) 'lint/lint_rtl'.


RULE-CHECKING IN MIXED MODE
Loading spyglass (SpyGlass_vT-2022.06) ... (picked from /home/raid7_4/raid1_1/linux/synopsys/spyglass/2022.06/SPYGLASS_HOME/policies/spyglass)
Loading openmore (SpyGlass_vT-2022.06) ... (picked from /home/raid7_4/raid1_1/linux/synopsys/spyglass/2022.06/SPYGLASS_HOME/policies/openmore)
Loading starc (SpyGlass_vT-2022.06) ... (picked from /home/raid7_4/raid1_1/linux/synopsys/spyglass/2022.06/SPYGLASS_HOME/policies/starc)
Loading starc2005 (SpyGlass_vT-2022.06) ... (picked from /home/raid7_4/raid1_1/linux/synopsys/spyglass/2022.06/SPYGLASS_HOME/policies/starc2005)
Loading erc (SpyGlass_vT-2022.06) ... (picked from /home/raid7_4/raid1_1/linux/synopsys/spyglass/2022.06/SPYGLASS_HOME/policies/erc)
Loading simulation (SpyGlass_vT-2022.06) ... (picked from /home/raid7_4/raid1_1/linux/synopsys/spyglass/2022.06/SPYGLASS_HOME/policies/simulation)
Loading lint (SpyGlass_vT-2022.06) ... (picked from /home/raid7_4/raid1_1/linux/synopsys/spyglass/2022.06/SPYGLASS_HOME/policies/lint)
Loading latch (SpyGlass_vT-2022.06) ... (picked from /home/raid7_4/raid1_1/linux/synopsys/spyglass/2022.06/SPYGLASS_HOME/policies/latch)
Loading morelint (SpyGlass_vT-2022.06) ... (picked from /home/raid7_4/raid1_1/linux/synopsys/spyglass/2022.06/SPYGLASS_HOME/policies/morelint)
Loading timing (SpyGlass_vT-2022.06) ... (picked from /home/raid7_4/raid1_1/linux/synopsys/spyglass/2022.06/SPYGLASS_HOME/policies/timing)
Loading starc2002 (SpyGlass_vT-2022.06) ... (picked from /home/raid7_4/raid1_1/linux/synopsys/spyglass/2022.06/SPYGLASS_HOME/policies/starc2002)
Loading Audits (SpyGlass_vT-2022.06) ... (picked from /home/raid7_4/raid1_1/linux/synopsys/spyglass/2022.06/SPYGLASS_HOME/policies/Audits)
Loading area (SpyGlass_vT-2022.06) ... (picked from /home/raid7_4/raid1_1/linux/synopsys/spyglass/2022.06/SPYGLASS_HOME/policies/area)
Loading miscellaneous (SpyGlass_vT-2022.06) ... (picked from /home/raid7_4/raid1_1/linux/synopsys/spyglass/2022.06/SPYGLASS_HOME/policies/miscellaneous)
Loading starcad-21 (SpyGlass_vT-2022.06) ... (picked from /home/raid7_4/raid1_1/linux/synopsys/spyglass/2022.06/SPYGLASS_HOME/policies/starcad-21)
Loading txv (SpyGlass_vT-2022.06) ... (picked from /home/raid7_4/raid1_1/linux/synopsys/spyglass/2022.06/SPYGLASS_HOME/policies/txv)

TXV_INFO Parameter txv_extract_domain will be renamed to txv_domain_mode in future!

Loading power_est (SpyGlass_vT-2022.06) ... (picked from /home/raid7_4/raid1_1/linux/synopsys/spyglass/2022.06/SPYGLASS_HOME/policies/power_est)
Loading lowpower (5.6.1) ... (picked from /home/raid7_4/raid1_1/linux/synopsys/spyglass/2022.06/SPYGLASS_HOME/policies/lowpower)
Loading dft_dsm (SpyGlass_vT-2022.06) ... (picked from /home/raid7_4/raid1_1/linux/synopsys/spyglass/2022.06/SPYGLASS_HOME/policies/dft_dsm)
Loading dft (SpyGlass_vT-2022.06) ... (picked from /home/raid7_4/raid1_1/linux/synopsys/spyglass/2022.06/SPYGLASS_HOME/policies/dft)
Loading constraints (SpyGlass_vT-2022.06) ... (picked from /home/raid7_4/raid1_1/linux/synopsys/spyglass/2022.06/SPYGLASS_HOME/policies/constraints)
Loading const_intern1 (SpyGlass_vT-2022.06) ... (picked from /home/raid7_4/raid1_1/linux/synopsys/spyglass/2022.06/SPYGLASS_HOME/policies/constraints)
Loading clock-reset (SpyGlass_vT-2022.06) ... (picked from /home/raid7_4/raid1_1/linux/synopsys/spyglass/2022.06/SPYGLASS_HOME/policies/clock)

INFO [6]    Work Directory './spyglass-1/core/WORK' does not exist.

INFO [75]    Creating the Work Directory './spyglass-1/core/WORK/64' for 64bit  precompiled dump.
Checking Rule SGDC_power_est29 (Rule 1 of total 290) .... done (Time = 0.01s, Memory = 0.0K)
Checking Rule PECHECK04 (Rule 2 of total 290) .... done (Time = 0.03s, Memory = -2536.0K)
Checking Rule PECHECK18 (Rule 3 of total 290) .... done (Time = 0.00s, Memory = 8.0K)
Checking Rule PEMVDD01 (Rule 4 of total 290) .... done (Time = 0.00s, Memory = 0.0K)
Checking Rule PrecompileLibCheck01 (Rule 5 of total 290) .... done (Time = 0.00s, Memory = 0.0K)
Checking Rule PrecompileLibCheck02 (Rule 6 of total 290) .... done (Time = 0.00s, Memory = 0.0K)
Checking Rule PrecompileLibCheck03 (Rule 7 of total 290) .... done (Time = 0.00s, Memory = -2568.0K)
Checking Rule PrecompileLibCheck04 (Rule 8 of total 290) .... done (Time = 0.00s, Memory = 0.0K)
Checking Rule AbstractInterface (Rule 9 of total 290) .... done (Time = 0.00s, Memory = 32.0K)
Checking Rule SGDC_assume_path01 (Rule 10 of total 290) .... done (Time = 0.00s, Memory = 0.0K)
Checking Rule SGDC_sdcschema02 (Rule 11 of total 290) .... done (Time = 0.01s, Memory = 40.0K)
Checking Rule SGDC_clock05 (Rule 12 of total 290) .... done (Time = 0.00s, Memory = 0.0K)
Checking Rule SGDC_clock09 (Rule 13 of total 290) .... done (Time = 0.00s, Memory = 0.0K)
Checking Rule SGDC_force_ta05 (Rule 14 of total 290) .... done (Time = 0.00s, Memory = 0.0K)
Checking Rule SGDC_require_path03 (Rule 15 of total 290) .... done (Time = 0.00s, Memory = -32.0K)
Checking Rule SGDC_require_value03 (Rule 16 of total 290) .... done (Time = 0.00s, Memory = 8.0K)
Checking Rule SGDC_voltagedomain05 (Rule 17 of total 290) .... done (Time = 0.00s, Memory = 8.0K)
Checking Rule SGDC_voltagedomain06 (Rule 18 of total 290) .... done (Time = 0.00s, Memory = 0.0K)
Checking Rule SGDC_voltagedomain07 (Rule 19 of total 290) .... done (Time = 0.00s, Memory = 0.0K)
Checking Rule SGDC_powerdomainoutputs02 (Rule 20 of total 290) .... done (Time = 0.00s, Memory = 0.0K)
Checking Rule SGDC_supply01 (Rule 21 of total 290) .... done (Time = 0.00s, Memory = 16.0K)
Checking Rule SGDC_waive01 (Rule 22 of total 290) .... done (Time = 0.00s, Memory = 8.0K)
Checking Rule SGDC_waive02 (Rule 23 of total 290) .... done (Time = 0.00s, Memory = 8.0K)
Checking Rule SGDC_waive03 (Rule 24 of total 290) .... done (Time = 0.00s, Memory = 0.0K)
Checking Rule SGDC_waive04 (Rule 25 of total 290) .... done (Time = 0.00s, Memory = 0.0K)
Checking Rule SGDC_waive05 (Rule 26 of total 290) .... done (Time = 0.00s, Memory = 0.0K)
Checking Rule SGDC_waive06 (Rule 27 of total 290) .... done (Time = 0.00s, Memory = 0.0K)
Checking Rule SGDC_waive07 (Rule 28 of total 290) .... done (Time = 0.00s, Memory = 0.0K)
Checking Rule SGDC_waive08 (Rule 29 of total 290) .... done (Time = 0.00s, Memory = 0.0K)
Checking Rule SGDC_waive09 (Rule 30 of total 290) .... done (Time = 0.00s, Memory = 0.0K)
Checking Rule SGDC_waive10 (Rule 31 of total 290) .... done (Time = 0.00s, Memory = 0.0K)
Checking Rule SGDC_waive11 (Rule 32 of total 290) .... done (Time = 0.00s, Memory = 2576.0K)
Checking Rule SGDC_waive12 (Rule 33 of total 290) .... done (Time = 0.00s, Memory = 8.0K)
Checking Rule SGDC_waive13 (Rule 34 of total 290) .... done (Time = 0.00s, Memory = 0.0K)
Checking Rule SGDC_waive21 (Rule 35 of total 290) .... done (Time = 0.00s, Memory = 0.0K)
Checking Rule SGDC_waive22 (Rule 36 of total 290) .... done (Time = 0.00s, Memory = 0.0K)
Checking Rule SGDC_waive30 (Rule 37 of total 290) .... done (Time = 0.00s, Memory = 0.0K)
Checking Rule SGDC_waive32 (Rule 38 of total 290) .... done (Time = 0.00s, Memory = 0.0K)
Checking Rule SGDC_waive33 (Rule 39 of total 290) .... done (Time = 0.00s, Memory = 0.0K)
Checking Rule SGDC_waive36 (Rule 40 of total 290) .... done (Time = 0.00s, Memory = 0.0K)
Checking Rule SGDC_waive38 (Rule 41 of total 290) .... done (Time = 0.00s, Memory = 0.0K)
Checking Rule SGDC_fifo01 (Rule 42 of total 290) .... done (Time = 0.00s, Memory = 8.0K)
Checking Rule SGDC_libgroup01 (Rule 43 of total 290) .... done (Time = 0.00s, Memory = 0.0K)
Checking Rule SGDC_libgroup02 (Rule 44 of total 290) .... done (Time = 0.00s, Memory = 0.0K)
Checking Rule SGDC_libgroup04 (Rule 45 of total 290) .... done (Time = 0.00s, Memory = 0.0K)
Checking Rule SGDC_power_data01 (Rule 46 of total 290) .... done (Time = 0.00s, Memory = -32.0K)
Checking Rule SGDC_ungroup01 (Rule 47 of total 290) .... done (Time = 0.00s, Memory = 8.0K)
Checking Rule SGDC_abstract_port06 (Rule 48 of total 290) .... done (Time = 0.00s, Memory = 0.0K)
Checking Rule SGDC_abstract_port14 (Rule 49 of total 290) .... done (Time = 0.00s, Memory = 8.0K)
Checking Rule SGDC_abstract_port15 (Rule 50 of total 290) .... done (Time = 0.00s, Memory = 8.0K)
Checking Rule SGDC_abstract_port18 (Rule 51 of total 290) .... done (Time = 0.00s, Memory = 8.0K)
Checking Rule sdc_init_rule (Rule 52 of total 290) .... done (Time = 0.00s, Memory = -32.0K)
Checking Rule CMD_ignorelibs01 (Rule 53 of total 290) .... done (Time = 0.00s, Memory = 0.0K)
Checking Rule ReportRuleNotRun (Rule 54 of total 290) .... done (Time = 0.03s, Memory = 2568.0K)
Checking Rule STARC05-2.3.1.2c (Rule 55 of total 290) .... done (Time = 0.00s, Memory = 0.0K)
Checking Rule W442a (Rule 56 of total 290) .... done (Time = 0.00s, Memory = 0.0K)
Checking Rule W442b (Rule 57 of total 290) .... done (Time = 0.00s, Memory = 0.0K)
Checking Rule W442c (Rule 58 of total 290) .... done (Time = 0.00s, Memory = 0.0K)
Checking Rule W442f (Rule 59 of total 290) .... done (Time = 0.00s, Memory = 0.0K)
Checking Rule mixedsenselist (Rule 60 of total 290) .... done (Time = 0.00s, Memory = 0.0K)
Checking Rule badimplicitSM1 (Rule 61 of total 290) .... done (Time = 0.00s, Memory = 0.0K)
Checking Rule badimplicitSM2 (Rule 62 of total 290) .... done (Time = 0.00s, Memory = 0.0K)
Checking Rule badimplicitSM4 (Rule 63 of total 290) .... done (Time = 0.00s, Memory = 0.0K)
Checking Rule bothedges (Rule 64 of total 290) .... done (Time = 0.00s, Memory = 0.0K)
Checking Rule BlockHeader (Rule 65 of total 290) .... done (Time = 0.00s, Memory = 0.0K)
Checking Rule W421 (Rule 66 of total 290) .... done (Time = 0.00s, Memory = 0.0K)
Checking Rule STARC05-2.1.6.5 (Rule 67 of total 290) .... done (Time = 0.00s, Memory = 0.0K)
Checking Rule ReportStopSummary (Rule 68 of total 290) .... done (Time = 0.00s, Memory = 0.0K)
Checking Rule ReportIgnoreSummary (Rule 69 of total 290) .... done (Time = 0.00s, Memory = 32.0K)
 Analyzing source file "define.v" ....
 Analyzing source file "core.v" ....
 Analyzing source file "conv.v" ....
 Analyzing source file "median.v" ....
 Elaborating Top Verilog Design Unit 'core' ..... done
Checking Rule ElabSummary (Rule 70 of total 290) .... done (Time = 0.01s, Memory = 0.0K)
Checking Rule ReportCheckDataSummary (Rule 71 of total 290) .... done (Time = 0.00s, Memory = 0.0K)

INFO [38]    Design option 'ignoredu/ignorefile' specified.
             Please refer 'InfoAnalyzeBBox' or ReportIgnoreSummary' rule message for more details.

 Reading waiver file "./spyglass-1/core/lint/lint_rtl/spyglass_spysch/constraint/spg_autogenerated_waivers.sgdc" ...
 Generating SGDC file "./spyglass-1/core/lint/lint_rtl/spyglass_spysch/constraint/pragma2Constraint.sgdc" from pragmas in HDL source files ....
 Generating WAIVER file "./spyglass-1/core/lint/lint_rtl/spyglass_spysch/waiver/pragma2Waiver.swl" from pragmas in HDL source files ....
Checking Rule DetectTopDesignUnits (Rule 72 of total 290)
 Detected 1 top level design units:
     core
 .... done (Time = 0.01s, Memory = 0.0K)
Performing semantic checks on SGDC contents
Checking Rule SGDC_testmode03 (Rule 73 of total 290) .... done (Time = 0.00s, Memory = 0.0K)
Checking Rule PECHECK09 (Rule 74 of total 290) .... done (Time = 0.00s, Memory = 0.0K)
Checking Rule Ac_multitop01 (Rule 75 of total 290) .... done (Time = 0.00s, Memory = 0.0K)
Checking Rule ReportObsoletePragmas (Rule 76 of total 290) .... done (Time = 0.00s, Memory = 0.0K)
Checking Rule ReportCksum (Rule 77 of total 290) .... done (Time = 0.00s, Memory = 2568.0K)
Checking Rule checkSGDC_01 (Rule 78 of total 290) .... done (Time = 0.00s, Memory = 0.0K)
Checking Rule checkSGDC_03 (Rule 79 of total 290) .... done (Time = 0.00s, Memory = 0.0K)
Checking Rule checkSGDC_08 (Rule 80 of total 290) .... done (Time = 0.00s, Memory = 0.0K)
Checking Rule GenerateConfMap (Rule 81 of total 290) .... done (Time = 0.00s, Memory = 32.0K)
Checking Rule SGDC_memorywritepin04 (Rule 82 of total 290) .... done (Time = 0.00s, Memory = 32.0K)
Checking Rule SGDC_reset02 (Rule 83 of total 290) .... done (Time = 0.00s, Memory = 0.0K)
Checking Rule SGDC_reset03 (Rule 84 of total 290) .... done (Time = 0.00s, Memory = 8.0K)
Checking Rule SGDC_libgroup03 (Rule 85 of total 290) .... done (Time = 0.00s, Memory = 0.0K)
Checking Rule SGDC_ungroup02 (Rule 86 of total 290) .... done (Time = 0.00s, Memory = -8.0K)
Checking Rule HdlLibDuCheck (Rule 87 of total 290) .... done (Time = 0.01s, Memory = 0.0K)
Checking Rule RtlDesignInfo (Rule 88 of total 290) .... done (Time = 0.00s, Memory = 0.0K)
Checking Rule W339a (Rule 89 of total 290) .... done (Time = 0.00s, Memory = -8.0K)
Checking Rule W416 (Rule 90 of total 290) .... done (Time = 0.00s, Memory = 0.0K)
Checking Rule mixedsenselist (Rule 91 of total 290) .... done (Time = 0.00s, Memory = 0.0K)
Checking Rule W110a (Rule 92 of total 290) .... done (Time = 0.00s, Memory = 0.0K)
Checking Rule Pragma_setupa (Rule 93 of total 290) .... done (Time = 0.00s, Memory = 0.0K)
Checking Rule _deltaDelay (Rule 94 of total 290) .... done (Time = 0.00s, Memory = 32.0K)
Checking Rule _deltaDelay (Rule 95 of total 290) .... done (Time = 0.00s, Memory = 0.0K)
Checking Rule preReq_ConsCase (Rule 96 of total 290) .... done (Time = 0.00s, Memory = 0.0K)
Checking Rule CheckCelldefine (Rule 97 of total 290) .... done (Time = 0.00s, Memory = 0.0K)
Checking Rule SGDC_waive23 (Rule 98 of total 290) .... done (Time = 0.00s, Memory = 0.0K)
Checking Rule SGDC_waive26 (Rule 99 of total 290) .... done (Time = 0.00s, Memory = 0.0K)
Checking Rule SGDC_waive27 (Rule 100 of total 290) .... done (Time = 0.00s, Memory = 0.0K)
Checking Rule SGDC_waive29 (Rule 101 of total 290) .... done (Time = 0.00s, Memory = 0.0K)
Checking Rule STARC05-2.3.1.5b (Rule 102 of total 290) .... done (Time = 0.00s, Memory = 8.0K)
Checking Rule STARC05-2.3.3.1 (Rule 103 of total 290) .... done (Time = 0.00s, Memory = 0.0K)
Checking Rule STARC05-2.3.3.1 (Rule 104 of total 290) .... done (Time = 0.00s, Memory = 0.0K)
Checking Rule STARC05-2.11.3.1 (Rule 105 of total 290) .... done (Time = 0.00s, Memory = 0.0K)
Checking Rule Prereqs_STARC05-1.6.2.1 (Rule 106 of total 290) .... done (Time = 0.00s, Memory = 0.0K)
Checking Rule Prereqs_STARC-1.6.2.1 (Rule 107 of total 290) .... done (Time = 0.00s, Memory = 0.0K)
Checking Rule W317 (Rule 108 of total 290) .... done (Time = 0.01s, Memory = 0.0K)
Checking Rule W422 (Rule 109 of total 290) .... done (Time = 0.00s, Memory = 8.0K)
Checking Rule W426 (Rule 110 of total 290) .... done (Time = 0.00s, Memory = 0.0K)
Checking Rule W480 (Rule 111 of total 290) .... done (Time = 0.00s, Memory = 0.0K)
Checking Rule W481a (Rule 112 of total 290) .... done (Time = 0.00s, Memory = 0.0K)
Checking Rule W481b (Rule 113 of total 290) .... done (Time = 0.00s, Memory = 0.0K)
Checking Rule W422 (Rule 114 of total 290) .... done (Time = 0.00s, Memory = 0.0K)
Checking Rule W292 (Rule 115 of total 290) .... done (Time = 0.00s, Memory = 0.0K)
Checking Rule W71 (Rule 116 of total 290) .... done (Time = 0.00s, Memory = 0.0K)
Checking Rule W287b (Rule 117 of total 290) .... done (Time = 0.01s, Memory = 904.0K)
Checking Rule W293 (Rule 118 of total 290) .... done (Time = 0.00s, Memory = 0.0K)
Checking Rule W398 (Rule 119 of total 290) .... done (Time = 0.00s, Memory = 0.0K)
Checking Rule W421 (Rule 120 of total 290) .... done (Time = 0.00s, Memory = 8.0K)
Checking Rule W424 (Rule 121 of total 290) .... done (Time = 0.00s, Memory = 0.0K)
Checking Rule W467 (Rule 122 of total 290) .... done (Time = 0.00s, Memory = 0.0K)
Checking Rule Prereqs_RegInputOutputs (Rule 123 of total 290) .... done (Time = 0.00s, Memory = 0.0K)
Checking Rule PragmaComments-ML (Rule 124 of total 290) .... done (Time = 0.00s, Memory = 16.0K)
Checking Rule PragmaComments-ML (Rule 125 of total 290) .... done (Time = 0.00s, Memory = 0.0K)
Checking Rule CheckDelayTimescale-ML (Rule 126 of total 290) .... done (Time = 0.01s, Memory = 0.0K)
Checking Rule Prereqs_CheckTimeUnitandPrecision-ML (Rule 127 of total 290) .... done (Time = 0.00s, Memory = 0.0K)
Checking ELABDU Rules for designUnit core
    Checking Rule Ac_classify_param01 (Rule 128 of total 290) .... done (Time = 0.00s, Memory = 0.0K)
    Checking Rule AcOvlRtl (Rule 129 of total 290) .... done (Time = 0.00s, Memory = -2568.0K)
    Checking Rule AcOvlRtl (Rule 130 of total 290) .... done (Time = 0.00s, Memory = 32.0K)
    Checking Rule GenTopLevelBlocksForAutoSoc (Rule 131 of total 290) .... done (Time = 0.00s, Memory = 104.0K)
    Checking Rule Prereqs_InferLatch (Rule 132 of total 290) .... done (Time = 0.00s, Memory = 0.0K)
    Checking Rule STARC05-2.1.4.5 (Rule 133 of total 290) .... done (Time = 0.00s, Memory = 0.0K)
    Checking Rule STARC05-2.1.5.3 (Rule 134 of total 290) .... done (Time = 0.00s, Memory = 0.0K)
    Checking Rule STARC05-2.2.3.3 (Rule 135 of total 290) .... done (Time = 0.00s, Memory = 8.0K)
    Checking Rule STARC05-2.3.1.6 (Rule 136 of total 290) .... done (Time = 0.00s, Memory = 8.0K)
    Checking Rule STARC05-2.10.2.3 (Rule 137 of total 290) .... done (Time = 0.00s, Memory = 0.0K)
    Checking Rule STARC05-2.10.3.2a (Rule 138 of total 290) .... done (Time = 0.00s, Memory = 0.0K)
    Checking Rule STARC05-2.11.3.1 (Rule 139 of total 290) .... done (Time = 0.01s, Memory = 2576.0K)
    Checking Rule STARC05-2.1.3.1 (Rule 140 of total 290) .... done (Time = 0.00s, Memory = 0.0K)
    Checking Rule STARC05-2.10.1.4a (Rule 141 of total 290) .... done (Time = 0.00s, Memory = 0.0K)
    Checking Rule STARC05-2.10.1.4b (Rule 142 of total 290) .... done (Time = 0.00s, Memory = 0.0K)
    Checking Rule sim_race02 (Rule 143 of total 290) .... done (Time = 0.00s, Memory = 0.0K)
    Checking Rule W110 (Rule 144 of total 290) .... done (Time = 0.00s, Memory = 0.0K)
    Checking Rule W122 (Rule 145 of total 290) .... done (Time = 0.00s, Memory = 0.0K)
    Checking Rule W496a (Rule 146 of total 290) .... done (Time = 0.00s, Memory = 0.0K)
    Checking Rule W496b (Rule 147 of total 290) .... done (Time = 0.00s, Memory = 0.0K)
    Checking Rule W19 (Rule 148 of total 290) .... done (Time = 0.00s, Memory = 8.0K)
    Checking Rule W66 (Rule 149 of total 290) .... done (Time = 0.00s, Memory = 0.0K)
    Checking Rule W116 (Rule 150 of total 290) .... done (Time = 0.00s, Memory = 0.0K)
    Checking Rule W123 (Rule 151 of total 290) .... done (Time = 0.01s, Memory = 32.0K)
    Checking Rule W156 (Rule 152 of total 290) .... done (Time = 0.00s, Memory = 0.0K)
    Checking Rule W215 (Rule 153 of total 290) .... done (Time = 0.00s, Memory = 0.0K)
    Checking Rule W216 (Rule 154 of total 290) .... done (Time = 0.00s, Memory = 0.0K)
    Checking Rule W218 (Rule 155 of total 290) .... done (Time = 0.00s, Memory = 0.0K)
    Checking Rule W224 (Rule 156 of total 290) .... done (Time = 0.00s, Memory = 0.0K)
    Checking Rule W263 (Rule 157 of total 290) .... done (Time = 0.00s, Memory = 0.0K)
    Checking Rule W289 (Rule 158 of total 290) .... done (Time = 0.00s, Memory = 0.0K)
    Checking Rule W337 (Rule 159 of total 290) .... done (Time = 0.00s, Memory = 0.0K)
    Checking Rule W416 (Rule 160 of total 290) .... done (Time = 0.00s, Memory = 0.0K)
    Checking Rule W352 (Rule 161 of total 290) .... done (Time = 0.00s, Memory = 0.0K)
    Checking Rule W362 (Rule 162 of total 290) .... done (Time = 0.00s, Memory = 32.0K)
    Checking Rule W415a (Rule 163 of total 290) .... done (Time = 0.02s, Memory = -16.0K)
    Checking Rule W486 (Rule 164 of total 290) .... done (Time = 0.00s, Memory = 0.0K)
    Checking Rule W499 (Rule 165 of total 290) .... done (Time = 0.00s, Memory = 0.0K)
    Checking Rule W502 (Rule 166 of total 290) .... done (Time = 0.00s, Memory = 2544.0K)
    Checking Rule W116 (Rule 167 of total 290) .... done (Time = 0.00s, Memory = 0.0K)
    Checking Rule W122 (Rule 168 of total 290) .... done (Time = 0.00s, Memory = 0.0K)
    Checking Rule W123 (Rule 169 of total 290) .... done (Time = 0.00s, Memory = 0.0K)
    Checking Rule W156 (Rule 170 of total 290) .... done (Time = 0.00s, Memory = 0.0K)
    Checking Rule W71 (Rule 171 of total 290) .... done (Time = 0.01s, Memory = 0.0K)
    Checking Rule W240 (Rule 172 of total 290) .... done (Time = 0.00s, Memory = 0.0K)
    Checking Rule W240 (Rule 173 of total 290) .... done (Time = 0.00s, Memory = 0.0K)
    Checking Rule W287a (Rule 174 of total 290) .... done (Time = 0.00s, Memory = 8.0K)
    Checking Rule W293 (Rule 175 of total 290) .... done (Time = 0.00s, Memory = 0.0K)
    Checking Rule W398 (Rule 176 of total 290) .... done (Time = 0.00s, Memory = 0.0K)
    Checking Rule W424 (Rule 177 of total 290) .... done (Time = 0.00s, Memory = 0.0K)
    Checking Rule W467 (Rule 178 of total 290) .... done (Time = 0.00s, Memory = 0.0K)
    Checking Rule W505 (Rule 179 of total 290) .... done (Time = 0.00s, Memory = 0.0K)
    Checking Rule W505 (Rule 180 of total 290) .... done (Time = 0.00s, Memory = 0.0K)
    Checking Rule W528 (Rule 181 of total 290) .... done (Time = 0.00s, Memory = 0.0K)
    Checking Rule W528 (Rule 182 of total 290) .... done (Time = 0.00s, Memory = 544.0K)
    Checking Rule Prereqs_Usage (Rule 183 of total 290) .... done (Time = 0.00s, Memory = -16.0K)
    Checking Rule Prereqs_ConstantInput-ML (Rule 184 of total 290) .... done (Time = 0.00s, Memory = 32.0K)
    Checking Rule ReportPortInfo-ML (Rule 185 of total 290) .... done (Time = 0.00s, Memory = 0.0K)
    Checking Rule Prereqs_ReportPortInfo-ML (Rule 186 of total 290) .... done (Time = 0.00s, Memory = 0.0K)
    Checking Rule Prereqs_ReportPortInfo-ML (Rule 187 of total 290) .... done (Time = 0.00s, Memory = 8.0K)
    Checking Rule NoAssignX-ML (Rule 188 of total 290) .... done (Time = 0.00s, Memory = 0.0K)
    Checking Rule ParamWidthMismatch-ML (Rule 189 of total 290) .... done (Time = 0.00s, Memory = 0.0K)
    Checking Rule Postreqs_Usage_ML (Rule 190 of total 290) .... done (Time = 0.00s, Memory = 0.0K)
    Checking Rule NoXInCase-ML (Rule 191 of total 290) .... done (Time = 0.00s, Memory = 0.0K)
Checking ELABDU Rules for designUnit conv
    Checking Rule Ac_classify_param01 (Rule 128 of total 290) .... done (Time = 0.00s, Memory = 0.0K)
    Checking Rule AcOvlRtl (Rule 129 of total 290) .... done (Time = 0.00s, Memory = 0.0K)
    Checking Rule AcOvlRtl (Rule 130 of total 290) .... done (Time = 0.00s, Memory = 32.0K)
    Checking Rule GenTopLevelBlocksForAutoSoc (Rule 131 of total 290) .... done (Time = 0.00s, Memory = 0.0K)
    Checking Rule Prereqs_InferLatch (Rule 132 of total 290) .... done (Time = 0.00s, Memory = 0.0K)
    Checking Rule STARC05-2.1.4.5 (Rule 133 of total 290) .... done (Time = 0.00s, Memory = 0.0K)
    Checking Rule STARC05-2.1.5.3 (Rule 134 of total 290) .... done (Time = 0.00s, Memory = 0.0K)
    Checking Rule STARC05-2.2.3.3 (Rule 135 of total 290) .... done (Time = 0.00s, Memory = 0.0K)
    Checking Rule STARC05-2.3.1.6 (Rule 136 of total 290) .... done (Time = 0.00s, Memory = 0.0K)
    Checking Rule STARC05-2.10.2.3 (Rule 137 of total 290) .... done (Time = 0.00s, Memory = 0.0K)
    Checking Rule STARC05-2.10.3.2a (Rule 138 of total 290) .... done (Time = 0.00s, Memory = 0.0K)
    Checking Rule STARC05-2.11.3.1 (Rule 139 of total 290) .... done (Time = 0.01s, Memory = 0.0K)
    Checking Rule STARC05-2.1.3.1 (Rule 140 of total 290) .... done (Time = 0.00s, Memory = 0.0K)
    Checking Rule STARC05-2.10.1.4a (Rule 141 of total 290) .... done (Time = 0.00s, Memory = 0.0K)
    Checking Rule STARC05-2.10.1.4b (Rule 142 of total 290) .... done (Time = 0.00s, Memory = 8.0K)
    Checking Rule sim_race02 (Rule 143 of total 290) .... done (Time = 0.00s, Memory = 0.0K)
    Checking Rule W110 (Rule 144 of total 290) .... done (Time = 0.00s, Memory = 0.0K)
    Checking Rule W122 (Rule 145 of total 290) .... done (Time = 0.00s, Memory = 0.0K)
    Checking Rule W496a (Rule 146 of total 290) .... done (Time = 0.00s, Memory = 0.0K)
    Checking Rule W496b (Rule 147 of total 290) .... done (Time = 0.00s, Memory = 0.0K)
    Checking Rule W19 (Rule 148 of total 290) .... done (Time = 0.00s, Memory = 0.0K)
    Checking Rule W66 (Rule 149 of total 290) .... done (Time = 0.00s, Memory = 0.0K)
    Checking Rule W116 (Rule 150 of total 290) .... done (Time = 0.00s, Memory = 0.0K)
    Checking Rule W123 (Rule 151 of total 290) .... done (Time = 0.00s, Memory = 16.0K)
    Checking Rule W156 (Rule 152 of total 290) .... done (Time = 0.00s, Memory = 0.0K)
    Checking Rule W215 (Rule 153 of total 290) .... done (Time = 0.00s, Memory = 0.0K)
    Checking Rule W216 (Rule 154 of total 290) .... done (Time = 0.00s, Memory = 0.0K)
    Checking Rule W218 (Rule 155 of total 290) .... done (Time = 0.00s, Memory = 0.0K)
    Checking Rule W224 (Rule 156 of total 290) .... done (Time = 0.00s, Memory = 0.0K)
    Checking Rule W263 (Rule 157 of total 290) .... done (Time = 0.00s, Memory = 8.0K)
    Checking Rule W289 (Rule 158 of total 290) .... done (Time = 0.00s, Memory = 0.0K)
    Checking Rule W337 (Rule 159 of total 290) .... done (Time = 0.00s, Memory = 0.0K)
    Checking Rule W416 (Rule 160 of total 290) .... done (Time = 0.00s, Memory = 0.0K)
    Checking Rule W352 (Rule 161 of total 290) .... done (Time = 0.00s, Memory = 0.0K)
    Checking Rule W362 (Rule 162 of total 290) .... done (Time = 0.00s, Memory = 0.0K)
    Checking Rule W415a (Rule 163 of total 290) .... done (Time = 0.00s, Memory = 0.0K)
    Checking Rule W486 (Rule 164 of total 290) .... done (Time = 0.00s, Memory = 0.0K)
    Checking Rule W499 (Rule 165 of total 290) .... done (Time = 0.00s, Memory = 8.0K)
    Checking Rule W502 (Rule 166 of total 290) .... done (Time = 0.00s, Memory = 0.0K)
    Checking Rule W116 (Rule 167 of total 290) .... done (Time = 0.00s, Memory = 0.0K)
    Checking Rule W122 (Rule 168 of total 290) .... done (Time = 0.00s, Memory = 0.0K)
    Checking Rule W123 (Rule 169 of total 290) .... done (Time = 0.00s, Memory = 0.0K)
    Checking Rule W156 (Rule 170 of total 290) .... done (Time = 0.00s, Memory = 0.0K)
    Checking Rule W71 (Rule 171 of total 290) .... done (Time = 0.00s, Memory = 0.0K)
    Checking Rule W240 (Rule 172 of total 290) .... done (Time = 0.00s, Memory = 0.0K)
    Checking Rule W240 (Rule 173 of total 290) .... done (Time = 0.00s, Memory = 0.0K)
    Checking Rule W287a (Rule 174 of total 290) .... done (Time = 0.00s, Memory = -2568.0K)
    Checking Rule W293 (Rule 175 of total 290) .... done (Time = 0.00s, Memory = 16.0K)
    Checking Rule W398 (Rule 176 of total 290) .... done (Time = 0.00s, Memory = 24.0K)
    Checking Rule W424 (Rule 177 of total 290) .... done (Time = 0.00s, Memory = 0.0K)
    Checking Rule W467 (Rule 178 of total 290) .... done (Time = 0.00s, Memory = 0.0K)
    Checking Rule W505 (Rule 179 of total 290) .... done (Time = 0.00s, Memory = 0.0K)
    Checking Rule W505 (Rule 180 of total 290) .... done (Time = 0.00s, Memory = 0.0K)
    Checking Rule W528 (Rule 181 of total 290) .... done (Time = 0.00s, Memory = -8.0K)
    Checking Rule W528 (Rule 182 of total 290) .... done (Time = 0.00s, Memory = 544.0K)
    Checking Rule Prereqs_Usage (Rule 183 of total 290) .... done (Time = 0.00s, Memory = -16.0K)
    Checking Rule Prereqs_ConstantInput-ML (Rule 184 of total 290) .... done (Time = 0.00s, Memory = 32.0K)
    Checking Rule ReportPortInfo-ML (Rule 185 of total 290) .... done (Time = 0.00s, Memory = 0.0K)
    Checking Rule Prereqs_ReportPortInfo-ML (Rule 186 of total 290) .... done (Time = 0.00s, Memory = 0.0K)
    Checking Rule Prereqs_ReportPortInfo-ML (Rule 187 of total 290) .... done (Time = 0.00s, Memory = 0.0K)
    Checking Rule NoAssignX-ML (Rule 188 of total 290) .... done (Time = 0.00s, Memory = 0.0K)
    Checking Rule ParamWidthMismatch-ML (Rule 189 of total 290) .... done (Time = 0.00s, Memory = 0.0K)
    Checking Rule Postreqs_Usage_ML (Rule 190 of total 290) .... done (Time = 0.00s, Memory = 0.0K)
    Checking Rule NoXInCase-ML (Rule 191 of total 290) .... done (Time = 0.00s, Memory = 0.0K)
Checking ELABDU Rules for designUnit median
    Checking Rule Ac_classify_param01 (Rule 128 of total 290) .... done (Time = 0.00s, Memory = 0.0K)
    Checking Rule AcOvlRtl (Rule 129 of total 290) .... done (Time = 0.00s, Memory = 0.0K)
    Checking Rule AcOvlRtl (Rule 130 of total 290) .... done (Time = 0.00s, Memory = 32.0K)
    Checking Rule GenTopLevelBlocksForAutoSoc (Rule 131 of total 290) .... done (Time = 0.00s, Memory = 0.0K)
    Checking Rule Prereqs_InferLatch (Rule 132 of total 290) .... done (Time = 0.00s, Memory = 0.0K)
    Checking Rule STARC05-2.1.4.5 (Rule 133 of total 290) .... done (Time = 0.00s, Memory = -32.0K)
    Checking Rule STARC05-2.1.5.3 (Rule 134 of total 290) .... done (Time = 0.00s, Memory = 32.0K)
    Checking Rule STARC05-2.2.3.3 (Rule 135 of total 290) .... done (Time = 0.00s, Memory = 8.0K)
    Checking Rule STARC05-2.3.1.6 (Rule 136 of total 290) .... done (Time = 0.00s, Memory = 0.0K)
    Checking Rule STARC05-2.10.2.3 (Rule 137 of total 290) .... done (Time = 0.00s, Memory = 0.0K)
    Checking Rule STARC05-2.10.3.2a (Rule 138 of total 290) .... done (Time = 0.00s, Memory = 0.0K)
    Checking Rule STARC05-2.11.3.1 (Rule 139 of total 290) .... done (Time = 0.00s, Memory = 0.0K)
    Checking Rule STARC05-2.1.3.1 (Rule 140 of total 290) .... done (Time = 0.00s, Memory = 0.0K)
    Checking Rule STARC05-2.10.1.4a (Rule 141 of total 290) .... done (Time = 0.00s, Memory = 0.0K)
    Checking Rule STARC05-2.10.1.4b (Rule 142 of total 290) .... done (Time = 0.00s, Memory = 0.0K)
    Checking Rule sim_race02 (Rule 143 of total 290) .... done (Time = 0.00s, Memory = -8.0K)
    Checking Rule W110 (Rule 144 of total 290) .... done (Time = 0.00s, Memory = 0.0K)
    Checking Rule W122 (Rule 145 of total 290) .... done (Time = 0.00s, Memory = 0.0K)
    Checking Rule W496a (Rule 146 of total 290) .... done (Time = 0.00s, Memory = 0.0K)
    Checking Rule W496b (Rule 147 of total 290) .... done (Time = 0.00s, Memory = 0.0K)
    Checking Rule W19 (Rule 148 of total 290) .... done (Time = 0.00s, Memory = 0.0K)
    Checking Rule W66 (Rule 149 of total 290) .... done (Time = 0.00s, Memory = 0.0K)
    Checking Rule W116 (Rule 150 of total 290) .... done (Time = 0.00s, Memory = 0.0K)
    Checking Rule W123 (Rule 151 of total 290) .... done (Time = 0.00s, Memory = 48.0K)
    Checking Rule W156 (Rule 152 of total 290) .... done (Time = 0.00s, Memory = 0.0K)
    Checking Rule W215 (Rule 153 of total 290) .... done (Time = 0.00s, Memory = 2568.0K)
    Checking Rule W216 (Rule 154 of total 290) .... done (Time = 0.00s, Memory = 0.0K)
    Checking Rule W218 (Rule 155 of total 290) .... done (Time = 0.00s, Memory = 0.0K)
    Checking Rule W224 (Rule 156 of total 290) .... done (Time = 0.00s, Memory = 0.0K)
    Checking Rule W263 (Rule 157 of total 290) .... done (Time = 0.00s, Memory = 0.0K)
    Checking Rule W289 (Rule 158 of total 290) .... done (Time = 0.00s, Memory = 0.0K)
    Checking Rule W337 (Rule 159 of total 290) .... done (Time = 0.00s, Memory = 0.0K)
    Checking Rule W416 (Rule 160 of total 290) .... done (Time = 0.00s, Memory = 0.0K)
    Checking Rule W352 (Rule 161 of total 290) .... done (Time = 0.00s, Memory = 0.0K)
    Checking Rule W362 (Rule 162 of total 290) .... done (Time = 0.00s, Memory = 0.0K)
    Checking Rule W415a (Rule 163 of total 290) .... done (Time = 0.00s, Memory = -32.0K)
    Checking Rule W486 (Rule 164 of total 290) .... done (Time = 0.00s, Memory = 0.0K)
    Checking Rule W499 (Rule 165 of total 290) .... done (Time = 0.00s, Memory = 0.0K)
    Checking Rule W502 (Rule 166 of total 290) .... done (Time = 0.00s, Memory = 8.0K)
    Checking Rule W116 (Rule 167 of total 290) .... done (Time = 0.00s, Memory = 0.0K)
    Checking Rule W122 (Rule 168 of total 290) .... done (Time = 0.00s, Memory = 0.0K)
    Checking Rule W123 (Rule 169 of total 290) .... done (Time = 0.00s, Memory = 0.0K)
    Checking Rule W156 (Rule 170 of total 290) .... done (Time = 0.00s, Memory = 0.0K)
    Checking Rule W71 (Rule 171 of total 290) .... done (Time = 0.00s, Memory = 0.0K)
    Checking Rule W240 (Rule 172 of total 290) .... done (Time = 0.00s, Memory = 0.0K)
    Checking Rule W240 (Rule 173 of total 290) .... done (Time = 0.00s, Memory = 0.0K)
    Checking Rule W287a (Rule 174 of total 290) .... done (Time = 0.00s, Memory = 0.0K)
    Checking Rule W293 (Rule 175 of total 290) .... done (Time = 0.00s, Memory = 0.0K)
    Checking Rule W398 (Rule 176 of total 290) .... done (Time = 0.00s, Memory = 0.0K)
    Checking Rule W424 (Rule 177 of total 290) .... done (Time = 0.00s, Memory = 0.0K)
    Checking Rule W467 (Rule 178 of total 290) .... done (Time = 0.00s, Memory = 0.0K)
    Checking Rule W505 (Rule 179 of total 290) .... done (Time = 0.00s, Memory = 0.0K)
    Checking Rule W505 (Rule 180 of total 290) .... done (Time = 0.00s, Memory = 0.0K)
    Checking Rule W528 (Rule 181 of total 290) .... done (Time = 0.00s, Memory = 0.0K)
    Checking Rule W528 (Rule 182 of total 290) .... done (Time = 0.00s, Memory = 544.0K)
    Checking Rule Prereqs_Usage (Rule 183 of total 290) .... done (Time = 0.00s, Memory = -16.0K)
    Checking Rule Prereqs_ConstantInput-ML (Rule 184 of total 290) .... done (Time = 0.00s, Memory = 32.0K)
    Checking Rule ReportPortInfo-ML (Rule 185 of total 290) .... done (Time = 0.00s, Memory = 0.0K)
    Checking Rule Prereqs_ReportPortInfo-ML (Rule 186 of total 290) .... done (Time = 0.00s, Memory = 0.0K)
    Checking Rule Prereqs_ReportPortInfo-ML (Rule 187 of total 290) .... done (Time = 0.00s, Memory = 0.0K)
    Checking Rule NoAssignX-ML (Rule 188 of total 290) .... done (Time = 0.00s, Memory = 0.0K)
    Checking Rule ParamWidthMismatch-ML (Rule 189 of total 290) .... done (Time = 0.00s, Memory = 0.0K)
    Checking Rule Postreqs_Usage_ML (Rule 190 of total 290) .... done (Time = 0.00s, Memory = 0.0K)
    Checking Rule NoXInCase-ML (Rule 191 of total 290) .... done (Time = 0.00s, Memory = 0.0K)
Checking ELABDU Rules for designUnit median_filter_submodule
    Checking Rule Ac_classify_param01 (Rule 128 of total 290) .... done (Time = 0.00s, Memory = -2568.0K)
    Checking Rule AcOvlRtl (Rule 129 of total 290) .... done (Time = 0.00s, Memory = 0.0K)
    Checking Rule AcOvlRtl (Rule 130 of total 290) .... done (Time = 0.00s, Memory = 32.0K)
    Checking Rule GenTopLevelBlocksForAutoSoc (Rule 131 of total 290) .... done (Time = 0.00s, Memory = 0.0K)
    Checking Rule Prereqs_InferLatch (Rule 132 of total 290) .... done (Time = 0.00s, Memory = 0.0K)
    Checking Rule STARC05-2.1.4.5 (Rule 133 of total 290) .... done (Time = 0.00s, Memory = 0.0K)
    Checking Rule STARC05-2.1.5.3 (Rule 134 of total 290) .... done (Time = 0.00s, Memory = 0.0K)
    Checking Rule STARC05-2.2.3.3 (Rule 135 of total 290) .... done (Time = 0.00s, Memory = 0.0K)
    Checking Rule STARC05-2.3.1.6 (Rule 136 of total 290) .... done (Time = 0.00s, Memory = 0.0K)
    Checking Rule STARC05-2.10.2.3 (Rule 137 of total 290) .... done (Time = 0.00s, Memory = 0.0K)
    Checking Rule STARC05-2.10.3.2a (Rule 138 of total 290) .... done (Time = 0.00s, Memory = 0.0K)
    Checking Rule STARC05-2.11.3.1 (Rule 139 of total 290) .... done (Time = 0.00s, Memory = 144.0K)
    Checking Rule STARC05-2.1.3.1 (Rule 140 of total 290) .... done (Time = 0.01s, Memory = 0.0K)
    Checking Rule STARC05-2.10.1.4a (Rule 141 of total 290) .... done (Time = 0.00s, Memory = 0.0K)
    Checking Rule STARC05-2.10.1.4b (Rule 142 of total 290) .... done (Time = 0.00s, Memory = 16.0K)
    Checking Rule sim_race02 (Rule 143 of total 290) .... done (Time = 0.00s, Memory = -32.0K)
    Checking Rule W110 (Rule 144 of total 290) .... done (Time = 0.00s, Memory = 0.0K)
    Checking Rule W122 (Rule 145 of total 290) .... done (Time = 0.00s, Memory = 0.0K)
    Checking Rule W496a (Rule 146 of total 290) .... done (Time = 0.00s, Memory = 0.0K)
    Checking Rule W496b (Rule 147 of total 290) .... done (Time = 0.00s, Memory = 0.0K)
    Checking Rule W19 (Rule 148 of total 290) .... done (Time = 0.00s, Memory = 0.0K)
    Checking Rule W66 (Rule 149 of total 290) .... done (Time = 0.00s, Memory = 32.0K)
    Checking Rule W116 (Rule 150 of total 290) .... done (Time = 0.00s, Memory = 0.0K)
    Checking Rule W123 (Rule 151 of total 290) .... done (Time = 0.00s, Memory = 16.0K)
    Checking Rule W156 (Rule 152 of total 290) .... done (Time = 0.00s, Memory = 0.0K)
    Checking Rule W215 (Rule 153 of total 290) .... done (Time = 0.00s, Memory = 0.0K)
    Checking Rule W216 (Rule 154 of total 290) .... done (Time = 0.00s, Memory = 0.0K)
    Checking Rule W218 (Rule 155 of total 290) .... done (Time = 0.00s, Memory = 0.0K)
    Checking Rule W224 (Rule 156 of total 290) .... done (Time = 0.00s, Memory = 0.0K)
    Checking Rule W263 (Rule 157 of total 290) .... done (Time = 0.00s, Memory = 0.0K)
    Checking Rule W289 (Rule 158 of total 290) .... done (Time = 0.00s, Memory = 0.0K)
    Checking Rule W337 (Rule 159 of total 290) .... done (Time = 0.00s, Memory = 0.0K)
    Checking Rule W416 (Rule 160 of total 290) .... done (Time = 0.00s, Memory = 0.0K)
    Checking Rule W352 (Rule 161 of total 290) .... done (Time = 0.00s, Memory = 0.0K)
    Checking Rule W362 (Rule 162 of total 290) .... done (Time = 0.00s, Memory = 0.0K)
    Checking Rule W415a (Rule 163 of total 290) .... done (Time = 0.00s, Memory = 0.0K)
    Checking Rule W486 (Rule 164 of total 290) .... done (Time = 0.00s, Memory = 0.0K)
    Checking Rule W499 (Rule 165 of total 290) .... done (Time = 0.00s, Memory = 0.0K)
    Checking Rule W502 (Rule 166 of total 290) .... done (Time = 0.00s, Memory = 32.0K)
    Checking Rule W116 (Rule 167 of total 290) .... done (Time = 0.00s, Memory = 0.0K)
    Checking Rule W122 (Rule 168 of total 290) .... done (Time = 0.00s, Memory = 0.0K)
    Checking Rule W123 (Rule 169 of total 290) .... done (Time = 0.00s, Memory = 0.0K)
    Checking Rule W156 (Rule 170 of total 290) .... done (Time = 0.00s, Memory = 0.0K)
    Checking Rule W71 (Rule 171 of total 290) .... done (Time = 0.00s, Memory = -8.0K)
    Checking Rule W240 (Rule 172 of total 290) .... done (Time = 0.00s, Memory = 2544.0K)
    Checking Rule W240 (Rule 173 of total 290) .... done (Time = 0.00s, Memory = 0.0K)
    Checking Rule W287a (Rule 174 of total 290) .... done (Time = 0.00s, Memory = 0.0K)
    Checking Rule W293 (Rule 175 of total 290) .... done (Time = 0.00s, Memory = 0.0K)
    Checking Rule W398 (Rule 176 of total 290) .... done (Time = 0.00s, Memory = 0.0K)
    Checking Rule W424 (Rule 177 of total 290) .... done (Time = 0.00s, Memory = 0.0K)
    Checking Rule W467 (Rule 178 of total 290) .... done (Time = 0.00s, Memory = 0.0K)
    Checking Rule W505 (Rule 179 of total 290) .... done (Time = 0.00s, Memory = 0.0K)
    Checking Rule W505 (Rule 180 of total 290) .... done (Time = 0.00s, Memory = 0.0K)
    Checking Rule W528 (Rule 181 of total 290) .... done (Time = 0.00s, Memory = 0.0K)
    Checking Rule W528 (Rule 182 of total 290) .... done (Time = 0.00s, Memory = 544.0K)
    Checking Rule Prereqs_Usage (Rule 183 of total 290) .... done (Time = 0.00s, Memory = -16.0K)
    Checking Rule Prereqs_ConstantInput-ML (Rule 184 of total 290) .... done (Time = 0.00s, Memory = 32.0K)
    Checking Rule ReportPortInfo-ML (Rule 185 of total 290) .... done (Time = 0.00s, Memory = 0.0K)
    Checking Rule Prereqs_ReportPortInfo-ML (Rule 186 of total 290) .... done (Time = 0.00s, Memory = 0.0K)
    Checking Rule Prereqs_ReportPortInfo-ML (Rule 187 of total 290) .... done (Time = 0.00s, Memory = 0.0K)
    Checking Rule NoAssignX-ML (Rule 188 of total 290) .... done (Time = 0.00s, Memory = 0.0K)
    Checking Rule ParamWidthMismatch-ML (Rule 189 of total 290) .... done (Time = 0.00s, Memory = 0.0K)
    Checking Rule Postreqs_Usage_ML (Rule 190 of total 290) .... done (Time = 0.00s, Memory = 0.0K)
    Checking Rule NoXInCase-ML (Rule 191 of total 290) .... done (Time = 0.00s, Memory = 0.0K)
Checking ELABDU Rules for designUnit sobel_gradient
    Checking Rule Ac_classify_param01 (Rule 128 of total 290) .... done (Time = 0.00s, Memory = 0.0K)
    Checking Rule AcOvlRtl (Rule 129 of total 290) .... done (Time = 0.00s, Memory = 0.0K)
    Checking Rule AcOvlRtl (Rule 130 of total 290) .... done (Time = 0.00s, Memory = 32.0K)
    Checking Rule GenTopLevelBlocksForAutoSoc (Rule 131 of total 290) .... done (Time = 0.00s, Memory = 0.0K)
    Checking Rule Prereqs_InferLatch (Rule 132 of total 290) .... done (Time = 0.00s, Memory = 0.0K)
    Checking Rule STARC05-2.1.4.5 (Rule 133 of total 290) .... done (Time = 0.00s, Memory = 0.0K)
    Checking Rule STARC05-2.1.5.3 (Rule 134 of total 290) .... done (Time = 0.00s, Memory = 0.0K)
    Checking Rule STARC05-2.2.3.3 (Rule 135 of total 290) .... done (Time = 0.00s, Memory = 0.0K)
    Checking Rule STARC05-2.3.1.6 (Rule 136 of total 290) .... done (Time = 0.00s, Memory = 0.0K)
    Checking Rule STARC05-2.10.2.3 (Rule 137 of total 290) .... done (Time = 0.00s, Memory = 0.0K)
    Checking Rule STARC05-2.10.3.2a (Rule 138 of total 290) .... done (Time = 0.00s, Memory = 0.0K)
    Checking Rule STARC05-2.11.3.1 (Rule 139 of total 290) .... done (Time = 0.00s, Memory = 0.0K)
    Checking Rule STARC05-2.1.3.1 (Rule 140 of total 290) .... done (Time = 0.00s, Memory = 0.0K)
    Checking Rule STARC05-2.10.1.4a (Rule 141 of total 290) .... done (Time = 0.00s, Memory = 0.0K)
    Checking Rule STARC05-2.10.1.4b (Rule 142 of total 290) .... done (Time = 0.00s, Memory = 0.0K)
    Checking Rule sim_race02 (Rule 143 of total 290) .... done (Time = 0.00s, Memory = 0.0K)
    Checking Rule W110 (Rule 144 of total 290) .... done (Time = 0.00s, Memory = 0.0K)
    Checking Rule W122 (Rule 145 of total 290) .... done (Time = 0.00s, Memory = 0.0K)
    Checking Rule W496a (Rule 146 of total 290) .... done (Time = 0.00s, Memory = 0.0K)
    Checking Rule W496b (Rule 147 of total 290) .... done (Time = 0.00s, Memory = 0.0K)
    Checking Rule W19 (Rule 148 of total 290) .... done (Time = 0.00s, Memory = 0.0K)
    Checking Rule W66 (Rule 149 of total 290) .... done (Time = 0.00s, Memory = 0.0K)
    Checking Rule W116 (Rule 150 of total 290) .... done (Time = 0.00s, Memory = 0.0K)
    Checking Rule W123 (Rule 151 of total 290) .... done (Time = 0.00s, Memory = 16.0K)
    Checking Rule W156 (Rule 152 of total 290) .... done (Time = 0.00s, Memory = 0.0K)
    Checking Rule W215 (Rule 153 of total 290) .... done (Time = 0.01s, Memory = 0.0K)
    Checking Rule W216 (Rule 154 of total 290) .... done (Time = 0.00s, Memory = 0.0K)
    Checking Rule W218 (Rule 155 of total 290) .... done (Time = 0.00s, Memory = 0.0K)
    Checking Rule W224 (Rule 156 of total 290) .... done (Time = 0.00s, Memory = 0.0K)
    Checking Rule W263 (Rule 157 of total 290) .... done (Time = 0.00s, Memory = 0.0K)
    Checking Rule W289 (Rule 158 of total 290) .... done (Time = 0.00s, Memory = 0.0K)
    Checking Rule W337 (Rule 159 of total 290) .... done (Time = 0.00s, Memory = 0.0K)
    Checking Rule W416 (Rule 160 of total 290) .... done (Time = 0.00s, Memory = 0.0K)
    Checking Rule W352 (Rule 161 of total 290) .... done (Time = 0.00s, Memory = 0.0K)
    Checking Rule W362 (Rule 162 of total 290) .... done (Time = 0.00s, Memory = 0.0K)
    Checking Rule W415a (Rule 163 of total 290) .... done (Time = 0.00s, Memory = 0.0K)
    Checking Rule W486 (Rule 164 of total 290) .... done (Time = 0.00s, Memory = 0.0K)
    Checking Rule W499 (Rule 165 of total 290) .... done (Time = 0.00s, Memory = 0.0K)
    Checking Rule W502 (Rule 166 of total 290) .... done (Time = 0.00s, Memory = 0.0K)
    Checking Rule W116 (Rule 167 of total 290) .... done (Time = 0.00s, Memory = 0.0K)
    Checking Rule W122 (Rule 168 of total 290) .... done (Time = 0.00s, Memory = 0.0K)
    Checking Rule W123 (Rule 169 of total 290) .... done (Time = 0.00s, Memory = 0.0K)
    Checking Rule W156 (Rule 170 of total 290) .... done (Time = 0.00s, Memory = 0.0K)
    Checking Rule W71 (Rule 171 of total 290) .... done (Time = 0.00s, Memory = 0.0K)
    Checking Rule W240 (Rule 172 of total 290) .... done (Time = 0.00s, Memory = 0.0K)
    Checking Rule W240 (Rule 173 of total 290) .... done (Time = 0.00s, Memory = 0.0K)
    Checking Rule W287a (Rule 174 of total 290) .... done (Time = 0.00s, Memory = 0.0K)
    Checking Rule W293 (Rule 175 of total 290) .... done (Time = 0.00s, Memory = 0.0K)
    Checking Rule W398 (Rule 176 of total 290) .... done (Time = 0.00s, Memory = 0.0K)
    Checking Rule W424 (Rule 177 of total 290) .... done (Time = 0.00s, Memory = 16.0K)
    Checking Rule W467 (Rule 178 of total 290) .... done (Time = 0.00s, Memory = 0.0K)
    Checking Rule W505 (Rule 179 of total 290) .... done (Time = 0.00s, Memory = 0.0K)
    Checking Rule W505 (Rule 180 of total 290) .... done (Time = 0.00s, Memory = 0.0K)
    Checking Rule W528 (Rule 181 of total 290) .... done (Time = 0.00s, Memory = 0.0K)
    Checking Rule W528 (Rule 182 of total 290) .... done (Time = 0.00s, Memory = 544.0K)
    Checking Rule Prereqs_Usage (Rule 183 of total 290) .... done (Time = 0.00s, Memory = -16.0K)
    Checking Rule Prereqs_ConstantInput-ML (Rule 184 of total 290) .... done (Time = 0.00s, Memory = 32.0K)
    Checking Rule ReportPortInfo-ML (Rule 185 of total 290) .... done (Time = 0.00s, Memory = 0.0K)
    Checking Rule Prereqs_ReportPortInfo-ML (Rule 186 of total 290) .... done (Time = 0.00s, Memory = 0.0K)
    Checking Rule Prereqs_ReportPortInfo-ML (Rule 187 of total 290) .... done (Time = 0.00s, Memory = 0.0K)
    Checking Rule NoAssignX-ML (Rule 188 of total 290) .... done (Time = 0.00s, Memory = 0.0K)
    Checking Rule ParamWidthMismatch-ML (Rule 189 of total 290) .... done (Time = 0.00s, Memory = 0.0K)
    Checking Rule Postreqs_Usage_ML (Rule 190 of total 290) .... done (Time = 0.00s, Memory = 0.0K)
    Checking Rule NoXInCase-ML (Rule 191 of total 290) .... done (Time = 0.00s, Memory = 0.0K)
Checking ELABDU Rules for designUnit sober_compare
    Checking Rule Ac_classify_param01 (Rule 128 of total 290) .... done (Time = 0.00s, Memory = 0.0K)
    Checking Rule AcOvlRtl (Rule 129 of total 290) .... done (Time = 0.00s, Memory = 0.0K)
    Checking Rule AcOvlRtl (Rule 130 of total 290) .... done (Time = 0.00s, Memory = 32.0K)
    Checking Rule GenTopLevelBlocksForAutoSoc (Rule 131 of total 290) .... done (Time = 0.00s, Memory = -2568.0K)
    Checking Rule Prereqs_InferLatch (Rule 132 of total 290) .... done (Time = 0.00s, Memory = 8.0K)
    Checking Rule STARC05-2.1.4.5 (Rule 133 of total 290) .... done (Time = 0.00s, Memory = 16.0K)
    Checking Rule STARC05-2.1.5.3 (Rule 134 of total 290) .... done (Time = 0.00s, Memory = -32.0K)
    Checking Rule STARC05-2.2.3.3 (Rule 135 of total 290) .... done (Time = 0.00s, Memory = -16.0K)
    Checking Rule STARC05-2.3.1.6 (Rule 136 of total 290) .... done (Time = 0.00s, Memory = 0.0K)
    Checking Rule STARC05-2.10.2.3 (Rule 137 of total 290) .... done (Time = 0.00s, Memory = 8.0K)
    Checking Rule STARC05-2.10.3.2a (Rule 138 of total 290) .... done (Time = 0.00s, Memory = 8.0K)
    Checking Rule STARC05-2.11.3.1 (Rule 139 of total 290) .... done (Time = 0.00s, Memory = 0.0K)
    Checking Rule STARC05-2.1.3.1 (Rule 140 of total 290) .... done (Time = 0.00s, Memory = 0.0K)
    Checking Rule STARC05-2.10.1.4a (Rule 141 of total 290) .... done (Time = 0.00s, Memory = 0.0K)
    Checking Rule STARC05-2.10.1.4b (Rule 142 of total 290) .... done (Time = 0.00s, Memory = 0.0K)
    Checking Rule sim_race02 (Rule 143 of total 290) .... done (Time = 0.00s, Memory = -8.0K)
    Checking Rule W110 (Rule 144 of total 290) .... done (Time = 0.00s, Memory = -64.0K)
    Checking Rule W122 (Rule 145 of total 290) .... done (Time = 0.00s, Memory = 16.0K)
    Checking Rule W496a (Rule 146 of total 290) .... done (Time = 0.00s, Memory = -8.0K)
    Checking Rule W496b (Rule 147 of total 290) .... done (Time = 0.00s, Memory = 0.0K)
    Checking Rule W19 (Rule 148 of total 290) .... done (Time = 0.00s, Memory = 0.0K)
    Checking Rule W66 (Rule 149 of total 290) .... done (Time = 0.00s, Memory = 0.0K)
    Checking Rule W116 (Rule 150 of total 290) .... done (Time = 0.00s, Memory = 0.0K)
    Checking Rule W123 (Rule 151 of total 290) .... done (Time = 0.00s, Memory = 16.0K)
    Checking Rule W156 (Rule 152 of total 290) .... done (Time = 0.00s, Memory = 0.0K)
    Checking Rule W215 (Rule 153 of total 290) .... done (Time = 0.00s, Memory = 0.0K)
    Checking Rule W216 (Rule 154 of total 290) .... done (Time = 0.00s, Memory = 0.0K)
    Checking Rule W218 (Rule 155 of total 290) .... done (Time = 0.00s, Memory = 0.0K)
    Checking Rule W224 (Rule 156 of total 290) .... done (Time = 0.00s, Memory = 0.0K)
    Checking Rule W263 (Rule 157 of total 290) .... done (Time = 0.00s, Memory = 0.0K)
    Checking Rule W289 (Rule 158 of total 290) .... done (Time = 0.00s, Memory = 0.0K)
    Checking Rule W337 (Rule 159 of total 290) .... done (Time = 0.00s, Memory = 0.0K)
    Checking Rule W416 (Rule 160 of total 290) .... done (Time = 0.00s, Memory = 0.0K)
    Checking Rule W352 (Rule 161 of total 290) .... done (Time = 0.00s, Memory = 0.0K)
    Checking Rule W362 (Rule 162 of total 290) .... done (Time = 0.00s, Memory = 0.0K)
    Checking Rule W415a (Rule 163 of total 290) .... done (Time = 0.00s, Memory = 0.0K)
    Checking Rule W486 (Rule 164 of total 290) .... done (Time = 0.00s, Memory = 0.0K)
    Checking Rule W499 (Rule 165 of total 290) .... done (Time = 0.00s, Memory = 0.0K)
    Checking Rule W502 (Rule 166 of total 290) .... done (Time = 0.00s, Memory = -32.0K)
    Checking Rule W116 (Rule 167 of total 290) .... done (Time = 0.00s, Memory = 0.0K)
    Checking Rule W122 (Rule 168 of total 290) .... done (Time = 0.00s, Memory = 0.0K)
    Checking Rule W123 (Rule 169 of total 290) .... done (Time = 0.00s, Memory = 0.0K)
    Checking Rule W156 (Rule 170 of total 290) .... done (Time = 0.00s, Memory = 0.0K)
    Checking Rule W71 (Rule 171 of total 290) .... done (Time = 0.00s, Memory = 0.0K)
    Checking Rule W240 (Rule 172 of total 290) .... done (Time = 0.00s, Memory = 0.0K)
    Checking Rule W240 (Rule 173 of total 290) .... done (Time = 0.00s, Memory = 0.0K)
    Checking Rule W287a (Rule 174 of total 290) .... done (Time = 0.00s, Memory = 0.0K)
    Checking Rule W293 (Rule 175 of total 290) .... done (Time = 0.00s, Memory = -32.0K)
    Checking Rule W398 (Rule 176 of total 290) .... done (Time = 0.00s, Memory = 0.0K)
    Checking Rule W424 (Rule 177 of total 290) .... done (Time = 0.00s, Memory = 0.0K)
    Checking Rule W467 (Rule 178 of total 290) .... done (Time = 0.00s, Memory = 0.0K)
    Checking Rule W505 (Rule 179 of total 290) .... done (Time = 0.00s, Memory = 0.0K)
    Checking Rule W505 (Rule 180 of total 290) .... done (Time = 0.00s, Memory = 0.0K)
    Checking Rule W528 (Rule 181 of total 290) .... done (Time = 0.00s, Memory = 0.0K)
    Checking Rule W528 (Rule 182 of total 290) .... done (Time = 0.00s, Memory = 544.0K)
    Checking Rule Prereqs_Usage (Rule 183 of total 290) .... done (Time = 0.00s, Memory = -16.0K)
    Checking Rule Prereqs_ConstantInput-ML (Rule 184 of total 290) .... done (Time = 0.00s, Memory = 32.0K)
    Checking Rule ReportPortInfo-ML (Rule 185 of total 290) .... done (Time = 0.00s, Memory = 0.0K)
    Checking Rule Prereqs_ReportPortInfo-ML (Rule 186 of total 290) .... done (Time = 0.00s, Memory = 0.0K)
    Checking Rule Prereqs_ReportPortInfo-ML (Rule 187 of total 290) .... done (Time = 0.00s, Memory = 0.0K)
    Checking Rule NoAssignX-ML (Rule 188 of total 290) .... done (Time = 0.00s, Memory = 0.0K)
    Checking Rule ParamWidthMismatch-ML (Rule 189 of total 290) .... done (Time = 0.00s, Memory = 0.0K)
    Checking Rule Postreqs_Usage_ML (Rule 190 of total 290) .... done (Time = 0.00s, Memory = 0.0K)
    Checking Rule NoXInCase-ML (Rule 191 of total 290) .... done (Time = 0.00s, Memory = 0.0K)
Checking ELABDU Rules for designUnit core
Checking ELABDU Rules for designUnit conv
Checking ELABDU Rules for designUnit median
Checking ELABDU Rules for designUnit median_filter_submodule
Checking ELABDU Rules for designUnit sobel_gradient
Checking ELABDU Rules for designUnit sober_compare
Checking Rule PECHECK56 (Rule 192 of total 290) .... done (Time = 0.00s, Memory = 0.0K)
Checking Rule SGDC_meta_design_hier01 (Rule 193 of total 290) .... done (Time = 0.00s, Memory = 0.0K)
Checking Rule SGDC_waive24 (Rule 194 of total 290) .... done (Time = 0.00s, Memory = 0.0K)
Checking Rule SGDC_waive25 (Rule 195 of total 290) .... done (Time = 0.00s, Memory = 0.0K)
Checking Rule SGDC_waive31 (Rule 196 of total 290) .... done (Time = 0.00s, Memory = 0.0K)
Checking Rule SGDC_waive35 (Rule 197 of total 290) .... done (Time = 0.00s, Memory = 0.0K)
 Synthesizing module: sober_compare (elaborated name: sober_compare) ... (Module 1 of total 6)  done 
 Synthesizing module: sobel_gradient (elaborated name: sobel_gradient) ... (Module 2 of total 6)  done 
 Synthesizing module: median_filter_submodule (elaborated name: median_filter_submodule) ... (Module 3 of total 6)  done 
 Synthesizing module: median (elaborated name: median) ... (Module 4 of total 6)  done 
 Synthesizing module: conv (elaborated name: conv) ... (Module 5 of total 6)  done 
 Synthesizing module: core (elaborated name: core) ... (Module 6 of total 6)  done 
 Synthesis completed.
Checking Rule InferBlackBox (Rule 198 of total 290) .... done (Time = 0.01s, Memory = 2568.0K)
Checking Rule checkCMD_mthresh (Rule 199 of total 290) .... done (Time = 0.00s, Memory = 0.0K)

INFO [234]    Saving design database in directory './spyglass-1/core/.SG_SaveRestoreDB/autogenerated__default_snapshot' ...
              done

Checking Rule SGDC_waive37 (Rule 200 of total 290) .... done (Time = 0.00s, Memory = 0.0K)
Checking Rule Txv_SvaSetup01 for module sober_compare (Rule 201 of total 290) .... done (Time = 0.00s, Memory = 0.0K)
Checking Rule PESVASETUP01 for module sober_compare (Rule 202 of total 290) .... done (Time = 0.00s, Memory = 0.0K)
Checking Rule _cdc_save_license01 for module sober_compare (Rule 203 of total 290) .... done (Time = 0.00s, Memory = 0.0K)
Checking Rule _syncResetStyleRTL for module sober_compare (Rule 204 of total 290) .... done (Time = 0.00s, Memory = 0.0K)
Checking Rule _meta_delay01 for module sober_compare (Rule 205 of total 290) .... done (Time = 0.00s, Memory = 0.0K)
Checking Rule Ac_svasetup01 for module sober_compare (Rule 206 of total 290) .... done (Time = 0.00s, Memory = 0.0K)
Checking Rule Prereq_IntClock for module sober_compare (Rule 207 of total 290) .... done (Time = 0.00s, Memory = 0.0K)
Checking Rule W336 for module sober_compare (Rule 208 of total 290) .... done (Time = 0.00s, Memory = 0.0K)
Checking Rule W414 for module sober_compare (Rule 209 of total 290) .... done (Time = 0.00s, Memory = 0.0K)
Checking Rule W450L for module sober_compare (Rule 210 of total 290) .... done (Time = 0.00s, Memory = 0.0K)
Checking Rule HangingNetPreReq-ML for module sober_compare (Rule 211 of total 290) .... done (Time = 0.00s, Memory = 0.0K)
Checking Rule RegInputOutput-ML for module sober_compare (Rule 212 of total 290) .... done (Time = 0.00s, Memory = 0.0K)
Checking Rule STARC05-2.5.1.7 for module sober_compare (Rule 213 of total 290) .... done (Time = 0.00s, Memory = 0.0K)
Checking Rule STARC05-2.5.1.9 for module sober_compare (Rule 214 of total 290) .... done (Time = 0.00s, Memory = 0.0K)
Checking Rule Txv_SvaSetup01 for module sobel_gradient (Rule 201 of total 290) .... done (Time = 0.00s, Memory = 0.0K)
Checking Rule PESVASETUP01 for module sobel_gradient (Rule 202 of total 290) .... done (Time = 0.00s, Memory = 0.0K)
Checking Rule _cdc_save_license01 for module sobel_gradient (Rule 203 of total 290) .... done (Time = 0.00s, Memory = 0.0K)
Checking Rule _syncResetStyleRTL for module sobel_gradient (Rule 204 of total 290) .... done (Time = 0.00s, Memory = 0.0K)
Checking Rule _meta_delay01 for module sobel_gradient (Rule 205 of total 290) .... done (Time = 0.00s, Memory = 0.0K)
Checking Rule Ac_svasetup01 for module sobel_gradient (Rule 206 of total 290) .... done (Time = 0.00s, Memory = 0.0K)
Checking Rule Prereq_IntClock for module sobel_gradient (Rule 207 of total 290) .... done (Time = 0.00s, Memory = 0.0K)
Checking Rule W336 for module sobel_gradient (Rule 208 of total 290) .... done (Time = 0.00s, Memory = 0.0K)
Checking Rule W414 for module sobel_gradient (Rule 209 of total 290) .... done (Time = 0.00s, Memory = 0.0K)
Checking Rule W450L for module sobel_gradient (Rule 210 of total 290) .... done (Time = 0.00s, Memory = 0.0K)
Checking Rule HangingNetPreReq-ML for module sobel_gradient (Rule 211 of total 290) .... done (Time = 0.00s, Memory = 0.0K)
Checking Rule RegInputOutput-ML for module sobel_gradient (Rule 212 of total 290) .... done (Time = 0.00s, Memory = 0.0K)
Checking Rule STARC05-2.5.1.7 for module sobel_gradient (Rule 213 of total 290) .... done (Time = 0.00s, Memory = 0.0K)
Checking Rule STARC05-2.5.1.9 for module sobel_gradient (Rule 214 of total 290) .... done (Time = 0.00s, Memory = 0.0K)
Checking Rule Txv_SvaSetup01 for module median_filter_submodule (Rule 201 of total 290) .... done (Time = 0.00s, Memory = 0.0K)
Checking Rule PESVASETUP01 for module median_filter_submodule (Rule 202 of total 290) .... done (Time = 0.00s, Memory = 0.0K)
Checking Rule _cdc_save_license01 for module median_filter_submodule (Rule 203 of total 290) .... done (Time = 0.00s, Memory = 0.0K)
Checking Rule _syncResetStyleRTL for module median_filter_submodule (Rule 204 of total 290) .... done (Time = 0.00s, Memory = 0.0K)
Checking Rule _meta_delay01 for module median_filter_submodule (Rule 205 of total 290) .... done (Time = 0.00s, Memory = 0.0K)
Checking Rule Ac_svasetup01 for module median_filter_submodule (Rule 206 of total 290) .... done (Time = 0.00s, Memory = 0.0K)
Checking Rule Prereq_IntClock for module median_filter_submodule (Rule 207 of total 290) .... done (Time = 0.00s, Memory = 0.0K)
Checking Rule W336 for module median_filter_submodule (Rule 208 of total 290) .... done (Time = 0.00s, Memory = 0.0K)
Checking Rule W414 for module median_filter_submodule (Rule 209 of total 290) .... done (Time = 0.00s, Memory = 0.0K)
Checking Rule W450L for module median_filter_submodule (Rule 210 of total 290) .... done (Time = 0.00s, Memory = 0.0K)
Checking Rule HangingNetPreReq-ML for module median_filter_submodule (Rule 211 of total 290) .... done (Time = 0.00s, Memory = 0.0K)
Checking Rule RegInputOutput-ML for module median_filter_submodule (Rule 212 of total 290) .... done (Time = 0.00s, Memory = 0.0K)
Checking Rule STARC05-2.5.1.7 for module median_filter_submodule (Rule 213 of total 290) .... done (Time = 0.00s, Memory = 0.0K)
Checking Rule STARC05-2.5.1.9 for module median_filter_submodule (Rule 214 of total 290) .... done (Time = 0.00s, Memory = 0.0K)
Checking Rule Txv_SvaSetup01 for module median (Rule 201 of total 290) .... done (Time = 0.00s, Memory = 0.0K)
Checking Rule PESVASETUP01 for module median (Rule 202 of total 290) .... done (Time = 0.00s, Memory = 0.0K)
Checking Rule _cdc_save_license01 for module median (Rule 203 of total 290) .... done (Time = 0.00s, Memory = 0.0K)
Checking Rule _syncResetStyleRTL for module median (Rule 204 of total 290) .... done (Time = 0.00s, Memory = 0.0K)
Checking Rule _meta_delay01 for module median (Rule 205 of total 290) .... done (Time = 0.00s, Memory = 0.0K)
Checking Rule Ac_svasetup01 for module median (Rule 206 of total 290) .... done (Time = 0.00s, Memory = 0.0K)
Checking Rule Prereq_IntClock for module median (Rule 207 of total 290) .... done (Time = 0.00s, Memory = 0.0K)
Checking Rule W336 for module median (Rule 208 of total 290) .... done (Time = 0.00s, Memory = 0.0K)
Checking Rule W414 for module median (Rule 209 of total 290) .... done (Time = 0.00s, Memory = 0.0K)
Checking Rule W450L for module median (Rule 210 of total 290) .... done (Time = 0.00s, Memory = 0.0K)
Checking Rule HangingNetPreReq-ML for module median (Rule 211 of total 290) .... done (Time = 0.00s, Memory = 0.0K)
Checking Rule RegInputOutput-ML for module median (Rule 212 of total 290) .... done (Time = 0.00s, Memory = 0.0K)
Checking Rule STARC05-2.5.1.7 for module median (Rule 213 of total 290) .... done (Time = 0.00s, Memory = 0.0K)
Checking Rule STARC05-2.5.1.9 for module median (Rule 214 of total 290) .... done (Time = 0.00s, Memory = 0.0K)
Checking Rule Txv_SvaSetup01 for module conv (Rule 201 of total 290) .... done (Time = 0.00s, Memory = 0.0K)
Checking Rule PESVASETUP01 for module conv (Rule 202 of total 290) .... done (Time = 0.00s, Memory = 0.0K)
Checking Rule _cdc_save_license01 for module conv (Rule 203 of total 290) .... done (Time = 0.00s, Memory = 0.0K)
Checking Rule _syncResetStyleRTL for module conv (Rule 204 of total 290) .... done (Time = 0.00s, Memory = 0.0K)
Checking Rule _meta_delay01 for module conv (Rule 205 of total 290) .... done (Time = 0.00s, Memory = 0.0K)
Checking Rule Ac_svasetup01 for module conv (Rule 206 of total 290) .... done (Time = 0.00s, Memory = 0.0K)
Checking Rule Prereq_IntClock for module conv (Rule 207 of total 290) .... done (Time = 0.00s, Memory = 0.0K)
Checking Rule W336 for module conv (Rule 208 of total 290) .... done (Time = 0.00s, Memory = 0.0K)
Checking Rule W414 for module conv (Rule 209 of total 290) .... done (Time = 0.00s, Memory = 0.0K)
Checking Rule W450L for module conv (Rule 210 of total 290) .... done (Time = 0.00s, Memory = 0.0K)
Checking Rule HangingNetPreReq-ML for module conv (Rule 211 of total 290) .... done (Time = 0.00s, Memory = 0.0K)
Checking Rule RegInputOutput-ML for module conv (Rule 212 of total 290) .... done (Time = 0.00s, Memory = 0.0K)
Checking Rule STARC05-2.5.1.7 for module conv (Rule 213 of total 290) .... done (Time = 0.00s, Memory = 0.0K)
Checking Rule STARC05-2.5.1.9 for module conv (Rule 214 of total 290) .... done (Time = 0.00s, Memory = 0.0K)
Checking Rule Txv_SvaSetup01 for module core (Rule 201 of total 290) .... done (Time = 0.00s, Memory = 0.0K)
Checking Rule PESVASETUP01 for module core (Rule 202 of total 290) .... done (Time = 0.00s, Memory = 0.0K)
Checking Rule _cdc_save_license01 for module core (Rule 203 of total 290) .... done (Time = 0.00s, Memory = 0.0K)
Checking Rule _syncResetStyleRTL for module core (Rule 204 of total 290) .... done (Time = 0.00s, Memory = 0.0K)
Checking Rule _meta_delay01 for module core (Rule 205 of total 290) .... done (Time = 0.00s, Memory = 0.0K)
Checking Rule Ac_svasetup01 for module core (Rule 206 of total 290) .... done (Time = 0.00s, Memory = 0.0K)
Checking Rule Prereq_IntClock for module core (Rule 207 of total 290) .... done (Time = 0.00s, Memory = 0.0K)
Checking Rule W336 for module core (Rule 208 of total 290) .... done (Time = 0.00s, Memory = 0.0K)
Checking Rule W414 for module core (Rule 209 of total 290) .... done (Time = 0.00s, Memory = 0.0K)
Checking Rule W450L for module core (Rule 210 of total 290) .... done (Time = 0.00s, Memory = 0.0K)
Checking Rule HangingNetPreReq-ML for module core (Rule 211 of total 290) .... done (Time = 0.00s, Memory = 0.0K)
Checking Rule RegInputOutput-ML for module core (Rule 212 of total 290) .... done (Time = 0.00s, Memory = 0.0K)
Checking Rule STARC05-2.5.1.7 for module core (Rule 213 of total 290) .... done (Time = 0.00s, Memory = 0.0K)
Checking Rule STARC05-2.5.1.9 for module core (Rule 214 of total 290) .... done (Time = 0.00s, Memory = 0.0K)
Performing semantic checks on SGDC contents
Checking Rule SGDC_testmode03 (Rule 73 of total 290) .... done (Time = 0.00s, Memory = 0.0K)
Checking Rule _abstractPortSGDC (Rule 215 of total 290) .... done (Time = 0.00s, Memory = 0.0K)
Checking Rule SGDC_abstract_port03 (Rule 216 of total 290) .... done (Time = 0.00s, Memory = 0.0K)
Checking Rule SGDC_abstract_port04 (Rule 217 of total 290) .... done (Time = 0.00s, Memory = 0.0K)
Checking Rule SGDC_abstract_port05 (Rule 218 of total 290) .... done (Time = 0.00s, Memory = 0.0K)
Checking Rule SGDC_abstract_port07 (Rule 219 of total 290) .... done (Time = 0.00s, Memory = 0.0K)
Checking Rule SGDC_abstract_port08 (Rule 220 of total 290) .... done (Time = 0.00s, Memory = 0.0K)
Checking Rule SGDC_abstract_port10 (Rule 221 of total 290) .... done (Time = 0.00s, Memory = 0.0K)
Checking Rule SGDC_abstract_port11 (Rule 222 of total 290) .... done (Time = 0.00s, Memory = 0.0K)
Checking Rule SGDC_abstract_port12 (Rule 223 of total 290) .... done (Time = 0.00s, Memory = 0.0K)
Checking Rule SGDC_abstract_port13 (Rule 224 of total 290) .... done (Time = 0.00s, Memory = 0.0K)
Checking Rule ReportUngroup (Rule 225 of total 290) .... done (Time = 0.00s, Memory = 0.0K)
Checking Rule LINT_portReten (Rule 226 of total 290) .... done (Time = 0.00s, Memory = 0.0K)
Checking Rule SGDC_abstract_port21 (Rule 227 of total 290) .... done (Time = 0.00s, Memory = 0.0K)
Checking Rule InferLatch (Rule 228 of total 290) .... done (Time = 0.00s, Memory = 64.0K)
Checking Rule UndrivenInTerm-ML (Rule 229 of total 290) .... done (Time = 0.05s, Memory = 128.0K)
Checking Rule SGDC_assume_path05 (Rule 230 of total 290) .... done (Time = 0.00s, Memory = 0.0K)
 Flattening core (.lib instances separately flattened) ....
 Flattening completed
Checking Rule SGDC_set_case_analysis_LC (Rule 231 of total 290) .... done (Time = 0.00s, Memory = 0.0K)
Checking Rule BufClock (Rule 232 of total 290) .... done (Time = 0.01s, Memory = 1568.0K)
Checking Rule CombLoop (Rule 233 of total 290) .... done (Time = 0.02s, Memory = -1744.0K)
Checking Rule STARC05-2.5.1.2 (Rule 234 of total 290) .... done (Time = 0.00s, Memory = 0.0K)
Checking Rule STARC05-1.3.1.3 (Rule 235 of total 290) .... done (Time = 0.01s, Memory = 0.0K)
Checking Rule STARC05-1.4.3.4 (Rule 236 of total 290) .... done (Time = 0.00s, Memory = 8.0K)
Checking Rule FlopClockConstant (Rule 237 of total 290) .... done (Time = 0.02s, Memory = 2672.0K)
Checking Rule FlopSRConst (Rule 238 of total 290) .... done (Time = 0.00s, Memory = 0.0K)
Checking Rule FlopEConst (Rule 239 of total 290) .... done (Time = 0.00s, Memory = 8.0K)
Checking Rule checkPinConnectedToSupply (Rule 240 of total 290) .... done (Time = 0.00s, Memory = 0.0K)
Checking Rule W392 (Rule 241 of total 290) .... done (Time = 0.00s, Memory = 64.0K)
Checking Rule W415 (Rule 242 of total 290) .... done (Time = 0.01s, Memory = 0.0K)
Checking Rule LatchFeedback (Rule 243 of total 290) .... done (Time = 0.01s, Memory = -2440.0K)
Checking Rule STARC05-2.4.1.5 (Rule 244 of total 290) .... done (Time = 0.00s, Memory = 0.0K)
Checking Rule STARC05-1.2.1.2 (Rule 245 of total 290) .... done (Time = 0.00s, Memory = 16.0K)
Checking Rule AnalyzeBBox (Rule 246 of total 290) .... done (Time = 0.00s, Memory = 2568.0K)
Checking Rule ReportCheckDataSummary (Rule 71 of total 290) .... done (Time = 0.00s, Memory = 0.0K)

Generating data for Console...

SpyGlass Rule Checking Complete.

Generating moresimple report from './spyglass-1/core/lint/lint_rtl/spyglass.vdb' to './spyglass-1/core/lint/lint_rtl/spyglass_reports/moresimple.rpt' ....

Generating runsummary report from './spyglass-1/core/lint/lint_rtl/spyglass.vdb' ....

Generating no_msg_reporting_rules report from './spyglass-1/core/lint/lint_rtl/spyglass.vdb' to './spyglass-1/core/lint/lint_rtl/spyglass_reports/no_msg_reporting_rules.rpt' ....

Generating W415_Report report from './spyglass-1/core/lint/lint_rtl/spyglass.vdb' to './spyglass-1/core/lint/lint_rtl/spyglass_reports/lint/W415_Report.rpt' ....

Policy specific data (reports) are present in the directory './spyglass-1/core/lint/lint_rtl/spyglass_reports'.

SpyGlass critical reports for the current run are present in directory './spyglass-1/consolidated_reports/core_lint_lint_rtl/'.

---------------------------------------------------------------------------------------------
Results Summary:
---------------------------------------------------------------------------------------------
   Goal Run           :      lint/lint_rtl
   Command-line read  :      0 error,      0 warning,      0 information message 
   Design Read        :      0 error,      0 warning,      4 information messages
      Found 1 top module:
         core   (file: core.v)

   Blackbox Resolution:      0 error,      0 warning,      1 information message 
   SGDC Checks        :      0 error,      0 warning,      0 information message 
   -------------------------------------------------------------------------------------
   Total              :      0 error,      0 warning,      5 information messages

  Total Number of Generated Messages     :         5 (0 error, 0 warning, 5 Infos)
  Number of Reported Messages            :         5 (0 error, 0 warning, 5 Infos)

---------------------------------------------------------------------------------------------


run_goal: info: updating spyglass.log with goal summary
---------------------------------------------------------------------------------------------------
Results Summary:
---------------------------------------------------------------------------------------------------
   Goal Run           :      lint/lint_rtl
   Top Module         :      core
---------------------------------------------------------------------------------------------------
   Reports Directory: 
   /home/raid7_2/user12/r2k41036/NTU_CVSD2024/HW3/01_RTL/spyglass-1/consolidated_reports/core_lint_lint_rtl/ 

   SpyGlass LogFile: 
    /home/raid7_2/user12/r2k41036/NTU_CVSD2024/HW3/01_RTL/spyglass-1/core/lint/lint_rtl/spyglass.log 

   Standard Reports: 
     moresimple.rpt          no_msg_reporting_rules.rpt       

   HTML report:
    /home/raid7_2/user12/r2k41036/NTU_CVSD2024/HW3/01_RTL/spyglass-1/html_reports/goals_summary.html
  

   Technology Reports:  
     <Not Available>
   
   
---------------------------------------------------------------------------------------------------
   Goal Violation Summary:
       Waived   Messages:                      0 Errors,      0 Warnings,      0 Infos
       Reported Messages:         0 Fatals,    0 Errors,      0 Warnings,      5 Infos
---------------------------------------------------------------------------------------------------
   
---------------------------------------------------------------------------------------------------
 
run_goal: info: spyglass.log successfully updated with goal summary
run_goal: info: setting design top `core' as current_design
0 {Rule-checking completed without errors or warnings}current_goal: warning: design query data not saved for last active goal `lint/lint_rtl'
                       (use `save_goal' command or enable `auto_save' option to save design query data for subsequent goals)
current_goal: info: loading goal `lint/lint_rtl_enhanced' with top `core' (in progress)
current_goal: info: finished loading goal `lint/lint_rtl_enhanced' (ok)

INFO:    SpyGlass will run goal(s) 'lint/lint_rtl_enhanced'.


RULE-CHECKING IN MIXED MODE
Loading spyglass (SpyGlass_vT-2022.06) ... (picked from /home/raid7_4/raid1_1/linux/synopsys/spyglass/2022.06/SPYGLASS_HOME/policies/spyglass)
Loading openmore (SpyGlass_vT-2022.06) ... (picked from /home/raid7_4/raid1_1/linux/synopsys/spyglass/2022.06/SPYGLASS_HOME/policies/openmore)
Loading starc (SpyGlass_vT-2022.06) ... (picked from /home/raid7_4/raid1_1/linux/synopsys/spyglass/2022.06/SPYGLASS_HOME/policies/starc)
Loading starc2005 (SpyGlass_vT-2022.06) ... (picked from /home/raid7_4/raid1_1/linux/synopsys/spyglass/2022.06/SPYGLASS_HOME/policies/starc2005)
Loading erc (SpyGlass_vT-2022.06) ... (picked from /home/raid7_4/raid1_1/linux/synopsys/spyglass/2022.06/SPYGLASS_HOME/policies/erc)
Loading simulation (SpyGlass_vT-2022.06) ... (picked from /home/raid7_4/raid1_1/linux/synopsys/spyglass/2022.06/SPYGLASS_HOME/policies/simulation)
Loading lint (SpyGlass_vT-2022.06) ... (picked from /home/raid7_4/raid1_1/linux/synopsys/spyglass/2022.06/SPYGLASS_HOME/policies/lint)
Loading latch (SpyGlass_vT-2022.06) ... (picked from /home/raid7_4/raid1_1/linux/synopsys/spyglass/2022.06/SPYGLASS_HOME/policies/latch)
Loading morelint (SpyGlass_vT-2022.06) ... (picked from /home/raid7_4/raid1_1/linux/synopsys/spyglass/2022.06/SPYGLASS_HOME/policies/morelint)
Loading timing (SpyGlass_vT-2022.06) ... (picked from /home/raid7_4/raid1_1/linux/synopsys/spyglass/2022.06/SPYGLASS_HOME/policies/timing)
Loading starc2002 (SpyGlass_vT-2022.06) ... (picked from /home/raid7_4/raid1_1/linux/synopsys/spyglass/2022.06/SPYGLASS_HOME/policies/starc2002)

WARNING [237]    Following rules can not run on restored design database. Hence, HDL being re-read:
                 ReserveName
                 STARC05-1.1.1.1
                 STARC05-2.1.4.5
                 STARC05-2.1.5.3
                 STARC05-2.2.3.3
                 STARC05-2.3.1.5b
                 STARC05-2.3.1.6
                 STARC05-2.8.1.5
                 STARC05-2.8.5.1
                 STARC05-2.9.1.2a
                 STARC05-2.9.1.2b
                 STARC05-2.10.2.3
                 STARC05-2.10.3.2a
                 STARC05-2.11.3.1
                 STARC05-2.2.3.1
                 STARC05-2.1.1.2
                 STARC05-2.1.3.1
                 STARC05-2.3.1.2c
                 STARC05-2.3.4.1
                 STARC05-2.8.1.3
                 STARC05-2.10.1.4a
                 STARC05-2.10.1.4b
                 STARC05-2.3.4.1v
                 sim_race02
                 Prereqs_sim_race07
                 W339a
                 W442a
                 W442b
                 W442c
                 W442f
                 W561
                 mixedsenselist
                 badimplicitSM1
                 badimplicitSM2
                 badimplicitSM4
                 bothedges
                 infiniteloop
                 W239
                 W110
                 W122
                 W163
                 W552
                 W553
                 W496a
                 W496b
                 W19
                 W66
                 W116
                 W123
                 W127
                 W156
                 W188
                 W193
                 W215
                 W216
                 W218
                 W238
                 W245
                 W263
                 W289
                 W314
                 W316
                 W317
                 W337
                 W342
                 W343
                 W416
                 W352
                 W362
                 W422
                 W423
                 W426
                 W464
                 W479
                 W480
                 W481a
                 W481b
                 W486
                 W499
                 W502
                 W527
                 W575
                 W576
                 W336
                 W414
                 W402b
                 BlockHeader
                 W292
                 W110a
                 W71
                 W164a
                 W164b
                 W167
                 W210
                 W240
                 W241
                 W287a
                 W287c
                 W293
                 W398
                 W421
                 W424
                 W443
                 W444
                 W467
                 W494
                 W505
                 W392
                 W450L
                 TristatePort-ML
                 TristateSig-ML
                 UnrecSynthDir-ML
                 ReportPortInfo-ML
                 PragmaComments-ML
                 DisallowCaseX-ML
                 NoAssignX-ML
                 InstPortConnType-ML
                 ParamWidthMismatch-ML
                 CheckDelayTimescale-ML
                 DuplicateCaseLabel-ML
                 AutomaticFuncTask-ML
                 ReserveNameSystemVerilog-ML
                 SetBeforeRead-ML
                 SigAssignZ-ML
                 NoGenLabel-ML
                 ImproperRangeIndex-ML
                 NoXInCase-ML
                 STARC05-2.5.1.7
                 STARC05-2.1.6.5
                 STARC05-2.5.1.9

INFO [76]    Using './spyglass-1/core/WORK/64' as the Work Directory for 64bit precompiled dump.
Checking Rule PrecompileLibCheck01 (Rule 1 of total 337) .... done (Time = 0.00s, Memory = 0.0K)
Checking Rule PrecompileLibCheck02 (Rule 2 of total 337) .... done (Time = 0.00s, Memory = 0.0K)
Checking Rule PrecompileLibCheck03 (Rule 3 of total 337) .... done (Time = 0.00s, Memory = 0.0K)
Checking Rule PrecompileLibCheck04 (Rule 4 of total 337) .... done (Time = 0.00s, Memory = 0.0K)
Checking Rule AbstractInterface (Rule 5 of total 337) .... done (Time = 0.00s, Memory = 0.0K)
Checking Rule SGDC_assume_path01 (Rule 6 of total 337) .... done (Time = 0.00s, Memory = 0.0K)
Checking Rule SGDC_sdcschema02 (Rule 7 of total 337) .... done (Time = 0.00s, Memory = 32.0K)
Checking Rule SGDC_clock05 (Rule 8 of total 337) .... done (Time = 0.00s, Memory = 0.0K)
Checking Rule SGDC_clock09 (Rule 9 of total 337) .... done (Time = 0.00s, Memory = 0.0K)
Checking Rule SGDC_force_ta05 (Rule 10 of total 337) .... done (Time = 0.00s, Memory = 0.0K)
Checking Rule SGDC_require_path03 (Rule 11 of total 337) .... done (Time = 0.00s, Memory = 0.0K)
Checking Rule SGDC_require_value03 (Rule 12 of total 337) .... done (Time = 0.00s, Memory = 0.0K)
Checking Rule SGDC_voltagedomain05 (Rule 13 of total 337) .... done (Time = 0.00s, Memory = 8.0K)
Checking Rule SGDC_voltagedomain06 (Rule 14 of total 337) .... done (Time = 0.00s, Memory = 0.0K)
Checking Rule SGDC_voltagedomain07 (Rule 15 of total 337) .... done (Time = 0.00s, Memory = 8.0K)
Checking Rule SGDC_powerdomainoutputs02 (Rule 16 of total 337) .... done (Time = 0.00s, Memory = 8.0K)
Checking Rule SGDC_supply01 (Rule 17 of total 337) .... done (Time = 0.00s, Memory = 0.0K)
Checking Rule SGDC_waive01 (Rule 18 of total 337) .... done (Time = 0.00s, Memory = 0.0K)
Checking Rule SGDC_waive02 (Rule 19 of total 337) .... done (Time = 0.00s, Memory = 0.0K)
Checking Rule SGDC_waive03 (Rule 20 of total 337) .... done (Time = 0.00s, Memory = 0.0K)
Checking Rule SGDC_waive04 (Rule 21 of total 337) .... done (Time = 0.00s, Memory = 0.0K)
Checking Rule SGDC_waive05 (Rule 22 of total 337) .... done (Time = 0.00s, Memory = 0.0K)
Checking Rule SGDC_waive06 (Rule 23 of total 337) .... done (Time = 0.00s, Memory = 0.0K)
Checking Rule SGDC_waive07 (Rule 24 of total 337) .... done (Time = 0.00s, Memory = 0.0K)
Checking Rule SGDC_waive08 (Rule 25 of total 337) .... done (Time = 0.00s, Memory = 0.0K)
Checking Rule SGDC_waive09 (Rule 26 of total 337) .... done (Time = 0.00s, Memory = 0.0K)
Checking Rule SGDC_waive10 (Rule 27 of total 337) .... done (Time = 0.00s, Memory = 0.0K)
Checking Rule SGDC_waive11 (Rule 28 of total 337) .... done (Time = 0.00s, Memory = 0.0K)
Checking Rule SGDC_waive12 (Rule 29 of total 337) .... done (Time = 0.00s, Memory = 8.0K)
Checking Rule SGDC_waive13 (Rule 30 of total 337) .... done (Time = 0.00s, Memory = 0.0K)
Checking Rule SGDC_waive21 (Rule 31 of total 337) .... done (Time = 0.00s, Memory = 0.0K)
Checking Rule SGDC_waive22 (Rule 32 of total 337) .... done (Time = 0.00s, Memory = 0.0K)
Checking Rule SGDC_waive30 (Rule 33 of total 337) .... done (Time = 0.00s, Memory = 0.0K)
Checking Rule SGDC_waive32 (Rule 34 of total 337) .... done (Time = 0.00s, Memory = 0.0K)
Checking Rule SGDC_waive33 (Rule 35 of total 337) .... done (Time = 0.00s, Memory = 0.0K)
Checking Rule SGDC_waive36 (Rule 36 of total 337) .... done (Time = 0.00s, Memory = 0.0K)
Checking Rule SGDC_waive38 (Rule 37 of total 337) .... done (Time = 0.00s, Memory = 0.0K)
Checking Rule SGDC_fifo01 (Rule 38 of total 337) .... done (Time = 0.00s, Memory = 0.0K)
Checking Rule SGDC_libgroup01 (Rule 39 of total 337) .... done (Time = 0.00s, Memory = 0.0K)
Checking Rule SGDC_libgroup02 (Rule 40 of total 337) .... done (Time = 0.00s, Memory = 0.0K)
Checking Rule SGDC_libgroup04 (Rule 41 of total 337) .... done (Time = 0.00s, Memory = 0.0K)
Checking Rule SGDC_power_data01 (Rule 42 of total 337) .... done (Time = 0.00s, Memory = 8.0K)
Checking Rule SGDC_ungroup01 (Rule 43 of total 337) .... done (Time = 0.00s, Memory = 0.0K)
Checking Rule SGDC_abstract_port06 (Rule 44 of total 337) .... done (Time = 0.00s, Memory = 16.0K)
Checking Rule SGDC_abstract_port14 (Rule 45 of total 337) .... done (Time = 0.00s, Memory = 0.0K)
Checking Rule SGDC_abstract_port15 (Rule 46 of total 337) .... done (Time = 0.00s, Memory = 0.0K)
Checking Rule SGDC_abstract_port18 (Rule 47 of total 337) .... done (Time = 0.00s, Memory = 0.0K)
Checking Rule sdc_init_rule (Rule 48 of total 337) .... done (Time = 0.00s, Memory = 0.0K)
Checking Rule CMD_ignorelibs01 (Rule 49 of total 337) .... done (Time = 0.00s, Memory = 0.0K)
Checking Rule ReportRuleNotRun (Rule 50 of total 337) .... done (Time = 0.02s, Memory = 64.0K)
Checking Rule ReserveName (Rule 51 of total 337) .... done (Time = 0.00s, Memory = 0.0K)
Checking Rule ReserveName (Rule 52 of total 337) .... done (Time = 0.00s, Memory = 0.0K)
Checking Rule STARC05-2.3.1.2c (Rule 53 of total 337) .... done (Time = 0.00s, Memory = 0.0K)
Checking Rule W442a (Rule 54 of total 337) .... done (Time = 0.00s, Memory = 0.0K)
Checking Rule W442b (Rule 55 of total 337) .... done (Time = 0.00s, Memory = 0.0K)
Checking Rule W442c (Rule 56 of total 337) .... done (Time = 0.00s, Memory = 0.0K)
Checking Rule W442f (Rule 57 of total 337) .... done (Time = 0.00s, Memory = 0.0K)
Checking Rule W561 (Rule 58 of total 337) .... done (Time = 0.00s, Memory = 0.0K)
Checking Rule mixedsenselist (Rule 59 of total 337) .... done (Time = 0.00s, Memory = 0.0K)
Checking Rule badimplicitSM1 (Rule 60 of total 337) .... done (Time = 0.00s, Memory = 0.0K)
Checking Rule badimplicitSM2 (Rule 61 of total 337) .... done (Time = 0.00s, Memory = 0.0K)
Checking Rule badimplicitSM4 (Rule 62 of total 337) .... done (Time = 0.00s, Memory = 0.0K)
Checking Rule bothedges (Rule 63 of total 337) .... done (Time = 0.00s, Memory = 0.0K)
Checking Rule infiniteloop (Rule 64 of total 337) .... done (Time = 0.00s, Memory = 0.0K)
Checking Rule BlockHeader (Rule 65 of total 337) .... done (Time = 0.00s, Memory = 0.0K)
Checking Rule W421 (Rule 66 of total 337) .... done (Time = 0.00s, Memory = 0.0K)
Checking Rule ReserveNameSystemVerilog-ML (Rule 67 of total 337) .... done (Time = 0.00s, Memory = 0.0K)
Checking Rule ReserveNameSystemVerilog-ML (Rule 68 of total 337) .... done (Time = 0.00s, Memory = 0.0K)
Checking Rule STARC05-2.1.6.5 (Rule 69 of total 337) .... done (Time = 0.00s, Memory = 0.0K)
Checking Rule ReportStopSummary (Rule 70 of total 337) .... done (Time = 0.00s, Memory = -32.0K)
Checking Rule ReportIgnoreSummary (Rule 71 of total 337) .... done (Time = 0.00s, Memory = 32.0K)
 Analyzing source file "define.v" ....
 Analyzing source file "core.v" ....
 Analyzing source file "conv.v" ....
 Analyzing source file "median.v" ....
 Elaborating Top Verilog Design Unit 'core' ..... done
Checking Rule ElabSummary (Rule 72 of total 337) .... done (Time = 0.01s, Memory = 2568.0K)
Checking Rule ReportCheckDataSummary (Rule 73 of total 337) .... done (Time = 0.00s, Memory = 0.0K)

INFO [38]    Design option 'ignoredu/ignorefile' specified.
             Please refer 'InfoAnalyzeBBox' or ReportIgnoreSummary' rule message for more details.

 Reading waiver file "./spyglass-1/core/lint/lint_rtl_enhanced/spyglass_spysch/constraint/spg_autogenerated_waivers.sgdc" ...
 Generating SGDC file "./spyglass-1/core/lint/lint_rtl_enhanced/spyglass_spysch/constraint/pragma2Constraint.sgdc" from pragmas in HDL source files ....
 Generating WAIVER file "./spyglass-1/core/lint/lint_rtl_enhanced/spyglass_spysch/waiver/pragma2Waiver.swl" from pragmas in HDL source files ....
Checking Rule DetectTopDesignUnits (Rule 74 of total 337)
 Detected 1 top level design units:
     core
 .... done (Time = 0.01s, Memory = 0.0K)
Performing semantic checks on SGDC contents
Checking Rule SGDC_testmode03 (Rule 75 of total 337) .... done (Time = 0.00s, Memory = 0.0K)
Checking Rule ReportObsoletePragmas (Rule 76 of total 337) .... done (Time = 0.00s, Memory = 0.0K)
Checking Rule checkSGDC_01 (Rule 77 of total 337) .... done (Time = 0.00s, Memory = 0.0K)
Checking Rule checkSGDC_03 (Rule 78 of total 337) .... done (Time = 0.00s, Memory = 8.0K)
Checking Rule checkSGDC_08 (Rule 79 of total 337) .... done (Time = 0.00s, Memory = 0.0K)
Checking Rule GenerateConfMap (Rule 80 of total 337) .... done (Time = 0.00s, Memory = 0.0K)
Checking Rule SGDC_memorywritepin04 (Rule 81 of total 337) .... done (Time = 0.00s, Memory = 8.0K)
Checking Rule SGDC_reset02 (Rule 82 of total 337) .... done (Time = 0.00s, Memory = 8.0K)
Checking Rule SGDC_reset03 (Rule 83 of total 337) .... done (Time = 0.00s, Memory = 0.0K)
Checking Rule SGDC_libgroup03 (Rule 84 of total 337) .... done (Time = 0.00s, Memory = 0.0K)
Checking Rule SGDC_ungroup02 (Rule 85 of total 337) .... done (Time = 0.00s, Memory = 0.0K)
Checking Rule HdlLibDuCheck (Rule 86 of total 337) .... done (Time = 0.00s, Memory = 0.0K)
Checking Rule RtlDesignInfo (Rule 87 of total 337) .... done (Time = 0.00s, Memory = 0.0K)
Checking Rule W339a (Rule 88 of total 337) .... done (Time = 0.00s, Memory = 0.0K)
Checking Rule W416 (Rule 89 of total 337) .... done (Time = 0.00s, Memory = 0.0K)
Checking Rule mixedsenselist (Rule 90 of total 337) .... done (Time = 0.00s, Memory = 0.0K)
Checking Rule W110a (Rule 91 of total 337) .... done (Time = 0.00s, Memory = 0.0K)
Checking Rule preReq_ConsCase (Rule 92 of total 337) .... done (Time = 0.00s, Memory = 0.0K)
Checking Rule CheckCelldefine (Rule 93 of total 337) .... done (Time = 0.00s, Memory = 8.0K)
Checking Rule SGDC_waive23 (Rule 94 of total 337) .... done (Time = 0.00s, Memory = -8.0K)
Checking Rule SGDC_waive26 (Rule 95 of total 337) .... done (Time = 0.00s, Memory = -8.0K)
Checking Rule SGDC_waive27 (Rule 96 of total 337) .... done (Time = 0.00s, Memory = 0.0K)
Checking Rule SGDC_waive29 (Rule 97 of total 337) .... done (Time = 0.00s, Memory = 0.0K)
Checking Rule STARC05-1.1.1.1 (Rule 98 of total 337) .... done (Time = 0.00s, Memory = 8.0K)
Checking Rule STARC05-2.3.1.5b (Rule 99 of total 337) .... done (Time = 0.00s, Memory = 8.0K)
Checking Rule STARC05-2.8.1.5 (Rule 100 of total 337) .... done (Time = 0.00s, Memory = 0.0K)
Checking Rule STARC05-2.8.5.1 (Rule 101 of total 337) .... done (Time = 0.00s, Memory = 8.0K)
Checking Rule STARC05-2.9.1.2a (Rule 102 of total 337) .... done (Time = 0.00s, Memory = 0.0K)
Checking Rule STARC05-2.9.1.2b (Rule 103 of total 337) .... done (Time = 0.00s, Memory = 0.0K)
Checking Rule STARC05-2.11.3.1 (Rule 104 of total 337) .... done (Time = 0.00s, Memory = 0.0K)
Checking Rule STARC05-1.1.1.1 (Rule 105 of total 337) .... done (Time = 0.00s, Memory = 0.0K)
Checking Rule STARC05-2.3.4.1 (Rule 106 of total 337) .... done (Time = 0.00s, Memory = 8.0K)
Checking Rule W127 (Rule 107 of total 337) .... done (Time = 0.00s, Memory = 0.0K)
Checking Rule W193 (Rule 108 of total 337) .... done (Time = 0.00s, Memory = 0.0K)
Checking Rule W317 (Rule 109 of total 337) .... done (Time = 0.00s, Memory = 0.0K)
Checking Rule W422 (Rule 110 of total 337) .... done (Time = 0.00s, Memory = 0.0K)
Checking Rule W426 (Rule 111 of total 337) .... done (Time = 0.00s, Memory = 0.0K)
Checking Rule W464 (Rule 112 of total 337) .... done (Time = 0.00s, Memory = 0.0K)
Checking Rule W479 (Rule 113 of total 337) .... done (Time = 0.00s, Memory = -2568.0K)
Checking Rule W480 (Rule 114 of total 337) .... done (Time = 0.00s, Memory = 0.0K)
Checking Rule W481a (Rule 115 of total 337) .... done (Time = 0.00s, Memory = 0.0K)
Checking Rule W481b (Rule 116 of total 337) .... done (Time = 0.00s, Memory = 0.0K)
Checking Rule W527 (Rule 117 of total 337) .... done (Time = 0.00s, Memory = 0.0K)
Checking Rule W422 (Rule 118 of total 337) .... done (Time = 0.00s, Memory = 0.0K)
Checking Rule W292 (Rule 119 of total 337) .... done (Time = 0.00s, Memory = 0.0K)
Checking Rule W464 (Rule 120 of total 337) .... done (Time = 0.00s, Memory = 0.0K)
Checking Rule W71 (Rule 121 of total 337) .... done (Time = 0.00s, Memory = 0.0K)
Checking Rule W167 (Rule 122 of total 337) .... done (Time = 0.00s, Memory = 104.0K)
Checking Rule W167 (Rule 123 of total 337) .... done (Time = 0.00s, Memory = 0.0K)
Checking Rule W293 (Rule 124 of total 337) .... done (Time = 0.00s, Memory = 0.0K)
Checking Rule W398 (Rule 125 of total 337) .... done (Time = 0.00s, Memory = 0.0K)
Checking Rule W421 (Rule 126 of total 337) .... done (Time = 0.00s, Memory = 48.0K)
Checking Rule W424 (Rule 127 of total 337) .... done (Time = 0.00s, Memory = 0.0K)
Checking Rule W443 (Rule 128 of total 337) .... done (Time = 0.00s, Memory = 0.0K)
Checking Rule W444 (Rule 129 of total 337) .... done (Time = 0.00s, Memory = 0.0K)
Checking Rule W467 (Rule 130 of total 337) .... done (Time = 0.00s, Memory = 0.0K)
Checking Rule UnrecSynthDir-ML (Rule 131 of total 337) .... done (Time = 0.00s, Memory = 8.0K)
Checking Rule UnrecSynthDir-ML (Rule 132 of total 337) .... done (Time = 0.00s, Memory = 0.0K)
Checking Rule PragmaComments-ML (Rule 133 of total 337) .... done (Time = 0.01s, Memory = -24.0K)
Checking Rule PragmaComments-ML (Rule 134 of total 337) .... done (Time = 0.00s, Memory = 0.0K)
Checking Rule CheckDelayTimescale-ML (Rule 135 of total 337) .... done (Time = 0.01s, Memory = 2568.0K)
Checking Rule Prereqs_CheckTimeUnitandPrecision-ML (Rule 136 of total 337) .... done (Time = 0.00s, Memory = 0.0K)
Checking Rule NoGenLabel-ML (Rule 137 of total 337)
Rule NoGenLabel-ML: Unknown argument 'yes' passed
 .... done (Time = 0.00s, Memory = 0.0K)
Checking Rule SetBeforeRead-ML (Rule 138 of total 337) .... done (Time = 0.00s, Memory = 0.0K)
Checking ELABDU Rules for designUnit core
    Checking Rule Prereqs_InferLatch (Rule 139 of total 337) .... done (Time = 0.00s, Memory = 0.0K)
    Checking Rule STARC05-2.1.4.5 (Rule 140 of total 337) .... done (Time = 0.00s, Memory = 0.0K)
    Checking Rule STARC05-2.1.5.3 (Rule 141 of total 337) .... done (Time = 0.00s, Memory = 0.0K)
    Checking Rule STARC05-2.2.3.3 (Rule 142 of total 337) .... done (Time = 0.00s, Memory = 0.0K)
    Checking Rule STARC05-2.3.1.6 (Rule 143 of total 337) .... done (Time = 0.00s, Memory = 0.0K)
    Checking Rule STARC05-2.10.2.3 (Rule 144 of total 337) .... done (Time = 0.00s, Memory = 0.0K)
    Checking Rule STARC05-2.10.3.2a (Rule 145 of total 337) .... done (Time = 0.01s, Memory = 0.0K)
    Checking Rule STARC05-2.11.3.1 (Rule 146 of total 337) .... done (Time = 0.01s, Memory = 16.0K)
    Checking Rule STARC05-2.1.1.2 (Rule 147 of total 337) .... done (Time = 0.00s, Memory = 0.0K)
    Checking Rule STARC05-2.1.3.1 (Rule 148 of total 337) .... done (Time = 0.00s, Memory = 0.0K)
    Checking Rule STARC05-2.8.1.3 (Rule 149 of total 337) .... done (Time = 0.00s, Memory = 0.0K)
    Checking Rule STARC05-2.10.1.4a (Rule 150 of total 337) .... done (Time = 0.00s, Memory = 0.0K)
    Checking Rule STARC05-2.10.1.4b (Rule 151 of total 337) .... done (Time = 0.00s, Memory = 0.0K)
    Checking Rule STARC05-2.8.1.3 (Rule 152 of total 337) .... done (Time = 0.00s, Memory = 0.0K)
    Checking Rule sim_race02 (Rule 153 of total 337) .... done (Time = 0.00s, Memory = 8.0K)
    Checking Rule W239 (Rule 154 of total 337) .... done (Time = 0.00s, Memory = 0.0K)
    Checking Rule W110 (Rule 155 of total 337) .... done (Time = 0.00s, Memory = 0.0K)
    Checking Rule W122 (Rule 156 of total 337) .... done (Time = 0.00s, Memory = 0.0K)
    Checking Rule W163 (Rule 157 of total 337) .... done (Time = 0.00s, Memory = 0.0K)
    Checking Rule W552 (Rule 158 of total 337) .... done (Time = 0.00s, Memory = 0.0K)
    Checking Rule W553 (Rule 159 of total 337) .... done (Time = 0.00s, Memory = 0.0K)
    Checking Rule W496a (Rule 160 of total 337) .... done (Time = 0.00s, Memory = -2560.0K)
    Checking Rule W496b (Rule 161 of total 337) .... done (Time = 0.00s, Memory = 0.0K)
    Checking Rule W19 (Rule 162 of total 337) .... done (Time = 0.00s, Memory = -16.0K)
    Checking Rule W66 (Rule 163 of total 337) .... done (Time = 0.00s, Memory = 0.0K)
    Checking Rule W116 (Rule 164 of total 337) .... done (Time = 0.00s, Memory = 0.0K)
    Checking Rule W123 (Rule 165 of total 337) .... done (Time = 0.01s, Memory = 16.0K)
    Checking Rule W156 (Rule 166 of total 337) .... done (Time = 0.00s, Memory = 896.0K)
    Checking Rule W188 (Rule 167 of total 337) .... done (Time = 0.01s, Memory = 0.0K)
    Checking Rule W215 (Rule 168 of total 337) .... done (Time = 0.00s, Memory = 0.0K)
    Checking Rule W216 (Rule 169 of total 337) .... done (Time = 0.00s, Memory = 0.0K)
    Checking Rule W218 (Rule 170 of total 337) .... done (Time = 0.00s, Memory = 8.0K)
    Checking Rule W238 (Rule 171 of total 337) .... done (Time = 0.00s, Memory = 0.0K)
    Checking Rule W245 (Rule 172 of total 337) .... done (Time = 0.00s, Memory = 0.0K)
    Checking Rule W263 (Rule 173 of total 337) .... done (Time = 0.00s, Memory = 8.0K)
    Checking Rule W289 (Rule 174 of total 337) .... done (Time = 0.00s, Memory = 0.0K)
    Checking Rule W314 (Rule 175 of total 337) .... done (Time = 0.00s, Memory = 0.0K)
    Checking Rule W316 (Rule 176 of total 337) .... done (Time = 0.00s, Memory = 0.0K)
    Checking Rule W337 (Rule 177 of total 337) .... done (Time = 0.00s, Memory = 0.0K)
    Checking Rule W342 (Rule 178 of total 337) .... done (Time = 0.00s, Memory = 0.0K)
    Checking Rule W343 (Rule 179 of total 337) .... done (Time = 0.00s, Memory = 0.0K)
    Checking Rule W416 (Rule 180 of total 337) .... done (Time = 0.00s, Memory = 0.0K)
    Checking Rule W352 (Rule 181 of total 337) .... done (Time = 0.00s, Memory = 0.0K)
    Checking Rule W362 (Rule 182 of total 337) .... done (Time = 0.00s, Memory = 0.0K)
    Checking Rule W423 (Rule 183 of total 337) .... done (Time = 0.00s, Memory = 0.0K)
    Checking Rule W486 (Rule 184 of total 337) .... done (Time = 0.00s, Memory = 0.0K)
    Checking Rule W499 (Rule 185 of total 337) .... done (Time = 0.00s, Memory = 8.0K)
    Checking Rule W502 (Rule 186 of total 337) .... done (Time = 0.00s, Memory = 8.0K)
    Checking Rule W575 (Rule 187 of total 337) .... done (Time = 0.01s, Memory = 0.0K)
    Checking Rule W576 (Rule 188 of total 337) .... done (Time = 0.00s, Memory = 0.0K)
    Checking Rule W116 (Rule 189 of total 337) .... done (Time = 0.00s, Memory = 0.0K)
    Checking Rule W122 (Rule 190 of total 337) .... done (Time = 0.00s, Memory = 0.0K)
    Checking Rule W123 (Rule 191 of total 337) .... done (Time = 0.00s, Memory = 0.0K)
    Checking Rule W156 (Rule 192 of total 337) .... done (Time = 0.00s, Memory = 0.0K)
    Checking Rule W71 (Rule 193 of total 337) .... done (Time = 0.00s, Memory = 0.0K)
    Checking Rule W164a (Rule 194 of total 337) .... done (Time = 0.00s, Memory = 0.0K)
    Checking Rule W164a (Rule 195 of total 337) .... done (Time = 0.00s, Memory = 0.0K)
    Checking Rule W164b (Rule 196 of total 337) .... done (Time = 0.00s, Memory = 8.0K)
    Checking Rule W164b (Rule 197 of total 337) .... done (Time = 0.00s, Memory = 0.0K)
    Checking Rule W210 (Rule 198 of total 337) .... done (Time = 0.00s, Memory = 0.0K)
    Checking Rule W210 (Rule 199 of total 337) .... done (Time = 0.00s, Memory = 0.0K)
    Checking Rule W240 (Rule 200 of total 337) .... done (Time = 0.01s, Memory = 0.0K)
    Checking Rule W240 (Rule 201 of total 337) .... done (Time = 0.00s, Memory = 0.0K)
    Checking Rule W241 (Rule 202 of total 337) .... done (Time = 0.00s, Memory = 0.0K)
    Checking Rule W241 (Rule 203 of total 337) .... done (Time = 0.00s, Memory = 0.0K)
    Checking Rule W287a (Rule 204 of total 337) .... done (Time = 0.00s, Memory = 16.0K)
    Checking Rule W287c (Rule 205 of total 337) .... done (Time = 0.00s, Memory = 0.0K)
    Checking Rule W293 (Rule 206 of total 337) .... done (Time = 0.00s, Memory = 0.0K)
    Checking Rule W398 (Rule 207 of total 337) .... done (Time = 0.00s, Memory = 0.0K)
    Checking Rule W424 (Rule 208 of total 337) .... done (Time = 0.00s, Memory = 0.0K)
    Checking Rule W443 (Rule 209 of total 337) .... done (Time = 0.00s, Memory = 8.0K)
    Checking Rule W444 (Rule 210 of total 337) .... done (Time = 0.00s, Memory = 0.0K)
    Checking Rule W467 (Rule 211 of total 337) .... done (Time = 0.00s, Memory = 0.0K)
    Checking Rule W494 (Rule 212 of total 337) .... done (Time = 0.00s, Memory = 0.0K)
    Checking Rule W494 (Rule 213 of total 337) .... done (Time = 0.00s, Memory = 0.0K)
    Checking Rule W505 (Rule 214 of total 337) .... done (Time = 0.00s, Memory = 0.0K)
    Checking Rule W505 (Rule 215 of total 337) .... done (Time = 0.00s, Memory = 0.0K)
    Checking Rule Prereqs_Usage (Rule 216 of total 337) .... done (Time = 0.00s, Memory = -16.0K)
    Checking Rule Prereqs_ConstantInput-ML (Rule 217 of total 337) .... done (Time = 0.00s, Memory = 0.0K)
    Checking Rule ReportPortInfo-ML (Rule 218 of total 337) .... done (Time = 0.01s, Memory = -16.0K)
    Checking Rule Prereqs_ReportPortInfo-ML (Rule 219 of total 337) .... done (Time = 0.00s, Memory = 0.0K)
    Checking Rule Prereqs_ReportPortInfo-ML (Rule 220 of total 337) .... done (Time = 0.00s, Memory = 0.0K)
    Checking Rule DisallowCaseX-ML (Rule 221 of total 337) .... done (Time = 0.00s, Memory = 0.0K)
    Checking Rule NoAssignX-ML (Rule 222 of total 337) .... done (Time = 0.00s, Memory = -8.0K)
    Checking Rule InstPortConnType-ML (Rule 223 of total 337) .... done (Time = 0.00s, Memory = 0.0K)
    Checking Rule ParamWidthMismatch-ML (Rule 224 of total 337) .... done (Time = 0.00s, Memory = 0.0K)
    Checking Rule DuplicateCaseLabel-ML (Rule 225 of total 337) .... done (Time = 0.00s, Memory = 8.0K)
    Checking Rule AutomaticFuncTask-ML (Rule 226 of total 337) .... done (Time = 0.00s, Memory = 0.0K)
    Checking Rule SetBeforeRead-ML (Rule 227 of total 337) .... done (Time = 0.01s, Memory = 0.0K)
    Checking Rule SigAssignZ-ML (Rule 228 of total 337) .... done (Time = 0.00s, Memory = 0.0K)
    Checking Rule Postreqs_Usage_ML (Rule 229 of total 337) .... done (Time = 0.00s, Memory = 0.0K)
    Checking Rule ImproperRangeIndex-ML (Rule 230 of total 337) .... done (Time = 0.00s, Memory = 0.0K)
    Checking Rule NoXInCase-ML (Rule 231 of total 337) .... done (Time = 0.00s, Memory = 0.0K)
    Checking Rule SigAssignZ-ML (Rule 232 of total 337) .... done (Time = 0.00s, Memory = 0.0K)
Checking ELABDU Rules for designUnit conv
    Checking Rule Prereqs_InferLatch (Rule 139 of total 337) .... done (Time = 0.00s, Memory = 0.0K)
    Checking Rule STARC05-2.1.4.5 (Rule 140 of total 337) .... done (Time = 0.00s, Memory = 0.0K)
    Checking Rule STARC05-2.1.5.3 (Rule 141 of total 337) .... done (Time = 0.00s, Memory = 0.0K)
    Checking Rule STARC05-2.2.3.3 (Rule 142 of total 337) .... done (Time = 0.00s, Memory = 0.0K)
    Checking Rule STARC05-2.3.1.6 (Rule 143 of total 337) .... done (Time = 0.00s, Memory = 0.0K)
    Checking Rule STARC05-2.10.2.3 (Rule 144 of total 337) .... done (Time = 0.00s, Memory = 0.0K)
    Checking Rule STARC05-2.10.3.2a (Rule 145 of total 337) .... done (Time = 0.00s, Memory = 0.0K)
    Checking Rule STARC05-2.11.3.1 (Rule 146 of total 337) .... done (Time = 0.00s, Memory = 8.0K)
    Checking Rule STARC05-2.1.1.2 (Rule 147 of total 337) .... done (Time = 0.00s, Memory = 0.0K)
    Checking Rule STARC05-2.1.3.1 (Rule 148 of total 337) .... done (Time = 0.00s, Memory = 0.0K)
    Checking Rule STARC05-2.8.1.3 (Rule 149 of total 337) .... done (Time = 0.00s, Memory = 0.0K)
    Checking Rule STARC05-2.10.1.4a (Rule 150 of total 337) .... done (Time = 0.00s, Memory = 0.0K)
    Checking Rule STARC05-2.10.1.4b (Rule 151 of total 337) .... done (Time = 0.00s, Memory = 0.0K)
    Checking Rule STARC05-2.8.1.3 (Rule 152 of total 337) .... done (Time = 0.00s, Memory = 0.0K)
    Checking Rule sim_race02 (Rule 153 of total 337) .... done (Time = 0.00s, Memory = 0.0K)
    Checking Rule W239 (Rule 154 of total 337) .... done (Time = 0.00s, Memory = 0.0K)
    Checking Rule W110 (Rule 155 of total 337) .... done (Time = 0.00s, Memory = 0.0K)
    Checking Rule W122 (Rule 156 of total 337) .... done (Time = 0.00s, Memory = 0.0K)
    Checking Rule W163 (Rule 157 of total 337) .... done (Time = 0.00s, Memory = 0.0K)
    Checking Rule W552 (Rule 158 of total 337) .... done (Time = 0.00s, Memory = 8.0K)
    Checking Rule W553 (Rule 159 of total 337) .... done (Time = 0.00s, Memory = 0.0K)
    Checking Rule W496a (Rule 160 of total 337) .... done (Time = 0.00s, Memory = 0.0K)
    Checking Rule W496b (Rule 161 of total 337) .... done (Time = 0.00s, Memory = 0.0K)
    Checking Rule W19 (Rule 162 of total 337) .... done (Time = 0.00s, Memory = 0.0K)
    Checking Rule W66 (Rule 163 of total 337) .... done (Time = 0.00s, Memory = 0.0K)
    Checking Rule W116 (Rule 164 of total 337) .... done (Time = 0.00s, Memory = 0.0K)
    Checking Rule W123 (Rule 165 of total 337) .... done (Time = 0.00s, Memory = 16.0K)
    Checking Rule W156 (Rule 166 of total 337) .... done (Time = 0.00s, Memory = 0.0K)
    Checking Rule W188 (Rule 167 of total 337) .... done (Time = 0.00s, Memory = 0.0K)
    Checking Rule W215 (Rule 168 of total 337) .... done (Time = 0.00s, Memory = 0.0K)
    Checking Rule W216 (Rule 169 of total 337) .... done (Time = 0.00s, Memory = 0.0K)
    Checking Rule W218 (Rule 170 of total 337) .... done (Time = 0.00s, Memory = 0.0K)
    Checking Rule W238 (Rule 171 of total 337) .... done (Time = 0.00s, Memory = 0.0K)
    Checking Rule W245 (Rule 172 of total 337) .... done (Time = 0.00s, Memory = 0.0K)
    Checking Rule W263 (Rule 173 of total 337) .... done (Time = 0.00s, Memory = 0.0K)
    Checking Rule W289 (Rule 174 of total 337) .... done (Time = 0.00s, Memory = 0.0K)
    Checking Rule W314 (Rule 175 of total 337) .... done (Time = 0.00s, Memory = 0.0K)
    Checking Rule W316 (Rule 176 of total 337) .... done (Time = 0.00s, Memory = 0.0K)
    Checking Rule W337 (Rule 177 of total 337) .... done (Time = 0.00s, Memory = 8.0K)
    Checking Rule W342 (Rule 178 of total 337) .... done (Time = 0.00s, Memory = 0.0K)
    Checking Rule W343 (Rule 179 of total 337) .... done (Time = 0.00s, Memory = 0.0K)
    Checking Rule W416 (Rule 180 of total 337) .... done (Time = 0.00s, Memory = 0.0K)
    Checking Rule W352 (Rule 181 of total 337) .... done (Time = 0.00s, Memory = 0.0K)
    Checking Rule W362 (Rule 182 of total 337) .... done (Time = 0.00s, Memory = 0.0K)
    Checking Rule W423 (Rule 183 of total 337) .... done (Time = 0.00s, Memory = 0.0K)
    Checking Rule W486 (Rule 184 of total 337) .... done (Time = 0.00s, Memory = 0.0K)
    Checking Rule W499 (Rule 185 of total 337) .... done (Time = 0.00s, Memory = 0.0K)
    Checking Rule W502 (Rule 186 of total 337) .... done (Time = 0.00s, Memory = 0.0K)
    Checking Rule W575 (Rule 187 of total 337) .... done (Time = 0.00s, Memory = 0.0K)
    Checking Rule W576 (Rule 188 of total 337) .... done (Time = 0.00s, Memory = 0.0K)
    Checking Rule W116 (Rule 189 of total 337) .... done (Time = 0.00s, Memory = 0.0K)
    Checking Rule W122 (Rule 190 of total 337) .... done (Time = 0.00s, Memory = 0.0K)
    Checking Rule W123 (Rule 191 of total 337) .... done (Time = 0.00s, Memory = 0.0K)
    Checking Rule W156 (Rule 192 of total 337) .... done (Time = 0.00s, Memory = 0.0K)
    Checking Rule W71 (Rule 193 of total 337) .... done (Time = 0.01s, Memory = 0.0K)
    Checking Rule W164a (Rule 194 of total 337) .... done (Time = 0.00s, Memory = 8.0K)
    Checking Rule W164a (Rule 195 of total 337) .... done (Time = 0.00s, Memory = 0.0K)
    Checking Rule W164b (Rule 196 of total 337) .... done (Time = 0.00s, Memory = -32.0K)
    Checking Rule W164b (Rule 197 of total 337) .... done (Time = 0.00s, Memory = 0.0K)
    Checking Rule W210 (Rule 198 of total 337) .... done (Time = 0.00s, Memory = 128.0K)
    Checking Rule W210 (Rule 199 of total 337) .... done (Time = 0.00s, Memory = 0.0K)
    Checking Rule W240 (Rule 200 of total 337) .... done (Time = 0.00s, Memory = 0.0K)
    Checking Rule W240 (Rule 201 of total 337) .... done (Time = 0.00s, Memory = 0.0K)
    Checking Rule W241 (Rule 202 of total 337) .... done (Time = 0.00s, Memory = 0.0K)
    Checking Rule W241 (Rule 203 of total 337) .... done (Time = 0.00s, Memory = 0.0K)
    Checking Rule W287a (Rule 204 of total 337) .... done (Time = 0.00s, Memory = 0.0K)
    Checking Rule W287c (Rule 205 of total 337) .... done (Time = 0.00s, Memory = 0.0K)
    Checking Rule W293 (Rule 206 of total 337) .... done (Time = 0.00s, Memory = 0.0K)
    Checking Rule W398 (Rule 207 of total 337) .... done (Time = 0.00s, Memory = 0.0K)
    Checking Rule W424 (Rule 208 of total 337) .... done (Time = 0.00s, Memory = 0.0K)
    Checking Rule W443 (Rule 209 of total 337) .... done (Time = 0.00s, Memory = 0.0K)
    Checking Rule W444 (Rule 210 of total 337) .... done (Time = 0.00s, Memory = 0.0K)
    Checking Rule W467 (Rule 211 of total 337) .... done (Time = 0.00s, Memory = 0.0K)
    Checking Rule W494 (Rule 212 of total 337) .... done (Time = 0.00s, Memory = 0.0K)
    Checking Rule W494 (Rule 213 of total 337) .... done (Time = 0.00s, Memory = 0.0K)
    Checking Rule W505 (Rule 214 of total 337) .... done (Time = 0.00s, Memory = 0.0K)
    Checking Rule W505 (Rule 215 of total 337) .... done (Time = 0.00s, Memory = 0.0K)
    Checking Rule Prereqs_Usage (Rule 216 of total 337) .... done (Time = 0.00s, Memory = -16.0K)
    Checking Rule Prereqs_ConstantInput-ML (Rule 217 of total 337) .... done (Time = 0.00s, Memory = 0.0K)
    Checking Rule ReportPortInfo-ML (Rule 218 of total 337) .... done (Time = 0.00s, Memory = 0.0K)
    Checking Rule Prereqs_ReportPortInfo-ML (Rule 219 of total 337) .... done (Time = 0.00s, Memory = 0.0K)
    Checking Rule Prereqs_ReportPortInfo-ML (Rule 220 of total 337) .... done (Time = 0.00s, Memory = 0.0K)
    Checking Rule DisallowCaseX-ML (Rule 221 of total 337) .... done (Time = 0.00s, Memory = -8.0K)
    Checking Rule NoAssignX-ML (Rule 222 of total 337) .... done (Time = 0.00s, Memory = 0.0K)
    Checking Rule InstPortConnType-ML (Rule 223 of total 337) .... done (Time = 0.00s, Memory = 0.0K)
    Checking Rule ParamWidthMismatch-ML (Rule 224 of total 337) .... done (Time = 0.00s, Memory = 8.0K)
    Checking Rule DuplicateCaseLabel-ML (Rule 225 of total 337) .... done (Time = 0.00s, Memory = 0.0K)
    Checking Rule AutomaticFuncTask-ML (Rule 226 of total 337) .... done (Time = 0.00s, Memory = 8.0K)
    Checking Rule SetBeforeRead-ML (Rule 227 of total 337) .... done (Time = 0.00s, Memory = 0.0K)
    Checking Rule SigAssignZ-ML (Rule 228 of total 337) .... done (Time = 0.00s, Memory = 0.0K)
    Checking Rule Postreqs_Usage_ML (Rule 229 of total 337) .... done (Time = 0.00s, Memory = 0.0K)
    Checking Rule ImproperRangeIndex-ML (Rule 230 of total 337) .... done (Time = 0.00s, Memory = 0.0K)
    Checking Rule NoXInCase-ML (Rule 231 of total 337) .... done (Time = 0.00s, Memory = 0.0K)
    Checking Rule SigAssignZ-ML (Rule 232 of total 337) .... done (Time = 0.00s, Memory = 0.0K)
Checking ELABDU Rules for designUnit median
    Checking Rule Prereqs_InferLatch (Rule 139 of total 337) .... done (Time = 0.00s, Memory = 0.0K)
    Checking Rule STARC05-2.1.4.5 (Rule 140 of total 337) .... done (Time = 0.00s, Memory = 0.0K)
    Checking Rule STARC05-2.1.5.3 (Rule 141 of total 337) .... done (Time = 0.00s, Memory = 0.0K)
    Checking Rule STARC05-2.2.3.3 (Rule 142 of total 337) .... done (Time = 0.00s, Memory = 0.0K)
    Checking Rule STARC05-2.3.1.6 (Rule 143 of total 337) .... done (Time = 0.00s, Memory = 0.0K)
    Checking Rule STARC05-2.10.2.3 (Rule 144 of total 337) .... done (Time = 0.00s, Memory = 0.0K)
    Checking Rule STARC05-2.10.3.2a (Rule 145 of total 337) .... done (Time = 0.00s, Memory = 0.0K)
    Checking Rule STARC05-2.11.3.1 (Rule 146 of total 337) .... done (Time = 0.00s, Memory = 8.0K)
    Checking Rule STARC05-2.1.1.2 (Rule 147 of total 337) .... done (Time = 0.00s, Memory = 0.0K)
    Checking Rule STARC05-2.1.3.1 (Rule 148 of total 337) .... done (Time = 0.00s, Memory = 0.0K)
    Checking Rule STARC05-2.8.1.3 (Rule 149 of total 337) .... done (Time = 0.00s, Memory = 0.0K)
    Checking Rule STARC05-2.10.1.4a (Rule 150 of total 337) .... done (Time = 0.00s, Memory = 0.0K)
    Checking Rule STARC05-2.10.1.4b (Rule 151 of total 337) .... done (Time = 0.00s, Memory = 0.0K)
    Checking Rule STARC05-2.8.1.3 (Rule 152 of total 337) .... done (Time = 0.00s, Memory = 0.0K)
    Checking Rule sim_race02 (Rule 153 of total 337) .... done (Time = 0.00s, Memory = 0.0K)
    Checking Rule W239 (Rule 154 of total 337) .... done (Time = 0.00s, Memory = 0.0K)
    Checking Rule W110 (Rule 155 of total 337) .... done (Time = 0.00s, Memory = 0.0K)
    Checking Rule W122 (Rule 156 of total 337) .... done (Time = 0.00s, Memory = 0.0K)
    Checking Rule W163 (Rule 157 of total 337) .... done (Time = 0.00s, Memory = 0.0K)
    Checking Rule W552 (Rule 158 of total 337) .... done (Time = 0.00s, Memory = 0.0K)
    Checking Rule W553 (Rule 159 of total 337) .... done (Time = 0.00s, Memory = 0.0K)
    Checking Rule W496a (Rule 160 of total 337) .... done (Time = 0.00s, Memory = 0.0K)
    Checking Rule W496b (Rule 161 of total 337) .... done (Time = 0.00s, Memory = 0.0K)
    Checking Rule W19 (Rule 162 of total 337) .... done (Time = 0.00s, Memory = 0.0K)
    Checking Rule W66 (Rule 163 of total 337) .... done (Time = 0.00s, Memory = 0.0K)
    Checking Rule W116 (Rule 164 of total 337) .... done (Time = 0.00s, Memory = 0.0K)
    Checking Rule W123 (Rule 165 of total 337) .... done (Time = 0.00s, Memory = 16.0K)
    Checking Rule W156 (Rule 166 of total 337) .... done (Time = 0.00s, Memory = 0.0K)
    Checking Rule W188 (Rule 167 of total 337) .... done (Time = 0.00s, Memory = 0.0K)
    Checking Rule W215 (Rule 168 of total 337) .... done (Time = 0.00s, Memory = 0.0K)
    Checking Rule W216 (Rule 169 of total 337) .... done (Time = 0.00s, Memory = 0.0K)
    Checking Rule W218 (Rule 170 of total 337) .... done (Time = 0.00s, Memory = 0.0K)
    Checking Rule W238 (Rule 171 of total 337) .... done (Time = 0.00s, Memory = 0.0K)
    Checking Rule W245 (Rule 172 of total 337) .... done (Time = 0.00s, Memory = 0.0K)
    Checking Rule W263 (Rule 173 of total 337) .... done (Time = 0.00s, Memory = 0.0K)
    Checking Rule W289 (Rule 174 of total 337) .... done (Time = 0.00s, Memory = 0.0K)
    Checking Rule W314 (Rule 175 of total 337) .... done (Time = 0.00s, Memory = 0.0K)
    Checking Rule W316 (Rule 176 of total 337) .... done (Time = 0.00s, Memory = 0.0K)
    Checking Rule W337 (Rule 177 of total 337) .... done (Time = 0.00s, Memory = 8.0K)
    Checking Rule W342 (Rule 178 of total 337) .... done (Time = 0.00s, Memory = 0.0K)
    Checking Rule W343 (Rule 179 of total 337) .... done (Time = 0.00s, Memory = 0.0K)
    Checking Rule W416 (Rule 180 of total 337) .... done (Time = 0.00s, Memory = 0.0K)
    Checking Rule W352 (Rule 181 of total 337) .... done (Time = 0.00s, Memory = 0.0K)
    Checking Rule W362 (Rule 182 of total 337) .... done (Time = 0.00s, Memory = 0.0K)
    Checking Rule W423 (Rule 183 of total 337) .... done (Time = 0.00s, Memory = 0.0K)
    Checking Rule W486 (Rule 184 of total 337) .... done (Time = 0.00s, Memory = 0.0K)
    Checking Rule W499 (Rule 185 of total 337) .... done (Time = 0.00s, Memory = 0.0K)
    Checking Rule W502 (Rule 186 of total 337) .... done (Time = 0.00s, Memory = 0.0K)
    Checking Rule W575 (Rule 187 of total 337) .... done (Time = 0.00s, Memory = 0.0K)
    Checking Rule W576 (Rule 188 of total 337) .... done (Time = 0.00s, Memory = 0.0K)
    Checking Rule W116 (Rule 189 of total 337) .... done (Time = 0.00s, Memory = 0.0K)
    Checking Rule W122 (Rule 190 of total 337) .... done (Time = 0.00s, Memory = 0.0K)
    Checking Rule W123 (Rule 191 of total 337) .... done (Time = 0.00s, Memory = 0.0K)
    Checking Rule W156 (Rule 192 of total 337) .... done (Time = 0.00s, Memory = 0.0K)
    Checking Rule W71 (Rule 193 of total 337) .... done (Time = 0.00s, Memory = -8.0K)
    Checking Rule W164a (Rule 194 of total 337) .... done (Time = 0.00s, Memory = 0.0K)
    Checking Rule W164a (Rule 195 of total 337) .... done (Time = 0.00s, Memory = 0.0K)
    Checking Rule W164b (Rule 196 of total 337) .... done (Time = 0.01s, Memory = -24.0K)
    Checking Rule W164b (Rule 197 of total 337) .... done (Time = 0.00s, Memory = 0.0K)
    Checking Rule W210 (Rule 198 of total 337) .... done (Time = 0.00s, Memory = 0.0K)
    Checking Rule W210 (Rule 199 of total 337) .... done (Time = 0.00s, Memory = 0.0K)
    Checking Rule W240 (Rule 200 of total 337) .... done (Time = 0.00s, Memory = 0.0K)
    Checking Rule W240 (Rule 201 of total 337) .... done (Time = 0.00s, Memory = 0.0K)
    Checking Rule W241 (Rule 202 of total 337) .... done (Time = 0.00s, Memory = 0.0K)
    Checking Rule W241 (Rule 203 of total 337) .... done (Time = 0.00s, Memory = 0.0K)
    Checking Rule W287a (Rule 204 of total 337) .... done (Time = 0.00s, Memory = 0.0K)
    Checking Rule W287c (Rule 205 of total 337) .... done (Time = 0.00s, Memory = 0.0K)
    Checking Rule W293 (Rule 206 of total 337) .... done (Time = 0.00s, Memory = 0.0K)
    Checking Rule W398 (Rule 207 of total 337) .... done (Time = 0.01s, Memory = 0.0K)
    Checking Rule W424 (Rule 208 of total 337) .... done (Time = 0.00s, Memory = 0.0K)
    Checking Rule W443 (Rule 209 of total 337) .... done (Time = 0.00s, Memory = 0.0K)
    Checking Rule W444 (Rule 210 of total 337) .... done (Time = 0.00s, Memory = 0.0K)
    Checking Rule W467 (Rule 211 of total 337) .... done (Time = 0.00s, Memory = 0.0K)
    Checking Rule W494 (Rule 212 of total 337) .... done (Time = 0.00s, Memory = 0.0K)
    Checking Rule W494 (Rule 213 of total 337) .... done (Time = 0.00s, Memory = 0.0K)
    Checking Rule W505 (Rule 214 of total 337) .... done (Time = 0.00s, Memory = 0.0K)
    Checking Rule W505 (Rule 215 of total 337) .... done (Time = 0.00s, Memory = 0.0K)
    Checking Rule Prereqs_Usage (Rule 216 of total 337) .... done (Time = 0.00s, Memory = -16.0K)
    Checking Rule Prereqs_ConstantInput-ML (Rule 217 of total 337) .... done (Time = 0.00s, Memory = 0.0K)
    Checking Rule ReportPortInfo-ML (Rule 218 of total 337) .... done (Time = 0.00s, Memory = 24.0K)
    Checking Rule Prereqs_ReportPortInfo-ML (Rule 219 of total 337) .... done (Time = 0.00s, Memory = 0.0K)
    Checking Rule Prereqs_ReportPortInfo-ML (Rule 220 of total 337) .... done (Time = 0.00s, Memory = 0.0K)
    Checking Rule DisallowCaseX-ML (Rule 221 of total 337) .... done (Time = 0.00s, Memory = 0.0K)
    Checking Rule NoAssignX-ML (Rule 222 of total 337) .... done (Time = 0.00s, Memory = 0.0K)
    Checking Rule InstPortConnType-ML (Rule 223 of total 337) .... done (Time = 0.00s, Memory = 8.0K)
    Checking Rule ParamWidthMismatch-ML (Rule 224 of total 337) .... done (Time = 0.00s, Memory = 0.0K)
    Checking Rule DuplicateCaseLabel-ML (Rule 225 of total 337) .... done (Time = 0.00s, Memory = 0.0K)
    Checking Rule AutomaticFuncTask-ML (Rule 226 of total 337) .... done (Time = 0.00s, Memory = 0.0K)
    Checking Rule SetBeforeRead-ML (Rule 227 of total 337) .... done (Time = 0.01s, Memory = 0.0K)
    Checking Rule SigAssignZ-ML (Rule 228 of total 337) .... done (Time = 0.00s, Memory = 0.0K)
    Checking Rule Postreqs_Usage_ML (Rule 229 of total 337) .... done (Time = 0.00s, Memory = 0.0K)
    Checking Rule ImproperRangeIndex-ML (Rule 230 of total 337) .... done (Time = 0.00s, Memory = 0.0K)
    Checking Rule NoXInCase-ML (Rule 231 of total 337) .... done (Time = 0.00s, Memory = 0.0K)
    Checking Rule SigAssignZ-ML (Rule 232 of total 337) .... done (Time = 0.00s, Memory = 0.0K)
Checking ELABDU Rules for designUnit median_filter_submodule
    Checking Rule Prereqs_InferLatch (Rule 139 of total 337) .... done (Time = 0.00s, Memory = 0.0K)
    Checking Rule STARC05-2.1.4.5 (Rule 140 of total 337) .... done (Time = 0.00s, Memory = 0.0K)
    Checking Rule STARC05-2.1.5.3 (Rule 141 of total 337) .... done (Time = 0.00s, Memory = 0.0K)
    Checking Rule STARC05-2.2.3.3 (Rule 142 of total 337) .... done (Time = 0.00s, Memory = 0.0K)
    Checking Rule STARC05-2.3.1.6 (Rule 143 of total 337) .... done (Time = 0.00s, Memory = 0.0K)
    Checking Rule STARC05-2.10.2.3 (Rule 144 of total 337) .... done (Time = 0.00s, Memory = 0.0K)
    Checking Rule STARC05-2.10.3.2a (Rule 145 of total 337) .... done (Time = 0.00s, Memory = 0.0K)
    Checking Rule STARC05-2.11.3.1 (Rule 146 of total 337) .... done (Time = 0.00s, Memory = 0.0K)
    Checking Rule STARC05-2.1.1.2 (Rule 147 of total 337) .... done (Time = 0.00s, Memory = 0.0K)
    Checking Rule STARC05-2.1.3.1 (Rule 148 of total 337) .... done (Time = 0.00s, Memory = 0.0K)
    Checking Rule STARC05-2.8.1.3 (Rule 149 of total 337) .... done (Time = 0.00s, Memory = 0.0K)
    Checking Rule STARC05-2.10.1.4a (Rule 150 of total 337) .... done (Time = 0.00s, Memory = 0.0K)
    Checking Rule STARC05-2.10.1.4b (Rule 151 of total 337) .... done (Time = 0.00s, Memory = 0.0K)
    Checking Rule STARC05-2.8.1.3 (Rule 152 of total 337) .... done (Time = 0.00s, Memory = 0.0K)
    Checking Rule sim_race02 (Rule 153 of total 337) .... done (Time = 0.00s, Memory = 0.0K)
    Checking Rule W239 (Rule 154 of total 337) .... done (Time = 0.00s, Memory = 0.0K)
    Checking Rule W110 (Rule 155 of total 337) .... done (Time = 0.00s, Memory = 0.0K)
    Checking Rule W122 (Rule 156 of total 337) .... done (Time = 0.00s, Memory = 0.0K)
    Checking Rule W163 (Rule 157 of total 337) .... done (Time = 0.00s, Memory = 0.0K)
    Checking Rule W552 (Rule 158 of total 337) .... done (Time = 0.00s, Memory = 0.0K)
    Checking Rule W553 (Rule 159 of total 337) .... done (Time = 0.00s, Memory = 0.0K)
    Checking Rule W496a (Rule 160 of total 337) .... done (Time = 0.00s, Memory = 0.0K)
    Checking Rule W496b (Rule 161 of total 337) .... done (Time = 0.00s, Memory = 0.0K)
    Checking Rule W19 (Rule 162 of total 337) .... done (Time = 0.00s, Memory = 0.0K)
    Checking Rule W66 (Rule 163 of total 337) .... done (Time = 0.00s, Memory = 0.0K)
    Checking Rule W116 (Rule 164 of total 337) .... done (Time = 0.00s, Memory = 0.0K)
    Checking Rule W123 (Rule 165 of total 337) .... done (Time = 0.00s, Memory = 16.0K)
    Checking Rule W156 (Rule 166 of total 337) .... done (Time = 0.00s, Memory = 0.0K)
    Checking Rule W188 (Rule 167 of total 337) .... done (Time = 0.00s, Memory = 0.0K)
    Checking Rule W215 (Rule 168 of total 337) .... done (Time = 0.00s, Memory = 0.0K)
    Checking Rule W216 (Rule 169 of total 337) .... done (Time = 0.00s, Memory = 0.0K)
    Checking Rule W218 (Rule 170 of total 337) .... done (Time = 0.00s, Memory = 0.0K)
    Checking Rule W238 (Rule 171 of total 337) .... done (Time = 0.00s, Memory = 0.0K)
    Checking Rule W245 (Rule 172 of total 337) .... done (Time = 0.00s, Memory = 0.0K)
    Checking Rule W263 (Rule 173 of total 337) .... done (Time = 0.00s, Memory = 0.0K)
    Checking Rule W289 (Rule 174 of total 337) .... done (Time = 0.00s, Memory = 0.0K)
    Checking Rule W314 (Rule 175 of total 337) .... done (Time = 0.00s, Memory = 0.0K)
    Checking Rule W316 (Rule 176 of total 337) .... done (Time = 0.00s, Memory = 8.0K)
    Checking Rule W337 (Rule 177 of total 337) .... done (Time = 0.00s, Memory = 0.0K)
    Checking Rule W342 (Rule 178 of total 337) .... done (Time = 0.00s, Memory = 0.0K)
    Checking Rule W343 (Rule 179 of total 337) .... done (Time = 0.00s, Memory = 0.0K)
    Checking Rule W416 (Rule 180 of total 337) .... done (Time = 0.00s, Memory = 0.0K)
    Checking Rule W352 (Rule 181 of total 337) .... done (Time = 0.00s, Memory = 0.0K)
    Checking Rule W362 (Rule 182 of total 337) .... done (Time = 0.00s, Memory = 0.0K)
    Checking Rule W423 (Rule 183 of total 337) .... done (Time = 0.00s, Memory = 0.0K)
    Checking Rule W486 (Rule 184 of total 337) .... done (Time = 0.00s, Memory = 0.0K)
    Checking Rule W499 (Rule 185 of total 337) .... done (Time = 0.00s, Memory = -8.0K)
    Checking Rule W502 (Rule 186 of total 337) .... done (Time = 0.00s, Memory = 0.0K)
    Checking Rule W575 (Rule 187 of total 337) .... done (Time = 0.00s, Memory = 8.0K)
    Checking Rule W576 (Rule 188 of total 337) .... done (Time = 0.00s, Memory = 8.0K)
    Checking Rule W116 (Rule 189 of total 337) .... done (Time = 0.00s, Memory = 0.0K)
    Checking Rule W122 (Rule 190 of total 337) .... done (Time = 0.00s, Memory = 0.0K)
    Checking Rule W123 (Rule 191 of total 337) .... done (Time = 0.00s, Memory = 0.0K)
    Checking Rule W156 (Rule 192 of total 337) .... done (Time = 0.00s, Memory = 0.0K)
    Checking Rule W71 (Rule 193 of total 337) .... done (Time = 0.00s, Memory = -32.0K)
    Checking Rule W164a (Rule 194 of total 337) .... done (Time = 0.00s, Memory = 0.0K)
    Checking Rule W164a (Rule 195 of total 337) .... done (Time = 0.00s, Memory = 0.0K)
    Checking Rule W164b (Rule 196 of total 337) .... done (Time = 0.00s, Memory = 0.0K)
    Checking Rule W164b (Rule 197 of total 337) .... done (Time = 0.00s, Memory = 0.0K)
    Checking Rule W210 (Rule 198 of total 337) .... done (Time = 0.00s, Memory = 0.0K)
    Checking Rule W210 (Rule 199 of total 337) .... done (Time = 0.00s, Memory = 0.0K)
    Checking Rule W240 (Rule 200 of total 337) .... done (Time = 0.00s, Memory = 0.0K)
    Checking Rule W240 (Rule 201 of total 337) .... done (Time = 0.00s, Memory = 0.0K)
    Checking Rule W241 (Rule 202 of total 337) .... done (Time = 0.00s, Memory = 0.0K)
    Checking Rule W241 (Rule 203 of total 337) .... done (Time = 0.00s, Memory = 0.0K)
    Checking Rule W287a (Rule 204 of total 337) .... done (Time = 0.00s, Memory = 0.0K)
    Checking Rule W287c (Rule 205 of total 337) .... done (Time = 0.00s, Memory = 0.0K)
    Checking Rule W293 (Rule 206 of total 337) .... done (Time = 0.00s, Memory = 0.0K)
    Checking Rule W398 (Rule 207 of total 337) .... done (Time = 0.00s, Memory = 0.0K)
    Checking Rule W424 (Rule 208 of total 337) .... done (Time = 0.00s, Memory = 0.0K)
    Checking Rule W443 (Rule 209 of total 337) .... done (Time = 0.00s, Memory = 0.0K)
    Checking Rule W444 (Rule 210 of total 337) .... done (Time = 0.01s, Memory = 0.0K)
    Checking Rule W467 (Rule 211 of total 337) .... done (Time = 0.00s, Memory = 0.0K)
    Checking Rule W494 (Rule 212 of total 337) .... done (Time = 0.00s, Memory = 2544.0K)
    Checking Rule W494 (Rule 213 of total 337) .... done (Time = 0.00s, Memory = 0.0K)
    Checking Rule W505 (Rule 214 of total 337) .... done (Time = 0.00s, Memory = 0.0K)
    Checking Rule W505 (Rule 215 of total 337) .... done (Time = 0.00s, Memory = 0.0K)
    Checking Rule Prereqs_Usage (Rule 216 of total 337) .... done (Time = 0.00s, Memory = -16.0K)
    Checking Rule Prereqs_ConstantInput-ML (Rule 217 of total 337) .... done (Time = 0.00s, Memory = 0.0K)
    Checking Rule ReportPortInfo-ML (Rule 218 of total 337) .... done (Time = 0.00s, Memory = 0.0K)
    Checking Rule Prereqs_ReportPortInfo-ML (Rule 219 of total 337) .... done (Time = 0.00s, Memory = 0.0K)
    Checking Rule Prereqs_ReportPortInfo-ML (Rule 220 of total 337) .... done (Time = 0.00s, Memory = 0.0K)
    Checking Rule DisallowCaseX-ML (Rule 221 of total 337) .... done (Time = 0.00s, Memory = 0.0K)
    Checking Rule NoAssignX-ML (Rule 222 of total 337) .... done (Time = 0.00s, Memory = 0.0K)
    Checking Rule InstPortConnType-ML (Rule 223 of total 337) .... done (Time = 0.00s, Memory = 0.0K)
    Checking Rule ParamWidthMismatch-ML (Rule 224 of total 337) .... done (Time = 0.00s, Memory = 0.0K)
    Checking Rule DuplicateCaseLabel-ML (Rule 225 of total 337) .... done (Time = 0.00s, Memory = 0.0K)
    Checking Rule AutomaticFuncTask-ML (Rule 226 of total 337) .... done (Time = 0.00s, Memory = 0.0K)
    Checking Rule SetBeforeRead-ML (Rule 227 of total 337) .... done (Time = 0.01s, Memory = 0.0K)
    Checking Rule SigAssignZ-ML (Rule 228 of total 337) .... done (Time = 0.00s, Memory = 0.0K)
    Checking Rule Postreqs_Usage_ML (Rule 229 of total 337) .... done (Time = 0.00s, Memory = 0.0K)
    Checking Rule ImproperRangeIndex-ML (Rule 230 of total 337) .... done (Time = 0.00s, Memory = 0.0K)
    Checking Rule NoXInCase-ML (Rule 231 of total 337) .... done (Time = 0.00s, Memory = 0.0K)
    Checking Rule SigAssignZ-ML (Rule 232 of total 337) .... done (Time = 0.00s, Memory = 0.0K)
Checking ELABDU Rules for designUnit sobel_gradient
    Checking Rule Prereqs_InferLatch (Rule 139 of total 337) .... done (Time = 0.00s, Memory = 0.0K)
    Checking Rule STARC05-2.1.4.5 (Rule 140 of total 337) .... done (Time = 0.00s, Memory = 0.0K)
    Checking Rule STARC05-2.1.5.3 (Rule 141 of total 337) .... done (Time = 0.00s, Memory = 0.0K)
    Checking Rule STARC05-2.2.3.3 (Rule 142 of total 337) .... done (Time = 0.00s, Memory = 0.0K)
    Checking Rule STARC05-2.3.1.6 (Rule 143 of total 337) .... done (Time = 0.00s, Memory = 8.0K)
    Checking Rule STARC05-2.10.2.3 (Rule 144 of total 337) .... done (Time = 0.00s, Memory = 0.0K)
    Checking Rule STARC05-2.10.3.2a (Rule 145 of total 337) .... done (Time = 0.00s, Memory = 0.0K)
    Checking Rule STARC05-2.11.3.1 (Rule 146 of total 337) .... done (Time = 0.00s, Memory = 0.0K)
    Checking Rule STARC05-2.1.1.2 (Rule 147 of total 337) .... done (Time = 0.00s, Memory = 0.0K)
    Checking Rule STARC05-2.1.3.1 (Rule 148 of total 337) .... done (Time = 0.00s, Memory = 0.0K)
    Checking Rule STARC05-2.8.1.3 (Rule 149 of total 337) .... done (Time = 0.00s, Memory = 0.0K)
    Checking Rule STARC05-2.10.1.4a (Rule 150 of total 337) .... done (Time = 0.00s, Memory = 0.0K)
    Checking Rule STARC05-2.10.1.4b (Rule 151 of total 337) .... done (Time = 0.00s, Memory = 0.0K)
    Checking Rule STARC05-2.8.1.3 (Rule 152 of total 337) .... done (Time = 0.00s, Memory = 0.0K)
    Checking Rule sim_race02 (Rule 153 of total 337) .... done (Time = 0.00s, Memory = 0.0K)
    Checking Rule W239 (Rule 154 of total 337) .... done (Time = 0.00s, Memory = 0.0K)
    Checking Rule W110 (Rule 155 of total 337) .... done (Time = 0.00s, Memory = 0.0K)
    Checking Rule W122 (Rule 156 of total 337) .... done (Time = 0.00s, Memory = 0.0K)
    Checking Rule W163 (Rule 157 of total 337) .... done (Time = 0.00s, Memory = 0.0K)
    Checking Rule W552 (Rule 158 of total 337) .... done (Time = 0.00s, Memory = 0.0K)
    Checking Rule W553 (Rule 159 of total 337) .... done (Time = 0.00s, Memory = 0.0K)
    Checking Rule W496a (Rule 160 of total 337) .... done (Time = 0.00s, Memory = 0.0K)
    Checking Rule W496b (Rule 161 of total 337) .... done (Time = 0.00s, Memory = 0.0K)
    Checking Rule W19 (Rule 162 of total 337) .... done (Time = 0.00s, Memory = 0.0K)
    Checking Rule W66 (Rule 163 of total 337) .... done (Time = 0.00s, Memory = 0.0K)
    Checking Rule W116 (Rule 164 of total 337) .... done (Time = 0.00s, Memory = 0.0K)
    Checking Rule W123 (Rule 165 of total 337) .... done (Time = 0.01s, Memory = 16.0K)
    Checking Rule W156 (Rule 166 of total 337) .... done (Time = 0.00s, Memory = 0.0K)
    Checking Rule W188 (Rule 167 of total 337) .... done (Time = 0.00s, Memory = 0.0K)
    Checking Rule W215 (Rule 168 of total 337) .... done (Time = 0.00s, Memory = 0.0K)
    Checking Rule W216 (Rule 169 of total 337) .... done (Time = 0.00s, Memory = 0.0K)
    Checking Rule W218 (Rule 170 of total 337) .... done (Time = 0.00s, Memory = 0.0K)
    Checking Rule W238 (Rule 171 of total 337) .... done (Time = 0.00s, Memory = 0.0K)
    Checking Rule W245 (Rule 172 of total 337) .... done (Time = 0.00s, Memory = 0.0K)
    Checking Rule W263 (Rule 173 of total 337) .... done (Time = 0.00s, Memory = 0.0K)
    Checking Rule W289 (Rule 174 of total 337) .... done (Time = 0.00s, Memory = 0.0K)
    Checking Rule W314 (Rule 175 of total 337) .... done (Time = 0.00s, Memory = 0.0K)
    Checking Rule W316 (Rule 176 of total 337) .... done (Time = 0.00s, Memory = 0.0K)
    Checking Rule W337 (Rule 177 of total 337) .... done (Time = 0.00s, Memory = 0.0K)
    Checking Rule W342 (Rule 178 of total 337) .... done (Time = 0.00s, Memory = 8.0K)
    Checking Rule W343 (Rule 179 of total 337) .... done (Time = 0.00s, Memory = 0.0K)
    Checking Rule W416 (Rule 180 of total 337) .... done (Time = 0.00s, Memory = 0.0K)
    Checking Rule W352 (Rule 181 of total 337) .... done (Time = 0.00s, Memory = 0.0K)
    Checking Rule W362 (Rule 182 of total 337) .... done (Time = 0.00s, Memory = 0.0K)
    Checking Rule W423 (Rule 183 of total 337) .... done (Time = 0.00s, Memory = 0.0K)
    Checking Rule W486 (Rule 184 of total 337) .... done (Time = 0.00s, Memory = 0.0K)
    Checking Rule W499 (Rule 185 of total 337) .... done (Time = 0.00s, Memory = 0.0K)
    Checking Rule W502 (Rule 186 of total 337) .... done (Time = 0.00s, Memory = 0.0K)
    Checking Rule W575 (Rule 187 of total 337) .... done (Time = 0.00s, Memory = 0.0K)
    Checking Rule W576 (Rule 188 of total 337) .... done (Time = 0.00s, Memory = 0.0K)
    Checking Rule W116 (Rule 189 of total 337) .... done (Time = 0.00s, Memory = 0.0K)
    Checking Rule W122 (Rule 190 of total 337) .... done (Time = 0.00s, Memory = 0.0K)
    Checking Rule W123 (Rule 191 of total 337) .... done (Time = 0.00s, Memory = 0.0K)
    Checking Rule W156 (Rule 192 of total 337) .... done (Time = 0.00s, Memory = 0.0K)
    Checking Rule W71 (Rule 193 of total 337) .... done (Time = 0.00s, Memory = 0.0K)
    Checking Rule W164a (Rule 194 of total 337) .... done (Time = 0.00s, Memory = 0.0K)
    Checking Rule W164a (Rule 195 of total 337) .... done (Time = 0.00s, Memory = 0.0K)
    Checking Rule W164b (Rule 196 of total 337) .... done (Time = 0.00s, Memory = 0.0K)
    Checking Rule W164b (Rule 197 of total 337) .... done (Time = 0.00s, Memory = 0.0K)
    Checking Rule W210 (Rule 198 of total 337) .... done (Time = 0.00s, Memory = 0.0K)
    Checking Rule W210 (Rule 199 of total 337) .... done (Time = 0.00s, Memory = 0.0K)
    Checking Rule W240 (Rule 200 of total 337) .... done (Time = 0.00s, Memory = 0.0K)
    Checking Rule W240 (Rule 201 of total 337) .... done (Time = 0.00s, Memory = 0.0K)
    Checking Rule W241 (Rule 202 of total 337) .... done (Time = 0.00s, Memory = 0.0K)
    Checking Rule W241 (Rule 203 of total 337) .... done (Time = 0.00s, Memory = 0.0K)
    Checking Rule W287a (Rule 204 of total 337) .... done (Time = 0.00s, Memory = 0.0K)
    Checking Rule W287c (Rule 205 of total 337) .... done (Time = 0.00s, Memory = 0.0K)
    Checking Rule W293 (Rule 206 of total 337) .... done (Time = 0.00s, Memory = 0.0K)
    Checking Rule W398 (Rule 207 of total 337) .... done (Time = 0.00s, Memory = 0.0K)
    Checking Rule W424 (Rule 208 of total 337) .... done (Time = 0.00s, Memory = 0.0K)
    Checking Rule W443 (Rule 209 of total 337) .... done (Time = 0.00s, Memory = 0.0K)
    Checking Rule W444 (Rule 210 of total 337) .... done (Time = 0.00s, Memory = 0.0K)
    Checking Rule W467 (Rule 211 of total 337) .... done (Time = 0.00s, Memory = 0.0K)
    Checking Rule W494 (Rule 212 of total 337) .... done (Time = 0.00s, Memory = 0.0K)
    Checking Rule W494 (Rule 213 of total 337) .... done (Time = 0.00s, Memory = 0.0K)
    Checking Rule W505 (Rule 214 of total 337) .... done (Time = 0.00s, Memory = 0.0K)
    Checking Rule W505 (Rule 215 of total 337) .... done (Time = 0.00s, Memory = 0.0K)
    Checking Rule Prereqs_Usage (Rule 216 of total 337) .... done (Time = 0.00s, Memory = -16.0K)
    Checking Rule Prereqs_ConstantInput-ML (Rule 217 of total 337) .... done (Time = 0.00s, Memory = 0.0K)
    Checking Rule ReportPortInfo-ML (Rule 218 of total 337) .... done (Time = 0.00s, Memory = 0.0K)
    Checking Rule Prereqs_ReportPortInfo-ML (Rule 219 of total 337) .... done (Time = 0.00s, Memory = 0.0K)
    Checking Rule Prereqs_ReportPortInfo-ML (Rule 220 of total 337) .... done (Time = 0.00s, Memory = 0.0K)
    Checking Rule DisallowCaseX-ML (Rule 221 of total 337) .... done (Time = 0.00s, Memory = 0.0K)
    Checking Rule NoAssignX-ML (Rule 222 of total 337) .... done (Time = 0.00s, Memory = 40.0K)
    Checking Rule InstPortConnType-ML (Rule 223 of total 337) .... done (Time = 0.00s, Memory = -40.0K)
    Checking Rule ParamWidthMismatch-ML (Rule 224 of total 337) .... done (Time = 0.00s, Memory = 528.0K)
    Checking Rule DuplicateCaseLabel-ML (Rule 225 of total 337) .... done (Time = 0.00s, Memory = -256.0K)
    Checking Rule AutomaticFuncTask-ML (Rule 226 of total 337) .... done (Time = 0.00s, Memory = 0.0K)
    Checking Rule SetBeforeRead-ML (Rule 227 of total 337) .... done (Time = 0.00s, Memory = 0.0K)
    Checking Rule SigAssignZ-ML (Rule 228 of total 337) .... done (Time = 0.00s, Memory = 0.0K)
    Checking Rule Postreqs_Usage_ML (Rule 229 of total 337) .... done (Time = 0.00s, Memory = 8.0K)
    Checking Rule ImproperRangeIndex-ML (Rule 230 of total 337) .... done (Time = 0.00s, Memory = 8.0K)
    Checking Rule NoXInCase-ML (Rule 231 of total 337) .... done (Time = 0.00s, Memory = 0.0K)
    Checking Rule SigAssignZ-ML (Rule 232 of total 337) .... done (Time = 0.00s, Memory = 0.0K)
Checking ELABDU Rules for designUnit sober_compare
    Checking Rule Prereqs_InferLatch (Rule 139 of total 337) .... done (Time = 0.00s, Memory = 0.0K)
    Checking Rule STARC05-2.1.4.5 (Rule 140 of total 337) .... done (Time = 0.00s, Memory = 0.0K)
    Checking Rule STARC05-2.1.5.3 (Rule 141 of total 337) .... done (Time = 0.00s, Memory = 0.0K)
    Checking Rule STARC05-2.2.3.3 (Rule 142 of total 337) .... done (Time = 0.00s, Memory = -16.0K)
    Checking Rule STARC05-2.3.1.6 (Rule 143 of total 337) .... done (Time = 0.00s, Memory = -8.0K)
    Checking Rule STARC05-2.10.2.3 (Rule 144 of total 337) .... done (Time = 0.00s, Memory = 0.0K)
    Checking Rule STARC05-2.10.3.2a (Rule 145 of total 337) .... done (Time = 0.00s, Memory = 0.0K)
    Checking Rule STARC05-2.11.3.1 (Rule 146 of total 337) .... done (Time = 0.00s, Memory = 0.0K)
    Checking Rule STARC05-2.1.1.2 (Rule 147 of total 337) .... done (Time = 0.00s, Memory = 0.0K)
    Checking Rule STARC05-2.1.3.1 (Rule 148 of total 337) .... done (Time = 0.00s, Memory = -32.0K)
    Checking Rule STARC05-2.8.1.3 (Rule 149 of total 337) .... done (Time = 0.00s, Memory = -8.0K)
    Checking Rule STARC05-2.10.1.4a (Rule 150 of total 337) .... done (Time = 0.00s, Memory = 0.0K)
    Checking Rule STARC05-2.10.1.4b (Rule 151 of total 337) .... done (Time = 0.00s, Memory = 0.0K)
    Checking Rule STARC05-2.8.1.3 (Rule 152 of total 337) .... done (Time = 0.00s, Memory = 0.0K)
    Checking Rule sim_race02 (Rule 153 of total 337) .... done (Time = 0.00s, Memory = 8.0K)
    Checking Rule W239 (Rule 154 of total 337) .... done (Time = 0.00s, Memory = 0.0K)
    Checking Rule W110 (Rule 155 of total 337) .... done (Time = 0.00s, Memory = -8.0K)
    Checking Rule W122 (Rule 156 of total 337) .... done (Time = 0.00s, Memory = 0.0K)
    Checking Rule W163 (Rule 157 of total 337) .... done (Time = 0.00s, Memory = 0.0K)
    Checking Rule W552 (Rule 158 of total 337) .... done (Time = 0.00s, Memory = 8.0K)
    Checking Rule W553 (Rule 159 of total 337) .... done (Time = 0.00s, Memory = 0.0K)
    Checking Rule W496a (Rule 160 of total 337) .... done (Time = 0.00s, Memory = 0.0K)
    Checking Rule W496b (Rule 161 of total 337) .... done (Time = 0.00s, Memory = 0.0K)
    Checking Rule W19 (Rule 162 of total 337) .... done (Time = 0.00s, Memory = 0.0K)
    Checking Rule W66 (Rule 163 of total 337) .... done (Time = 0.00s, Memory = 0.0K)
    Checking Rule W116 (Rule 164 of total 337) .... done (Time = 0.00s, Memory = 0.0K)
    Checking Rule W123 (Rule 165 of total 337) .... done (Time = 0.00s, Memory = 24.0K)
    Checking Rule W156 (Rule 166 of total 337) .... done (Time = 0.00s, Memory = 0.0K)
    Checking Rule W188 (Rule 167 of total 337) .... done (Time = 0.00s, Memory = 0.0K)
    Checking Rule W215 (Rule 168 of total 337) .... done (Time = 0.00s, Memory = 0.0K)
    Checking Rule W216 (Rule 169 of total 337) .... done (Time = 0.00s, Memory = 0.0K)
    Checking Rule W218 (Rule 170 of total 337) .... done (Time = 0.00s, Memory = 0.0K)
    Checking Rule W238 (Rule 171 of total 337) .... done (Time = 0.00s, Memory = 0.0K)
    Checking Rule W245 (Rule 172 of total 337) .... done (Time = 0.00s, Memory = 0.0K)
    Checking Rule W263 (Rule 173 of total 337) .... done (Time = 0.00s, Memory = 0.0K)
    Checking Rule W289 (Rule 174 of total 337) .... done (Time = 0.00s, Memory = 0.0K)
    Checking Rule W314 (Rule 175 of total 337) .... done (Time = 0.00s, Memory = -8.0K)
    Checking Rule W316 (Rule 176 of total 337) .... done (Time = 0.00s, Memory = 24.0K)
    Checking Rule W337 (Rule 177 of total 337) .... done (Time = 0.00s, Memory = -128.0K)
    Checking Rule W342 (Rule 178 of total 337) .... done (Time = 0.00s, Memory = 0.0K)
    Checking Rule W343 (Rule 179 of total 337) .... done (Time = 0.00s, Memory = 0.0K)
    Checking Rule W416 (Rule 180 of total 337) .... done (Time = 0.00s, Memory = 0.0K)
    Checking Rule W352 (Rule 181 of total 337) .... done (Time = 0.00s, Memory = 0.0K)
    Checking Rule W362 (Rule 182 of total 337) .... done (Time = 0.00s, Memory = 0.0K)
    Checking Rule W423 (Rule 183 of total 337) .... done (Time = 0.00s, Memory = 0.0K)
    Checking Rule W486 (Rule 184 of total 337) .... done (Time = 0.00s, Memory = 0.0K)
    Checking Rule W499 (Rule 185 of total 337) .... done (Time = 0.00s, Memory = 0.0K)
    Checking Rule W502 (Rule 186 of total 337) .... done (Time = 0.00s, Memory = 0.0K)
    Checking Rule W575 (Rule 187 of total 337) .... done (Time = 0.00s, Memory = 0.0K)
    Checking Rule W576 (Rule 188 of total 337) .... done (Time = 0.00s, Memory = 0.0K)
    Checking Rule W116 (Rule 189 of total 337) .... done (Time = 0.00s, Memory = 0.0K)
    Checking Rule W122 (Rule 190 of total 337) .... done (Time = 0.00s, Memory = 0.0K)
    Checking Rule W123 (Rule 191 of total 337) .... done (Time = 0.00s, Memory = 0.0K)
    Checking Rule W156 (Rule 192 of total 337) .... done (Time = 0.00s, Memory = 0.0K)
    Checking Rule W71 (Rule 193 of total 337) .... done (Time = 0.01s, Memory = 0.0K)
    Checking Rule W164a (Rule 194 of total 337) .... done (Time = 0.00s, Memory = -8.0K)
    Checking Rule W164a (Rule 195 of total 337) .... done (Time = 0.00s, Memory = 0.0K)
    Checking Rule W164b (Rule 196 of total 337) .... done (Time = 0.00s, Memory = -8.0K)
    Checking Rule W164b (Rule 197 of total 337) .... done (Time = 0.00s, Memory = 0.0K)
    Checking Rule W210 (Rule 198 of total 337) .... done (Time = 0.00s, Memory = 0.0K)
    Checking Rule W210 (Rule 199 of total 337) .... done (Time = 0.00s, Memory = 0.0K)
    Checking Rule W240 (Rule 200 of total 337) .... done (Time = 0.00s, Memory = 0.0K)
    Checking Rule W240 (Rule 201 of total 337) .... done (Time = 0.00s, Memory = 0.0K)
    Checking Rule W241 (Rule 202 of total 337) .... done (Time = 0.00s, Memory = 0.0K)
    Checking Rule W241 (Rule 203 of total 337) .... done (Time = 0.00s, Memory = 0.0K)
    Checking Rule W287a (Rule 204 of total 337) .... done (Time = 0.00s, Memory = 0.0K)
    Checking Rule W287c (Rule 205 of total 337) .... done (Time = 0.00s, Memory = 0.0K)
    Checking Rule W293 (Rule 206 of total 337) .... done (Time = 0.00s, Memory = 0.0K)
    Checking Rule W398 (Rule 207 of total 337) .... done (Time = 0.00s, Memory = 24.0K)
    Checking Rule W424 (Rule 208 of total 337) .... done (Time = 0.00s, Memory = 0.0K)
    Checking Rule W443 (Rule 209 of total 337) .... done (Time = 0.00s, Memory = 0.0K)
    Checking Rule W444 (Rule 210 of total 337) .... done (Time = 0.00s, Memory = 0.0K)
    Checking Rule W467 (Rule 211 of total 337) .... done (Time = 0.00s, Memory = 0.0K)
    Checking Rule W494 (Rule 212 of total 337) .... done (Time = 0.00s, Memory = 0.0K)
    Checking Rule W494 (Rule 213 of total 337) .... done (Time = 0.00s, Memory = 0.0K)
    Checking Rule W505 (Rule 214 of total 337) .... done (Time = 0.01s, Memory = 0.0K)
    Checking Rule W505 (Rule 215 of total 337) .... done (Time = 0.00s, Memory = 0.0K)
    Checking Rule Prereqs_Usage (Rule 216 of total 337) .... done (Time = 0.00s, Memory = -16.0K)
    Checking Rule Prereqs_ConstantInput-ML (Rule 217 of total 337) .... done (Time = 0.00s, Memory = 0.0K)
    Checking Rule ReportPortInfo-ML (Rule 218 of total 337) .... done (Time = 0.00s, Memory = 0.0K)
    Checking Rule Prereqs_ReportPortInfo-ML (Rule 219 of total 337) .... done (Time = 0.00s, Memory = 0.0K)
    Checking Rule Prereqs_ReportPortInfo-ML (Rule 220 of total 337) .... done (Time = 0.00s, Memory = 0.0K)
    Checking Rule DisallowCaseX-ML (Rule 221 of total 337) .... done (Time = 0.00s, Memory = 0.0K)
    Checking Rule NoAssignX-ML (Rule 222 of total 337) .... done (Time = 0.00s, Memory = 0.0K)
    Checking Rule InstPortConnType-ML (Rule 223 of total 337) .... done (Time = 0.00s, Memory = 0.0K)
    Checking Rule ParamWidthMismatch-ML (Rule 224 of total 337) .... done (Time = 0.00s, Memory = 0.0K)
    Checking Rule DuplicateCaseLabel-ML (Rule 225 of total 337) .... done (Time = 0.00s, Memory = 0.0K)
    Checking Rule AutomaticFuncTask-ML (Rule 226 of total 337) .... done (Time = 0.00s, Memory = 0.0K)
    Checking Rule SetBeforeRead-ML (Rule 227 of total 337) .... done (Time = 0.00s, Memory = 0.0K)
    Checking Rule SigAssignZ-ML (Rule 228 of total 337) .... done (Time = 0.00s, Memory = 0.0K)
    Checking Rule Postreqs_Usage_ML (Rule 229 of total 337) .... done (Time = 0.00s, Memory = 0.0K)
    Checking Rule ImproperRangeIndex-ML (Rule 230 of total 337) .... done (Time = 0.00s, Memory = 0.0K)
    Checking Rule NoXInCase-ML (Rule 231 of total 337) .... done (Time = 0.00s, Memory = 0.0K)
    Checking Rule SigAssignZ-ML (Rule 232 of total 337) .... done (Time = 0.00s, Memory = 0.0K)
Checking ELABDU Rules for designUnit core
Checking ELABDU Rules for designUnit conv
Checking ELABDU Rules for designUnit median
Checking ELABDU Rules for designUnit median_filter_submodule
Checking ELABDU Rules for designUnit sobel_gradient
Checking ELABDU Rules for designUnit sober_compare

INFO [235]    Restoring design database from directory './spyglass-1/core/.SG_SaveRestoreDB/autogenerated__default_snapshot' ...
              done

Checking Rule InferBlackBox (Rule 233 of total 337) .... done (Time = 0.00s, Memory = 0.0K)
Checking Rule checkCMD_mthresh (Rule 234 of total 337) .... done (Time = 0.00s, Memory = 40.0K)
Checking Rule SGDC_waive37 (Rule 235 of total 337) .... done (Time = 0.00s, Memory = -7160.0K)
Checking Rule Prereq_IntClock for module sober_compare (Rule 236 of total 337) .... done (Time = 0.00s, Memory = 0.0K)
Checking Rule STARC05-2.2.3.1 for module sober_compare (Rule 237 of total 337) .... done (Time = 0.00s, Memory = 0.0K)
Checking Rule Prereqs_sim_race07 for module sober_compare (Rule 238 of total 337) .... done (Time = 0.00s, Memory = 0.0K)
Checking Rule W336 for module sober_compare (Rule 239 of total 337) .... done (Time = 0.00s, Memory = 0.0K)
Checking Rule W414 for module sober_compare (Rule 240 of total 337) .... done (Time = 0.00s, Memory = 0.0K)
Checking Rule W438 for module sober_compare (Rule 241 of total 337) .... done (Time = 0.00s, Memory = 0.0K)
Checking Rule W450L for module sober_compare (Rule 242 of total 337) .... done (Time = 0.00s, Memory = 0.0K)
Checking Rule TristatePort-ML for module sober_compare (Rule 243 of total 337) .... done (Time = 0.00s, Memory = 0.0K)
Checking Rule TristateSig-ML for module sober_compare (Rule 244 of total 337) .... done (Time = 0.00s, Memory = 0.0K)
Checking Rule STARC05-2.5.1.7 for module sober_compare (Rule 245 of total 337) .... done (Time = 0.00s, Memory = 0.0K)
Checking Rule STARC05-2.5.1.9 for module sober_compare (Rule 246 of total 337) .... done (Time = 0.00s, Memory = 0.0K)
Checking Rule Prereq_IntClock for module sobel_gradient (Rule 236 of total 337) .... done (Time = 0.00s, Memory = 0.0K)
Checking Rule STARC05-2.2.3.1 for module sobel_gradient (Rule 237 of total 337) .... done (Time = 0.00s, Memory = 0.0K)
Checking Rule Prereqs_sim_race07 for module sobel_gradient (Rule 238 of total 337) .... done (Time = 0.00s, Memory = 0.0K)
Checking Rule W336 for module sobel_gradient (Rule 239 of total 337) .... done (Time = 0.00s, Memory = 0.0K)
Checking Rule W414 for module sobel_gradient (Rule 240 of total 337) .... done (Time = 0.00s, Memory = 0.0K)
Checking Rule W438 for module sobel_gradient (Rule 241 of total 337) .... done (Time = 0.00s, Memory = 0.0K)
Checking Rule W450L for module sobel_gradient (Rule 242 of total 337) .... done (Time = 0.00s, Memory = 0.0K)
Checking Rule TristatePort-ML for module sobel_gradient (Rule 243 of total 337) .... done (Time = 0.00s, Memory = 0.0K)
Checking Rule TristateSig-ML for module sobel_gradient (Rule 244 of total 337) .... done (Time = 0.00s, Memory = 0.0K)
Checking Rule STARC05-2.5.1.7 for module sobel_gradient (Rule 245 of total 337) .... done (Time = 0.00s, Memory = 0.0K)
Checking Rule STARC05-2.5.1.9 for module sobel_gradient (Rule 246 of total 337) .... done (Time = 0.00s, Memory = 0.0K)
Checking Rule Prereq_IntClock for module median_filter_submodule (Rule 236 of total 337) .... done (Time = 0.00s, Memory = 0.0K)
Checking Rule STARC05-2.2.3.1 for module median_filter_submodule (Rule 237 of total 337) .... done (Time = 0.00s, Memory = 0.0K)
Checking Rule Prereqs_sim_race07 for module median_filter_submodule (Rule 238 of total 337) .... done (Time = 0.00s, Memory = 0.0K)
Checking Rule W336 for module median_filter_submodule (Rule 239 of total 337) .... done (Time = 0.00s, Memory = 0.0K)
Checking Rule W414 for module median_filter_submodule (Rule 240 of total 337) .... done (Time = 0.00s, Memory = 0.0K)
Checking Rule W438 for module median_filter_submodule (Rule 241 of total 337) .... done (Time = 0.00s, Memory = 0.0K)
Checking Rule W450L for module median_filter_submodule (Rule 242 of total 337) .... done (Time = 0.00s, Memory = 0.0K)
Checking Rule TristatePort-ML for module median_filter_submodule (Rule 243 of total 337) .... done (Time = 0.00s, Memory = 0.0K)
Checking Rule TristateSig-ML for module median_filter_submodule (Rule 244 of total 337) .... done (Time = 0.00s, Memory = 0.0K)
Checking Rule STARC05-2.5.1.7 for module median_filter_submodule (Rule 245 of total 337) .... done (Time = 0.00s, Memory = 0.0K)
Checking Rule STARC05-2.5.1.9 for module median_filter_submodule (Rule 246 of total 337) .... done (Time = 0.00s, Memory = 0.0K)
Checking Rule Prereq_IntClock for module median (Rule 236 of total 337) .... done (Time = 0.00s, Memory = 0.0K)
Checking Rule STARC05-2.2.3.1 for module median (Rule 237 of total 337) .... done (Time = 0.00s, Memory = 0.0K)
Checking Rule Prereqs_sim_race07 for module median (Rule 238 of total 337) .... done (Time = 0.00s, Memory = 0.0K)
Checking Rule W336 for module median (Rule 239 of total 337) .... done (Time = 0.00s, Memory = 0.0K)
Checking Rule W414 for module median (Rule 240 of total 337) .... done (Time = 0.00s, Memory = 0.0K)
Checking Rule W438 for module median (Rule 241 of total 337) .... done (Time = 0.00s, Memory = 0.0K)
Checking Rule W450L for module median (Rule 242 of total 337) .... done (Time = 0.00s, Memory = 0.0K)
Checking Rule TristatePort-ML for module median (Rule 243 of total 337) .... done (Time = 0.00s, Memory = 0.0K)
Checking Rule TristateSig-ML for module median (Rule 244 of total 337) .... done (Time = 0.00s, Memory = 0.0K)
Checking Rule STARC05-2.5.1.7 for module median (Rule 245 of total 337) .... done (Time = 0.00s, Memory = 0.0K)
Checking Rule STARC05-2.5.1.9 for module median (Rule 246 of total 337) .... done (Time = 0.00s, Memory = 0.0K)
Checking Rule Prereq_IntClock for module conv (Rule 236 of total 337) .... done (Time = 0.00s, Memory = 0.0K)
Checking Rule STARC05-2.2.3.1 for module conv (Rule 237 of total 337) .... done (Time = 0.00s, Memory = 0.0K)
Checking Rule Prereqs_sim_race07 for module conv (Rule 238 of total 337) .... done (Time = 0.00s, Memory = 0.0K)
Checking Rule W336 for module conv (Rule 239 of total 337) .... done (Time = 0.00s, Memory = 0.0K)
Checking Rule W414 for module conv (Rule 240 of total 337) .... done (Time = 0.00s, Memory = 0.0K)
Checking Rule W438 for module conv (Rule 241 of total 337) .... done (Time = 0.00s, Memory = 0.0K)
Checking Rule W450L for module conv (Rule 242 of total 337) .... done (Time = 0.00s, Memory = 0.0K)
Checking Rule TristatePort-ML for module conv (Rule 243 of total 337) .... done (Time = 0.00s, Memory = 0.0K)
Checking Rule TristateSig-ML for module conv (Rule 244 of total 337) .... done (Time = 0.00s, Memory = 0.0K)
Checking Rule STARC05-2.5.1.7 for module conv (Rule 245 of total 337) .... done (Time = 0.00s, Memory = 0.0K)
Checking Rule STARC05-2.5.1.9 for module conv (Rule 246 of total 337) .... done (Time = 0.00s, Memory = 0.0K)
Checking Rule Prereq_IntClock for module core (Rule 236 of total 337) .... done (Time = 0.00s, Memory = 0.0K)
Checking Rule STARC05-2.2.3.1 for module core (Rule 237 of total 337) .... done (Time = 0.00s, Memory = 0.0K)
Checking Rule Prereqs_sim_race07 for module core (Rule 238 of total 337) .... done (Time = 0.00s, Memory = 0.0K)
Checking Rule W336 for module core (Rule 239 of total 337) .... done (Time = 0.00s, Memory = 0.0K)
Checking Rule W414 for module core (Rule 240 of total 337) .... done (Time = 0.00s, Memory = 0.0K)
Checking Rule W438 for module core (Rule 241 of total 337) .... done (Time = 0.00s, Memory = 0.0K)
Checking Rule W450L for module core (Rule 242 of total 337) .... done (Time = 0.00s, Memory = 0.0K)
Checking Rule TristatePort-ML for module core (Rule 243 of total 337) .... done (Time = 0.00s, Memory = 0.0K)
Checking Rule TristateSig-ML for module core (Rule 244 of total 337) .... done (Time = 0.00s, Memory = 0.0K)
Checking Rule STARC05-2.5.1.7 for module core (Rule 245 of total 337) .... done (Time = 0.00s, Memory = 0.0K)
Checking Rule STARC05-2.5.1.9 for module core (Rule 246 of total 337) .... done (Time = 0.00s, Memory = 0.0K)
Performing semantic checks on SGDC contents
Checking Rule SGDC_testmode03 (Rule 75 of total 337) .... done (Time = 0.00s, Memory = 0.0K)
Checking Rule _abstractPortSGDC (Rule 247 of total 337) .... done (Time = 0.00s, Memory = 0.0K)
Checking Rule SGDC_abstract_port03 (Rule 248 of total 337) .... done (Time = 0.00s, Memory = 0.0K)
Checking Rule SGDC_abstract_port04 (Rule 249 of total 337) .... done (Time = 0.00s, Memory = 8.0K)
Checking Rule SGDC_abstract_port05 (Rule 250 of total 337) .... done (Time = 0.00s, Memory = 0.0K)
Checking Rule SGDC_abstract_port07 (Rule 251 of total 337) .... done (Time = 0.00s, Memory = 0.0K)
Checking Rule SGDC_abstract_port08 (Rule 252 of total 337) .... done (Time = 0.00s, Memory = 0.0K)
Checking Rule SGDC_abstract_port10 (Rule 253 of total 337) .... done (Time = 0.00s, Memory = 0.0K)
Checking Rule SGDC_abstract_port11 (Rule 254 of total 337) .... done (Time = 0.00s, Memory = 0.0K)
Checking Rule SGDC_abstract_port12 (Rule 255 of total 337) .... done (Time = 0.00s, Memory = 0.0K)
Checking Rule SGDC_abstract_port13 (Rule 256 of total 337) .... done (Time = 0.00s, Memory = 0.0K)
Checking Rule HangingNetPreReq-ML (Rule 257 of total 337) .... done (Time = 0.00s, Memory = 0.0K)
Checking Rule ReportUngroup (Rule 258 of total 337) .... done (Time = 0.00s, Memory = 0.0K)
Checking Rule LINT_portReten (Rule 259 of total 337) .... done (Time = 0.00s, Memory = 0.0K)
Checking Rule SGDC_abstract_port21 (Rule 260 of total 337) .... done (Time = 0.00s, Memory = 0.0K)
Checking Rule InferLatch (Rule 261 of total 337) .... done (Time = 0.01s, Memory = 64.0K)
Checking Rule UndrivenOutPort-ML (Rule 262 of total 337) .... done (Time = 0.01s, Memory = -32.0K)
Checking Rule UndrivenInTerm-ML (Rule 263 of total 337) .... done (Time = 0.06s, Memory = 2568.0K)
Checking Rule UndrivenNet-ML (Rule 264 of total 337) .... done (Time = 0.00s, Memory = 0.0K)
Checking Rule NoFeedThrus-ML (Rule 265 of total 337) .... done (Time = 0.00s, Memory = 0.0K)
Checking Rule SGDC_assume_path05 (Rule 266 of total 337) .... done (Time = 0.00s, Memory = 0.0K)
 Flattening core (.lib instances separately flattened) ....
 Flattening completed
Checking Rule SGDC_set_case_analysis_LC (Rule 267 of total 337) .... done (Time = 0.01s, Memory = 0.0K)
Checking Rule BufClock (Rule 268 of total 337) .... done (Time = 0.02s, Memory = 4136.0K)
Checking Rule CombLoop (Rule 269 of total 337) .... done (Time = 0.01s, Memory = 816.0K)
Checking Rule STARC05-2.5.1.2 (Rule 270 of total 337) .... done (Time = 0.00s, Memory = 0.0K)
Checking Rule STARC05-1.3.1.3 (Rule 271 of total 337) .... done (Time = 0.00s, Memory = -2568.0K)
Checking Rule STARC05-1.4.3.2 (Rule 272 of total 337) .... done (Time = 0.01s, Memory = 0.0K)
Checking Rule STARC05-1.4.3.4 (Rule 273 of total 337) .... done (Time = 0.00s, Memory = 8.0K)
Checking Rule STARC-2.3.4.3 (Rule 274 of total 337) .... done (Time = 0.00s, Memory = 0.0K)
Checking Rule FlopClockConstant (Rule 275 of total 337) .... done (Time = 0.02s, Memory = 2776.0K)
Checking Rule FlopSRConst (Rule 276 of total 337) .... done (Time = 0.00s, Memory = 0.0K)
Checking Rule checkPinConnectedToSupply (Rule 277 of total 337) .... done (Time = 0.00s, Memory = 0.0K)
Checking Rule sim_race07 (Rule 278 of total 337) .... done (Time = 0.01s, Memory = 96.0K)
Checking Rule W402b (Rule 279 of total 337) .... done (Time = 0.01s, Memory = 184.0K)
Checking Rule W392 (Rule 280 of total 337) .... done (Time = 0.00s, Memory = -2512.0K)
Checking Rule W415 (Rule 281 of total 337) .... done (Time = 0.01s, Memory = 8.0K)
Checking Rule W391 (Rule 282 of total 337) .... done (Time = 0.01s, Memory = 0.0K)
Checking Rule W401 (Rule 283 of total 337) .... done (Time = 0.02s, Memory = 2736.0K)
Checking Rule LatchFeedback (Rule 284 of total 337) .... done (Time = 0.00s, Memory = 0.0K)
Checking Rule SameControlNDataNet-ML (Rule 285 of total 337) .... done (Time = 0.01s, Memory = 0.0K)
Checking Rule STARC05-2.4.1.5 (Rule 286 of total 337) .... done (Time = 0.00s, Memory = 0.0K)
Checking Rule STARC05-1.2.1.2 (Rule 287 of total 337) .... done (Time = 0.01s, Memory = 16.0K)
Checking Rule AnalyzeBBox (Rule 288 of total 337) .... done (Time = 0.00s, Memory = 0.0K)
Checking Rule ReportCheckDataSummary (Rule 73 of total 337) .... done (Time = 0.00s, Memory = 0.0K)

Generating data for Console...

SpyGlass Rule Checking Complete.

Generating moresimple report from './spyglass-1/core/lint/lint_rtl_enhanced/spyglass.vdb' to './spyglass-1/core/lint/lint_rtl_enhanced/spyglass_reports/moresimple.rpt' ....

Generating runsummary report from './spyglass-1/core/lint/lint_rtl_enhanced/spyglass.vdb' ....

Generating no_msg_reporting_rules report from './spyglass-1/core/lint/lint_rtl_enhanced/spyglass.vdb' to './spyglass-1/core/lint/lint_rtl_enhanced/spyglass_reports/no_msg_reporting_rules.rpt' ....

Generating W415_Report report from './spyglass-1/core/lint/lint_rtl_enhanced/spyglass.vdb' to './spyglass-1/core/lint/lint_rtl_enhanced/spyglass_reports/lint/W415_Report.rpt' ....

Policy specific data (reports) are present in the directory './spyglass-1/core/lint/lint_rtl_enhanced/spyglass_reports'.

SpyGlass critical reports for the current run are present in directory './spyglass-1/consolidated_reports/core_lint_lint_rtl_enhanced/'.

---------------------------------------------------------------------------------------------
Results Summary:
---------------------------------------------------------------------------------------------
   Goal Run           :      lint/lint_rtl_enhanced
   Command-line read  :      0 error,      1 warning,      0 information message 
   Design Read        :      0 error,      0 warning,      3 information messages
      Found 1 top module:
         core   (file: core.v)

   Blackbox Resolution:      0 error,      0 warning,      1 information message 
   SGDC Checks        :      0 error,      0 warning,      0 information message 
   Policy morelint    :      0 error,      0 warning,      1 information message 
   -------------------------------------------------------------------------------------
   Total              :      0 error,      1 warning,      5 information messages

  Total Number of Generated Messages     :         6 (0 error, 1 warning, 5 Infos)
  Number of Reported Messages            :         6 (0 error, 1 warning, 5 Infos)

---------------------------------------------------------------------------------------------


run_goal: info: updating spyglass.log with goal summary
---------------------------------------------------------------------------------------------------
Results Summary:
---------------------------------------------------------------------------------------------------
   Goal Run           :      lint/lint_rtl_enhanced
   Top Module         :      core
---------------------------------------------------------------------------------------------------
   Reports Directory: 
   /home/raid7_2/user12/r2k41036/NTU_CVSD2024/HW3/01_RTL/spyglass-1/consolidated_reports/core_lint_lint_rtl_enhanced/ 

   SpyGlass LogFile: 
    /home/raid7_2/user12/r2k41036/NTU_CVSD2024/HW3/01_RTL/spyglass-1/core/lint/lint_rtl_enhanced/spyglass.log 

   Standard Reports: 
     moresimple.rpt          no_msg_reporting_rules.rpt       

   HTML report:
    /home/raid7_2/user12/r2k41036/NTU_CVSD2024/HW3/01_RTL/spyglass-1/html_reports/goals_summary.html
  

   Technology Reports:  
     <Not Available>
   
   
---------------------------------------------------------------------------------------------------
   Goal Violation Summary:
       Waived   Messages:                      0 Errors,      0 Warnings,      0 Infos
       Reported Messages:         0 Fatals,    0 Errors,      1 Warnings,      5 Infos
---------------------------------------------------------------------------------------------------
   
---------------------------------------------------------------------------------------------------
 
run_goal: info: spyglass.log successfully updated with goal summary
0 {Rule-checking completed with warnings}current_goal: warning: design query data not saved for last active goal `lint/lint_rtl_enhanced'
                       (use `save_goal' command or enable `auto_save' option to save design query data for subsequent goals)
current_goal: info: loading goal `lint/lint_rtl' with top `core' (in progress)
current_goal: info: finished loading goal `lint/lint_rtl' (ok)
 Reading waiver file "./spyglass-1/core/lint/lint_rtl/spyglass_spysch/waiver/pragma2Waiver.swl" ...

INFO:    SpyGlass will run goal(s) 'lint/lint_rtl'.


RULE-CHECKING IN MIXED MODE
Loading spyglass (SpyGlass_vT-2022.06) ... (picked from /home/raid7_4/raid1_1/linux/synopsys/spyglass/2022.06/SPYGLASS_HOME/policies/spyglass)
Loading openmore (SpyGlass_vT-2022.06) ... (picked from /home/raid7_4/raid1_1/linux/synopsys/spyglass/2022.06/SPYGLASS_HOME/policies/openmore)
Loading starc (SpyGlass_vT-2022.06) ... (picked from /home/raid7_4/raid1_1/linux/synopsys/spyglass/2022.06/SPYGLASS_HOME/policies/starc)
Loading starc2005 (SpyGlass_vT-2022.06) ... (picked from /home/raid7_4/raid1_1/linux/synopsys/spyglass/2022.06/SPYGLASS_HOME/policies/starc2005)
Loading erc (SpyGlass_vT-2022.06) ... (picked from /home/raid7_4/raid1_1/linux/synopsys/spyglass/2022.06/SPYGLASS_HOME/policies/erc)
Loading simulation (SpyGlass_vT-2022.06) ... (picked from /home/raid7_4/raid1_1/linux/synopsys/spyglass/2022.06/SPYGLASS_HOME/policies/simulation)
Loading lint (SpyGlass_vT-2022.06) ... (picked from /home/raid7_4/raid1_1/linux/synopsys/spyglass/2022.06/SPYGLASS_HOME/policies/lint)
Loading latch (SpyGlass_vT-2022.06) ... (picked from /home/raid7_4/raid1_1/linux/synopsys/spyglass/2022.06/SPYGLASS_HOME/policies/latch)
Loading morelint (SpyGlass_vT-2022.06) ... (picked from /home/raid7_4/raid1_1/linux/synopsys/spyglass/2022.06/SPYGLASS_HOME/policies/morelint)
Loading timing (SpyGlass_vT-2022.06) ... (picked from /home/raid7_4/raid1_1/linux/synopsys/spyglass/2022.06/SPYGLASS_HOME/policies/timing)
Loading starc2002 (SpyGlass_vT-2022.06) ... (picked from /home/raid7_4/raid1_1/linux/synopsys/spyglass/2022.06/SPYGLASS_HOME/policies/starc2002)

INFO [326]    SpyGlass Design Database './spyglass-1/core/.SG_SaveRestoreDB' can not be restored because:
              Following design files/directories have been modified since design save
    median.v

              Saving Database again
Loading Audits (SpyGlass_vT-2022.06) ... (picked from /home/raid7_4/raid1_1/linux/synopsys/spyglass/2022.06/SPYGLASS_HOME/policies/Audits)
Loading area (SpyGlass_vT-2022.06) ... (picked from /home/raid7_4/raid1_1/linux/synopsys/spyglass/2022.06/SPYGLASS_HOME/policies/area)
Loading miscellaneous (SpyGlass_vT-2022.06) ... (picked from /home/raid7_4/raid1_1/linux/synopsys/spyglass/2022.06/SPYGLASS_HOME/policies/miscellaneous)
Loading starcad-21 (SpyGlass_vT-2022.06) ... (picked from /home/raid7_4/raid1_1/linux/synopsys/spyglass/2022.06/SPYGLASS_HOME/policies/starcad-21)
Loading txv (SpyGlass_vT-2022.06) ... (picked from /home/raid7_4/raid1_1/linux/synopsys/spyglass/2022.06/SPYGLASS_HOME/policies/txv)

TXV_INFO Parameter txv_extract_domain will be renamed to txv_domain_mode in future!

Loading power_est (SpyGlass_vT-2022.06) ... (picked from /home/raid7_4/raid1_1/linux/synopsys/spyglass/2022.06/SPYGLASS_HOME/policies/power_est)
Loading lowpower (5.6.1) ... (picked from /home/raid7_4/raid1_1/linux/synopsys/spyglass/2022.06/SPYGLASS_HOME/policies/lowpower)
Loading dft_dsm (SpyGlass_vT-2022.06) ... (picked from /home/raid7_4/raid1_1/linux/synopsys/spyglass/2022.06/SPYGLASS_HOME/policies/dft_dsm)
Loading dft (SpyGlass_vT-2022.06) ... (picked from /home/raid7_4/raid1_1/linux/synopsys/spyglass/2022.06/SPYGLASS_HOME/policies/dft)
Loading constraints (SpyGlass_vT-2022.06) ... (picked from /home/raid7_4/raid1_1/linux/synopsys/spyglass/2022.06/SPYGLASS_HOME/policies/constraints)
Loading const_intern1 (SpyGlass_vT-2022.06) ... (picked from /home/raid7_4/raid1_1/linux/synopsys/spyglass/2022.06/SPYGLASS_HOME/policies/constraints)
Loading clock-reset (SpyGlass_vT-2022.06) ... (picked from /home/raid7_4/raid1_1/linux/synopsys/spyglass/2022.06/SPYGLASS_HOME/policies/clock)

INFO [76]    Using './spyglass-1/core/WORK/64' as the Work Directory for 64bit precompiled dump.
Checking Rule SGDC_power_est29 (Rule 1 of total 290) .... done (Time = 0.01s, Memory = 0.0K)
Checking Rule PECHECK04 (Rule 2 of total 290) .... done (Time = 0.03s, Memory = 16.0K)
Checking Rule PECHECK18 (Rule 3 of total 290) .... done (Time = 0.00s, Memory = 0.0K)
Checking Rule PEMVDD01 (Rule 4 of total 290) .... done (Time = 0.00s, Memory = 0.0K)
Checking Rule PrecompileLibCheck01 (Rule 5 of total 290) .... done (Time = 0.00s, Memory = 8.0K)
Checking Rule PrecompileLibCheck02 (Rule 6 of total 290) .... done (Time = 0.00s, Memory = 2568.0K)
Checking Rule PrecompileLibCheck03 (Rule 7 of total 290) .... done (Time = 0.01s, Memory = 0.0K)
Checking Rule PrecompileLibCheck04 (Rule 8 of total 290) .... done (Time = 0.00s, Memory = 0.0K)
Checking Rule AbstractInterface (Rule 9 of total 290) .... done (Time = 0.00s, Memory = 0.0K)
Checking Rule SGDC_assume_path01 (Rule 10 of total 290) .... done (Time = 0.00s, Memory = 0.0K)
Checking Rule SGDC_sdcschema02 (Rule 11 of total 290) .... done (Time = 0.01s, Memory = -2536.0K)
Checking Rule SGDC_clock05 (Rule 12 of total 290) .... done (Time = 0.00s, Memory = 32.0K)
Checking Rule SGDC_clock09 (Rule 13 of total 290) .... done (Time = 0.00s, Memory = 0.0K)
Checking Rule SGDC_force_ta05 (Rule 14 of total 290) .... done (Time = 0.00s, Memory = 0.0K)
Checking Rule SGDC_require_path03 (Rule 15 of total 290) .... done (Time = 0.00s, Memory = 0.0K)
Checking Rule SGDC_require_value03 (Rule 16 of total 290) .... done (Time = 0.00s, Memory = 8.0K)
Checking Rule SGDC_voltagedomain05 (Rule 17 of total 290) .... done (Time = 0.00s, Memory = 8.0K)
Checking Rule SGDC_voltagedomain06 (Rule 18 of total 290) .... done (Time = 0.00s, Memory = 32.0K)
Checking Rule SGDC_voltagedomain07 (Rule 19 of total 290) .... done (Time = 0.00s, Memory = 0.0K)
Checking Rule SGDC_powerdomainoutputs02 (Rule 20 of total 290) .... done (Time = 0.00s, Memory = 24.0K)
Checking Rule SGDC_supply01 (Rule 21 of total 290) .... done (Time = 0.00s, Memory = 8.0K)
Checking Rule SGDC_waive01 (Rule 22 of total 290) .... done (Time = 0.00s, Memory = 8.0K)
Checking Rule SGDC_waive02 (Rule 23 of total 290) .... done (Time = 0.00s, Memory = 0.0K)
Checking Rule SGDC_waive03 (Rule 24 of total 290) .... done (Time = 0.00s, Memory = 0.0K)
Checking Rule SGDC_waive04 (Rule 25 of total 290) .... done (Time = 0.00s, Memory = 0.0K)
Checking Rule SGDC_waive05 (Rule 26 of total 290) .... done (Time = 0.00s, Memory = 0.0K)
Checking Rule SGDC_waive06 (Rule 27 of total 290) .... done (Time = 0.00s, Memory = 0.0K)
Checking Rule SGDC_waive07 (Rule 28 of total 290) .... done (Time = 0.00s, Memory = 0.0K)
Checking Rule SGDC_waive08 (Rule 29 of total 290) .... done (Time = 0.00s, Memory = 0.0K)
Checking Rule SGDC_waive09 (Rule 30 of total 290) .... done (Time = 0.00s, Memory = 0.0K)
Checking Rule SGDC_waive10 (Rule 31 of total 290) .... done (Time = 0.00s, Memory = 0.0K)
Checking Rule SGDC_waive11 (Rule 32 of total 290) .... done (Time = 0.00s, Memory = 8.0K)
Checking Rule SGDC_waive12 (Rule 33 of total 290) .... done (Time = 0.00s, Memory = 0.0K)
Checking Rule SGDC_waive13 (Rule 34 of total 290) .... done (Time = 0.00s, Memory = 0.0K)
Checking Rule SGDC_waive21 (Rule 35 of total 290) .... done (Time = 0.00s, Memory = 0.0K)
Checking Rule SGDC_waive22 (Rule 36 of total 290) .... done (Time = 0.00s, Memory = 0.0K)
Checking Rule SGDC_waive30 (Rule 37 of total 290) .... done (Time = 0.00s, Memory = 0.0K)
Checking Rule SGDC_waive32 (Rule 38 of total 290) .... done (Time = 0.00s, Memory = 0.0K)
Checking Rule SGDC_waive33 (Rule 39 of total 290) .... done (Time = 0.00s, Memory = 0.0K)
Checking Rule SGDC_waive36 (Rule 40 of total 290) .... done (Time = 0.00s, Memory = 0.0K)
Checking Rule SGDC_waive38 (Rule 41 of total 290) .... done (Time = 0.00s, Memory = 0.0K)
Checking Rule SGDC_fifo01 (Rule 42 of total 290) .... done (Time = 0.00s, Memory = 8.0K)
Checking Rule SGDC_libgroup01 (Rule 43 of total 290) .... done (Time = 0.00s, Memory = 0.0K)
Checking Rule SGDC_libgroup02 (Rule 44 of total 290) .... done (Time = 0.00s, Memory = 8.0K)
Checking Rule SGDC_libgroup04 (Rule 45 of total 290) .... done (Time = 0.00s, Memory = 0.0K)
Checking Rule SGDC_power_data01 (Rule 46 of total 290) .... done (Time = 0.00s, Memory = 0.0K)
Checking Rule SGDC_ungroup01 (Rule 47 of total 290) .... done (Time = 0.00s, Memory = 0.0K)
Checking Rule SGDC_abstract_port06 (Rule 48 of total 290) .... done (Time = 0.00s, Memory = 0.0K)
Checking Rule SGDC_abstract_port14 (Rule 49 of total 290) .... done (Time = 0.00s, Memory = 8.0K)
Checking Rule SGDC_abstract_port15 (Rule 50 of total 290) .... done (Time = 0.00s, Memory = 2576.0K)
Checking Rule SGDC_abstract_port18 (Rule 51 of total 290) .... done (Time = 0.00s, Memory = 8.0K)
Checking Rule sdc_init_rule (Rule 52 of total 290) .... done (Time = 0.00s, Memory = 8.0K)
Checking Rule CMD_ignorelibs01 (Rule 53 of total 290) .... done (Time = 0.00s, Memory = 0.0K)
Checking Rule ReportRuleNotRun (Rule 54 of total 290) .... done (Time = 0.02s, Memory = 2552.0K)
Checking Rule STARC05-2.3.1.2c (Rule 55 of total 290) .... done (Time = 0.00s, Memory = 0.0K)
Checking Rule W442a (Rule 56 of total 290) .... done (Time = 0.00s, Memory = 0.0K)
Checking Rule W442b (Rule 57 of total 290) .... done (Time = 0.00s, Memory = 0.0K)
Checking Rule W442c (Rule 58 of total 290) .... done (Time = 0.00s, Memory = 0.0K)
Checking Rule W442f (Rule 59 of total 290) .... done (Time = 0.00s, Memory = 0.0K)
Checking Rule mixedsenselist (Rule 60 of total 290) .... done (Time = 0.00s, Memory = 0.0K)
Checking Rule badimplicitSM1 (Rule 61 of total 290) .... done (Time = 0.00s, Memory = 0.0K)
Checking Rule badimplicitSM2 (Rule 62 of total 290) .... done (Time = 0.00s, Memory = 0.0K)
Checking Rule badimplicitSM4 (Rule 63 of total 290) .... done (Time = 0.00s, Memory = 0.0K)
Checking Rule bothedges (Rule 64 of total 290) .... done (Time = 0.00s, Memory = 0.0K)
Checking Rule BlockHeader (Rule 65 of total 290) .... done (Time = 0.00s, Memory = 0.0K)
Checking Rule W421 (Rule 66 of total 290) .... done (Time = 0.00s, Memory = 0.0K)
Checking Rule STARC05-2.1.6.5 (Rule 67 of total 290) .... done (Time = 0.00s, Memory = 0.0K)
Checking Rule ReportStopSummary (Rule 68 of total 290) .... done (Time = 0.00s, Memory = 0.0K)
Checking Rule ReportIgnoreSummary (Rule 69 of total 290) .... done (Time = 0.02s, Memory = -2408.0K)
 Analyzing source file "define.v" ....
 Analyzing source file "core.v" ....
 Analyzing source file "conv.v" ....
 Analyzing source file "median.v" ....
 Elaborating Top Verilog Design Unit 'core' ..... done
Checking Rule ElabSummary (Rule 70 of total 290) .... done (Time = 0.01s, Memory = 0.0K)
Checking Rule ReportCheckDataSummary (Rule 71 of total 290) .... done (Time = 0.00s, Memory = 0.0K)

INFO [38]    Design option 'ignoredu/ignorefile' specified.
             Please refer 'InfoAnalyzeBBox' or ReportIgnoreSummary' rule message for more details.

 Reading waiver file "./spyglass-1/core/lint/lint_rtl/spyglass_spysch/constraint/spg_autogenerated_waivers.sgdc" ...
 Generating SGDC file "./spyglass-1/core/lint/lint_rtl/spyglass_spysch/constraint/pragma2Constraint.sgdc" from pragmas in HDL source files ....
 Generating WAIVER file "./spyglass-1/core/lint/lint_rtl/spyglass_spysch/waiver/pragma2Waiver.swl" from pragmas in HDL source files ....
Checking Rule DetectTopDesignUnits (Rule 72 of total 290)
 Detected 1 top level design units:
     core
 .... done (Time = 0.00s, Memory = 0.0K)
Performing semantic checks on SGDC contents
Checking Rule SGDC_testmode03 (Rule 73 of total 290) .... done (Time = 0.00s, Memory = 0.0K)
Checking Rule PECHECK09 (Rule 74 of total 290) .... done (Time = 0.02s, Memory = 0.0K)
Checking Rule Ac_multitop01 (Rule 75 of total 290) .... done (Time = 0.00s, Memory = 0.0K)
Checking Rule ReportObsoletePragmas (Rule 76 of total 290) .... done (Time = 0.00s, Memory = 0.0K)
Checking Rule ReportCksum (Rule 77 of total 290) .... done (Time = 0.00s, Memory = 2568.0K)
Checking Rule checkSGDC_01 (Rule 78 of total 290) .... done (Time = 0.00s, Memory = 0.0K)
Checking Rule checkSGDC_03 (Rule 79 of total 290) .... done (Time = 0.00s, Memory = 0.0K)
Checking Rule checkSGDC_08 (Rule 80 of total 290) .... done (Time = 0.00s, Memory = 0.0K)
Checking Rule GenerateConfMap (Rule 81 of total 290) .... done (Time = 0.00s, Memory = 0.0K)
Checking Rule SGDC_memorywritepin04 (Rule 82 of total 290) .... done (Time = 0.00s, Memory = -2568.0K)
Checking Rule SGDC_reset02 (Rule 83 of total 290) .... done (Time = 0.00s, Memory = 0.0K)
Checking Rule SGDC_reset03 (Rule 84 of total 290) .... done (Time = 0.00s, Memory = 8.0K)
Checking Rule SGDC_libgroup03 (Rule 85 of total 290) .... done (Time = 0.00s, Memory = 0.0K)
Checking Rule SGDC_ungroup02 (Rule 86 of total 290) .... done (Time = 0.00s, Memory = 0.0K)
Checking Rule HdlLibDuCheck (Rule 87 of total 290) .... done (Time = 0.00s, Memory = 32.0K)
Checking Rule RtlDesignInfo (Rule 88 of total 290) .... done (Time = 0.00s, Memory = 2544.0K)
Checking Rule W339a (Rule 89 of total 290) .... done (Time = 0.00s, Memory = 0.0K)
Checking Rule W416 (Rule 90 of total 290) .... done (Time = 0.00s, Memory = 0.0K)
Checking Rule mixedsenselist (Rule 91 of total 290) .... done (Time = 0.00s, Memory = 0.0K)
Checking Rule W110a (Rule 92 of total 290) .... done (Time = 0.00s, Memory = 0.0K)
Checking Rule Pragma_setupa (Rule 93 of total 290) .... done (Time = 0.00s, Memory = 0.0K)
Checking Rule _deltaDelay (Rule 94 of total 290) .... done (Time = 0.00s, Memory = 0.0K)
Checking Rule _deltaDelay (Rule 95 of total 290) .... done (Time = 0.00s, Memory = 0.0K)
Checking Rule preReq_ConsCase (Rule 96 of total 290) .... done (Time = 0.00s, Memory = 0.0K)
Checking Rule CheckCelldefine (Rule 97 of total 290) .... done (Time = 0.00s, Memory = 0.0K)
Checking Rule SGDC_waive23 (Rule 98 of total 290) .... done (Time = 0.00s, Memory = 0.0K)
Checking Rule SGDC_waive26 (Rule 99 of total 290) .... done (Time = 0.00s, Memory = 0.0K)
Checking Rule SGDC_waive27 (Rule 100 of total 290) .... done (Time = 0.00s, Memory = 0.0K)
Checking Rule SGDC_waive29 (Rule 101 of total 290) .... done (Time = 0.00s, Memory = 0.0K)
Checking Rule STARC05-2.3.1.5b (Rule 102 of total 290) .... done (Time = 0.00s, Memory = 8.0K)
Checking Rule STARC05-2.3.3.1 (Rule 103 of total 290) .... done (Time = 0.00s, Memory = 8.0K)
Checking Rule STARC05-2.3.3.1 (Rule 104 of total 290) .... done (Time = 0.00s, Memory = 0.0K)
Checking Rule STARC05-2.11.3.1 (Rule 105 of total 290) .... done (Time = 0.00s, Memory = 0.0K)
Checking Rule Prereqs_STARC05-1.6.2.1 (Rule 106 of total 290) .... done (Time = 0.00s, Memory = 0.0K)
Checking Rule Prereqs_STARC-1.6.2.1 (Rule 107 of total 290) .... done (Time = 0.00s, Memory = 0.0K)
Checking Rule W317 (Rule 108 of total 290) .... done (Time = 0.00s, Memory = 0.0K)
Checking Rule W422 (Rule 109 of total 290) .... done (Time = 0.00s, Memory = -2568.0K)
Checking Rule W426 (Rule 110 of total 290) .... done (Time = 0.00s, Memory = 0.0K)
Checking Rule W480 (Rule 111 of total 290) .... done (Time = 0.00s, Memory = 0.0K)
Checking Rule W481a (Rule 112 of total 290) .... done (Time = 0.00s, Memory = 0.0K)
Checking Rule W481b (Rule 113 of total 290) .... done (Time = 0.00s, Memory = 0.0K)
Checking Rule W422 (Rule 114 of total 290) .... done (Time = 0.00s, Memory = 0.0K)
Checking Rule W292 (Rule 115 of total 290) .... done (Time = 0.00s, Memory = 0.0K)
Checking Rule W71 (Rule 116 of total 290) .... done (Time = 0.00s, Memory = 0.0K)
Checking Rule W287b (Rule 117 of total 290) .... done (Time = 0.01s, Memory = 896.0K)
Checking Rule W293 (Rule 118 of total 290) .... done (Time = 0.00s, Memory = 0.0K)
Checking Rule W398 (Rule 119 of total 290) .... done (Time = 0.00s, Memory = 0.0K)
Checking Rule W421 (Rule 120 of total 290) .... done (Time = 0.00s, Memory = 8.0K)
Checking Rule W424 (Rule 121 of total 290) .... done (Time = 0.00s, Memory = 0.0K)
Checking Rule W467 (Rule 122 of total 290) .... done (Time = 0.00s, Memory = 0.0K)
Checking Rule Prereqs_RegInputOutputs (Rule 123 of total 290) .... done (Time = 0.00s, Memory = 0.0K)
Checking Rule PragmaComments-ML (Rule 124 of total 290) .... done (Time = 0.00s, Memory = 32.0K)
Checking Rule PragmaComments-ML (Rule 125 of total 290) .... done (Time = 0.00s, Memory = 0.0K)
Checking Rule CheckDelayTimescale-ML (Rule 126 of total 290) .... done (Time = 0.00s, Memory = 2536.0K)
Checking Rule Prereqs_CheckTimeUnitandPrecision-ML (Rule 127 of total 290) .... done (Time = 0.00s, Memory = 0.0K)
Checking ELABDU Rules for designUnit core
    Checking Rule Ac_classify_param01 (Rule 128 of total 290) .... done (Time = 0.00s, Memory = 0.0K)
    Checking Rule AcOvlRtl (Rule 129 of total 290) .... done (Time = 0.00s, Memory = 0.0K)
    Checking Rule AcOvlRtl (Rule 130 of total 290) .... done (Time = 0.00s, Memory = 32.0K)
    Checking Rule GenTopLevelBlocksForAutoSoc (Rule 131 of total 290) .... done (Time = 0.00s, Memory = 0.0K)
    Checking Rule Prereqs_InferLatch (Rule 132 of total 290) .... done (Time = 0.00s, Memory = 0.0K)
    Checking Rule STARC05-2.1.4.5 (Rule 133 of total 290) .... done (Time = 0.00s, Memory = 8.0K)
    Checking Rule STARC05-2.1.5.3 (Rule 134 of total 290) .... done (Time = 0.00s, Memory = 0.0K)
    Checking Rule STARC05-2.2.3.3 (Rule 135 of total 290) .... done (Time = 0.00s, Memory = 0.0K)
    Checking Rule STARC05-2.3.1.6 (Rule 136 of total 290) .... done (Time = 0.00s, Memory = 0.0K)
    Checking Rule STARC05-2.10.2.3 (Rule 137 of total 290) .... done (Time = 0.00s, Memory = 0.0K)
    Checking Rule STARC05-2.10.3.2a (Rule 138 of total 290) .... done (Time = 0.00s, Memory = 0.0K)
    Checking Rule STARC05-2.11.3.1 (Rule 139 of total 290) .... done (Time = 0.01s, Memory = 24.0K)
    Checking Rule STARC05-2.1.3.1 (Rule 140 of total 290) .... done (Time = 0.00s, Memory = 0.0K)
    Checking Rule STARC05-2.10.1.4a (Rule 141 of total 290) .... done (Time = 0.00s, Memory = 0.0K)
    Checking Rule STARC05-2.10.1.4b (Rule 142 of total 290) .... done (Time = 0.00s, Memory = 0.0K)
    Checking Rule sim_race02 (Rule 143 of total 290) .... done (Time = 0.01s, Memory = -2536.0K)
    Checking Rule W110 (Rule 144 of total 290) .... done (Time = 0.00s, Memory = 0.0K)
    Checking Rule W122 (Rule 145 of total 290) .... done (Time = 0.00s, Memory = 0.0K)
    Checking Rule W496a (Rule 146 of total 290) .... done (Time = 0.00s, Memory = 0.0K)
    Checking Rule W496b (Rule 147 of total 290) .... done (Time = 0.00s, Memory = 0.0K)
    Checking Rule W19 (Rule 148 of total 290) .... done (Time = 0.00s, Memory = 0.0K)
    Checking Rule W66 (Rule 149 of total 290) .... done (Time = 0.00s, Memory = 0.0K)
    Checking Rule W116 (Rule 150 of total 290) .... done (Time = 0.00s, Memory = 0.0K)
    Checking Rule W123 (Rule 151 of total 290) .... done (Time = 0.01s, Memory = 24.0K)
    Checking Rule W156 (Rule 152 of total 290) .... done (Time = 0.00s, Memory = 16.0K)
    Checking Rule W215 (Rule 153 of total 290) .... done (Time = 0.00s, Memory = -8.0K)
    Checking Rule W216 (Rule 154 of total 290) .... done (Time = 0.00s, Memory = 0.0K)
    Checking Rule W218 (Rule 155 of total 290) .... done (Time = 0.00s, Memory = 2544.0K)
    Checking Rule W224 (Rule 156 of total 290) .... done (Time = 0.00s, Memory = 0.0K)
    Checking Rule W263 (Rule 157 of total 290) .... done (Time = 0.00s, Memory = 0.0K)
    Checking Rule W289 (Rule 158 of total 290) .... done (Time = 0.00s, Memory = 0.0K)
    Checking Rule W337 (Rule 159 of total 290) .... done (Time = 0.00s, Memory = 0.0K)
    Checking Rule W416 (Rule 160 of total 290) .... done (Time = 0.00s, Memory = 0.0K)
    Checking Rule W352 (Rule 161 of total 290) .... done (Time = 0.00s, Memory = 0.0K)
    Checking Rule W362 (Rule 162 of total 290) .... done (Time = 0.00s, Memory = 0.0K)
    Checking Rule W415a (Rule 163 of total 290) .... done (Time = 0.00s, Memory = 0.0K)
    Checking Rule W486 (Rule 164 of total 290) .... done (Time = 0.00s, Memory = 0.0K)
    Checking Rule W499 (Rule 165 of total 290) .... done (Time = 0.00s, Memory = 8.0K)
    Checking Rule W502 (Rule 166 of total 290) .... done (Time = 0.00s, Memory = 8.0K)
    Checking Rule W116 (Rule 167 of total 290) .... done (Time = 0.00s, Memory = 0.0K)
    Checking Rule W122 (Rule 168 of total 290) .... done (Time = 0.00s, Memory = 0.0K)
    Checking Rule W123 (Rule 169 of total 290) .... done (Time = 0.00s, Memory = 0.0K)
    Checking Rule W156 (Rule 170 of total 290) .... done (Time = 0.00s, Memory = 0.0K)
    Checking Rule W71 (Rule 171 of total 290) .... done (Time = 0.01s, Memory = 0.0K)
    Checking Rule W240 (Rule 172 of total 290) .... done (Time = 0.00s, Memory = 0.0K)
    Checking Rule W240 (Rule 173 of total 290) .... done (Time = 0.00s, Memory = 0.0K)
    Checking Rule W287a (Rule 174 of total 290) .... done (Time = 0.00s, Memory = 8.0K)
    Checking Rule W293 (Rule 175 of total 290) .... done (Time = 0.00s, Memory = 0.0K)
    Checking Rule W398 (Rule 176 of total 290) .... done (Time = 0.00s, Memory = 0.0K)
    Checking Rule W424 (Rule 177 of total 290) .... done (Time = 0.00s, Memory = 0.0K)
    Checking Rule W467 (Rule 178 of total 290) .... done (Time = 0.00s, Memory = 0.0K)
    Checking Rule W505 (Rule 179 of total 290) .... done (Time = 0.00s, Memory = 0.0K)
    Checking Rule W505 (Rule 180 of total 290) .... done (Time = 0.00s, Memory = 0.0K)
    Checking Rule W528 (Rule 181 of total 290) .... done (Time = 0.00s, Memory = 0.0K)
    Checking Rule W528 (Rule 182 of total 290) .... done (Time = 0.00s, Memory = 592.0K)
    Checking Rule Prereqs_Usage (Rule 183 of total 290) .... done (Time = 0.00s, Memory = -16.0K)
    Checking Rule Prereqs_ConstantInput-ML (Rule 184 of total 290) .... done (Time = 0.00s, Memory = 32.0K)
    Checking Rule ReportPortInfo-ML (Rule 185 of total 290) .... done (Time = 0.00s, Memory = 0.0K)
    Checking Rule Prereqs_ReportPortInfo-ML (Rule 186 of total 290) .... done (Time = 0.00s, Memory = 0.0K)
    Checking Rule Prereqs_ReportPortInfo-ML (Rule 187 of total 290) .... done (Time = 0.00s, Memory = 0.0K)
    Checking Rule NoAssignX-ML (Rule 188 of total 290) .... done (Time = 0.00s, Memory = 0.0K)
    Checking Rule ParamWidthMismatch-ML (Rule 189 of total 290) .... done (Time = 0.00s, Memory = 8.0K)
    Checking Rule Postreqs_Usage_ML (Rule 190 of total 290) .... done (Time = 0.00s, Memory = 0.0K)
    Checking Rule NoXInCase-ML (Rule 191 of total 290) .... done (Time = 0.00s, Memory = 0.0K)
Checking ELABDU Rules for designUnit conv
    Checking Rule Ac_classify_param01 (Rule 128 of total 290) .... done (Time = 0.00s, Memory = -24.0K)
    Checking Rule AcOvlRtl (Rule 129 of total 290) .... done (Time = 0.00s, Memory = 8.0K)
    Checking Rule AcOvlRtl (Rule 130 of total 290) .... done (Time = 0.00s, Memory = 32.0K)
    Checking Rule GenTopLevelBlocksForAutoSoc (Rule 131 of total 290) .... done (Time = 0.00s, Memory = 0.0K)
    Checking Rule Prereqs_InferLatch (Rule 132 of total 290) .... done (Time = 0.00s, Memory = 0.0K)
    Checking Rule STARC05-2.1.4.5 (Rule 133 of total 290) .... done (Time = 0.00s, Memory = 0.0K)
    Checking Rule STARC05-2.1.5.3 (Rule 134 of total 290) .... done (Time = 0.00s, Memory = 8.0K)
    Checking Rule STARC05-2.2.3.3 (Rule 135 of total 290) .... done (Time = 0.00s, Memory = 0.0K)
    Checking Rule STARC05-2.3.1.6 (Rule 136 of total 290) .... done (Time = 0.00s, Memory = 0.0K)
    Checking Rule STARC05-2.10.2.3 (Rule 137 of total 290) .... done (Time = 0.00s, Memory = -24.0K)
    Checking Rule STARC05-2.10.3.2a (Rule 138 of total 290) .... done (Time = 0.00s, Memory = -8.0K)
    Checking Rule STARC05-2.11.3.1 (Rule 139 of total 290) .... done (Time = 0.00s, Memory = 0.0K)
    Checking Rule STARC05-2.1.3.1 (Rule 140 of total 290) .... done (Time = 0.00s, Memory = 0.0K)
    Checking Rule STARC05-2.10.1.4a (Rule 141 of total 290) .... done (Time = 0.00s, Memory = 0.0K)
    Checking Rule STARC05-2.10.1.4b (Rule 142 of total 290) .... done (Time = 0.00s, Memory = 0.0K)
    Checking Rule sim_race02 (Rule 143 of total 290) .... done (Time = 0.00s, Memory = 0.0K)
    Checking Rule W110 (Rule 144 of total 290) .... done (Time = 0.00s, Memory = 0.0K)
    Checking Rule W122 (Rule 145 of total 290) .... done (Time = 0.00s, Memory = 0.0K)
    Checking Rule W496a (Rule 146 of total 290) .... done (Time = 0.00s, Memory = 0.0K)
    Checking Rule W496b (Rule 147 of total 290) .... done (Time = 0.00s, Memory = 0.0K)
    Checking Rule W19 (Rule 148 of total 290) .... done (Time = 0.00s, Memory = 0.0K)
    Checking Rule W66 (Rule 149 of total 290) .... done (Time = 0.00s, Memory = 0.0K)
    Checking Rule W116 (Rule 150 of total 290) .... done (Time = 0.00s, Memory = 0.0K)
    Checking Rule W123 (Rule 151 of total 290) .... done (Time = 0.00s, Memory = 16.0K)
    Checking Rule W156 (Rule 152 of total 290) .... done (Time = 0.00s, Memory = 0.0K)
    Checking Rule W215 (Rule 153 of total 290) .... done (Time = 0.00s, Memory = 0.0K)
    Checking Rule W216 (Rule 154 of total 290) .... done (Time = 0.00s, Memory = 32.0K)
    Checking Rule W218 (Rule 155 of total 290) .... done (Time = 0.00s, Memory = 0.0K)
    Checking Rule W224 (Rule 156 of total 290) .... done (Time = 0.00s, Memory = 8.0K)
    Checking Rule W263 (Rule 157 of total 290) .... done (Time = 0.00s, Memory = 0.0K)
    Checking Rule W289 (Rule 158 of total 290) .... done (Time = 0.00s, Memory = 2536.0K)
    Checking Rule W337 (Rule 159 of total 290) .... done (Time = 0.00s, Memory = 0.0K)
    Checking Rule W416 (Rule 160 of total 290) .... done (Time = 0.00s, Memory = 0.0K)
    Checking Rule W352 (Rule 161 of total 290) .... done (Time = 0.00s, Memory = 0.0K)
    Checking Rule W362 (Rule 162 of total 290) .... done (Time = 0.00s, Memory = 0.0K)
    Checking Rule W415a (Rule 163 of total 290) .... done (Time = 0.01s, Memory = 0.0K)
    Checking Rule W486 (Rule 164 of total 290) .... done (Time = 0.00s, Memory = 0.0K)
    Checking Rule W499 (Rule 165 of total 290) .... done (Time = 0.00s, Memory = 0.0K)
    Checking Rule W502 (Rule 166 of total 290) .... done (Time = 0.00s, Memory = 0.0K)
    Checking Rule W116 (Rule 167 of total 290) .... done (Time = 0.00s, Memory = 0.0K)
    Checking Rule W122 (Rule 168 of total 290) .... done (Time = 0.00s, Memory = 0.0K)
    Checking Rule W123 (Rule 169 of total 290) .... done (Time = 0.00s, Memory = 0.0K)
    Checking Rule W156 (Rule 170 of total 290) .... done (Time = 0.00s, Memory = 0.0K)
    Checking Rule W71 (Rule 171 of total 290) .... done (Time = 0.00s, Memory = 0.0K)
    Checking Rule W240 (Rule 172 of total 290) .... done (Time = 0.00s, Memory = 0.0K)
    Checking Rule W240 (Rule 173 of total 290) .... done (Time = 0.00s, Memory = 0.0K)
    Checking Rule W287a (Rule 174 of total 290) .... done (Time = 0.00s, Memory = 0.0K)
    Checking Rule W293 (Rule 175 of total 290) .... done (Time = 0.00s, Memory = 0.0K)
    Checking Rule W398 (Rule 176 of total 290) .... done (Time = 0.00s, Memory = 0.0K)
    Checking Rule W424 (Rule 177 of total 290) .... done (Time = 0.00s, Memory = 0.0K)
    Checking Rule W467 (Rule 178 of total 290) .... done (Time = 0.00s, Memory = 0.0K)
    Checking Rule W505 (Rule 179 of total 290) .... done (Time = 0.00s, Memory = 0.0K)
    Checking Rule W505 (Rule 180 of total 290) .... done (Time = 0.00s, Memory = 0.0K)
    Checking Rule W528 (Rule 181 of total 290) .... done (Time = 0.00s, Memory = 0.0K)
    Checking Rule W528 (Rule 182 of total 290) .... done (Time = 0.00s, Memory = 592.0K)
    Checking Rule Prereqs_Usage (Rule 183 of total 290) .... done (Time = 0.00s, Memory = -16.0K)
    Checking Rule Prereqs_ConstantInput-ML (Rule 184 of total 290) .... done (Time = 0.00s, Memory = 32.0K)
    Checking Rule ReportPortInfo-ML (Rule 185 of total 290) .... done (Time = 0.00s, Memory = 0.0K)
    Checking Rule Prereqs_ReportPortInfo-ML (Rule 186 of total 290) .... done (Time = 0.00s, Memory = 0.0K)
    Checking Rule Prereqs_ReportPortInfo-ML (Rule 187 of total 290) .... done (Time = 0.00s, Memory = 8.0K)
    Checking Rule NoAssignX-ML (Rule 188 of total 290) .... done (Time = 0.00s, Memory = 0.0K)
    Checking Rule ParamWidthMismatch-ML (Rule 189 of total 290) .... done (Time = 0.00s, Memory = 0.0K)
    Checking Rule Postreqs_Usage_ML (Rule 190 of total 290) .... done (Time = 0.00s, Memory = 0.0K)
    Checking Rule NoXInCase-ML (Rule 191 of total 290) .... done (Time = 0.00s, Memory = 0.0K)
Checking ELABDU Rules for designUnit median
    Checking Rule Ac_classify_param01 (Rule 128 of total 290) .... done (Time = 0.00s, Memory = 0.0K)
    Checking Rule AcOvlRtl (Rule 129 of total 290) .... done (Time = 0.00s, Memory = 0.0K)
    Checking Rule AcOvlRtl (Rule 130 of total 290) .... done (Time = 0.00s, Memory = 32.0K)
    Checking Rule GenTopLevelBlocksForAutoSoc (Rule 131 of total 290) .... done (Time = 0.00s, Memory = 0.0K)
    Checking Rule Prereqs_InferLatch (Rule 132 of total 290) .... done (Time = 0.00s, Memory = 0.0K)
    Checking Rule STARC05-2.1.4.5 (Rule 133 of total 290) .... done (Time = 0.00s, Memory = 0.0K)
    Checking Rule STARC05-2.1.5.3 (Rule 134 of total 290) .... done (Time = 0.00s, Memory = 0.0K)
    Checking Rule STARC05-2.2.3.3 (Rule 135 of total 290) .... done (Time = 0.00s, Memory = 0.0K)
    Checking Rule STARC05-2.3.1.6 (Rule 136 of total 290) .... done (Time = 0.00s, Memory = 0.0K)
    Checking Rule STARC05-2.10.2.3 (Rule 137 of total 290) .... done (Time = 0.00s, Memory = 0.0K)
    Checking Rule STARC05-2.10.3.2a (Rule 138 of total 290) .... done (Time = 0.01s, Memory = 0.0K)
    Checking Rule STARC05-2.11.3.1 (Rule 139 of total 290) .... done (Time = 0.00s, Memory = 0.0K)
    Checking Rule STARC05-2.1.3.1 (Rule 140 of total 290) .... done (Time = 0.00s, Memory = 0.0K)
    Checking Rule STARC05-2.10.1.4a (Rule 141 of total 290) .... done (Time = 0.00s, Memory = 0.0K)
    Checking Rule STARC05-2.10.1.4b (Rule 142 of total 290) .... done (Time = 0.00s, Memory = 0.0K)
    Checking Rule sim_race02 (Rule 143 of total 290) .... done (Time = 0.00s, Memory = 0.0K)
    Checking Rule W110 (Rule 144 of total 290) .... done (Time = 0.00s, Memory = 0.0K)
    Checking Rule W122 (Rule 145 of total 290) .... done (Time = 0.00s, Memory = 0.0K)
    Checking Rule W496a (Rule 146 of total 290) .... done (Time = 0.00s, Memory = 0.0K)
    Checking Rule W496b (Rule 147 of total 290) .... done (Time = 0.00s, Memory = 0.0K)
    Checking Rule W19 (Rule 148 of total 290) .... done (Time = 0.00s, Memory = 0.0K)
    Checking Rule W66 (Rule 149 of total 290) .... done (Time = 0.00s, Memory = 0.0K)
    Checking Rule W116 (Rule 150 of total 290) .... done (Time = 0.00s, Memory = 0.0K)
    Checking Rule W123 (Rule 151 of total 290) .... done (Time = 0.00s, Memory = 16.0K)
    Checking Rule W156 (Rule 152 of total 290) .... done (Time = 0.00s, Memory = 0.0K)
    Checking Rule W215 (Rule 153 of total 290) .... done (Time = 0.00s, Memory = 0.0K)
    Checking Rule W216 (Rule 154 of total 290) .... done (Time = 0.00s, Memory = 0.0K)
    Checking Rule W218 (Rule 155 of total 290) .... done (Time = 0.00s, Memory = 0.0K)
    Checking Rule W224 (Rule 156 of total 290) .... done (Time = 0.00s, Memory = 0.0K)
    Checking Rule W263 (Rule 157 of total 290) .... done (Time = 0.00s, Memory = 0.0K)
    Checking Rule W289 (Rule 158 of total 290) .... done (Time = 0.00s, Memory = 0.0K)
    Checking Rule W337 (Rule 159 of total 290) .... done (Time = 0.00s, Memory = 0.0K)
    Checking Rule W416 (Rule 160 of total 290) .... done (Time = 0.00s, Memory = 0.0K)
    Checking Rule W352 (Rule 161 of total 290) .... done (Time = 0.00s, Memory = -2568.0K)
    Checking Rule W362 (Rule 162 of total 290) .... done (Time = 0.01s, Memory = 16.0K)
    Checking Rule W415a (Rule 163 of total 290) .... done (Time = 0.00s, Memory = 24.0K)
    Checking Rule W486 (Rule 164 of total 290) .... done (Time = 0.00s, Memory = -8.0K)
    Checking Rule W499 (Rule 165 of total 290) .... done (Time = 0.00s, Memory = 0.0K)
    Checking Rule W502 (Rule 166 of total 290) .... done (Time = 0.01s, Memory = -32.0K)
    Checking Rule W116 (Rule 167 of total 290) .... done (Time = 0.00s, Memory = 0.0K)
    Checking Rule W122 (Rule 168 of total 290) .... done (Time = 0.00s, Memory = 0.0K)
    Checking Rule W123 (Rule 169 of total 290) .... done (Time = 0.00s, Memory = 0.0K)
    Checking Rule W156 (Rule 170 of total 290) .... done (Time = 0.00s, Memory = 0.0K)
    Checking Rule W71 (Rule 171 of total 290) .... done (Time = 0.00s, Memory = 0.0K)
    Checking Rule W240 (Rule 172 of total 290) .... done (Time = 0.00s, Memory = 0.0K)
    Checking Rule W240 (Rule 173 of total 290) .... done (Time = 0.00s, Memory = 0.0K)
    Checking Rule W287a (Rule 174 of total 290) .... done (Time = 0.00s, Memory = 0.0K)
    Checking Rule W293 (Rule 175 of total 290) .... done (Time = 0.00s, Memory = 0.0K)
    Checking Rule W398 (Rule 176 of total 290) .... done (Time = 0.01s, Memory = 0.0K)
    Checking Rule W424 (Rule 177 of total 290) .... done (Time = 0.00s, Memory = 0.0K)
    Checking Rule W467 (Rule 178 of total 290) .... done (Time = 0.00s, Memory = 64.0K)
    Checking Rule W505 (Rule 179 of total 290) .... done (Time = 0.00s, Memory = 0.0K)
    Checking Rule W505 (Rule 180 of total 290) .... done (Time = 0.00s, Memory = 0.0K)
    Checking Rule W528 (Rule 181 of total 290) .... done (Time = 0.00s, Memory = 0.0K)
    Checking Rule W528 (Rule 182 of total 290) .... done (Time = 0.00s, Memory = 592.0K)
    Checking Rule Prereqs_Usage (Rule 183 of total 290) .... done (Time = 0.00s, Memory = -8.0K)
    Checking Rule Prereqs_ConstantInput-ML (Rule 184 of total 290) .... done (Time = 0.00s, Memory = 32.0K)
    Checking Rule ReportPortInfo-ML (Rule 185 of total 290) .... done (Time = 0.00s, Memory = 0.0K)
    Checking Rule Prereqs_ReportPortInfo-ML (Rule 186 of total 290) .... done (Time = 0.00s, Memory = 0.0K)
    Checking Rule Prereqs_ReportPortInfo-ML (Rule 187 of total 290) .... done (Time = 0.00s, Memory = 0.0K)
    Checking Rule NoAssignX-ML (Rule 188 of total 290) .... done (Time = 0.00s, Memory = 0.0K)
    Checking Rule ParamWidthMismatch-ML (Rule 189 of total 290) .... done (Time = 0.00s, Memory = 0.0K)
    Checking Rule Postreqs_Usage_ML (Rule 190 of total 290) .... done (Time = 0.00s, Memory = 0.0K)
    Checking Rule NoXInCase-ML (Rule 191 of total 290) .... done (Time = 0.00s, Memory = 0.0K)
Checking ELABDU Rules for designUnit median_filter_submodule
    Checking Rule Ac_classify_param01 (Rule 128 of total 290) .... done (Time = 0.00s, Memory = 0.0K)
    Checking Rule AcOvlRtl (Rule 129 of total 290) .... done (Time = 0.00s, Memory = 0.0K)
    Checking Rule AcOvlRtl (Rule 130 of total 290) .... done (Time = 0.00s, Memory = 32.0K)
    Checking Rule GenTopLevelBlocksForAutoSoc (Rule 131 of total 290) .... done (Time = 0.00s, Memory = 0.0K)
    Checking Rule Prereqs_InferLatch (Rule 132 of total 290) .... done (Time = 0.00s, Memory = 0.0K)
    Checking Rule STARC05-2.1.4.5 (Rule 133 of total 290) .... done (Time = 0.00s, Memory = 0.0K)
    Checking Rule STARC05-2.1.5.3 (Rule 134 of total 290) .... done (Time = 0.00s, Memory = 0.0K)
    Checking Rule STARC05-2.2.3.3 (Rule 135 of total 290) .... done (Time = 0.00s, Memory = 0.0K)
    Checking Rule STARC05-2.3.1.6 (Rule 136 of total 290) .... done (Time = 0.00s, Memory = 0.0K)
    Checking Rule STARC05-2.10.2.3 (Rule 137 of total 290) .... done (Time = 0.00s, Memory = 24.0K)
    Checking Rule STARC05-2.10.3.2a (Rule 138 of total 290) .... done (Time = 0.00s, Memory = 0.0K)
    Checking Rule STARC05-2.11.3.1 (Rule 139 of total 290) .... done (Time = 0.00s, Memory = 2536.0K)
    Checking Rule STARC05-2.1.3.1 (Rule 140 of total 290) .... done (Time = 0.00s, Memory = 0.0K)
    Checking Rule STARC05-2.10.1.4a (Rule 141 of total 290) .... done (Time = 0.00s, Memory = 0.0K)
    Checking Rule STARC05-2.10.1.4b (Rule 142 of total 290) .... done (Time = 0.00s, Memory = 0.0K)
    Checking Rule sim_race02 (Rule 143 of total 290) .... done (Time = 0.00s, Memory = 0.0K)
    Checking Rule W110 (Rule 144 of total 290) .... done (Time = 0.00s, Memory = 0.0K)
    Checking Rule W122 (Rule 145 of total 290) .... done (Time = 0.00s, Memory = 0.0K)
    Checking Rule W496a (Rule 146 of total 290) .... done (Time = 0.00s, Memory = 0.0K)
    Checking Rule W496b (Rule 147 of total 290) .... done (Time = 0.00s, Memory = 0.0K)
    Checking Rule W19 (Rule 148 of total 290) .... done (Time = 0.00s, Memory = 8.0K)
    Checking Rule W66 (Rule 149 of total 290) .... done (Time = 0.00s, Memory = 0.0K)
    Checking Rule W116 (Rule 150 of total 290) .... done (Time = 0.00s, Memory = 0.0K)
    Checking Rule W123 (Rule 151 of total 290) .... done (Time = 0.01s, Memory = 24.0K)
    Checking Rule W156 (Rule 152 of total 290) .... done (Time = 0.00s, Memory = 0.0K)
    Checking Rule W215 (Rule 153 of total 290) .... done (Time = 0.00s, Memory = 0.0K)
    Checking Rule W216 (Rule 154 of total 290) .... done (Time = 0.00s, Memory = 0.0K)
    Checking Rule W218 (Rule 155 of total 290) .... done (Time = 0.00s, Memory = 0.0K)
    Checking Rule W224 (Rule 156 of total 290) .... done (Time = 0.00s, Memory = 0.0K)
    Checking Rule W263 (Rule 157 of total 290) .... done (Time = 0.00s, Memory = 0.0K)
    Checking Rule W289 (Rule 158 of total 290) .... done (Time = 0.00s, Memory = 0.0K)
    Checking Rule W337 (Rule 159 of total 290) .... done (Time = 0.00s, Memory = 0.0K)
    Checking Rule W416 (Rule 160 of total 290) .... done (Time = 0.00s, Memory = 0.0K)
    Checking Rule W352 (Rule 161 of total 290) .... done (Time = 0.00s, Memory = 0.0K)
    Checking Rule W362 (Rule 162 of total 290) .... done (Time = 0.00s, Memory = 0.0K)
    Checking Rule W415a (Rule 163 of total 290) .... done (Time = 0.00s, Memory = 0.0K)
    Checking Rule W486 (Rule 164 of total 290) .... done (Time = 0.00s, Memory = 0.0K)
    Checking Rule W499 (Rule 165 of total 290) .... done (Time = 0.00s, Memory = 0.0K)
    Checking Rule W502 (Rule 166 of total 290) .... done (Time = 0.00s, Memory = 0.0K)
    Checking Rule W116 (Rule 167 of total 290) .... done (Time = 0.00s, Memory = 0.0K)
    Checking Rule W122 (Rule 168 of total 290) .... done (Time = 0.00s, Memory = 0.0K)
    Checking Rule W123 (Rule 169 of total 290) .... done (Time = 0.00s, Memory = 0.0K)
    Checking Rule W156 (Rule 170 of total 290) .... done (Time = 0.00s, Memory = 0.0K)
    Checking Rule W71 (Rule 171 of total 290) .... done (Time = 0.00s, Memory = 0.0K)
    Checking Rule W240 (Rule 172 of total 290) .... done (Time = 0.00s, Memory = 8.0K)
    Checking Rule W240 (Rule 173 of total 290) .... done (Time = 0.00s, Memory = 0.0K)
    Checking Rule W287a (Rule 174 of total 290) .... done (Time = 0.00s, Memory = 0.0K)
    Checking Rule W293 (Rule 175 of total 290) .... done (Time = 0.00s, Memory = 0.0K)
    Checking Rule W398 (Rule 176 of total 290) .... done (Time = 0.00s, Memory = 0.0K)
    Checking Rule W424 (Rule 177 of total 290) .... done (Time = 0.00s, Memory = 0.0K)
    Checking Rule W467 (Rule 178 of total 290) .... done (Time = 0.00s, Memory = 0.0K)
    Checking Rule W505 (Rule 179 of total 290) .... done (Time = 0.00s, Memory = 0.0K)
    Checking Rule W505 (Rule 180 of total 290) .... done (Time = 0.00s, Memory = 0.0K)
    Checking Rule W528 (Rule 181 of total 290) .... done (Time = 0.00s, Memory = 0.0K)
    Checking Rule W528 (Rule 182 of total 290) .... done (Time = 0.00s, Memory = 592.0K)
    Checking Rule Prereqs_Usage (Rule 183 of total 290) .... done (Time = 0.00s, Memory = -24.0K)
    Checking Rule Prereqs_ConstantInput-ML (Rule 184 of total 290) .... done (Time = 0.00s, Memory = 32.0K)
    Checking Rule ReportPortInfo-ML (Rule 185 of total 290) .... done (Time = 0.00s, Memory = 0.0K)
    Checking Rule Prereqs_ReportPortInfo-ML (Rule 186 of total 290) .... done (Time = 0.00s, Memory = 0.0K)
    Checking Rule Prereqs_ReportPortInfo-ML (Rule 187 of total 290) .... done (Time = 0.00s, Memory = 0.0K)
    Checking Rule NoAssignX-ML (Rule 188 of total 290) .... done (Time = 0.00s, Memory = 0.0K)
    Checking Rule ParamWidthMismatch-ML (Rule 189 of total 290) .... done (Time = 0.00s, Memory = 0.0K)
    Checking Rule Postreqs_Usage_ML (Rule 190 of total 290) .... done (Time = 0.00s, Memory = 0.0K)
    Checking Rule NoXInCase-ML (Rule 191 of total 290) .... done (Time = 0.00s, Memory = 0.0K)
Checking ELABDU Rules for designUnit sobel_gradient
    Checking Rule Ac_classify_param01 (Rule 128 of total 290) .... done (Time = 0.00s, Memory = 0.0K)
    Checking Rule AcOvlRtl (Rule 129 of total 290) .... done (Time = 0.00s, Memory = 0.0K)
    Checking Rule AcOvlRtl (Rule 130 of total 290) .... done (Time = 0.00s, Memory = 32.0K)
    Checking Rule GenTopLevelBlocksForAutoSoc (Rule 131 of total 290) .... done (Time = 0.00s, Memory = 0.0K)
    Checking Rule Prereqs_InferLatch (Rule 132 of total 290) .... done (Time = 0.00s, Memory = 0.0K)
    Checking Rule STARC05-2.1.4.5 (Rule 133 of total 290) .... done (Time = 0.00s, Memory = 0.0K)
    Checking Rule STARC05-2.1.5.3 (Rule 134 of total 290) .... done (Time = 0.00s, Memory = 0.0K)
    Checking Rule STARC05-2.2.3.3 (Rule 135 of total 290) .... done (Time = 0.00s, Memory = 0.0K)
    Checking Rule STARC05-2.3.1.6 (Rule 136 of total 290) .... done (Time = 0.00s, Memory = 0.0K)
    Checking Rule STARC05-2.10.2.3 (Rule 137 of total 290) .... done (Time = 0.00s, Memory = 8.0K)
    Checking Rule STARC05-2.10.3.2a (Rule 138 of total 290) .... done (Time = 0.00s, Memory = 0.0K)
    Checking Rule STARC05-2.11.3.1 (Rule 139 of total 290) .... done (Time = 0.00s, Memory = 0.0K)
    Checking Rule STARC05-2.1.3.1 (Rule 140 of total 290) .... done (Time = 0.00s, Memory = 8.0K)
    Checking Rule STARC05-2.10.1.4a (Rule 141 of total 290) .... done (Time = 0.00s, Memory = -8.0K)
    Checking Rule STARC05-2.10.1.4b (Rule 142 of total 290) .... done (Time = 0.00s, Memory = 0.0K)
    Checking Rule sim_race02 (Rule 143 of total 290) .... done (Time = 0.00s, Memory = 0.0K)
    Checking Rule W110 (Rule 144 of total 290) .... done (Time = 0.00s, Memory = 0.0K)
    Checking Rule W122 (Rule 145 of total 290) .... done (Time = 0.00s, Memory = 0.0K)
    Checking Rule W496a (Rule 146 of total 290) .... done (Time = 0.00s, Memory = 0.0K)
    Checking Rule W496b (Rule 147 of total 290) .... done (Time = 0.00s, Memory = 0.0K)
    Checking Rule W19 (Rule 148 of total 290) .... done (Time = 0.00s, Memory = 0.0K)
    Checking Rule W66 (Rule 149 of total 290) .... done (Time = 0.00s, Memory = 8.0K)
    Checking Rule W116 (Rule 150 of total 290) .... done (Time = 0.00s, Memory = 0.0K)
    Checking Rule W123 (Rule 151 of total 290) .... done (Time = 0.00s, Memory = 16.0K)
    Checking Rule W156 (Rule 152 of total 290) .... done (Time = 0.00s, Memory = 0.0K)
    Checking Rule W215 (Rule 153 of total 290) .... done (Time = 0.01s, Memory = 0.0K)
    Checking Rule W216 (Rule 154 of total 290) .... done (Time = 0.00s, Memory = 0.0K)
    Checking Rule W218 (Rule 155 of total 290) .... done (Time = 0.01s, Memory = 0.0K)
    Checking Rule W224 (Rule 156 of total 290) .... done (Time = 0.00s, Memory = 0.0K)
    Checking Rule W263 (Rule 157 of total 290) .... done (Time = 0.00s, Memory = 0.0K)
    Checking Rule W289 (Rule 158 of total 290) .... done (Time = 0.00s, Memory = 0.0K)
    Checking Rule W337 (Rule 159 of total 290) .... done (Time = 0.00s, Memory = 0.0K)
    Checking Rule W416 (Rule 160 of total 290) .... done (Time = 0.00s, Memory = 0.0K)
    Checking Rule W352 (Rule 161 of total 290) .... done (Time = 0.00s, Memory = 0.0K)
    Checking Rule W362 (Rule 162 of total 290) .... done (Time = 0.00s, Memory = 16.0K)
    Checking Rule W415a (Rule 163 of total 290) .... done (Time = 0.00s, Memory = 0.0K)
    Checking Rule W486 (Rule 164 of total 290) .... done (Time = 0.00s, Memory = 0.0K)
    Checking Rule W499 (Rule 165 of total 290) .... done (Time = 0.00s, Memory = 0.0K)
    Checking Rule W502 (Rule 166 of total 290) .... done (Time = 0.00s, Memory = 0.0K)
    Checking Rule W116 (Rule 167 of total 290) .... done (Time = 0.00s, Memory = 0.0K)
    Checking Rule W122 (Rule 168 of total 290) .... done (Time = 0.00s, Memory = 0.0K)
    Checking Rule W123 (Rule 169 of total 290) .... done (Time = 0.00s, Memory = 0.0K)
    Checking Rule W156 (Rule 170 of total 290) .... done (Time = 0.00s, Memory = 0.0K)
    Checking Rule W71 (Rule 171 of total 290) .... done (Time = 0.00s, Memory = 0.0K)
    Checking Rule W240 (Rule 172 of total 290) .... done (Time = 0.00s, Memory = 0.0K)
    Checking Rule W240 (Rule 173 of total 290) .... done (Time = 0.00s, Memory = 0.0K)
    Checking Rule W287a (Rule 174 of total 290) .... done (Time = 0.00s, Memory = 0.0K)
    Checking Rule W293 (Rule 175 of total 290) .... done (Time = 0.00s, Memory = 0.0K)
    Checking Rule W398 (Rule 176 of total 290) .... done (Time = 0.00s, Memory = 0.0K)
    Checking Rule W424 (Rule 177 of total 290) .... done (Time = 0.00s, Memory = 0.0K)
    Checking Rule W467 (Rule 178 of total 290) .... done (Time = 0.00s, Memory = 0.0K)
    Checking Rule W505 (Rule 179 of total 290) .... done (Time = 0.00s, Memory = 8.0K)
    Checking Rule W505 (Rule 180 of total 290) .... done (Time = 0.00s, Memory = 0.0K)
    Checking Rule W528 (Rule 181 of total 290) .... done (Time = 0.00s, Memory = 0.0K)
    Checking Rule W528 (Rule 182 of total 290) .... done (Time = 0.00s, Memory = 592.0K)
    Checking Rule Prereqs_Usage (Rule 183 of total 290) .... done (Time = 0.00s, Memory = -16.0K)
    Checking Rule Prereqs_ConstantInput-ML (Rule 184 of total 290) .... done (Time = 0.00s, Memory = 32.0K)
    Checking Rule ReportPortInfo-ML (Rule 185 of total 290) .... done (Time = 0.00s, Memory = 0.0K)
    Checking Rule Prereqs_ReportPortInfo-ML (Rule 186 of total 290) .... done (Time = 0.00s, Memory = 0.0K)
    Checking Rule Prereqs_ReportPortInfo-ML (Rule 187 of total 290) .... done (Time = 0.00s, Memory = 0.0K)
    Checking Rule NoAssignX-ML (Rule 188 of total 290) .... done (Time = 0.00s, Memory = 0.0K)
    Checking Rule ParamWidthMismatch-ML (Rule 189 of total 290) .... done (Time = 0.00s, Memory = 0.0K)
    Checking Rule Postreqs_Usage_ML (Rule 190 of total 290) .... done (Time = 0.00s, Memory = 0.0K)
    Checking Rule NoXInCase-ML (Rule 191 of total 290) .... done (Time = 0.00s, Memory = 0.0K)
Checking ELABDU Rules for designUnit sober_compare
    Checking Rule Ac_classify_param01 (Rule 128 of total 290) .... done (Time = 0.00s, Memory = 0.0K)
    Checking Rule AcOvlRtl (Rule 129 of total 290) .... done (Time = 0.00s, Memory = 0.0K)
    Checking Rule AcOvlRtl (Rule 130 of total 290) .... done (Time = 0.00s, Memory = 32.0K)
    Checking Rule GenTopLevelBlocksForAutoSoc (Rule 131 of total 290) .... done (Time = 0.00s, Memory = 0.0K)
    Checking Rule Prereqs_InferLatch (Rule 132 of total 290) .... done (Time = 0.00s, Memory = 0.0K)
    Checking Rule STARC05-2.1.4.5 (Rule 133 of total 290) .... done (Time = 0.00s, Memory = 0.0K)
    Checking Rule STARC05-2.1.5.3 (Rule 134 of total 290) .... done (Time = 0.00s, Memory = 0.0K)
    Checking Rule STARC05-2.2.3.3 (Rule 135 of total 290) .... done (Time = 0.00s, Memory = -8.0K)
    Checking Rule STARC05-2.3.1.6 (Rule 136 of total 290) .... done (Time = 0.00s, Memory = 0.0K)
    Checking Rule STARC05-2.10.2.3 (Rule 137 of total 290) .... done (Time = 0.00s, Memory = 0.0K)
    Checking Rule STARC05-2.10.3.2a (Rule 138 of total 290) .... done (Time = 0.00s, Memory = 0.0K)
    Checking Rule STARC05-2.11.3.1 (Rule 139 of total 290) .... done (Time = 0.00s, Memory = 0.0K)
    Checking Rule STARC05-2.1.3.1 (Rule 140 of total 290) .... done (Time = 0.00s, Memory = 0.0K)
    Checking Rule STARC05-2.10.1.4a (Rule 141 of total 290) .... done (Time = 0.00s, Memory = 0.0K)
    Checking Rule STARC05-2.10.1.4b (Rule 142 of total 290) .... done (Time = 0.00s, Memory = 0.0K)
    Checking Rule sim_race02 (Rule 143 of total 290) .... done (Time = 0.00s, Memory = 0.0K)
    Checking Rule W110 (Rule 144 of total 290) .... done (Time = 0.00s, Memory = 0.0K)
    Checking Rule W122 (Rule 145 of total 290) .... done (Time = 0.00s, Memory = 0.0K)
    Checking Rule W496a (Rule 146 of total 290) .... done (Time = 0.00s, Memory = 0.0K)
    Checking Rule W496b (Rule 147 of total 290) .... done (Time = 0.00s, Memory = 0.0K)
    Checking Rule W19 (Rule 148 of total 290) .... done (Time = 0.00s, Memory = 0.0K)
    Checking Rule W66 (Rule 149 of total 290) .... done (Time = 0.00s, Memory = 0.0K)
    Checking Rule W116 (Rule 150 of total 290) .... done (Time = 0.00s, Memory = 0.0K)
    Checking Rule W123 (Rule 151 of total 290) .... done (Time = 0.00s, Memory = -2552.0K)
    Checking Rule W156 (Rule 152 of total 290) .... done (Time = 0.00s, Memory = 0.0K)
    Checking Rule W215 (Rule 153 of total 290) .... done (Time = 0.00s, Memory = 0.0K)
    Checking Rule W216 (Rule 154 of total 290) .... done (Time = 0.00s, Memory = 0.0K)
    Checking Rule W218 (Rule 155 of total 290) .... done (Time = 0.00s, Memory = 0.0K)
    Checking Rule W224 (Rule 156 of total 290) .... done (Time = 0.00s, Memory = 0.0K)
    Checking Rule W263 (Rule 157 of total 290) .... done (Time = 0.00s, Memory = 0.0K)
    Checking Rule W289 (Rule 158 of total 290) .... done (Time = 0.00s, Memory = 0.0K)
    Checking Rule W337 (Rule 159 of total 290) .... done (Time = 0.00s, Memory = 0.0K)
    Checking Rule W416 (Rule 160 of total 290) .... done (Time = 0.00s, Memory = 0.0K)
    Checking Rule W352 (Rule 161 of total 290) .... done (Time = 0.00s, Memory = 0.0K)
    Checking Rule W362 (Rule 162 of total 290) .... done (Time = 0.00s, Memory = 0.0K)
    Checking Rule W415a (Rule 163 of total 290) .... done (Time = 0.00s, Memory = 8.0K)
    Checking Rule W486 (Rule 164 of total 290) .... done (Time = 0.00s, Memory = 0.0K)
    Checking Rule W499 (Rule 165 of total 290) .... done (Time = 0.00s, Memory = 0.0K)
    Checking Rule W502 (Rule 166 of total 290) .... done (Time = 0.00s, Memory = 0.0K)
    Checking Rule W116 (Rule 167 of total 290) .... done (Time = 0.00s, Memory = 0.0K)
    Checking Rule W122 (Rule 168 of total 290) .... done (Time = 0.00s, Memory = 0.0K)
    Checking Rule W123 (Rule 169 of total 290) .... done (Time = 0.00s, Memory = 0.0K)
    Checking Rule W156 (Rule 170 of total 290) .... done (Time = 0.00s, Memory = 0.0K)
    Checking Rule W71 (Rule 171 of total 290) .... done (Time = 0.00s, Memory = 0.0K)
    Checking Rule W240 (Rule 172 of total 290) .... done (Time = 0.00s, Memory = 8.0K)
    Checking Rule W240 (Rule 173 of total 290) .... done (Time = 0.00s, Memory = 0.0K)
    Checking Rule W287a (Rule 174 of total 290) .... done (Time = 0.00s, Memory = 0.0K)
    Checking Rule W293 (Rule 175 of total 290) .... done (Time = 0.00s, Memory = -32.0K)
    Checking Rule W398 (Rule 176 of total 290) .... done (Time = 0.00s, Memory = 0.0K)
    Checking Rule W424 (Rule 177 of total 290) .... done (Time = 0.00s, Memory = 0.0K)
    Checking Rule W467 (Rule 178 of total 290) .... done (Time = 0.00s, Memory = 0.0K)
    Checking Rule W505 (Rule 179 of total 290) .... done (Time = 0.00s, Memory = 8.0K)
    Checking Rule W505 (Rule 180 of total 290) .... done (Time = 0.00s, Memory = 0.0K)
    Checking Rule W528 (Rule 181 of total 290) .... done (Time = 0.00s, Memory = 0.0K)
    Checking Rule W528 (Rule 182 of total 290) .... done (Time = 0.00s, Memory = 592.0K)
    Checking Rule Prereqs_Usage (Rule 183 of total 290) .... done (Time = 0.00s, Memory = -16.0K)
    Checking Rule Prereqs_ConstantInput-ML (Rule 184 of total 290) .... done (Time = 0.00s, Memory = 32.0K)
    Checking Rule ReportPortInfo-ML (Rule 185 of total 290) .... done (Time = 0.00s, Memory = 8.0K)
    Checking Rule Prereqs_ReportPortInfo-ML (Rule 186 of total 290) .... done (Time = 0.00s, Memory = 0.0K)
    Checking Rule Prereqs_ReportPortInfo-ML (Rule 187 of total 290) .... done (Time = 0.00s, Memory = 8.0K)
    Checking Rule NoAssignX-ML (Rule 188 of total 290) .... done (Time = 0.00s, Memory = 8.0K)
    Checking Rule ParamWidthMismatch-ML (Rule 189 of total 290) .... done (Time = 0.00s, Memory = 0.0K)
    Checking Rule Postreqs_Usage_ML (Rule 190 of total 290) .... done (Time = 0.00s, Memory = 0.0K)
    Checking Rule NoXInCase-ML (Rule 191 of total 290) .... done (Time = 0.00s, Memory = 0.0K)
Checking ELABDU Rules for designUnit core
Checking ELABDU Rules for designUnit conv
Checking ELABDU Rules for designUnit median
Checking ELABDU Rules for designUnit median_filter_submodule
Checking ELABDU Rules for designUnit sobel_gradient
Checking ELABDU Rules for designUnit sober_compare
Checking Rule PECHECK56 (Rule 192 of total 290) .... done (Time = 0.00s, Memory = 0.0K)
Checking Rule SGDC_meta_design_hier01 (Rule 193 of total 290) .... done (Time = 0.00s, Memory = 0.0K)
Checking Rule SGDC_waive24 (Rule 194 of total 290) .... done (Time = 0.00s, Memory = 0.0K)
Checking Rule SGDC_waive25 (Rule 195 of total 290) .... done (Time = 0.00s, Memory = 0.0K)
Checking Rule SGDC_waive31 (Rule 196 of total 290) .... done (Time = 0.00s, Memory = 0.0K)
Checking Rule SGDC_waive35 (Rule 197 of total 290) .... done (Time = 0.00s, Memory = 0.0K)
 Synthesizing module: sober_compare (elaborated name: sober_compare) ... (Module 1 of total 6)  done 
 Synthesizing module: sobel_gradient (elaborated name: sobel_gradient) ... (Module 2 of total 6)  done 
 Synthesizing module: median_filter_submodule (elaborated name: median_filter_submodule) ... (Module 3 of total 6)  done 
 Synthesizing module: median (elaborated name: median) ... (Module 4 of total 6)  done 
 Synthesizing module: conv (elaborated name: conv) ... (Module 5 of total 6)  done 
 Synthesizing module: core (elaborated name: core) ... (Module 6 of total 6)  done 
 Synthesis completed.
Checking Rule InferBlackBox (Rule 198 of total 290) .... done (Time = 0.00s, Memory = 0.0K)
Checking Rule checkCMD_mthresh (Rule 199 of total 290) .... done (Time = 0.00s, Memory = 0.0K)

INFO [234]    Saving design database in directory './spyglass-1/core/.SG_SaveRestoreDB/autogenerated__default_snapshot' ...
              done

Checking Rule SGDC_waive37 (Rule 200 of total 290) .... done (Time = 0.00s, Memory = 0.0K)
Checking Rule Txv_SvaSetup01 for module sober_compare (Rule 201 of total 290) .... done (Time = 0.00s, Memory = 0.0K)
Checking Rule PESVASETUP01 for module sober_compare (Rule 202 of total 290) .... done (Time = 0.00s, Memory = 0.0K)
Checking Rule _cdc_save_license01 for module sober_compare (Rule 203 of total 290) .... done (Time = 0.00s, Memory = 0.0K)
Checking Rule _syncResetStyleRTL for module sober_compare (Rule 204 of total 290) .... done (Time = 0.00s, Memory = 0.0K)
Checking Rule _meta_delay01 for module sober_compare (Rule 205 of total 290) .... done (Time = 0.00s, Memory = 0.0K)
Checking Rule Ac_svasetup01 for module sober_compare (Rule 206 of total 290) .... done (Time = 0.00s, Memory = 0.0K)
Checking Rule Prereq_IntClock for module sober_compare (Rule 207 of total 290) .... done (Time = 0.00s, Memory = 0.0K)
Checking Rule W336 for module sober_compare (Rule 208 of total 290) .... done (Time = 0.00s, Memory = 0.0K)
Checking Rule W414 for module sober_compare (Rule 209 of total 290) .... done (Time = 0.00s, Memory = 0.0K)
Checking Rule W450L for module sober_compare (Rule 210 of total 290) .... done (Time = 0.00s, Memory = 0.0K)
Checking Rule HangingNetPreReq-ML for module sober_compare (Rule 211 of total 290) .... done (Time = 0.00s, Memory = 0.0K)
Checking Rule RegInputOutput-ML for module sober_compare (Rule 212 of total 290) .... done (Time = 0.00s, Memory = 0.0K)
Checking Rule STARC05-2.5.1.7 for module sober_compare (Rule 213 of total 290) .... done (Time = 0.00s, Memory = 0.0K)
Checking Rule STARC05-2.5.1.9 for module sober_compare (Rule 214 of total 290) .... done (Time = 0.00s, Memory = 0.0K)
Checking Rule Txv_SvaSetup01 for module sobel_gradient (Rule 201 of total 290) .... done (Time = 0.00s, Memory = 0.0K)
Checking Rule PESVASETUP01 for module sobel_gradient (Rule 202 of total 290) .... done (Time = 0.00s, Memory = 0.0K)
Checking Rule _cdc_save_license01 for module sobel_gradient (Rule 203 of total 290) .... done (Time = 0.00s, Memory = 0.0K)
Checking Rule _syncResetStyleRTL for module sobel_gradient (Rule 204 of total 290) .... done (Time = 0.00s, Memory = 0.0K)
Checking Rule _meta_delay01 for module sobel_gradient (Rule 205 of total 290) .... done (Time = 0.00s, Memory = 0.0K)
Checking Rule Ac_svasetup01 for module sobel_gradient (Rule 206 of total 290) .... done (Time = 0.00s, Memory = 0.0K)
Checking Rule Prereq_IntClock for module sobel_gradient (Rule 207 of total 290) .... done (Time = 0.00s, Memory = 0.0K)
Checking Rule W336 for module sobel_gradient (Rule 208 of total 290) .... done (Time = 0.00s, Memory = 0.0K)
Checking Rule W414 for module sobel_gradient (Rule 209 of total 290) .... done (Time = 0.00s, Memory = 0.0K)
Checking Rule W450L for module sobel_gradient (Rule 210 of total 290) .... done (Time = 0.00s, Memory = 0.0K)
Checking Rule HangingNetPreReq-ML for module sobel_gradient (Rule 211 of total 290) .... done (Time = 0.00s, Memory = 0.0K)
Checking Rule RegInputOutput-ML for module sobel_gradient (Rule 212 of total 290) .... done (Time = 0.00s, Memory = 0.0K)
Checking Rule STARC05-2.5.1.7 for module sobel_gradient (Rule 213 of total 290) .... done (Time = 0.00s, Memory = 0.0K)
Checking Rule STARC05-2.5.1.9 for module sobel_gradient (Rule 214 of total 290) .... done (Time = 0.00s, Memory = 0.0K)
Checking Rule Txv_SvaSetup01 for module median_filter_submodule (Rule 201 of total 290) .... done (Time = 0.00s, Memory = 0.0K)
Checking Rule PESVASETUP01 for module median_filter_submodule (Rule 202 of total 290) .... done (Time = 0.00s, Memory = 0.0K)
Checking Rule _cdc_save_license01 for module median_filter_submodule (Rule 203 of total 290) .... done (Time = 0.00s, Memory = 0.0K)
Checking Rule _syncResetStyleRTL for module median_filter_submodule (Rule 204 of total 290) .... done (Time = 0.00s, Memory = 0.0K)
Checking Rule _meta_delay01 for module median_filter_submodule (Rule 205 of total 290) .... done (Time = 0.00s, Memory = 0.0K)
Checking Rule Ac_svasetup01 for module median_filter_submodule (Rule 206 of total 290) .... done (Time = 0.00s, Memory = 0.0K)
Checking Rule Prereq_IntClock for module median_filter_submodule (Rule 207 of total 290) .... done (Time = 0.00s, Memory = 0.0K)
Checking Rule W336 for module median_filter_submodule (Rule 208 of total 290) .... done (Time = 0.00s, Memory = 0.0K)
Checking Rule W414 for module median_filter_submodule (Rule 209 of total 290) .... done (Time = 0.00s, Memory = 0.0K)
Checking Rule W450L for module median_filter_submodule (Rule 210 of total 290) .... done (Time = 0.00s, Memory = 0.0K)
Checking Rule HangingNetPreReq-ML for module median_filter_submodule (Rule 211 of total 290) .... done (Time = 0.00s, Memory = 0.0K)
Checking Rule RegInputOutput-ML for module median_filter_submodule (Rule 212 of total 290) .... done (Time = 0.00s, Memory = 0.0K)
Checking Rule STARC05-2.5.1.7 for module median_filter_submodule (Rule 213 of total 290) .... done (Time = 0.00s, Memory = 0.0K)
Checking Rule STARC05-2.5.1.9 for module median_filter_submodule (Rule 214 of total 290) .... done (Time = 0.00s, Memory = 0.0K)
Checking Rule Txv_SvaSetup01 for module median (Rule 201 of total 290) .... done (Time = 0.00s, Memory = 0.0K)
Checking Rule PESVASETUP01 for module median (Rule 202 of total 290) .... done (Time = 0.00s, Memory = 0.0K)
Checking Rule _cdc_save_license01 for module median (Rule 203 of total 290) .... done (Time = 0.00s, Memory = 0.0K)
Checking Rule _syncResetStyleRTL for module median (Rule 204 of total 290) .... done (Time = 0.00s, Memory = 0.0K)
Checking Rule _meta_delay01 for module median (Rule 205 of total 290) .... done (Time = 0.00s, Memory = 0.0K)
Checking Rule Ac_svasetup01 for module median (Rule 206 of total 290) .... done (Time = 0.00s, Memory = 0.0K)
Checking Rule Prereq_IntClock for module median (Rule 207 of total 290) .... done (Time = 0.00s, Memory = 0.0K)
Checking Rule W336 for module median (Rule 208 of total 290) .... done (Time = 0.00s, Memory = 0.0K)
Checking Rule W414 for module median (Rule 209 of total 290) .... done (Time = 0.00s, Memory = 0.0K)
Checking Rule W450L for module median (Rule 210 of total 290) .... done (Time = 0.00s, Memory = 0.0K)
Checking Rule HangingNetPreReq-ML for module median (Rule 211 of total 290) .... done (Time = 0.00s, Memory = 0.0K)
Checking Rule RegInputOutput-ML for module median (Rule 212 of total 290) .... done (Time = 0.00s, Memory = 0.0K)
Checking Rule STARC05-2.5.1.7 for module median (Rule 213 of total 290) .... done (Time = 0.00s, Memory = 0.0K)
Checking Rule STARC05-2.5.1.9 for module median (Rule 214 of total 290) .... done (Time = 0.00s, Memory = 0.0K)
Checking Rule Txv_SvaSetup01 for module conv (Rule 201 of total 290) .... done (Time = 0.00s, Memory = 0.0K)
Checking Rule PESVASETUP01 for module conv (Rule 202 of total 290) .... done (Time = 0.00s, Memory = 0.0K)
Checking Rule _cdc_save_license01 for module conv (Rule 203 of total 290) .... done (Time = 0.00s, Memory = 0.0K)
Checking Rule _syncResetStyleRTL for module conv (Rule 204 of total 290) .... done (Time = 0.00s, Memory = 0.0K)
Checking Rule _meta_delay01 for module conv (Rule 205 of total 290) .... done (Time = 0.00s, Memory = 0.0K)
Checking Rule Ac_svasetup01 for module conv (Rule 206 of total 290) .... done (Time = 0.00s, Memory = 0.0K)
Checking Rule Prereq_IntClock for module conv (Rule 207 of total 290) .... done (Time = 0.00s, Memory = 0.0K)
Checking Rule W336 for module conv (Rule 208 of total 290) .... done (Time = 0.00s, Memory = 0.0K)
Checking Rule W414 for module conv (Rule 209 of total 290) .... done (Time = 0.00s, Memory = 0.0K)
Checking Rule W450L for module conv (Rule 210 of total 290) .... done (Time = 0.00s, Memory = 0.0K)
Checking Rule HangingNetPreReq-ML for module conv (Rule 211 of total 290) .... done (Time = 0.00s, Memory = 0.0K)
Checking Rule RegInputOutput-ML for module conv (Rule 212 of total 290) .... done (Time = 0.00s, Memory = 0.0K)
Checking Rule STARC05-2.5.1.7 for module conv (Rule 213 of total 290) .... done (Time = 0.00s, Memory = 0.0K)
Checking Rule STARC05-2.5.1.9 for module conv (Rule 214 of total 290) .... done (Time = 0.00s, Memory = 0.0K)
Checking Rule Txv_SvaSetup01 for module core (Rule 201 of total 290) .... done (Time = 0.00s, Memory = 0.0K)
Checking Rule PESVASETUP01 for module core (Rule 202 of total 290) .... done (Time = 0.00s, Memory = 0.0K)
Checking Rule _cdc_save_license01 for module core (Rule 203 of total 290) .... done (Time = 0.00s, Memory = 0.0K)
Checking Rule _syncResetStyleRTL for module core (Rule 204 of total 290) .... done (Time = 0.00s, Memory = 0.0K)
Checking Rule _meta_delay01 for module core (Rule 205 of total 290) .... done (Time = 0.00s, Memory = 0.0K)
Checking Rule Ac_svasetup01 for module core (Rule 206 of total 290) .... done (Time = 0.00s, Memory = 0.0K)
Checking Rule Prereq_IntClock for module core (Rule 207 of total 290) .... done (Time = 0.00s, Memory = 0.0K)
Checking Rule W336 for module core (Rule 208 of total 290) .... done (Time = 0.00s, Memory = 0.0K)
Checking Rule W414 for module core (Rule 209 of total 290) .... done (Time = 0.00s, Memory = 0.0K)
Checking Rule W450L for module core (Rule 210 of total 290) .... done (Time = 0.00s, Memory = 0.0K)
Checking Rule HangingNetPreReq-ML for module core (Rule 211 of total 290) .... done (Time = 0.00s, Memory = 0.0K)
Checking Rule RegInputOutput-ML for module core (Rule 212 of total 290) .... done (Time = 0.00s, Memory = 0.0K)
Checking Rule STARC05-2.5.1.7 for module core (Rule 213 of total 290) .... done (Time = 0.00s, Memory = 0.0K)
Checking Rule STARC05-2.5.1.9 for module core (Rule 214 of total 290) .... done (Time = 0.00s, Memory = 0.0K)
Performing semantic checks on SGDC contents
Checking Rule SGDC_testmode03 (Rule 73 of total 290) .... done (Time = 0.00s, Memory = 0.0K)
Checking Rule _abstractPortSGDC (Rule 215 of total 290) .... done (Time = 0.00s, Memory = 0.0K)
Checking Rule SGDC_abstract_port03 (Rule 216 of total 290) .... done (Time = 0.00s, Memory = 0.0K)
Checking Rule SGDC_abstract_port04 (Rule 217 of total 290) .... done (Time = 0.00s, Memory = 0.0K)
Checking Rule SGDC_abstract_port05 (Rule 218 of total 290) .... done (Time = 0.00s, Memory = 0.0K)
Checking Rule SGDC_abstract_port07 (Rule 219 of total 290) .... done (Time = 0.00s, Memory = 0.0K)
Checking Rule SGDC_abstract_port08 (Rule 220 of total 290) .... done (Time = 0.00s, Memory = 0.0K)
Checking Rule SGDC_abstract_port10 (Rule 221 of total 290) .... done (Time = 0.00s, Memory = 0.0K)
Checking Rule SGDC_abstract_port11 (Rule 222 of total 290) .... done (Time = 0.00s, Memory = 0.0K)
Checking Rule SGDC_abstract_port12 (Rule 223 of total 290) .... done (Time = 0.00s, Memory = 0.0K)
Checking Rule SGDC_abstract_port13 (Rule 224 of total 290) .... done (Time = 0.00s, Memory = 0.0K)
Checking Rule ReportUngroup (Rule 225 of total 290) .... done (Time = 0.00s, Memory = 0.0K)
Checking Rule LINT_portReten (Rule 226 of total 290) .... done (Time = 0.00s, Memory = 0.0K)
Checking Rule SGDC_abstract_port21 (Rule 227 of total 290) .... done (Time = 0.00s, Memory = 0.0K)
Checking Rule InferLatch (Rule 228 of total 290) .... done (Time = 0.01s, Memory = -2528.0K)
Checking Rule UndrivenInTerm-ML (Rule 229 of total 290) .... done (Time = 0.04s, Memory = 2568.0K)
Checking Rule SGDC_assume_path05 (Rule 230 of total 290) .... done (Time = 0.00s, Memory = 0.0K)
 Flattening core (.lib instances separately flattened) ....
 Flattening completed
Checking Rule SGDC_set_case_analysis_LC (Rule 231 of total 290) .... done (Time = 0.00s, Memory = 0.0K)
Checking Rule BufClock (Rule 232 of total 290) .... done (Time = 0.04s, Memory = 4128.0K)
Checking Rule CombLoop (Rule 233 of total 290) .... done (Time = 0.01s, Memory = -1752.0K)
Checking Rule STARC05-2.5.1.2 (Rule 234 of total 290) .... done (Time = 0.00s, Memory = 0.0K)
Checking Rule STARC05-1.3.1.3 (Rule 235 of total 290) .... done (Time = 0.01s, Memory = 2568.0K)
Checking Rule STARC05-1.4.3.4 (Rule 236 of total 290) .... done (Time = 0.00s, Memory = 8.0K)
Checking Rule FlopClockConstant (Rule 237 of total 290) .... done (Time = 0.01s, Memory = 128.0K)
Checking Rule FlopSRConst (Rule 238 of total 290) .... done (Time = 0.01s, Memory = 0.0K)
Checking Rule FlopEConst (Rule 239 of total 290) .... done (Time = 0.00s, Memory = 0.0K)
Checking Rule checkPinConnectedToSupply (Rule 240 of total 290) .... done (Time = 0.00s, Memory = 0.0K)
Checking Rule W392 (Rule 241 of total 290) .... done (Time = 0.00s, Memory = 72.0K)
Checking Rule W415 (Rule 242 of total 290) .... done (Time = 0.01s, Memory = 0.0K)
Checking Rule LatchFeedback (Rule 243 of total 290) .... done (Time = 0.01s, Memory = -2440.0K)
Checking Rule STARC05-2.4.1.5 (Rule 244 of total 290) .... done (Time = 0.00s, Memory = 32.0K)
Checking Rule STARC05-1.2.1.2 (Rule 245 of total 290) .... done (Time = 0.00s, Memory = 16.0K)
Checking Rule AnalyzeBBox (Rule 246 of total 290) .... done (Time = 0.00s, Memory = 0.0K)
Checking Rule ReportCheckDataSummary (Rule 71 of total 290) .... done (Time = 0.00s, Memory = 0.0K)

Generating data for Console...

SpyGlass Rule Checking Complete.

Generating moresimple report from './spyglass-1/core/lint/lint_rtl/spyglass.vdb' to './spyglass-1/core/lint/lint_rtl/spyglass_reports/moresimple.rpt' ....

Generating runsummary report from './spyglass-1/core/lint/lint_rtl/spyglass.vdb' ....

Generating no_msg_reporting_rules report from './spyglass-1/core/lint/lint_rtl/spyglass.vdb' to './spyglass-1/core/lint/lint_rtl/spyglass_reports/no_msg_reporting_rules.rpt' ....

Generating W415_Report report from './spyglass-1/core/lint/lint_rtl/spyglass.vdb' to './spyglass-1/core/lint/lint_rtl/spyglass_reports/lint/W415_Report.rpt' ....

Policy specific data (reports) are present in the directory './spyglass-1/core/lint/lint_rtl/spyglass_reports'.

SpyGlass critical reports for the current run are present in directory './spyglass-1/consolidated_reports/core_lint_lint_rtl/'.

---------------------------------------------------------------------------------------------
Results Summary:
---------------------------------------------------------------------------------------------
   Goal Run           :      lint/lint_rtl
   Command-line read  :      0 error,      0 warning,      0 information message 
   Design Read        :      0 error,      0 warning,      4 information messages
      Found 1 top module:
         core   (file: core.v)

   Blackbox Resolution:      0 error,      0 warning,      1 information message 
   SGDC Checks        :      0 error,      0 warning,      0 information message 
   -------------------------------------------------------------------------------------
   Total              :      0 error,      0 warning,      5 information messages

  Total Number of Generated Messages     :         5 (0 error, 0 warning, 5 Infos)
  Number of Reported Messages            :         5 (0 error, 0 warning, 5 Infos)

---------------------------------------------------------------------------------------------


run_goal: info: updating spyglass.log with goal summary
---------------------------------------------------------------------------------------------------
Results Summary:
---------------------------------------------------------------------------------------------------
   Goal Run           :      lint/lint_rtl
   Top Module         :      core
---------------------------------------------------------------------------------------------------
   Reports Directory: 
   /home/raid7_2/user12/r2k41036/NTU_CVSD2024/HW3/01_RTL/spyglass-1/consolidated_reports/core_lint_lint_rtl/ 

   SpyGlass LogFile: 
    /home/raid7_2/user12/r2k41036/NTU_CVSD2024/HW3/01_RTL/spyglass-1/core/lint/lint_rtl/spyglass.log 

   Standard Reports: 
     moresimple.rpt          no_msg_reporting_rules.rpt       

   HTML report:
    /home/raid7_2/user12/r2k41036/NTU_CVSD2024/HW3/01_RTL/spyglass-1/html_reports/goals_summary.html
  

   Technology Reports:  
     <Not Available>
   
   
---------------------------------------------------------------------------------------------------
   Goal Violation Summary:
       Waived   Messages:                      0 Errors,      0 Warnings,      0 Infos
       Reported Messages:         0 Fatals,    0 Errors,      0 Warnings,      5 Infos
---------------------------------------------------------------------------------------------------
   
---------------------------------------------------------------------------------------------------
 
run_goal: info: spyglass.log successfully updated with goal summary
0 {Rule-checking completed without errors or warnings}current_goal: warning: design query data not saved for last active goal `lint/lint_rtl'
                       (use `save_goal' command or enable `auto_save' option to save design query data for subsequent goals)
current_goal: info: loading goal `lint/lint_rtl_enhanced' with top `core' (in progress)
current_goal: info: finished loading goal `lint/lint_rtl_enhanced' (ok)
 Reading waiver file "./spyglass-1/core/lint/lint_rtl_enhanced/spyglass_spysch/waiver/pragma2Waiver.swl" ...

INFO:    SpyGlass will run goal(s) 'lint/lint_rtl_enhanced'.


RULE-CHECKING IN MIXED MODE
Loading spyglass (SpyGlass_vT-2022.06) ... (picked from /home/raid7_4/raid1_1/linux/synopsys/spyglass/2022.06/SPYGLASS_HOME/policies/spyglass)
Loading openmore (SpyGlass_vT-2022.06) ... (picked from /home/raid7_4/raid1_1/linux/synopsys/spyglass/2022.06/SPYGLASS_HOME/policies/openmore)
Loading starc (SpyGlass_vT-2022.06) ... (picked from /home/raid7_4/raid1_1/linux/synopsys/spyglass/2022.06/SPYGLASS_HOME/policies/starc)
Loading starc2005 (SpyGlass_vT-2022.06) ... (picked from /home/raid7_4/raid1_1/linux/synopsys/spyglass/2022.06/SPYGLASS_HOME/policies/starc2005)
Loading erc (SpyGlass_vT-2022.06) ... (picked from /home/raid7_4/raid1_1/linux/synopsys/spyglass/2022.06/SPYGLASS_HOME/policies/erc)
Loading simulation (SpyGlass_vT-2022.06) ... (picked from /home/raid7_4/raid1_1/linux/synopsys/spyglass/2022.06/SPYGLASS_HOME/policies/simulation)
Loading lint (SpyGlass_vT-2022.06) ... (picked from /home/raid7_4/raid1_1/linux/synopsys/spyglass/2022.06/SPYGLASS_HOME/policies/lint)
Loading latch (SpyGlass_vT-2022.06) ... (picked from /home/raid7_4/raid1_1/linux/synopsys/spyglass/2022.06/SPYGLASS_HOME/policies/latch)
Loading morelint (SpyGlass_vT-2022.06) ... (picked from /home/raid7_4/raid1_1/linux/synopsys/spyglass/2022.06/SPYGLASS_HOME/policies/morelint)
Loading timing (SpyGlass_vT-2022.06) ... (picked from /home/raid7_4/raid1_1/linux/synopsys/spyglass/2022.06/SPYGLASS_HOME/policies/timing)
Loading starc2002 (SpyGlass_vT-2022.06) ... (picked from /home/raid7_4/raid1_1/linux/synopsys/spyglass/2022.06/SPYGLASS_HOME/policies/starc2002)

INFO [326]    SpyGlass Design Database './spyglass-1/core/.SG_SaveRestoreDB' can not be restored because:
              Following design files/directories have been modified since design save
    core.v
    median.v

              Saving Database again
Loading Audits (SpyGlass_vT-2022.06) ... (picked from /home/raid7_4/raid1_1/linux/synopsys/spyglass/2022.06/SPYGLASS_HOME/policies/Audits)
Loading area (SpyGlass_vT-2022.06) ... (picked from /home/raid7_4/raid1_1/linux/synopsys/spyglass/2022.06/SPYGLASS_HOME/policies/area)
Loading miscellaneous (SpyGlass_vT-2022.06) ... (picked from /home/raid7_4/raid1_1/linux/synopsys/spyglass/2022.06/SPYGLASS_HOME/policies/miscellaneous)
Loading starcad-21 (SpyGlass_vT-2022.06) ... (picked from /home/raid7_4/raid1_1/linux/synopsys/spyglass/2022.06/SPYGLASS_HOME/policies/starcad-21)
Loading txv (SpyGlass_vT-2022.06) ... (picked from /home/raid7_4/raid1_1/linux/synopsys/spyglass/2022.06/SPYGLASS_HOME/policies/txv)

TXV_INFO Parameter txv_extract_domain will be renamed to txv_domain_mode in future!

Loading power_est (SpyGlass_vT-2022.06) ... (picked from /home/raid7_4/raid1_1/linux/synopsys/spyglass/2022.06/SPYGLASS_HOME/policies/power_est)
Loading lowpower (5.6.1) ... (picked from /home/raid7_4/raid1_1/linux/synopsys/spyglass/2022.06/SPYGLASS_HOME/policies/lowpower)
Loading dft_dsm (SpyGlass_vT-2022.06) ... (picked from /home/raid7_4/raid1_1/linux/synopsys/spyglass/2022.06/SPYGLASS_HOME/policies/dft_dsm)
Loading dft (SpyGlass_vT-2022.06) ... (picked from /home/raid7_4/raid1_1/linux/synopsys/spyglass/2022.06/SPYGLASS_HOME/policies/dft)
Loading constraints (SpyGlass_vT-2022.06) ... (picked from /home/raid7_4/raid1_1/linux/synopsys/spyglass/2022.06/SPYGLASS_HOME/policies/constraints)
Loading const_intern1 (SpyGlass_vT-2022.06) ... (picked from /home/raid7_4/raid1_1/linux/synopsys/spyglass/2022.06/SPYGLASS_HOME/policies/constraints)
Loading clock-reset (SpyGlass_vT-2022.06) ... (picked from /home/raid7_4/raid1_1/linux/synopsys/spyglass/2022.06/SPYGLASS_HOME/policies/clock)

INFO [76]    Using './spyglass-1/core/WORK/64' as the Work Directory for 64bit precompiled dump.
Checking Rule SGDC_power_est29 (Rule 1 of total 360) .... done (Time = 0.00s, Memory = 0.0K)
Checking Rule PECHECK04 (Rule 2 of total 360) .... done (Time = 0.02s, Memory = 8.0K)
Checking Rule PECHECK18 (Rule 3 of total 360) .... done (Time = 0.00s, Memory = 0.0K)
Checking Rule PEMVDD01 (Rule 4 of total 360) .... done (Time = 0.00s, Memory = 0.0K)
Checking Rule PrecompileLibCheck01 (Rule 5 of total 360) .... done (Time = 0.00s, Memory = 0.0K)
Checking Rule PrecompileLibCheck02 (Rule 6 of total 360) .... done (Time = 0.00s, Memory = 0.0K)
Checking Rule PrecompileLibCheck03 (Rule 7 of total 360) .... done (Time = 0.00s, Memory = 0.0K)
Checking Rule PrecompileLibCheck04 (Rule 8 of total 360) .... done (Time = 0.00s, Memory = 0.0K)
Checking Rule AbstractInterface (Rule 9 of total 360) .... done (Time = 0.00s, Memory = 0.0K)
Checking Rule SGDC_assume_path01 (Rule 10 of total 360) .... done (Time = 0.00s, Memory = 0.0K)
Checking Rule SGDC_sdcschema02 (Rule 11 of total 360) .... done (Time = 0.01s, Memory = 32.0K)
Checking Rule SGDC_clock05 (Rule 12 of total 360) .... done (Time = 0.00s, Memory = 8.0K)
Checking Rule SGDC_clock09 (Rule 13 of total 360) .... done (Time = 0.00s, Memory = 0.0K)
Checking Rule SGDC_force_ta05 (Rule 14 of total 360) .... done (Time = 0.00s, Memory = 8.0K)
Checking Rule SGDC_require_path03 (Rule 15 of total 360) .... done (Time = 0.00s, Memory = 0.0K)
Checking Rule SGDC_require_value03 (Rule 16 of total 360) .... done (Time = 0.00s, Memory = 8.0K)
Checking Rule SGDC_voltagedomain05 (Rule 17 of total 360) .... done (Time = 0.00s, Memory = 8.0K)
Checking Rule SGDC_voltagedomain06 (Rule 18 of total 360) .... done (Time = 0.00s, Memory = 0.0K)
Checking Rule SGDC_voltagedomain07 (Rule 19 of total 360) .... done (Time = 0.00s, Memory = 0.0K)
Checking Rule SGDC_powerdomainoutputs02 (Rule 20 of total 360) .... done (Time = 0.00s, Memory = 0.0K)
Checking Rule SGDC_supply01 (Rule 21 of total 360) .... done (Time = 0.00s, Memory = 8.0K)
Checking Rule SGDC_waive01 (Rule 22 of total 360) .... done (Time = 0.00s, Memory = 0.0K)
Checking Rule SGDC_waive02 (Rule 23 of total 360) .... done (Time = 0.00s, Memory = 8.0K)
Checking Rule SGDC_waive03 (Rule 24 of total 360) .... done (Time = 0.00s, Memory = 0.0K)
Checking Rule SGDC_waive04 (Rule 25 of total 360) .... done (Time = 0.00s, Memory = 0.0K)
Checking Rule SGDC_waive05 (Rule 26 of total 360) .... done (Time = 0.00s, Memory = 0.0K)
Checking Rule SGDC_waive06 (Rule 27 of total 360) .... done (Time = 0.00s, Memory = 0.0K)
Checking Rule SGDC_waive07 (Rule 28 of total 360) .... done (Time = 0.00s, Memory = 0.0K)
Checking Rule SGDC_waive08 (Rule 29 of total 360) .... done (Time = 0.00s, Memory = 8.0K)
Checking Rule SGDC_waive09 (Rule 30 of total 360) .... done (Time = 0.00s, Memory = 0.0K)
Checking Rule SGDC_waive10 (Rule 31 of total 360) .... done (Time = 0.00s, Memory = 0.0K)
Checking Rule SGDC_waive11 (Rule 32 of total 360) .... done (Time = 0.00s, Memory = 0.0K)
Checking Rule SGDC_waive12 (Rule 33 of total 360) .... done (Time = 0.00s, Memory = 0.0K)
Checking Rule SGDC_waive13 (Rule 34 of total 360) .... done (Time = 0.00s, Memory = 0.0K)
Checking Rule SGDC_waive21 (Rule 35 of total 360) .... done (Time = 0.00s, Memory = 0.0K)
Checking Rule SGDC_waive22 (Rule 36 of total 360) .... done (Time = 0.00s, Memory = 0.0K)
Checking Rule SGDC_waive30 (Rule 37 of total 360) .... done (Time = 0.00s, Memory = 0.0K)
Checking Rule SGDC_waive32 (Rule 38 of total 360) .... done (Time = 0.00s, Memory = 0.0K)
Checking Rule SGDC_waive33 (Rule 39 of total 360) .... done (Time = 0.00s, Memory = 0.0K)
Checking Rule SGDC_waive36 (Rule 40 of total 360) .... done (Time = 0.00s, Memory = 8.0K)
Checking Rule SGDC_waive38 (Rule 41 of total 360) .... done (Time = 0.00s, Memory = 0.0K)
Checking Rule SGDC_fifo01 (Rule 42 of total 360) .... done (Time = 0.00s, Memory = 8.0K)
Checking Rule SGDC_libgroup01 (Rule 43 of total 360) .... done (Time = 0.00s, Memory = 0.0K)
Checking Rule SGDC_libgroup02 (Rule 44 of total 360) .... done (Time = 0.00s, Memory = 0.0K)
Checking Rule SGDC_libgroup04 (Rule 45 of total 360) .... done (Time = 0.00s, Memory = -8.0K)
Checking Rule SGDC_power_data01 (Rule 46 of total 360) .... done (Time = 0.00s, Memory = 0.0K)
Checking Rule SGDC_ungroup01 (Rule 47 of total 360) .... done (Time = 0.00s, Memory = 8.0K)
Checking Rule SGDC_abstract_port06 (Rule 48 of total 360) .... done (Time = 0.00s, Memory = -16.0K)
Checking Rule SGDC_abstract_port14 (Rule 49 of total 360) .... done (Time = 0.00s, Memory = 8.0K)
Checking Rule SGDC_abstract_port15 (Rule 50 of total 360) .... done (Time = 0.00s, Memory = 40.0K)
Checking Rule SGDC_abstract_port18 (Rule 51 of total 360) .... done (Time = 0.00s, Memory = 8.0K)
Checking Rule sdc_init_rule (Rule 52 of total 360) .... done (Time = 0.00s, Memory = 0.0K)
Checking Rule CMD_ignorelibs01 (Rule 53 of total 360) .... done (Time = 0.00s, Memory = 0.0K)
Checking Rule ReportRuleNotRun (Rule 54 of total 360) .... done (Time = 0.04s, Memory = 0.0K)
Checking Rule ReserveName (Rule 55 of total 360) .... done (Time = 0.00s, Memory = 0.0K)
Checking Rule ReserveName (Rule 56 of total 360) .... done (Time = 0.00s, Memory = 0.0K)
Checking Rule STARC05-2.3.1.2c (Rule 57 of total 360) .... done (Time = 0.00s, Memory = 0.0K)
Checking Rule W442a (Rule 58 of total 360) .... done (Time = 0.00s, Memory = 0.0K)
Checking Rule W442b (Rule 59 of total 360) .... done (Time = 0.00s, Memory = 0.0K)
Checking Rule W442c (Rule 60 of total 360) .... done (Time = 0.00s, Memory = 0.0K)
Checking Rule W442f (Rule 61 of total 360) .... done (Time = 0.00s, Memory = 0.0K)
Checking Rule W561 (Rule 62 of total 360) .... done (Time = 0.00s, Memory = 0.0K)
Checking Rule mixedsenselist (Rule 63 of total 360) .... done (Time = 0.00s, Memory = 0.0K)
Checking Rule badimplicitSM1 (Rule 64 of total 360) .... done (Time = 0.00s, Memory = 0.0K)
Checking Rule badimplicitSM2 (Rule 65 of total 360) .... done (Time = 0.00s, Memory = 0.0K)
Checking Rule badimplicitSM4 (Rule 66 of total 360) .... done (Time = 0.00s, Memory = 0.0K)
Checking Rule bothedges (Rule 67 of total 360) .... done (Time = 0.00s, Memory = 0.0K)
Checking Rule infiniteloop (Rule 68 of total 360) .... done (Time = 0.00s, Memory = 0.0K)
Checking Rule BlockHeader (Rule 69 of total 360) .... done (Time = 0.00s, Memory = 0.0K)
Checking Rule W421 (Rule 70 of total 360) .... done (Time = 0.00s, Memory = 0.0K)
Checking Rule ReserveNameSystemVerilog-ML (Rule 71 of total 360) .... done (Time = 0.00s, Memory = 0.0K)
Checking Rule ReserveNameSystemVerilog-ML (Rule 72 of total 360) .... done (Time = 0.00s, Memory = 0.0K)
Checking Rule STARC05-2.1.6.5 (Rule 73 of total 360) .... done (Time = 0.00s, Memory = 0.0K)
Checking Rule ReportStopSummary (Rule 74 of total 360) .... done (Time = 0.00s, Memory = 0.0K)
Checking Rule ReportIgnoreSummary (Rule 75 of total 360) .... done (Time = 0.00s, Memory = 40.0K)
 Analyzing source file "define.v" ....
 Analyzing source file "core.v" ....
 Analyzing source file "conv.v" ....
 Analyzing source file "median.v" ....
 Elaborating Top Verilog Design Unit 'core' ..... done
Checking Rule ElabSummary (Rule 76 of total 360) .... done (Time = 0.00s, Memory = 0.0K)
Checking Rule ReportCheckDataSummary (Rule 77 of total 360) .... done (Time = 0.00s, Memory = 0.0K)

INFO [38]    Design option 'ignoredu/ignorefile' specified.
             Please refer 'InfoAnalyzeBBox' or ReportIgnoreSummary' rule message for more details.

 Reading waiver file "./spyglass-1/core/lint/lint_rtl_enhanced/spyglass_spysch/constraint/spg_autogenerated_waivers.sgdc" ...
 Generating SGDC file "./spyglass-1/core/lint/lint_rtl_enhanced/spyglass_spysch/constraint/pragma2Constraint.sgdc" from pragmas in HDL source files ....
 Generating WAIVER file "./spyglass-1/core/lint/lint_rtl_enhanced/spyglass_spysch/waiver/pragma2Waiver.swl" from pragmas in HDL source files ....
Checking Rule DetectTopDesignUnits (Rule 78 of total 360)
 Detected 1 top level design units:
     core
 .... done (Time = 0.02s, Memory = 0.0K)
Performing semantic checks on SGDC contents
Checking Rule SGDC_testmode03 (Rule 79 of total 360) .... done (Time = 0.00s, Memory = 0.0K)
Checking Rule PECHECK09 (Rule 80 of total 360) .... done (Time = 0.01s, Memory = 0.0K)
Checking Rule Ac_multitop01 (Rule 81 of total 360) .... done (Time = 0.00s, Memory = 0.0K)
Checking Rule ReportObsoletePragmas (Rule 82 of total 360) .... done (Time = 0.00s, Memory = 0.0K)
Checking Rule ReportCksum (Rule 83 of total 360) .... done (Time = 0.01s, Memory = 8.0K)
Checking Rule checkSGDC_01 (Rule 84 of total 360) .... done (Time = 0.00s, Memory = 0.0K)
Checking Rule checkSGDC_03 (Rule 85 of total 360) .... done (Time = 0.00s, Memory = -32.0K)
Checking Rule checkSGDC_08 (Rule 86 of total 360) .... done (Time = 0.00s, Memory = 0.0K)
Checking Rule GenerateConfMap (Rule 87 of total 360) .... done (Time = 0.00s, Memory = 0.0K)
Checking Rule SGDC_memorywritepin04 (Rule 88 of total 360) .... done (Time = 0.00s, Memory = 0.0K)
Checking Rule SGDC_reset02 (Rule 89 of total 360) .... done (Time = 0.00s, Memory = 0.0K)
Checking Rule SGDC_reset03 (Rule 90 of total 360) .... done (Time = 0.00s, Memory = 8.0K)
Checking Rule SGDC_libgroup03 (Rule 91 of total 360) .... done (Time = 0.00s, Memory = 0.0K)
Checking Rule SGDC_ungroup02 (Rule 92 of total 360) .... done (Time = 0.00s, Memory = 0.0K)
Checking Rule HdlLibDuCheck (Rule 93 of total 360) .... done (Time = 0.01s, Memory = 2536.0K)
Checking Rule RtlDesignInfo (Rule 94 of total 360) .... done (Time = 0.00s, Memory = 0.0K)
Checking Rule W339a (Rule 95 of total 360) .... done (Time = 0.00s, Memory = 8.0K)
Checking Rule W416 (Rule 96 of total 360) .... done (Time = 0.00s, Memory = 0.0K)
Checking Rule mixedsenselist (Rule 97 of total 360) .... done (Time = 0.00s, Memory = 0.0K)
Checking Rule W110a (Rule 98 of total 360) .... done (Time = 0.00s, Memory = 0.0K)
Checking Rule Pragma_setupa (Rule 99 of total 360) .... done (Time = 0.00s, Memory = 0.0K)
Checking Rule _deltaDelay (Rule 100 of total 360) .... done (Time = 0.00s, Memory = 0.0K)
Checking Rule _deltaDelay (Rule 101 of total 360) .... done (Time = 0.00s, Memory = 0.0K)
Checking Rule preReq_ConsCase (Rule 102 of total 360) .... done (Time = 0.00s, Memory = 0.0K)
Checking Rule CheckCelldefine (Rule 103 of total 360) .... done (Time = 0.00s, Memory = 0.0K)
Checking Rule SGDC_waive23 (Rule 104 of total 360) .... done (Time = 0.00s, Memory = 0.0K)
Checking Rule SGDC_waive26 (Rule 105 of total 360) .... done (Time = 0.00s, Memory = 16.0K)
Checking Rule SGDC_waive27 (Rule 106 of total 360) .... done (Time = 0.00s, Memory = 0.0K)
Checking Rule SGDC_waive29 (Rule 107 of total 360) .... done (Time = 0.00s, Memory = 8.0K)
Checking Rule STARC05-1.1.1.1 (Rule 108 of total 360) .... done (Time = 0.00s, Memory = 8.0K)
Checking Rule STARC05-2.3.1.5b (Rule 109 of total 360) .... done (Time = 0.00s, Memory = 0.0K)
Checking Rule STARC05-2.8.1.5 (Rule 110 of total 360) .... done (Time = 0.00s, Memory = 0.0K)
Checking Rule STARC05-2.8.5.1 (Rule 111 of total 360) .... done (Time = 0.00s, Memory = 0.0K)
Checking Rule STARC05-2.9.1.2a (Rule 112 of total 360) .... done (Time = 0.00s, Memory = 0.0K)
Checking Rule STARC05-2.9.1.2b (Rule 113 of total 360) .... done (Time = 0.00s, Memory = 0.0K)
Checking Rule STARC05-2.11.3.1 (Rule 114 of total 360) .... done (Time = 0.00s, Memory = 0.0K)
Checking Rule STARC05-1.1.1.1 (Rule 115 of total 360) .... done (Time = 0.00s, Memory = 0.0K)
Checking Rule Prereqs_STARC05-1.6.2.1 (Rule 116 of total 360) .... done (Time = 0.00s, Memory = 0.0K)
Checking Rule Prereqs_STARC-1.6.2.1 (Rule 117 of total 360) .... done (Time = 0.00s, Memory = 0.0K)
Checking Rule STARC05-2.3.4.1 (Rule 118 of total 360) .... done (Time = 0.00s, Memory = 0.0K)
Checking Rule W127 (Rule 119 of total 360) .... done (Time = 0.00s, Memory = 8.0K)
Checking Rule W193 (Rule 120 of total 360) .... done (Time = 0.00s, Memory = 0.0K)
Checking Rule W317 (Rule 121 of total 360) .... done (Time = 0.00s, Memory = 0.0K)
Checking Rule W422 (Rule 122 of total 360) .... done (Time = 0.01s, Memory = -16.0K)
Checking Rule W426 (Rule 123 of total 360) .... done (Time = 0.00s, Memory = 0.0K)
Checking Rule W464 (Rule 124 of total 360) .... done (Time = 0.00s, Memory = 0.0K)
Checking Rule W479 (Rule 125 of total 360) .... done (Time = 0.00s, Memory = 0.0K)
Checking Rule W480 (Rule 126 of total 360) .... done (Time = 0.00s, Memory = 0.0K)
Checking Rule W481a (Rule 127 of total 360) .... done (Time = 0.00s, Memory = 0.0K)
Checking Rule W481b (Rule 128 of total 360) .... done (Time = 0.00s, Memory = 0.0K)
Checking Rule W527 (Rule 129 of total 360) .... done (Time = 0.00s, Memory = 0.0K)
Checking Rule W422 (Rule 130 of total 360) .... done (Time = 0.00s, Memory = 0.0K)
Checking Rule W292 (Rule 131 of total 360) .... done (Time = 0.00s, Memory = 0.0K)
Checking Rule W464 (Rule 132 of total 360) .... done (Time = 0.00s, Memory = 0.0K)
Checking Rule W71 (Rule 133 of total 360) .... done (Time = 0.00s, Memory = 0.0K)
Checking Rule W167 (Rule 134 of total 360) .... done (Time = 0.00s, Memory = 104.0K)
Checking Rule W167 (Rule 135 of total 360) .... done (Time = 0.00s, Memory = 0.0K)
Checking Rule W293 (Rule 136 of total 360) .... done (Time = 0.00s, Memory = 0.0K)
Checking Rule W398 (Rule 137 of total 360) .... done (Time = 0.00s, Memory = 0.0K)
Checking Rule W421 (Rule 138 of total 360) .... done (Time = 0.01s, Memory = 0.0K)
Checking Rule W424 (Rule 139 of total 360) .... done (Time = 0.00s, Memory = 0.0K)
Checking Rule W443 (Rule 140 of total 360) .... done (Time = 0.00s, Memory = 0.0K)
Checking Rule W444 (Rule 141 of total 360) .... done (Time = 0.00s, Memory = 0.0K)
Checking Rule W467 (Rule 142 of total 360) .... done (Time = 0.00s, Memory = 0.0K)
Checking Rule UnrecSynthDir-ML (Rule 143 of total 360) .... done (Time = 0.00s, Memory = 0.0K)
Checking Rule UnrecSynthDir-ML (Rule 144 of total 360) .... done (Time = 0.00s, Memory = 0.0K)
Checking Rule PragmaComments-ML (Rule 145 of total 360) .... done (Time = 0.00s, Memory = 2544.0K)
Checking Rule PragmaComments-ML (Rule 146 of total 360) .... done (Time = 0.00s, Memory = 0.0K)
Checking Rule CheckDelayTimescale-ML (Rule 147 of total 360) .... done (Time = 0.00s, Memory = 0.0K)
Checking Rule Prereqs_CheckTimeUnitandPrecision-ML (Rule 148 of total 360) .... done (Time = 0.00s, Memory = 0.0K)
Checking Rule NoGenLabel-ML (Rule 149 of total 360)
Rule NoGenLabel-ML: Unknown argument 'yes' passed
 .... done (Time = 0.00s, Memory = 0.0K)
Checking Rule SetBeforeRead-ML (Rule 150 of total 360) .... done (Time = 0.00s, Memory = 0.0K)
Checking ELABDU Rules for designUnit core
    Checking Rule Ac_classify_param01 (Rule 151 of total 360) .... done (Time = 0.00s, Memory = 0.0K)
    Checking Rule AcOvlRtl (Rule 152 of total 360) .... done (Time = 0.00s, Memory = 0.0K)
    Checking Rule AcOvlRtl (Rule 153 of total 360) .... done (Time = 0.00s, Memory = 32.0K)
    Checking Rule GenTopLevelBlocksForAutoSoc (Rule 154 of total 360) .... done (Time = 0.00s, Memory = 0.0K)
    Checking Rule Prereqs_InferLatch (Rule 155 of total 360) .... done (Time = 0.00s, Memory = 0.0K)
    Checking Rule STARC05-2.1.4.5 (Rule 156 of total 360) .... done (Time = 0.00s, Memory = -2568.0K)
    Checking Rule STARC05-2.1.5.3 (Rule 157 of total 360) .... done (Time = 0.00s, Memory = 0.0K)
    Checking Rule STARC05-2.2.3.3 (Rule 158 of total 360) .... done (Time = 0.00s, Memory = 8.0K)
    Checking Rule STARC05-2.3.1.6 (Rule 159 of total 360) .... done (Time = 0.00s, Memory = -16.0K)
    Checking Rule STARC05-2.10.2.3 (Rule 160 of total 360) .... done (Time = 0.00s, Memory = 0.0K)
    Checking Rule STARC05-2.10.3.2a (Rule 161 of total 360) .... done (Time = 0.00s, Memory = 0.0K)
    Checking Rule STARC05-2.11.3.1 (Rule 162 of total 360) .... done (Time = 0.02s, Memory = 2584.0K)
    Checking Rule STARC05-2.1.1.2 (Rule 163 of total 360) .... done (Time = 0.00s, Memory = 0.0K)
    Checking Rule STARC05-2.1.3.1 (Rule 164 of total 360) .... done (Time = 0.00s, Memory = 0.0K)
    Checking Rule STARC05-2.8.1.3 (Rule 165 of total 360) .... done (Time = 0.00s, Memory = 0.0K)
    Checking Rule STARC05-2.10.1.4a (Rule 166 of total 360) .... done (Time = 0.00s, Memory = 0.0K)
    Checking Rule STARC05-2.10.1.4b (Rule 167 of total 360) .... done (Time = 0.00s, Memory = 0.0K)
    Checking Rule STARC05-2.8.1.3 (Rule 168 of total 360) .... done (Time = 0.00s, Memory = 0.0K)
    Checking Rule sim_race02 (Rule 169 of total 360) .... done (Time = 0.00s, Memory = 8.0K)
    Checking Rule W239 (Rule 170 of total 360) .... done (Time = 0.00s, Memory = 0.0K)
    Checking Rule W110 (Rule 171 of total 360) .... done (Time = 0.00s, Memory = 8.0K)
    Checking Rule W122 (Rule 172 of total 360) .... done (Time = 0.00s, Memory = 0.0K)
    Checking Rule W163 (Rule 173 of total 360) .... done (Time = 0.00s, Memory = 0.0K)
    Checking Rule W552 (Rule 174 of total 360) .... done (Time = 0.00s, Memory = 0.0K)
    Checking Rule W553 (Rule 175 of total 360) .... done (Time = 0.00s, Memory = 0.0K)
    Checking Rule W496a (Rule 176 of total 360) .... done (Time = 0.00s, Memory = 0.0K)
    Checking Rule W496b (Rule 177 of total 360) .... done (Time = 0.00s, Memory = 0.0K)
    Checking Rule W19 (Rule 178 of total 360) .... done (Time = 0.00s, Memory = 0.0K)
    Checking Rule W66 (Rule 179 of total 360) .... done (Time = 0.00s, Memory = 0.0K)
    Checking Rule W116 (Rule 180 of total 360) .... done (Time = 0.00s, Memory = 0.0K)
    Checking Rule W123 (Rule 181 of total 360) .... done (Time = 0.00s, Memory = 16.0K)
    Checking Rule W156 (Rule 182 of total 360) .... done (Time = 0.01s, Memory = 896.0K)
    Checking Rule W188 (Rule 183 of total 360) .... done (Time = 0.00s, Memory = 0.0K)
    Checking Rule W215 (Rule 184 of total 360) .... done (Time = 0.00s, Memory = 0.0K)
    Checking Rule W216 (Rule 185 of total 360) .... done (Time = 0.00s, Memory = 0.0K)
    Checking Rule W218 (Rule 186 of total 360) .... done (Time = 0.00s, Memory = 0.0K)
    Checking Rule W238 (Rule 187 of total 360) .... done (Time = 0.00s, Memory = 0.0K)
    Checking Rule W245 (Rule 188 of total 360) .... done (Time = 0.00s, Memory = 0.0K)
    Checking Rule W263 (Rule 189 of total 360) .... done (Time = 0.00s, Memory = 0.0K)
    Checking Rule W289 (Rule 190 of total 360) .... done (Time = 0.00s, Memory = 0.0K)
    Checking Rule W314 (Rule 191 of total 360) .... done (Time = 0.00s, Memory = 0.0K)
    Checking Rule W316 (Rule 192 of total 360) .... done (Time = 0.00s, Memory = 0.0K)
    Checking Rule W337 (Rule 193 of total 360) .... done (Time = 0.00s, Memory = 0.0K)
    Checking Rule W342 (Rule 194 of total 360) .... done (Time = 0.00s, Memory = 0.0K)
    Checking Rule W343 (Rule 195 of total 360) .... done (Time = 0.00s, Memory = 0.0K)
    Checking Rule W416 (Rule 196 of total 360) .... done (Time = 0.00s, Memory = 0.0K)
    Checking Rule W352 (Rule 197 of total 360) .... done (Time = 0.00s, Memory = 0.0K)
    Checking Rule W362 (Rule 198 of total 360) .... done (Time = 0.00s, Memory = -2568.0K)
    Checking Rule W423 (Rule 199 of total 360) .... done (Time = 0.00s, Memory = 0.0K)
    Checking Rule W486 (Rule 200 of total 360) .... done (Time = 0.00s, Memory = 0.0K)
    Checking Rule W499 (Rule 201 of total 360) .... done (Time = 0.00s, Memory = 0.0K)
    Checking Rule W502 (Rule 202 of total 360) .... done (Time = 0.00s, Memory = 8.0K)
    Checking Rule W575 (Rule 203 of total 360) .... done (Time = 0.00s, Memory = 0.0K)
    Checking Rule W576 (Rule 204 of total 360) .... done (Time = 0.00s, Memory = 0.0K)
    Checking Rule W116 (Rule 205 of total 360) .... done (Time = 0.00s, Memory = 8.0K)
    Checking Rule W122 (Rule 206 of total 360) .... done (Time = 0.00s, Memory = 0.0K)
    Checking Rule W123 (Rule 207 of total 360) .... done (Time = 0.00s, Memory = 8.0K)
    Checking Rule W156 (Rule 208 of total 360) .... done (Time = 0.00s, Memory = 0.0K)
    Checking Rule W71 (Rule 209 of total 360) .... done (Time = 0.00s, Memory = -8.0K)
    Checking Rule W164a (Rule 210 of total 360) .... done (Time = 0.01s, Memory = 8.0K)
    Checking Rule W164a (Rule 211 of total 360) .... done (Time = 0.00s, Memory = 0.0K)
    Checking Rule W164b (Rule 212 of total 360) .... done (Time = 0.00s, Memory = 0.0K)
    Checking Rule W164b (Rule 213 of total 360) .... done (Time = 0.00s, Memory = 0.0K)
    Checking Rule W210 (Rule 214 of total 360) .... done (Time = 0.00s, Memory = 0.0K)
    Checking Rule W210 (Rule 215 of total 360) .... done (Time = 0.00s, Memory = 0.0K)
    Checking Rule W240 (Rule 216 of total 360) .... done (Time = 0.00s, Memory = 0.0K)
    Checking Rule W240 (Rule 217 of total 360) .... done (Time = 0.00s, Memory = 0.0K)
    Checking Rule W241 (Rule 218 of total 360) .... done (Time = 0.00s, Memory = 0.0K)
    Checking Rule W241 (Rule 219 of total 360) .... done (Time = 0.00s, Memory = 0.0K)
    Checking Rule W287a (Rule 220 of total 360) .... done (Time = 0.00s, Memory = 16.0K)
    Checking Rule W287c (Rule 221 of total 360) .... done (Time = 0.00s, Memory = 0.0K)
    Checking Rule W293 (Rule 222 of total 360) .... done (Time = 0.00s, Memory = 0.0K)
    Checking Rule W398 (Rule 223 of total 360) .... done (Time = 0.00s, Memory = 0.0K)
    Checking Rule W424 (Rule 224 of total 360) .... done (Time = 0.00s, Memory = 24.0K)
    Checking Rule W443 (Rule 225 of total 360) .... done (Time = 0.00s, Memory = -24.0K)
    Checking Rule W444 (Rule 226 of total 360) .... done (Time = 0.00s, Memory = 0.0K)
    Checking Rule W467 (Rule 227 of total 360) .... done (Time = 0.00s, Memory = 0.0K)
    Checking Rule W494 (Rule 228 of total 360) .... done (Time = 0.00s, Memory = 0.0K)
    Checking Rule W494 (Rule 229 of total 360) .... done (Time = 0.00s, Memory = 0.0K)
    Checking Rule W505 (Rule 230 of total 360) .... done (Time = 0.00s, Memory = 0.0K)
    Checking Rule W505 (Rule 231 of total 360) .... done (Time = 0.00s, Memory = 0.0K)
    Checking Rule Prereqs_Usage (Rule 232 of total 360) .... done (Time = 0.00s, Memory = -16.0K)
    Checking Rule Prereqs_ConstantInput-ML (Rule 233 of total 360) .... done (Time = 0.00s, Memory = 32.0K)
    Checking Rule ReportPortInfo-ML (Rule 234 of total 360) .... done (Time = 0.00s, Memory = 0.0K)
    Checking Rule Prereqs_ReportPortInfo-ML (Rule 235 of total 360) .... done (Time = 0.00s, Memory = 0.0K)
    Checking Rule Prereqs_ReportPortInfo-ML (Rule 236 of total 360) .... done (Time = 0.00s, Memory = 0.0K)
    Checking Rule DisallowCaseX-ML (Rule 237 of total 360) .... done (Time = 0.00s, Memory = 0.0K)
    Checking Rule NoAssignX-ML (Rule 238 of total 360) .... done (Time = 0.00s, Memory = 0.0K)
    Checking Rule InstPortConnType-ML (Rule 239 of total 360) .... done (Time = 0.01s, Memory = 0.0K)
    Checking Rule ParamWidthMismatch-ML (Rule 240 of total 360) .... done (Time = 0.00s, Memory = 0.0K)
    Checking Rule DuplicateCaseLabel-ML (Rule 241 of total 360) .... done (Time = 0.00s, Memory = 0.0K)
    Checking Rule AutomaticFuncTask-ML (Rule 242 of total 360) .... done (Time = 0.00s, Memory = 0.0K)
    Checking Rule SetBeforeRead-ML (Rule 243 of total 360) .... done (Time = 0.00s, Memory = 8.0K)
    Checking Rule SigAssignZ-ML (Rule 244 of total 360) .... done (Time = 0.00s, Memory = 0.0K)
    Checking Rule Postreqs_Usage_ML (Rule 245 of total 360) .... done (Time = 0.00s, Memory = 0.0K)
    Checking Rule ImproperRangeIndex-ML (Rule 246 of total 360) .... done (Time = 0.00s, Memory = 0.0K)
    Checking Rule NoXInCase-ML (Rule 247 of total 360) .... done (Time = 0.00s, Memory = 0.0K)
    Checking Rule SigAssignZ-ML (Rule 248 of total 360) .... done (Time = 0.00s, Memory = 0.0K)
Checking ELABDU Rules for designUnit conv
    Checking Rule Ac_classify_param01 (Rule 151 of total 360) .... done (Time = 0.00s, Memory = 0.0K)
    Checking Rule AcOvlRtl (Rule 152 of total 360) .... done (Time = 0.00s, Memory = 0.0K)
    Checking Rule AcOvlRtl (Rule 153 of total 360) .... done (Time = 0.00s, Memory = 32.0K)
    Checking Rule GenTopLevelBlocksForAutoSoc (Rule 154 of total 360) .... done (Time = 0.00s, Memory = 0.0K)
    Checking Rule Prereqs_InferLatch (Rule 155 of total 360) .... done (Time = 0.00s, Memory = 8.0K)
    Checking Rule STARC05-2.1.4.5 (Rule 156 of total 360) .... done (Time = 0.00s, Memory = 0.0K)
    Checking Rule STARC05-2.1.5.3 (Rule 157 of total 360) .... done (Time = 0.00s, Memory = 0.0K)
    Checking Rule STARC05-2.2.3.3 (Rule 158 of total 360) .... done (Time = 0.00s, Memory = 0.0K)
    Checking Rule STARC05-2.3.1.6 (Rule 159 of total 360) .... done (Time = 0.00s, Memory = 0.0K)
    Checking Rule STARC05-2.10.2.3 (Rule 160 of total 360) .... done (Time = 0.00s, Memory = 0.0K)
    Checking Rule STARC05-2.10.3.2a (Rule 161 of total 360) .... done (Time = 0.00s, Memory = 0.0K)
    Checking Rule STARC05-2.11.3.1 (Rule 162 of total 360) .... done (Time = 0.00s, Memory = 0.0K)
    Checking Rule STARC05-2.1.1.2 (Rule 163 of total 360) .... done (Time = 0.00s, Memory = 0.0K)
    Checking Rule STARC05-2.1.3.1 (Rule 164 of total 360) .... done (Time = 0.00s, Memory = -2568.0K)
    Checking Rule STARC05-2.8.1.3 (Rule 165 of total 360) .... done (Time = 0.00s, Memory = -24.0K)
    Checking Rule STARC05-2.10.1.4a (Rule 166 of total 360) .... done (Time = 0.00s, Memory = 0.0K)
    Checking Rule STARC05-2.10.1.4b (Rule 167 of total 360) .... done (Time = 0.00s, Memory = 0.0K)
    Checking Rule STARC05-2.8.1.3 (Rule 168 of total 360) .... done (Time = 0.00s, Memory = 0.0K)
    Checking Rule sim_race02 (Rule 169 of total 360) .... done (Time = 0.00s, Memory = 0.0K)
    Checking Rule W239 (Rule 170 of total 360) .... done (Time = 0.00s, Memory = 0.0K)
    Checking Rule W110 (Rule 171 of total 360) .... done (Time = 0.00s, Memory = -8.0K)
    Checking Rule W122 (Rule 172 of total 360) .... done (Time = 0.00s, Memory = 8.0K)
    Checking Rule W163 (Rule 173 of total 360) .... done (Time = 0.00s, Memory = -8.0K)
    Checking Rule W552 (Rule 174 of total 360) .... done (Time = 0.00s, Memory = 1024.0K)
    Checking Rule W553 (Rule 175 of total 360) .... done (Time = 0.00s, Memory = 0.0K)
    Checking Rule W496a (Rule 176 of total 360) .... done (Time = 0.00s, Memory = 0.0K)
    Checking Rule W496b (Rule 177 of total 360) .... done (Time = 0.00s, Memory = -8.0K)
    Checking Rule W19 (Rule 178 of total 360) .... done (Time = 0.00s, Memory = 0.0K)
    Checking Rule W66 (Rule 179 of total 360) .... done (Time = 0.00s, Memory = 0.0K)
    Checking Rule W116 (Rule 180 of total 360) .... done (Time = 0.00s, Memory = 0.0K)
    Checking Rule W123 (Rule 181 of total 360) .... done (Time = 0.00s, Memory = -16.0K)
    Checking Rule W156 (Rule 182 of total 360) .... done (Time = 0.00s, Memory = 0.0K)
    Checking Rule W188 (Rule 183 of total 360) .... done (Time = 0.00s, Memory = 0.0K)
    Checking Rule W215 (Rule 184 of total 360) .... done (Time = 0.00s, Memory = 0.0K)
    Checking Rule W216 (Rule 185 of total 360) .... done (Time = 0.00s, Memory = 0.0K)
    Checking Rule W218 (Rule 186 of total 360) .... done (Time = 0.00s, Memory = 0.0K)
    Checking Rule W238 (Rule 187 of total 360) .... done (Time = 0.00s, Memory = 0.0K)
    Checking Rule W245 (Rule 188 of total 360) .... done (Time = 0.00s, Memory = 0.0K)
    Checking Rule W263 (Rule 189 of total 360) .... done (Time = 0.00s, Memory = -32.0K)
    Checking Rule W289 (Rule 190 of total 360) .... done (Time = 0.00s, Memory = 0.0K)
    Checking Rule W314 (Rule 191 of total 360) .... done (Time = 0.00s, Memory = 0.0K)
    Checking Rule W316 (Rule 192 of total 360) .... done (Time = 0.00s, Memory = 0.0K)
    Checking Rule W337 (Rule 193 of total 360) .... done (Time = 0.00s, Memory = 0.0K)
    Checking Rule W342 (Rule 194 of total 360) .... done (Time = 0.00s, Memory = 8.0K)
    Checking Rule W343 (Rule 195 of total 360) .... done (Time = 0.00s, Memory = 0.0K)
    Checking Rule W416 (Rule 196 of total 360) .... done (Time = 0.00s, Memory = 32.0K)
    Checking Rule W352 (Rule 197 of total 360) .... done (Time = 0.00s, Memory = 0.0K)
    Checking Rule W362 (Rule 198 of total 360) .... done (Time = 0.00s, Memory = 0.0K)
    Checking Rule W423 (Rule 199 of total 360) .... done (Time = 0.00s, Memory = 0.0K)
    Checking Rule W486 (Rule 200 of total 360) .... done (Time = 0.00s, Memory = 0.0K)
    Checking Rule W499 (Rule 201 of total 360) .... done (Time = 0.00s, Memory = 0.0K)
    Checking Rule W502 (Rule 202 of total 360) .... done (Time = 0.00s, Memory = 0.0K)
    Checking Rule W575 (Rule 203 of total 360) .... done (Time = 0.00s, Memory = 0.0K)
    Checking Rule W576 (Rule 204 of total 360) .... done (Time = 0.00s, Memory = 0.0K)
    Checking Rule W116 (Rule 205 of total 360) .... done (Time = 0.00s, Memory = 8.0K)
    Checking Rule W122 (Rule 206 of total 360) .... done (Time = 0.00s, Memory = 0.0K)
    Checking Rule W123 (Rule 207 of total 360) .... done (Time = 0.00s, Memory = 8.0K)
    Checking Rule W156 (Rule 208 of total 360) .... done (Time = 0.00s, Memory = 0.0K)
    Checking Rule W71 (Rule 209 of total 360) .... done (Time = 0.00s, Memory = 0.0K)
    Checking Rule W164a (Rule 210 of total 360) .... done (Time = 0.00s, Memory = 0.0K)
    Checking Rule W164a (Rule 211 of total 360) .... done (Time = 0.00s, Memory = 0.0K)
    Checking Rule W164b (Rule 212 of total 360) .... done (Time = 0.00s, Memory = 0.0K)
    Checking Rule W164b (Rule 213 of total 360) .... done (Time = 0.00s, Memory = 0.0K)
    Checking Rule W210 (Rule 214 of total 360) .... done (Time = 0.00s, Memory = 0.0K)
    Checking Rule W210 (Rule 215 of total 360) .... done (Time = 0.00s, Memory = 0.0K)
    Checking Rule W240 (Rule 216 of total 360) .... done (Time = 0.00s, Memory = 0.0K)
    Checking Rule W240 (Rule 217 of total 360) .... done (Time = 0.00s, Memory = 0.0K)
    Checking Rule W241 (Rule 218 of total 360) .... done (Time = 0.00s, Memory = 0.0K)
    Checking Rule W241 (Rule 219 of total 360) .... done (Time = 0.00s, Memory = 0.0K)
    Checking Rule W287a (Rule 220 of total 360) .... done (Time = 0.00s, Memory = 0.0K)
    Checking Rule W287c (Rule 221 of total 360) .... done (Time = 0.00s, Memory = 0.0K)
    Checking Rule W293 (Rule 222 of total 360) .... done (Time = 0.00s, Memory = 0.0K)
    Checking Rule W398 (Rule 223 of total 360) .... done (Time = 0.00s, Memory = 0.0K)
    Checking Rule W424 (Rule 224 of total 360) .... done (Time = 0.00s, Memory = 0.0K)
    Checking Rule W443 (Rule 225 of total 360) .... done (Time = 0.00s, Memory = 0.0K)
    Checking Rule W444 (Rule 226 of total 360) .... done (Time = 0.00s, Memory = 0.0K)
    Checking Rule W467 (Rule 227 of total 360) .... done (Time = 0.00s, Memory = 0.0K)
    Checking Rule W494 (Rule 228 of total 360) .... done (Time = 0.00s, Memory = 0.0K)
    Checking Rule W494 (Rule 229 of total 360) .... done (Time = 0.00s, Memory = 0.0K)
    Checking Rule W505 (Rule 230 of total 360) .... done (Time = 0.00s, Memory = 0.0K)
    Checking Rule W505 (Rule 231 of total 360) .... done (Time = 0.00s, Memory = 0.0K)
    Checking Rule Prereqs_Usage (Rule 232 of total 360) .... done (Time = 0.00s, Memory = -16.0K)
    Checking Rule Prereqs_ConstantInput-ML (Rule 233 of total 360) .... done (Time = 0.00s, Memory = 32.0K)
    Checking Rule ReportPortInfo-ML (Rule 234 of total 360) .... done (Time = 0.00s, Memory = 0.0K)
    Checking Rule Prereqs_ReportPortInfo-ML (Rule 235 of total 360) .... done (Time = 0.00s, Memory = 0.0K)
    Checking Rule Prereqs_ReportPortInfo-ML (Rule 236 of total 360) .... done (Time = 0.00s, Memory = 0.0K)
    Checking Rule DisallowCaseX-ML (Rule 237 of total 360) .... done (Time = 0.00s, Memory = 0.0K)
    Checking Rule NoAssignX-ML (Rule 238 of total 360) .... done (Time = 0.00s, Memory = 0.0K)
    Checking Rule InstPortConnType-ML (Rule 239 of total 360) .... done (Time = 0.00s, Memory = 0.0K)
    Checking Rule ParamWidthMismatch-ML (Rule 240 of total 360) .... done (Time = 0.00s, Memory = 0.0K)
    Checking Rule DuplicateCaseLabel-ML (Rule 241 of total 360) .... done (Time = 0.00s, Memory = 0.0K)
    Checking Rule AutomaticFuncTask-ML (Rule 242 of total 360) .... done (Time = 0.00s, Memory = 0.0K)
    Checking Rule SetBeforeRead-ML (Rule 243 of total 360) .... done (Time = 0.00s, Memory = 0.0K)
    Checking Rule SigAssignZ-ML (Rule 244 of total 360) .... done (Time = 0.00s, Memory = 0.0K)
    Checking Rule Postreqs_Usage_ML (Rule 245 of total 360) .... done (Time = 0.00s, Memory = 0.0K)
    Checking Rule ImproperRangeIndex-ML (Rule 246 of total 360) .... done (Time = 0.00s, Memory = 0.0K)
    Checking Rule NoXInCase-ML (Rule 247 of total 360) .... done (Time = 0.00s, Memory = 0.0K)
    Checking Rule SigAssignZ-ML (Rule 248 of total 360) .... done (Time = 0.00s, Memory = 0.0K)
Checking ELABDU Rules for designUnit median
    Checking Rule Ac_classify_param01 (Rule 151 of total 360) .... done (Time = 0.00s, Memory = 0.0K)
    Checking Rule AcOvlRtl (Rule 152 of total 360) .... done (Time = 0.00s, Memory = 0.0K)
    Checking Rule AcOvlRtl (Rule 153 of total 360) .... done (Time = 0.00s, Memory = 32.0K)
    Checking Rule GenTopLevelBlocksForAutoSoc (Rule 154 of total 360) .... done (Time = 0.00s, Memory = 0.0K)
    Checking Rule Prereqs_InferLatch (Rule 155 of total 360) .... done (Time = 0.00s, Memory = 0.0K)
    Checking Rule STARC05-2.1.4.5 (Rule 156 of total 360) .... done (Time = 0.01s, Memory = 0.0K)
    Checking Rule STARC05-2.1.5.3 (Rule 157 of total 360) .... done (Time = 0.00s, Memory = 0.0K)
    Checking Rule STARC05-2.2.3.3 (Rule 158 of total 360) .... done (Time = 0.00s, Memory = 0.0K)
    Checking Rule STARC05-2.3.1.6 (Rule 159 of total 360) .... done (Time = 0.00s, Memory = 0.0K)
    Checking Rule STARC05-2.10.2.3 (Rule 160 of total 360) .... done (Time = 0.00s, Memory = 0.0K)
    Checking Rule STARC05-2.10.3.2a (Rule 161 of total 360) .... done (Time = 0.00s, Memory = 0.0K)
    Checking Rule STARC05-2.11.3.1 (Rule 162 of total 360) .... done (Time = 0.00s, Memory = 0.0K)
    Checking Rule STARC05-2.1.1.2 (Rule 163 of total 360) .... done (Time = 0.00s, Memory = 0.0K)
    Checking Rule STARC05-2.1.3.1 (Rule 164 of total 360) .... done (Time = 0.00s, Memory = 0.0K)
    Checking Rule STARC05-2.8.1.3 (Rule 165 of total 360) .... done (Time = 0.00s, Memory = 0.0K)
    Checking Rule STARC05-2.10.1.4a (Rule 166 of total 360) .... done (Time = 0.00s, Memory = 0.0K)
    Checking Rule STARC05-2.10.1.4b (Rule 167 of total 360) .... done (Time = 0.00s, Memory = 0.0K)
    Checking Rule STARC05-2.8.1.3 (Rule 168 of total 360) .... done (Time = 0.00s, Memory = 0.0K)
    Checking Rule sim_race02 (Rule 169 of total 360) .... done (Time = 0.00s, Memory = 0.0K)
    Checking Rule W239 (Rule 170 of total 360) .... done (Time = 0.00s, Memory = 0.0K)
    Checking Rule W110 (Rule 171 of total 360) .... done (Time = 0.00s, Memory = 0.0K)
    Checking Rule W122 (Rule 172 of total 360) .... done (Time = 0.00s, Memory = 0.0K)
    Checking Rule W163 (Rule 173 of total 360) .... done (Time = 0.00s, Memory = 0.0K)
    Checking Rule W552 (Rule 174 of total 360) .... done (Time = 0.00s, Memory = 0.0K)
    Checking Rule W553 (Rule 175 of total 360) .... done (Time = 0.01s, Memory = 0.0K)
    Checking Rule W496a (Rule 176 of total 360) .... done (Time = 0.00s, Memory = 0.0K)
    Checking Rule W496b (Rule 177 of total 360) .... done (Time = 0.00s, Memory = 0.0K)
    Checking Rule W19 (Rule 178 of total 360) .... done (Time = 0.00s, Memory = 0.0K)
    Checking Rule W66 (Rule 179 of total 360) .... done (Time = 0.00s, Memory = 0.0K)
    Checking Rule W116 (Rule 180 of total 360) .... done (Time = 0.00s, Memory = -2552.0K)
    Checking Rule W123 (Rule 181 of total 360) .... done (Time = 0.00s, Memory = -40.0K)
    Checking Rule W156 (Rule 182 of total 360) .... done (Time = 0.00s, Memory = -8.0K)
    Checking Rule W188 (Rule 183 of total 360) .... done (Time = 0.00s, Memory = -32.0K)
    Checking Rule W215 (Rule 184 of total 360) .... done (Time = 0.00s, Memory = 0.0K)
    Checking Rule W216 (Rule 185 of total 360) .... done (Time = 0.00s, Memory = 0.0K)
    Checking Rule W218 (Rule 186 of total 360) .... done (Time = 0.00s, Memory = 0.0K)
    Checking Rule W238 (Rule 187 of total 360) .... done (Time = 0.01s, Memory = 0.0K)
    Checking Rule W245 (Rule 188 of total 360) .... done (Time = 0.00s, Memory = 0.0K)
    Checking Rule W263 (Rule 189 of total 360) .... done (Time = 0.00s, Memory = 0.0K)
    Checking Rule W289 (Rule 190 of total 360) .... done (Time = 0.00s, Memory = 0.0K)
    Checking Rule W314 (Rule 191 of total 360) .... done (Time = 0.00s, Memory = 0.0K)
    Checking Rule W316 (Rule 192 of total 360) .... done (Time = 0.00s, Memory = 0.0K)
    Checking Rule W337 (Rule 193 of total 360) .... done (Time = 0.00s, Memory = 0.0K)
    Checking Rule W342 (Rule 194 of total 360) .... done (Time = 0.00s, Memory = 0.0K)
    Checking Rule W343 (Rule 195 of total 360) .... done (Time = 0.00s, Memory = 0.0K)
    Checking Rule W416 (Rule 196 of total 360) .... done (Time = 0.00s, Memory = 0.0K)
    Checking Rule W352 (Rule 197 of total 360) .... done (Time = 0.00s, Memory = 0.0K)
    Checking Rule W362 (Rule 198 of total 360) .... done (Time = 0.00s, Memory = 0.0K)
    Checking Rule W423 (Rule 199 of total 360) .... done (Time = 0.00s, Memory = 0.0K)
    Checking Rule W486 (Rule 200 of total 360) .... done (Time = 0.00s, Memory = 0.0K)
    Checking Rule W499 (Rule 201 of total 360) .... done (Time = 0.00s, Memory = 0.0K)
    Checking Rule W502 (Rule 202 of total 360) .... done (Time = 0.00s, Memory = 0.0K)
    Checking Rule W575 (Rule 203 of total 360) .... done (Time = 0.00s, Memory = 0.0K)
    Checking Rule W576 (Rule 204 of total 360) .... done (Time = 0.00s, Memory = 0.0K)
    Checking Rule W116 (Rule 205 of total 360) .... done (Time = 0.00s, Memory = 8.0K)
    Checking Rule W122 (Rule 206 of total 360) .... done (Time = 0.00s, Memory = 0.0K)
    Checking Rule W123 (Rule 207 of total 360) .... done (Time = 0.00s, Memory = 8.0K)
    Checking Rule W156 (Rule 208 of total 360) .... done (Time = 0.00s, Memory = 0.0K)
    Checking Rule W71 (Rule 209 of total 360) .... done (Time = 0.00s, Memory = 24.0K)
    Checking Rule W164a (Rule 210 of total 360) .... done (Time = 0.00s, Memory = 2544.0K)
    Checking Rule W164a (Rule 211 of total 360) .... done (Time = 0.00s, Memory = 0.0K)
    Checking Rule W164b (Rule 212 of total 360) .... done (Time = 0.01s, Memory = 0.0K)
    Checking Rule W164b (Rule 213 of total 360) .... done (Time = 0.00s, Memory = 0.0K)
    Checking Rule W210 (Rule 214 of total 360) .... done (Time = 0.00s, Memory = 0.0K)
    Checking Rule W210 (Rule 215 of total 360) .... done (Time = 0.00s, Memory = 0.0K)
    Checking Rule W240 (Rule 216 of total 360) .... done (Time = 0.00s, Memory = 0.0K)
    Checking Rule W240 (Rule 217 of total 360) .... done (Time = 0.00s, Memory = 0.0K)
    Checking Rule W241 (Rule 218 of total 360) .... done (Time = 0.00s, Memory = 0.0K)
    Checking Rule W241 (Rule 219 of total 360) .... done (Time = 0.00s, Memory = 0.0K)
    Checking Rule W287a (Rule 220 of total 360) .... done (Time = 0.00s, Memory = 0.0K)
    Checking Rule W287c (Rule 221 of total 360) .... done (Time = 0.00s, Memory = 0.0K)
    Checking Rule W293 (Rule 222 of total 360) .... done (Time = 0.00s, Memory = 0.0K)
    Checking Rule W398 (Rule 223 of total 360) .... done (Time = 0.00s, Memory = 0.0K)
    Checking Rule W424 (Rule 224 of total 360) .... done (Time = 0.00s, Memory = 0.0K)
    Checking Rule W443 (Rule 225 of total 360) .... done (Time = 0.00s, Memory = 0.0K)
    Checking Rule W444 (Rule 226 of total 360) .... done (Time = 0.00s, Memory = 0.0K)
    Checking Rule W467 (Rule 227 of total 360) .... done (Time = 0.00s, Memory = 0.0K)
    Checking Rule W494 (Rule 228 of total 360) .... done (Time = 0.00s, Memory = 0.0K)
    Checking Rule W494 (Rule 229 of total 360) .... done (Time = 0.00s, Memory = 0.0K)
    Checking Rule W505 (Rule 230 of total 360) .... done (Time = 0.00s, Memory = 0.0K)
    Checking Rule W505 (Rule 231 of total 360) .... done (Time = 0.00s, Memory = 0.0K)
    Checking Rule Prereqs_Usage (Rule 232 of total 360) .... done (Time = 0.00s, Memory = -16.0K)
    Checking Rule Prereqs_ConstantInput-ML (Rule 233 of total 360) .... done (Time = 0.00s, Memory = 32.0K)
    Checking Rule ReportPortInfo-ML (Rule 234 of total 360) .... done (Time = 0.00s, Memory = 0.0K)
    Checking Rule Prereqs_ReportPortInfo-ML (Rule 235 of total 360) .... done (Time = 0.00s, Memory = 0.0K)
    Checking Rule Prereqs_ReportPortInfo-ML (Rule 236 of total 360) .... done (Time = 0.00s, Memory = 0.0K)
    Checking Rule DisallowCaseX-ML (Rule 237 of total 360) .... done (Time = 0.00s, Memory = 0.0K)
    Checking Rule NoAssignX-ML (Rule 238 of total 360) .... done (Time = 0.00s, Memory = 0.0K)
    Checking Rule InstPortConnType-ML (Rule 239 of total 360) .... done (Time = 0.00s, Memory = 0.0K)
    Checking Rule ParamWidthMismatch-ML (Rule 240 of total 360) .... done (Time = 0.00s, Memory = 0.0K)
    Checking Rule DuplicateCaseLabel-ML (Rule 241 of total 360) .... done (Time = 0.00s, Memory = 0.0K)
    Checking Rule AutomaticFuncTask-ML (Rule 242 of total 360) .... done (Time = 0.00s, Memory = 0.0K)
    Checking Rule SetBeforeRead-ML (Rule 243 of total 360) .... done (Time = 0.00s, Memory = 8.0K)
    Checking Rule SigAssignZ-ML (Rule 244 of total 360) .... done (Time = 0.00s, Memory = 0.0K)
    Checking Rule Postreqs_Usage_ML (Rule 245 of total 360) .... done (Time = 0.00s, Memory = 0.0K)
    Checking Rule ImproperRangeIndex-ML (Rule 246 of total 360) .... done (Time = 0.01s, Memory = 0.0K)
    Checking Rule NoXInCase-ML (Rule 247 of total 360) .... done (Time = 0.00s, Memory = 0.0K)
    Checking Rule SigAssignZ-ML (Rule 248 of total 360) .... done (Time = 0.00s, Memory = 0.0K)
Checking ELABDU Rules for designUnit median_filter_submodule
    Checking Rule Ac_classify_param01 (Rule 151 of total 360) .... done (Time = 0.00s, Memory = 0.0K)
    Checking Rule AcOvlRtl (Rule 152 of total 360) .... done (Time = 0.00s, Memory = 0.0K)
    Checking Rule AcOvlRtl (Rule 153 of total 360) .... done (Time = 0.00s, Memory = 32.0K)
    Checking Rule GenTopLevelBlocksForAutoSoc (Rule 154 of total 360) .... done (Time = 0.00s, Memory = 0.0K)
    Checking Rule Prereqs_InferLatch (Rule 155 of total 360) .... done (Time = 0.00s, Memory = 0.0K)
    Checking Rule STARC05-2.1.4.5 (Rule 156 of total 360) .... done (Time = 0.00s, Memory = 0.0K)
    Checking Rule STARC05-2.1.5.3 (Rule 157 of total 360) .... done (Time = 0.00s, Memory = 0.0K)
    Checking Rule STARC05-2.2.3.3 (Rule 158 of total 360) .... done (Time = 0.00s, Memory = 0.0K)
    Checking Rule STARC05-2.3.1.6 (Rule 159 of total 360) .... done (Time = 0.00s, Memory = 0.0K)
    Checking Rule STARC05-2.10.2.3 (Rule 160 of total 360) .... done (Time = 0.00s, Memory = 0.0K)
    Checking Rule STARC05-2.10.3.2a (Rule 161 of total 360) .... done (Time = 0.00s, Memory = 0.0K)
    Checking Rule STARC05-2.11.3.1 (Rule 162 of total 360) .... done (Time = 0.00s, Memory = 0.0K)
    Checking Rule STARC05-2.1.1.2 (Rule 163 of total 360) .... done (Time = 0.00s, Memory = 0.0K)
    Checking Rule STARC05-2.1.3.1 (Rule 164 of total 360) .... done (Time = 0.00s, Memory = 16.0K)
    Checking Rule STARC05-2.8.1.3 (Rule 165 of total 360) .... done (Time = 0.00s, Memory = 8.0K)
    Checking Rule STARC05-2.10.1.4a (Rule 166 of total 360) .... done (Time = 0.00s, Memory = 0.0K)
    Checking Rule STARC05-2.10.1.4b (Rule 167 of total 360) .... done (Time = 0.00s, Memory = 0.0K)
    Checking Rule STARC05-2.8.1.3 (Rule 168 of total 360) .... done (Time = 0.00s, Memory = 0.0K)
    Checking Rule sim_race02 (Rule 169 of total 360) .... done (Time = 0.00s, Memory = 0.0K)
    Checking Rule W239 (Rule 170 of total 360) .... done (Time = 0.00s, Memory = 0.0K)
    Checking Rule W110 (Rule 171 of total 360) .... done (Time = 0.00s, Memory = 0.0K)
    Checking Rule W122 (Rule 172 of total 360) .... done (Time = 0.00s, Memory = 0.0K)
    Checking Rule W163 (Rule 173 of total 360) .... done (Time = 0.00s, Memory = 8.0K)
    Checking Rule W552 (Rule 174 of total 360) .... done (Time = 0.00s, Memory = 0.0K)
    Checking Rule W553 (Rule 175 of total 360) .... done (Time = 0.00s, Memory = 0.0K)
    Checking Rule W496a (Rule 176 of total 360) .... done (Time = 0.00s, Memory = -8.0K)
    Checking Rule W496b (Rule 177 of total 360) .... done (Time = 0.00s, Memory = 0.0K)
    Checking Rule W19 (Rule 178 of total 360) .... done (Time = 0.00s, Memory = 0.0K)
    Checking Rule W66 (Rule 179 of total 360) .... done (Time = 0.00s, Memory = 0.0K)
    Checking Rule W116 (Rule 180 of total 360) .... done (Time = 0.00s, Memory = 0.0K)
    Checking Rule W123 (Rule 181 of total 360) .... done (Time = 0.00s, Memory = 8.0K)
    Checking Rule W156 (Rule 182 of total 360) .... done (Time = 0.00s, Memory = 0.0K)
    Checking Rule W188 (Rule 183 of total 360) .... done (Time = 0.00s, Memory = 0.0K)
    Checking Rule W215 (Rule 184 of total 360) .... done (Time = 0.01s, Memory = 8.0K)
    Checking Rule W216 (Rule 185 of total 360) .... done (Time = 0.00s, Memory = 0.0K)
    Checking Rule W218 (Rule 186 of total 360) .... done (Time = 0.00s, Memory = 0.0K)
    Checking Rule W238 (Rule 187 of total 360) .... done (Time = 0.00s, Memory = 0.0K)
    Checking Rule W245 (Rule 188 of total 360) .... done (Time = 0.00s, Memory = 0.0K)
    Checking Rule W263 (Rule 189 of total 360) .... done (Time = 0.00s, Memory = 0.0K)
    Checking Rule W289 (Rule 190 of total 360) .... done (Time = 0.00s, Memory = 0.0K)
    Checking Rule W314 (Rule 191 of total 360) .... done (Time = 0.00s, Memory = 0.0K)
    Checking Rule W316 (Rule 192 of total 360) .... done (Time = 0.00s, Memory = 0.0K)
    Checking Rule W337 (Rule 193 of total 360) .... done (Time = 0.00s, Memory = 0.0K)
    Checking Rule W342 (Rule 194 of total 360) .... done (Time = 0.00s, Memory = 0.0K)
    Checking Rule W343 (Rule 195 of total 360) .... done (Time = 0.00s, Memory = 0.0K)
    Checking Rule W416 (Rule 196 of total 360) .... done (Time = 0.00s, Memory = 0.0K)
    Checking Rule W352 (Rule 197 of total 360) .... done (Time = 0.00s, Memory = 0.0K)
    Checking Rule W362 (Rule 198 of total 360) .... done (Time = 0.00s, Memory = 0.0K)
    Checking Rule W423 (Rule 199 of total 360) .... done (Time = 0.00s, Memory = 0.0K)
    Checking Rule W486 (Rule 200 of total 360) .... done (Time = 0.00s, Memory = 0.0K)
    Checking Rule W499 (Rule 201 of total 360) .... done (Time = 0.01s, Memory = 0.0K)
    Checking Rule W502 (Rule 202 of total 360) .... done (Time = 0.00s, Memory = 0.0K)
    Checking Rule W575 (Rule 203 of total 360) .... done (Time = 0.00s, Memory = 0.0K)
    Checking Rule W576 (Rule 204 of total 360) .... done (Time = 0.00s, Memory = 0.0K)
    Checking Rule W116 (Rule 205 of total 360) .... done (Time = 0.00s, Memory = 8.0K)
    Checking Rule W122 (Rule 206 of total 360) .... done (Time = 0.00s, Memory = 0.0K)
    Checking Rule W123 (Rule 207 of total 360) .... done (Time = 0.00s, Memory = 8.0K)
    Checking Rule W156 (Rule 208 of total 360) .... done (Time = 0.00s, Memory = 0.0K)
    Checking Rule W71 (Rule 209 of total 360) .... done (Time = 0.00s, Memory = 0.0K)
    Checking Rule W164a (Rule 210 of total 360) .... done (Time = 0.00s, Memory = 0.0K)
    Checking Rule W164a (Rule 211 of total 360) .... done (Time = 0.00s, Memory = 0.0K)
    Checking Rule W164b (Rule 212 of total 360) .... done (Time = 0.00s, Memory = 0.0K)
    Checking Rule W164b (Rule 213 of total 360) .... done (Time = 0.00s, Memory = 0.0K)
    Checking Rule W210 (Rule 214 of total 360) .... done (Time = 0.00s, Memory = 0.0K)
    Checking Rule W210 (Rule 215 of total 360) .... done (Time = 0.00s, Memory = 0.0K)
    Checking Rule W240 (Rule 216 of total 360) .... done (Time = 0.00s, Memory = 0.0K)
    Checking Rule W240 (Rule 217 of total 360) .... done (Time = 0.00s, Memory = 0.0K)
    Checking Rule W241 (Rule 218 of total 360) .... done (Time = 0.00s, Memory = 0.0K)
    Checking Rule W241 (Rule 219 of total 360) .... done (Time = 0.00s, Memory = 0.0K)
    Checking Rule W287a (Rule 220 of total 360) .... done (Time = 0.00s, Memory = 0.0K)
    Checking Rule W287c (Rule 221 of total 360) .... done (Time = 0.00s, Memory = 0.0K)
    Checking Rule W293 (Rule 222 of total 360) .... done (Time = 0.01s, Memory = 0.0K)
    Checking Rule W398 (Rule 223 of total 360) .... done (Time = 0.00s, Memory = 0.0K)
    Checking Rule W424 (Rule 224 of total 360) .... done (Time = 0.00s, Memory = 0.0K)
    Checking Rule W443 (Rule 225 of total 360) .... done (Time = 0.00s, Memory = 0.0K)
    Checking Rule W444 (Rule 226 of total 360) .... done (Time = 0.00s, Memory = 0.0K)
    Checking Rule W467 (Rule 227 of total 360) .... done (Time = 0.00s, Memory = 0.0K)
    Checking Rule W494 (Rule 228 of total 360) .... done (Time = 0.00s, Memory = 0.0K)
    Checking Rule W494 (Rule 229 of total 360) .... done (Time = 0.00s, Memory = 0.0K)
    Checking Rule W505 (Rule 230 of total 360) .... done (Time = 0.00s, Memory = 0.0K)
    Checking Rule W505 (Rule 231 of total 360) .... done (Time = 0.00s, Memory = 0.0K)
    Checking Rule Prereqs_Usage (Rule 232 of total 360) .... done (Time = 0.00s, Memory = -16.0K)
    Checking Rule Prereqs_ConstantInput-ML (Rule 233 of total 360) .... done (Time = 0.00s, Memory = 32.0K)
    Checking Rule ReportPortInfo-ML (Rule 234 of total 360) .... done (Time = 0.00s, Memory = 0.0K)
    Checking Rule Prereqs_ReportPortInfo-ML (Rule 235 of total 360) .... done (Time = 0.00s, Memory = 0.0K)
    Checking Rule Prereqs_ReportPortInfo-ML (Rule 236 of total 360) .... done (Time = 0.00s, Memory = 0.0K)
    Checking Rule DisallowCaseX-ML (Rule 237 of total 360) .... done (Time = 0.00s, Memory = 0.0K)
    Checking Rule NoAssignX-ML (Rule 238 of total 360) .... done (Time = 0.00s, Memory = 0.0K)
    Checking Rule InstPortConnType-ML (Rule 239 of total 360) .... done (Time = 0.00s, Memory = 0.0K)
    Checking Rule ParamWidthMismatch-ML (Rule 240 of total 360) .... done (Time = 0.00s, Memory = 0.0K)
    Checking Rule DuplicateCaseLabel-ML (Rule 241 of total 360) .... done (Time = 0.00s, Memory = 0.0K)
    Checking Rule AutomaticFuncTask-ML (Rule 242 of total 360) .... done (Time = 0.00s, Memory = 0.0K)
    Checking Rule SetBeforeRead-ML (Rule 243 of total 360) .... done (Time = 0.00s, Memory = 2568.0K)
    Checking Rule SigAssignZ-ML (Rule 244 of total 360) .... done (Time = 0.00s, Memory = 0.0K)
    Checking Rule Postreqs_Usage_ML (Rule 245 of total 360) .... done (Time = 0.00s, Memory = 0.0K)
    Checking Rule ImproperRangeIndex-ML (Rule 246 of total 360) .... done (Time = 0.00s, Memory = 0.0K)
    Checking Rule NoXInCase-ML (Rule 247 of total 360) .... done (Time = 0.00s, Memory = 0.0K)
    Checking Rule SigAssignZ-ML (Rule 248 of total 360) .... done (Time = 0.00s, Memory = 0.0K)
Checking ELABDU Rules for designUnit sobel_gradient
    Checking Rule Ac_classify_param01 (Rule 151 of total 360) .... done (Time = 0.00s, Memory = 0.0K)
    Checking Rule AcOvlRtl (Rule 152 of total 360) .... done (Time = 0.00s, Memory = 0.0K)
    Checking Rule AcOvlRtl (Rule 153 of total 360) .... done (Time = 0.00s, Memory = 32.0K)
    Checking Rule GenTopLevelBlocksForAutoSoc (Rule 154 of total 360) .... done (Time = 0.00s, Memory = 0.0K)
    Checking Rule Prereqs_InferLatch (Rule 155 of total 360) .... done (Time = 0.00s, Memory = 0.0K)
    Checking Rule STARC05-2.1.4.5 (Rule 156 of total 360) .... done (Time = 0.00s, Memory = 0.0K)
    Checking Rule STARC05-2.1.5.3 (Rule 157 of total 360) .... done (Time = 0.00s, Memory = 0.0K)
    Checking Rule STARC05-2.2.3.3 (Rule 158 of total 360) .... done (Time = 0.00s, Memory = 0.0K)
    Checking Rule STARC05-2.3.1.6 (Rule 159 of total 360) .... done (Time = 0.00s, Memory = 0.0K)
    Checking Rule STARC05-2.10.2.3 (Rule 160 of total 360) .... done (Time = 0.01s, Memory = 0.0K)
    Checking Rule STARC05-2.10.3.2a (Rule 161 of total 360) .... done (Time = 0.00s, Memory = 0.0K)
    Checking Rule STARC05-2.11.3.1 (Rule 162 of total 360) .... done (Time = 0.00s, Memory = 0.0K)
    Checking Rule STARC05-2.1.1.2 (Rule 163 of total 360) .... done (Time = 0.00s, Memory = 0.0K)
    Checking Rule STARC05-2.1.3.1 (Rule 164 of total 360) .... done (Time = 0.00s, Memory = 0.0K)
    Checking Rule STARC05-2.8.1.3 (Rule 165 of total 360) .... done (Time = 0.00s, Memory = 0.0K)
    Checking Rule STARC05-2.10.1.4a (Rule 166 of total 360) .... done (Time = 0.00s, Memory = 0.0K)
    Checking Rule STARC05-2.10.1.4b (Rule 167 of total 360) .... done (Time = 0.00s, Memory = 0.0K)
    Checking Rule STARC05-2.8.1.3 (Rule 168 of total 360) .... done (Time = 0.00s, Memory = 0.0K)
    Checking Rule sim_race02 (Rule 169 of total 360) .... done (Time = 0.00s, Memory = 0.0K)
    Checking Rule W239 (Rule 170 of total 360) .... done (Time = 0.00s, Memory = 0.0K)
    Checking Rule W110 (Rule 171 of total 360) .... done (Time = 0.00s, Memory = 8.0K)
    Checking Rule W122 (Rule 172 of total 360) .... done (Time = 0.00s, Memory = 0.0K)
    Checking Rule W163 (Rule 173 of total 360) .... done (Time = 0.00s, Memory = 0.0K)
    Checking Rule W552 (Rule 174 of total 360) .... done (Time = 0.00s, Memory = 0.0K)
    Checking Rule W553 (Rule 175 of total 360) .... done (Time = 0.00s, Memory = -2568.0K)
    Checking Rule W496a (Rule 176 of total 360) .... done (Time = 0.00s, Memory = -8.0K)
    Checking Rule W496b (Rule 177 of total 360) .... done (Time = 0.00s, Memory = 8.0K)
    Checking Rule W19 (Rule 178 of total 360) .... done (Time = 0.00s, Memory = -8.0K)
    Checking Rule W66 (Rule 179 of total 360) .... done (Time = 0.00s, Memory = 0.0K)
    Checking Rule W116 (Rule 180 of total 360) .... done (Time = 0.00s, Memory = -32.0K)
    Checking Rule W123 (Rule 181 of total 360) .... done (Time = 0.00s, Memory = 24.0K)
    Checking Rule W156 (Rule 182 of total 360) .... done (Time = 0.00s, Memory = 0.0K)
    Checking Rule W188 (Rule 183 of total 360) .... done (Time = 0.00s, Memory = 0.0K)
    Checking Rule W215 (Rule 184 of total 360) .... done (Time = 0.01s, Memory = 0.0K)
    Checking Rule W216 (Rule 185 of total 360) .... done (Time = 0.00s, Memory = 0.0K)
    Checking Rule W218 (Rule 186 of total 360) .... done (Time = 0.00s, Memory = 0.0K)
    Checking Rule W238 (Rule 187 of total 360) .... done (Time = 0.00s, Memory = 0.0K)
    Checking Rule W245 (Rule 188 of total 360) .... done (Time = 0.00s, Memory = 0.0K)
    Checking Rule W263 (Rule 189 of total 360) .... done (Time = 0.00s, Memory = 0.0K)
    Checking Rule W289 (Rule 190 of total 360) .... done (Time = 0.00s, Memory = 0.0K)
    Checking Rule W314 (Rule 191 of total 360) .... done (Time = 0.00s, Memory = 0.0K)
    Checking Rule W316 (Rule 192 of total 360) .... done (Time = 0.00s, Memory = 0.0K)
    Checking Rule W337 (Rule 193 of total 360) .... done (Time = 0.00s, Memory = 0.0K)
    Checking Rule W342 (Rule 194 of total 360) .... done (Time = 0.00s, Memory = 0.0K)
    Checking Rule W343 (Rule 195 of total 360) .... done (Time = 0.00s, Memory = 0.0K)
    Checking Rule W416 (Rule 196 of total 360) .... done (Time = 0.00s, Memory = 0.0K)
    Checking Rule W352 (Rule 197 of total 360) .... done (Time = 0.00s, Memory = 0.0K)
    Checking Rule W362 (Rule 198 of total 360) .... done (Time = 0.00s, Memory = 0.0K)
    Checking Rule W423 (Rule 199 of total 360) .... done (Time = 0.00s, Memory = 0.0K)
    Checking Rule W486 (Rule 200 of total 360) .... done (Time = 0.00s, Memory = 0.0K)
    Checking Rule W499 (Rule 201 of total 360) .... done (Time = 0.00s, Memory = 0.0K)
    Checking Rule W502 (Rule 202 of total 360) .... done (Time = 0.00s, Memory = 0.0K)
    Checking Rule W575 (Rule 203 of total 360) .... done (Time = 0.00s, Memory = 0.0K)
    Checking Rule W576 (Rule 204 of total 360) .... done (Time = 0.00s, Memory = 0.0K)
    Checking Rule W116 (Rule 205 of total 360) .... done (Time = 0.00s, Memory = 8.0K)
    Checking Rule W122 (Rule 206 of total 360) .... done (Time = 0.00s, Memory = 0.0K)
    Checking Rule W123 (Rule 207 of total 360) .... done (Time = 0.00s, Memory = 8.0K)
    Checking Rule W156 (Rule 208 of total 360) .... done (Time = 0.00s, Memory = 0.0K)
    Checking Rule W71 (Rule 209 of total 360) .... done (Time = 0.00s, Memory = 0.0K)
    Checking Rule W164a (Rule 210 of total 360) .... done (Time = 0.00s, Memory = 8.0K)
    Checking Rule W164a (Rule 211 of total 360) .... done (Time = 0.00s, Memory = 0.0K)
    Checking Rule W164b (Rule 212 of total 360) .... done (Time = 0.00s, Memory = 0.0K)
    Checking Rule W164b (Rule 213 of total 360) .... done (Time = 0.00s, Memory = 0.0K)
    Checking Rule W210 (Rule 214 of total 360) .... done (Time = 0.00s, Memory = 0.0K)
    Checking Rule W210 (Rule 215 of total 360) .... done (Time = 0.00s, Memory = 0.0K)
    Checking Rule W240 (Rule 216 of total 360) .... done (Time = 0.00s, Memory = 0.0K)
    Checking Rule W240 (Rule 217 of total 360) .... done (Time = 0.00s, Memory = 0.0K)
    Checking Rule W241 (Rule 218 of total 360) .... done (Time = 0.00s, Memory = 0.0K)
    Checking Rule W241 (Rule 219 of total 360) .... done (Time = 0.00s, Memory = 0.0K)
    Checking Rule W287a (Rule 220 of total 360) .... done (Time = 0.00s, Memory = 0.0K)
    Checking Rule W287c (Rule 221 of total 360) .... done (Time = 0.00s, Memory = 0.0K)
    Checking Rule W293 (Rule 222 of total 360) .... done (Time = 0.00s, Memory = 0.0K)
    Checking Rule W398 (Rule 223 of total 360) .... done (Time = 0.00s, Memory = 0.0K)
    Checking Rule W424 (Rule 224 of total 360) .... done (Time = 0.00s, Memory = 0.0K)
    Checking Rule W443 (Rule 225 of total 360) .... done (Time = 0.00s, Memory = 0.0K)
    Checking Rule W444 (Rule 226 of total 360) .... done (Time = 0.01s, Memory = 0.0K)
    Checking Rule W467 (Rule 227 of total 360) .... done (Time = 0.00s, Memory = 0.0K)
    Checking Rule W494 (Rule 228 of total 360) .... done (Time = 0.00s, Memory = 0.0K)
    Checking Rule W494 (Rule 229 of total 360) .... done (Time = 0.00s, Memory = 0.0K)
    Checking Rule W505 (Rule 230 of total 360) .... done (Time = 0.00s, Memory = 0.0K)
    Checking Rule W505 (Rule 231 of total 360) .... done (Time = 0.00s, Memory = 0.0K)
    Checking Rule Prereqs_Usage (Rule 232 of total 360) .... done (Time = 0.00s, Memory = -16.0K)
    Checking Rule Prereqs_ConstantInput-ML (Rule 233 of total 360) .... done (Time = 0.00s, Memory = 32.0K)
    Checking Rule ReportPortInfo-ML (Rule 234 of total 360) .... done (Time = 0.00s, Memory = 0.0K)
    Checking Rule Prereqs_ReportPortInfo-ML (Rule 235 of total 360) .... done (Time = 0.00s, Memory = 0.0K)
    Checking Rule Prereqs_ReportPortInfo-ML (Rule 236 of total 360) .... done (Time = 0.00s, Memory = 0.0K)
    Checking Rule DisallowCaseX-ML (Rule 237 of total 360) .... done (Time = 0.00s, Memory = 0.0K)
    Checking Rule NoAssignX-ML (Rule 238 of total 360) .... done (Time = 0.00s, Memory = 0.0K)
    Checking Rule InstPortConnType-ML (Rule 239 of total 360) .... done (Time = 0.00s, Memory = 0.0K)
    Checking Rule ParamWidthMismatch-ML (Rule 240 of total 360) .... done (Time = 0.00s, Memory = 0.0K)
    Checking Rule DuplicateCaseLabel-ML (Rule 241 of total 360) .... done (Time = 0.00s, Memory = 0.0K)
    Checking Rule AutomaticFuncTask-ML (Rule 242 of total 360) .... done (Time = 0.00s, Memory = 0.0K)
    Checking Rule SetBeforeRead-ML (Rule 243 of total 360) .... done (Time = 0.00s, Memory = 0.0K)
    Checking Rule SigAssignZ-ML (Rule 244 of total 360) .... done (Time = 0.00s, Memory = 0.0K)
    Checking Rule Postreqs_Usage_ML (Rule 245 of total 360) .... done (Time = 0.00s, Memory = 0.0K)
    Checking Rule ImproperRangeIndex-ML (Rule 246 of total 360) .... done (Time = 0.00s, Memory = 0.0K)
    Checking Rule NoXInCase-ML (Rule 247 of total 360) .... done (Time = 0.00s, Memory = 0.0K)
    Checking Rule SigAssignZ-ML (Rule 248 of total 360) .... done (Time = 0.00s, Memory = 0.0K)
Checking ELABDU Rules for designUnit sober_compare
    Checking Rule Ac_classify_param01 (Rule 151 of total 360) .... done (Time = 0.00s, Memory = 0.0K)
    Checking Rule AcOvlRtl (Rule 152 of total 360) .... done (Time = 0.00s, Memory = 0.0K)
    Checking Rule AcOvlRtl (Rule 153 of total 360) .... done (Time = 0.00s, Memory = 32.0K)
    Checking Rule GenTopLevelBlocksForAutoSoc (Rule 154 of total 360) .... done (Time = 0.00s, Memory = 0.0K)
    Checking Rule Prereqs_InferLatch (Rule 155 of total 360) .... done (Time = 0.00s, Memory = 0.0K)
    Checking Rule STARC05-2.1.4.5 (Rule 156 of total 360) .... done (Time = 0.00s, Memory = 0.0K)
    Checking Rule STARC05-2.1.5.3 (Rule 157 of total 360) .... done (Time = 0.00s, Memory = 8.0K)
    Checking Rule STARC05-2.2.3.3 (Rule 158 of total 360) .... done (Time = 0.00s, Memory = -16.0K)
    Checking Rule STARC05-2.3.1.6 (Rule 159 of total 360) .... done (Time = 0.00s, Memory = 0.0K)
    Checking Rule STARC05-2.10.2.3 (Rule 160 of total 360) .... done (Time = 0.00s, Memory = 0.0K)
    Checking Rule STARC05-2.10.3.2a (Rule 161 of total 360) .... done (Time = 0.00s, Memory = 0.0K)
    Checking Rule STARC05-2.11.3.1 (Rule 162 of total 360) .... done (Time = 0.00s, Memory = 0.0K)
    Checking Rule STARC05-2.1.1.2 (Rule 163 of total 360) .... done (Time = 0.00s, Memory = 0.0K)
    Checking Rule STARC05-2.1.3.1 (Rule 164 of total 360) .... done (Time = 0.00s, Memory = 0.0K)
    Checking Rule STARC05-2.8.1.3 (Rule 165 of total 360) .... done (Time = 0.00s, Memory = 0.0K)
    Checking Rule STARC05-2.10.1.4a (Rule 166 of total 360) .... done (Time = 0.00s, Memory = 0.0K)
    Checking Rule STARC05-2.10.1.4b (Rule 167 of total 360) .... done (Time = 0.00s, Memory = 0.0K)
    Checking Rule STARC05-2.8.1.3 (Rule 168 of total 360) .... done (Time = 0.00s, Memory = 0.0K)
    Checking Rule sim_race02 (Rule 169 of total 360) .... done (Time = 0.00s, Memory = 0.0K)
    Checking Rule W239 (Rule 170 of total 360) .... done (Time = 0.00s, Memory = 0.0K)
    Checking Rule W110 (Rule 171 of total 360) .... done (Time = 0.00s, Memory = 0.0K)
    Checking Rule W122 (Rule 172 of total 360) .... done (Time = 0.00s, Memory = 0.0K)
    Checking Rule W163 (Rule 173 of total 360) .... done (Time = 0.00s, Memory = 0.0K)
    Checking Rule W552 (Rule 174 of total 360) .... done (Time = 0.00s, Memory = 0.0K)
    Checking Rule W553 (Rule 175 of total 360) .... done (Time = 0.00s, Memory = 0.0K)
    Checking Rule W496a (Rule 176 of total 360) .... done (Time = 0.00s, Memory = 0.0K)
    Checking Rule W496b (Rule 177 of total 360) .... done (Time = 0.00s, Memory = 0.0K)
    Checking Rule W19 (Rule 178 of total 360) .... done (Time = 0.00s, Memory = 0.0K)
    Checking Rule W66 (Rule 179 of total 360) .... done (Time = 0.00s, Memory = 0.0K)
    Checking Rule W116 (Rule 180 of total 360) .... done (Time = 0.00s, Memory = 0.0K)
    Checking Rule W123 (Rule 181 of total 360) .... done (Time = 0.00s, Memory = 16.0K)
    Checking Rule W156 (Rule 182 of total 360) .... done (Time = 0.00s, Memory = 0.0K)
    Checking Rule W188 (Rule 183 of total 360) .... done (Time = 0.00s, Memory = 0.0K)
    Checking Rule W215 (Rule 184 of total 360) .... done (Time = 0.00s, Memory = 0.0K)
    Checking Rule W216 (Rule 185 of total 360) .... done (Time = 0.00s, Memory = 0.0K)
    Checking Rule W218 (Rule 186 of total 360) .... done (Time = 0.00s, Memory = 0.0K)
    Checking Rule W238 (Rule 187 of total 360) .... done (Time = 0.00s, Memory = 0.0K)
    Checking Rule W245 (Rule 188 of total 360) .... done (Time = 0.00s, Memory = 0.0K)
    Checking Rule W263 (Rule 189 of total 360) .... done (Time = 0.00s, Memory = 0.0K)
    Checking Rule W289 (Rule 190 of total 360) .... done (Time = 0.00s, Memory = 0.0K)
    Checking Rule W314 (Rule 191 of total 360) .... done (Time = 0.00s, Memory = -8.0K)
    Checking Rule W316 (Rule 192 of total 360) .... done (Time = 0.00s, Memory = -8.0K)
    Checking Rule W337 (Rule 193 of total 360) .... done (Time = 0.00s, Memory = 0.0K)
    Checking Rule W342 (Rule 194 of total 360) .... done (Time = 0.00s, Memory = 8.0K)
    Checking Rule W343 (Rule 195 of total 360) .... done (Time = 0.00s, Memory = 0.0K)
    Checking Rule W416 (Rule 196 of total 360) .... done (Time = 0.00s, Memory = 0.0K)
    Checking Rule W352 (Rule 197 of total 360) .... done (Time = 0.00s, Memory = 0.0K)
    Checking Rule W362 (Rule 198 of total 360) .... done (Time = 0.00s, Memory = 0.0K)
    Checking Rule W423 (Rule 199 of total 360) .... done (Time = 0.00s, Memory = 0.0K)
    Checking Rule W486 (Rule 200 of total 360) .... done (Time = 0.00s, Memory = 0.0K)
    Checking Rule W499 (Rule 201 of total 360) .... done (Time = 0.00s, Memory = 0.0K)
    Checking Rule W502 (Rule 202 of total 360) .... done (Time = 0.00s, Memory = 0.0K)
    Checking Rule W575 (Rule 203 of total 360) .... done (Time = 0.00s, Memory = 40.0K)
    Checking Rule W576 (Rule 204 of total 360) .... done (Time = 0.00s, Memory = -128.0K)
    Checking Rule W116 (Rule 205 of total 360) .... done (Time = 0.00s, Memory = 8.0K)
    Checking Rule W122 (Rule 206 of total 360) .... done (Time = 0.00s, Memory = 0.0K)
    Checking Rule W123 (Rule 207 of total 360) .... done (Time = 0.00s, Memory = 8.0K)
    Checking Rule W156 (Rule 208 of total 360) .... done (Time = 0.00s, Memory = 0.0K)
    Checking Rule W71 (Rule 209 of total 360) .... done (Time = 0.00s, Memory = 0.0K)
    Checking Rule W164a (Rule 210 of total 360) .... done (Time = 0.00s, Memory = 0.0K)
    Checking Rule W164a (Rule 211 of total 360) .... done (Time = 0.00s, Memory = 0.0K)
    Checking Rule W164b (Rule 212 of total 360) .... done (Time = 0.00s, Memory = -16.0K)
    Checking Rule W164b (Rule 213 of total 360) .... done (Time = 0.00s, Memory = 0.0K)
    Checking Rule W210 (Rule 214 of total 360) .... done (Time = 0.00s, Memory = 0.0K)
    Checking Rule W210 (Rule 215 of total 360) .... done (Time = 0.00s, Memory = 0.0K)
    Checking Rule W240 (Rule 216 of total 360) .... done (Time = 0.00s, Memory = 0.0K)
    Checking Rule W240 (Rule 217 of total 360) .... done (Time = 0.00s, Memory = 0.0K)
    Checking Rule W241 (Rule 218 of total 360) .... done (Time = 0.00s, Memory = 0.0K)
    Checking Rule W241 (Rule 219 of total 360) .... done (Time = 0.00s, Memory = 0.0K)
    Checking Rule W287a (Rule 220 of total 360) .... done (Time = 0.00s, Memory = 0.0K)
    Checking Rule W287c (Rule 221 of total 360) .... done (Time = 0.00s, Memory = 0.0K)
    Checking Rule W293 (Rule 222 of total 360) .... done (Time = 0.00s, Memory = 0.0K)
    Checking Rule W398 (Rule 223 of total 360) .... done (Time = 0.00s, Memory = 0.0K)
    Checking Rule W424 (Rule 224 of total 360) .... done (Time = 0.00s, Memory = 0.0K)
    Checking Rule W443 (Rule 225 of total 360) .... done (Time = 0.00s, Memory = 0.0K)
    Checking Rule W444 (Rule 226 of total 360) .... done (Time = 0.00s, Memory = 0.0K)
    Checking Rule W467 (Rule 227 of total 360) .... done (Time = 0.00s, Memory = 0.0K)
    Checking Rule W494 (Rule 228 of total 360) .... done (Time = 0.00s, Memory = 0.0K)
    Checking Rule W494 (Rule 229 of total 360) .... done (Time = 0.00s, Memory = 0.0K)
    Checking Rule W505 (Rule 230 of total 360) .... done (Time = 0.00s, Memory = 0.0K)
    Checking Rule W505 (Rule 231 of total 360) .... done (Time = 0.00s, Memory = 0.0K)
    Checking Rule Prereqs_Usage (Rule 232 of total 360) .... done (Time = 0.00s, Memory = -16.0K)
    Checking Rule Prereqs_ConstantInput-ML (Rule 233 of total 360) .... done (Time = 0.00s, Memory = 32.0K)
    Checking Rule ReportPortInfo-ML (Rule 234 of total 360) .... done (Time = 0.00s, Memory = 0.0K)
    Checking Rule Prereqs_ReportPortInfo-ML (Rule 235 of total 360) .... done (Time = 0.00s, Memory = 0.0K)
    Checking Rule Prereqs_ReportPortInfo-ML (Rule 236 of total 360) .... done (Time = 0.00s, Memory = 0.0K)
    Checking Rule DisallowCaseX-ML (Rule 237 of total 360) .... done (Time = 0.00s, Memory = 0.0K)
    Checking Rule NoAssignX-ML (Rule 238 of total 360) .... done (Time = 0.00s, Memory = 8.0K)
    Checking Rule InstPortConnType-ML (Rule 239 of total 360) .... done (Time = 0.00s, Memory = 0.0K)
    Checking Rule ParamWidthMismatch-ML (Rule 240 of total 360) .... done (Time = 0.00s, Memory = 0.0K)
    Checking Rule DuplicateCaseLabel-ML (Rule 241 of total 360) .... done (Time = 0.00s, Memory = 0.0K)
    Checking Rule AutomaticFuncTask-ML (Rule 242 of total 360) .... done (Time = 0.00s, Memory = 0.0K)
    Checking Rule SetBeforeRead-ML (Rule 243 of total 360) .... done (Time = 0.00s, Memory = 0.0K)
    Checking Rule SigAssignZ-ML (Rule 244 of total 360) .... done (Time = 0.00s, Memory = 0.0K)
    Checking Rule Postreqs_Usage_ML (Rule 245 of total 360) .... done (Time = 0.00s, Memory = 0.0K)
    Checking Rule ImproperRangeIndex-ML (Rule 246 of total 360) .... done (Time = 0.00s, Memory = 0.0K)
    Checking Rule NoXInCase-ML (Rule 247 of total 360) .... done (Time = 0.00s, Memory = 0.0K)
    Checking Rule SigAssignZ-ML (Rule 248 of total 360) .... done (Time = 0.00s, Memory = 0.0K)
Checking ELABDU Rules for designUnit core
Checking ELABDU Rules for designUnit conv
Checking ELABDU Rules for designUnit median
Checking ELABDU Rules for designUnit median_filter_submodule
Checking ELABDU Rules for designUnit sobel_gradient
Checking ELABDU Rules for designUnit sober_compare
Checking Rule PECHECK56 (Rule 249 of total 360) .... done (Time = 0.00s, Memory = 0.0K)
Checking Rule SGDC_meta_design_hier01 (Rule 250 of total 360) .... done (Time = 0.00s, Memory = 0.0K)
Checking Rule SGDC_waive24 (Rule 251 of total 360) .... done (Time = 0.00s, Memory = 0.0K)
Checking Rule SGDC_waive25 (Rule 252 of total 360) .... done (Time = 0.00s, Memory = 0.0K)
Checking Rule SGDC_waive31 (Rule 253 of total 360) .... done (Time = 0.00s, Memory = 0.0K)
Checking Rule SGDC_waive35 (Rule 254 of total 360) .... done (Time = 0.00s, Memory = 0.0K)
 Synthesizing module: sober_compare (elaborated name: sober_compare) ... (Module 1 of total 6)  done 
 Synthesizing module: sobel_gradient (elaborated name: sobel_gradient) ... (Module 2 of total 6)  done 
 Synthesizing module: median_filter_submodule (elaborated name: median_filter_submodule) ... (Module 3 of total 6)  done 
 Synthesizing module: median (elaborated name: median) ... (Module 4 of total 6)  done 
 Synthesizing module: conv (elaborated name: conv) ... (Module 5 of total 6)  done 
 Synthesizing module: core (elaborated name: core) ... (Module 6 of total 6)  done 
 Synthesis completed.
Checking Rule InferBlackBox (Rule 255 of total 360) .... done (Time = 0.02s, Memory = 2568.0K)
Checking Rule checkCMD_mthresh (Rule 256 of total 360) .... done (Time = 0.00s, Memory = 0.0K)

INFO [234]    Saving design database in directory './spyglass-1/core/.SG_SaveRestoreDB/autogenerated__default_snapshot' ...
              done

Checking Rule SGDC_waive37 (Rule 257 of total 360) .... done (Time = 0.00s, Memory = 0.0K)
Checking Rule Txv_SvaSetup01 for module sober_compare (Rule 258 of total 360) .... done (Time = 0.00s, Memory = 0.0K)
Checking Rule PESVASETUP01 for module sober_compare (Rule 259 of total 360) .... done (Time = 0.00s, Memory = 0.0K)
Checking Rule _cdc_save_license01 for module sober_compare (Rule 260 of total 360) .... done (Time = 0.00s, Memory = 0.0K)
Checking Rule _syncResetStyleRTL for module sober_compare (Rule 261 of total 360) .... done (Time = 0.00s, Memory = 0.0K)
Checking Rule _meta_delay01 for module sober_compare (Rule 262 of total 360) .... done (Time = 0.00s, Memory = 0.0K)
Checking Rule Ac_svasetup01 for module sober_compare (Rule 263 of total 360) .... done (Time = 0.00s, Memory = 0.0K)
Checking Rule Prereq_IntClock for module sober_compare (Rule 264 of total 360) .... done (Time = 0.00s, Memory = 0.0K)
Checking Rule STARC05-2.2.3.1 for module sober_compare (Rule 265 of total 360) .... done (Time = 0.00s, Memory = 0.0K)
Checking Rule Prereqs_sim_race07 for module sober_compare (Rule 266 of total 360) .... done (Time = 0.00s, Memory = 0.0K)
Checking Rule W336 for module sober_compare (Rule 267 of total 360) .... done (Time = 0.00s, Memory = 0.0K)
Checking Rule W414 for module sober_compare (Rule 268 of total 360) .... done (Time = 0.00s, Memory = 0.0K)
Checking Rule W438 for module sober_compare (Rule 269 of total 360) .... done (Time = 0.00s, Memory = 0.0K)
Checking Rule W450L for module sober_compare (Rule 270 of total 360) .... done (Time = 0.00s, Memory = 0.0K)
Checking Rule TristatePort-ML for module sober_compare (Rule 271 of total 360) .... done (Time = 0.00s, Memory = 0.0K)
Checking Rule TristateSig-ML for module sober_compare (Rule 272 of total 360) .... done (Time = 0.00s, Memory = 0.0K)
Checking Rule HangingNetPreReq-ML for module sober_compare (Rule 273 of total 360) .... done (Time = 0.00s, Memory = 0.0K)
Checking Rule STARC05-2.5.1.7 for module sober_compare (Rule 274 of total 360) .... done (Time = 0.00s, Memory = 0.0K)
Checking Rule STARC05-2.5.1.9 for module sober_compare (Rule 275 of total 360) .... done (Time = 0.00s, Memory = 0.0K)
Checking Rule Txv_SvaSetup01 for module sobel_gradient (Rule 258 of total 360) .... done (Time = 0.00s, Memory = 0.0K)
Checking Rule PESVASETUP01 for module sobel_gradient (Rule 259 of total 360) .... done (Time = 0.00s, Memory = 0.0K)
Checking Rule _cdc_save_license01 for module sobel_gradient (Rule 260 of total 360) .... done (Time = 0.00s, Memory = 0.0K)
Checking Rule _syncResetStyleRTL for module sobel_gradient (Rule 261 of total 360) .... done (Time = 0.00s, Memory = 0.0K)
Checking Rule _meta_delay01 for module sobel_gradient (Rule 262 of total 360) .... done (Time = 0.00s, Memory = 0.0K)
Checking Rule Ac_svasetup01 for module sobel_gradient (Rule 263 of total 360) .... done (Time = 0.00s, Memory = 0.0K)
Checking Rule Prereq_IntClock for module sobel_gradient (Rule 264 of total 360) .... done (Time = 0.00s, Memory = 0.0K)
Checking Rule STARC05-2.2.3.1 for module sobel_gradient (Rule 265 of total 360) .... done (Time = 0.00s, Memory = 0.0K)
Checking Rule Prereqs_sim_race07 for module sobel_gradient (Rule 266 of total 360) .... done (Time = 0.00s, Memory = 0.0K)
Checking Rule W336 for module sobel_gradient (Rule 267 of total 360) .... done (Time = 0.00s, Memory = 0.0K)
Checking Rule W414 for module sobel_gradient (Rule 268 of total 360) .... done (Time = 0.00s, Memory = 0.0K)
Checking Rule W438 for module sobel_gradient (Rule 269 of total 360) .... done (Time = 0.00s, Memory = 0.0K)
Checking Rule W450L for module sobel_gradient (Rule 270 of total 360) .... done (Time = 0.00s, Memory = 0.0K)
Checking Rule TristatePort-ML for module sobel_gradient (Rule 271 of total 360) .... done (Time = 0.00s, Memory = 0.0K)
Checking Rule TristateSig-ML for module sobel_gradient (Rule 272 of total 360) .... done (Time = 0.00s, Memory = 0.0K)
Checking Rule HangingNetPreReq-ML for module sobel_gradient (Rule 273 of total 360) .... done (Time = 0.00s, Memory = 0.0K)
Checking Rule STARC05-2.5.1.7 for module sobel_gradient (Rule 274 of total 360) .... done (Time = 0.00s, Memory = 0.0K)
Checking Rule STARC05-2.5.1.9 for module sobel_gradient (Rule 275 of total 360) .... done (Time = 0.00s, Memory = 0.0K)
Checking Rule Txv_SvaSetup01 for module median_filter_submodule (Rule 258 of total 360) .... done (Time = 0.00s, Memory = 0.0K)
Checking Rule PESVASETUP01 for module median_filter_submodule (Rule 259 of total 360) .... done (Time = 0.00s, Memory = 0.0K)
Checking Rule _cdc_save_license01 for module median_filter_submodule (Rule 260 of total 360) .... done (Time = 0.00s, Memory = 0.0K)
Checking Rule _syncResetStyleRTL for module median_filter_submodule (Rule 261 of total 360) .... done (Time = 0.00s, Memory = 0.0K)
Checking Rule _meta_delay01 for module median_filter_submodule (Rule 262 of total 360) .... done (Time = 0.00s, Memory = 0.0K)
Checking Rule Ac_svasetup01 for module median_filter_submodule (Rule 263 of total 360) .... done (Time = 0.00s, Memory = 0.0K)
Checking Rule Prereq_IntClock for module median_filter_submodule (Rule 264 of total 360) .... done (Time = 0.00s, Memory = 0.0K)
Checking Rule STARC05-2.2.3.1 for module median_filter_submodule (Rule 265 of total 360) .... done (Time = 0.00s, Memory = 0.0K)
Checking Rule Prereqs_sim_race07 for module median_filter_submodule (Rule 266 of total 360) .... done (Time = 0.00s, Memory = 0.0K)
Checking Rule W336 for module median_filter_submodule (Rule 267 of total 360) .... done (Time = 0.00s, Memory = 0.0K)
Checking Rule W414 for module median_filter_submodule (Rule 268 of total 360) .... done (Time = 0.00s, Memory = 0.0K)
Checking Rule W438 for module median_filter_submodule (Rule 269 of total 360) .... done (Time = 0.00s, Memory = 0.0K)
Checking Rule W450L for module median_filter_submodule (Rule 270 of total 360) .... done (Time = 0.00s, Memory = 0.0K)
Checking Rule TristatePort-ML for module median_filter_submodule (Rule 271 of total 360) .... done (Time = 0.00s, Memory = 0.0K)
Checking Rule TristateSig-ML for module median_filter_submodule (Rule 272 of total 360) .... done (Time = 0.00s, Memory = 0.0K)
Checking Rule HangingNetPreReq-ML for module median_filter_submodule (Rule 273 of total 360) .... done (Time = 0.00s, Memory = 0.0K)
Checking Rule STARC05-2.5.1.7 for module median_filter_submodule (Rule 274 of total 360) .... done (Time = 0.00s, Memory = 0.0K)
Checking Rule STARC05-2.5.1.9 for module median_filter_submodule (Rule 275 of total 360) .... done (Time = 0.00s, Memory = 0.0K)
Checking Rule Txv_SvaSetup01 for module median (Rule 258 of total 360) .... done (Time = 0.00s, Memory = 0.0K)
Checking Rule PESVASETUP01 for module median (Rule 259 of total 360) .... done (Time = 0.00s, Memory = 0.0K)
Checking Rule _cdc_save_license01 for module median (Rule 260 of total 360) .... done (Time = 0.00s, Memory = 0.0K)
Checking Rule _syncResetStyleRTL for module median (Rule 261 of total 360) .... done (Time = 0.00s, Memory = 0.0K)
Checking Rule _meta_delay01 for module median (Rule 262 of total 360) .... done (Time = 0.00s, Memory = 0.0K)
Checking Rule Ac_svasetup01 for module median (Rule 263 of total 360) .... done (Time = 0.00s, Memory = 0.0K)
Checking Rule Prereq_IntClock for module median (Rule 264 of total 360) .... done (Time = 0.00s, Memory = 0.0K)
Checking Rule STARC05-2.2.3.1 for module median (Rule 265 of total 360) .... done (Time = 0.00s, Memory = 0.0K)
Checking Rule Prereqs_sim_race07 for module median (Rule 266 of total 360) .... done (Time = 0.00s, Memory = 0.0K)
Checking Rule W336 for module median (Rule 267 of total 360) .... done (Time = 0.00s, Memory = 0.0K)
Checking Rule W414 for module median (Rule 268 of total 360) .... done (Time = 0.00s, Memory = 0.0K)
Checking Rule W438 for module median (Rule 269 of total 360) .... done (Time = 0.00s, Memory = 0.0K)
Checking Rule W450L for module median (Rule 270 of total 360) .... done (Time = 0.00s, Memory = 0.0K)
Checking Rule TristatePort-ML for module median (Rule 271 of total 360) .... done (Time = 0.00s, Memory = 0.0K)
Checking Rule TristateSig-ML for module median (Rule 272 of total 360) .... done (Time = 0.00s, Memory = 0.0K)
Checking Rule HangingNetPreReq-ML for module median (Rule 273 of total 360) .... done (Time = 0.00s, Memory = 0.0K)
Checking Rule STARC05-2.5.1.7 for module median (Rule 274 of total 360) .... done (Time = 0.00s, Memory = 0.0K)
Checking Rule STARC05-2.5.1.9 for module median (Rule 275 of total 360) .... done (Time = 0.00s, Memory = 0.0K)
Checking Rule Txv_SvaSetup01 for module conv (Rule 258 of total 360) .... done (Time = 0.00s, Memory = 0.0K)
Checking Rule PESVASETUP01 for module conv (Rule 259 of total 360) .... done (Time = 0.00s, Memory = 0.0K)
Checking Rule _cdc_save_license01 for module conv (Rule 260 of total 360) .... done (Time = 0.00s, Memory = 0.0K)
Checking Rule _syncResetStyleRTL for module conv (Rule 261 of total 360) .... done (Time = 0.00s, Memory = 0.0K)
Checking Rule _meta_delay01 for module conv (Rule 262 of total 360) .... done (Time = 0.00s, Memory = 0.0K)
Checking Rule Ac_svasetup01 for module conv (Rule 263 of total 360) .... done (Time = 0.00s, Memory = 0.0K)
Checking Rule Prereq_IntClock for module conv (Rule 264 of total 360) .... done (Time = 0.00s, Memory = 0.0K)
Checking Rule STARC05-2.2.3.1 for module conv (Rule 265 of total 360) .... done (Time = 0.00s, Memory = 0.0K)
Checking Rule Prereqs_sim_race07 for module conv (Rule 266 of total 360) .... done (Time = 0.00s, Memory = 0.0K)
Checking Rule W336 for module conv (Rule 267 of total 360) .... done (Time = 0.00s, Memory = 0.0K)
Checking Rule W414 for module conv (Rule 268 of total 360) .... done (Time = 0.00s, Memory = 0.0K)
Checking Rule W438 for module conv (Rule 269 of total 360) .... done (Time = 0.00s, Memory = 0.0K)
Checking Rule W450L for module conv (Rule 270 of total 360) .... done (Time = 0.00s, Memory = 0.0K)
Checking Rule TristatePort-ML for module conv (Rule 271 of total 360) .... done (Time = 0.00s, Memory = 0.0K)
Checking Rule TristateSig-ML for module conv (Rule 272 of total 360) .... done (Time = 0.00s, Memory = 0.0K)
Checking Rule HangingNetPreReq-ML for module conv (Rule 273 of total 360) .... done (Time = 0.00s, Memory = 0.0K)
Checking Rule STARC05-2.5.1.7 for module conv (Rule 274 of total 360) .... done (Time = 0.00s, Memory = 0.0K)
Checking Rule STARC05-2.5.1.9 for module conv (Rule 275 of total 360) .... done (Time = 0.00s, Memory = 0.0K)
Checking Rule Txv_SvaSetup01 for module core (Rule 258 of total 360) .... done (Time = 0.00s, Memory = 0.0K)
Checking Rule PESVASETUP01 for module core (Rule 259 of total 360) .... done (Time = 0.00s, Memory = 0.0K)
Checking Rule _cdc_save_license01 for module core (Rule 260 of total 360) .... done (Time = 0.00s, Memory = 0.0K)
Checking Rule _syncResetStyleRTL for module core (Rule 261 of total 360) .... done (Time = 0.00s, Memory = 0.0K)
Checking Rule _meta_delay01 for module core (Rule 262 of total 360) .... done (Time = 0.00s, Memory = 0.0K)
Checking Rule Ac_svasetup01 for module core (Rule 263 of total 360) .... done (Time = 0.00s, Memory = 0.0K)
Checking Rule Prereq_IntClock for module core (Rule 264 of total 360) .... done (Time = 0.00s, Memory = 0.0K)
Checking Rule STARC05-2.2.3.1 for module core (Rule 265 of total 360) .... done (Time = 0.00s, Memory = 0.0K)
Checking Rule Prereqs_sim_race07 for module core (Rule 266 of total 360) .... done (Time = 0.00s, Memory = 0.0K)
Checking Rule W336 for module core (Rule 267 of total 360) .... done (Time = 0.00s, Memory = 0.0K)
Checking Rule W414 for module core (Rule 268 of total 360) .... done (Time = 0.00s, Memory = 0.0K)
Checking Rule W438 for module core (Rule 269 of total 360) .... done (Time = 0.00s, Memory = 0.0K)
Checking Rule W450L for module core (Rule 270 of total 360) .... done (Time = 0.00s, Memory = 0.0K)
Checking Rule TristatePort-ML for module core (Rule 271 of total 360) .... done (Time = 0.00s, Memory = 0.0K)
Checking Rule TristateSig-ML for module core (Rule 272 of total 360) .... done (Time = 0.00s, Memory = 0.0K)
Checking Rule HangingNetPreReq-ML for module core (Rule 273 of total 360) .... done (Time = 0.00s, Memory = 0.0K)
Checking Rule STARC05-2.5.1.7 for module core (Rule 274 of total 360) .... done (Time = 0.00s, Memory = 0.0K)
Checking Rule STARC05-2.5.1.9 for module core (Rule 275 of total 360) .... done (Time = 0.00s, Memory = 0.0K)
Performing semantic checks on SGDC contents
Checking Rule SGDC_testmode03 (Rule 79 of total 360) .... done (Time = 0.00s, Memory = 0.0K)
Checking Rule _abstractPortSGDC (Rule 276 of total 360) .... done (Time = 0.00s, Memory = 0.0K)
Checking Rule SGDC_abstract_port03 (Rule 277 of total 360) .... done (Time = 0.00s, Memory = 0.0K)
Checking Rule SGDC_abstract_port04 (Rule 278 of total 360) .... done (Time = 0.00s, Memory = 0.0K)
Checking Rule SGDC_abstract_port05 (Rule 279 of total 360) .... done (Time = 0.00s, Memory = 0.0K)
Checking Rule SGDC_abstract_port07 (Rule 280 of total 360) .... done (Time = 0.00s, Memory = 0.0K)
Checking Rule SGDC_abstract_port08 (Rule 281 of total 360) .... done (Time = 0.00s, Memory = 0.0K)
Checking Rule SGDC_abstract_port10 (Rule 282 of total 360) .... done (Time = 0.00s, Memory = 0.0K)
Checking Rule SGDC_abstract_port11 (Rule 283 of total 360) .... done (Time = 0.00s, Memory = 0.0K)
Checking Rule SGDC_abstract_port12 (Rule 284 of total 360) .... done (Time = 0.00s, Memory = 0.0K)
Checking Rule SGDC_abstract_port13 (Rule 285 of total 360) .... done (Time = 0.00s, Memory = 0.0K)
Checking Rule ReportUngroup (Rule 286 of total 360) .... done (Time = 0.00s, Memory = 0.0K)
Checking Rule LINT_portReten (Rule 287 of total 360) .... done (Time = 0.00s, Memory = 0.0K)
Checking Rule SGDC_abstract_port21 (Rule 288 of total 360) .... done (Time = 0.00s, Memory = 0.0K)
Checking Rule InferLatch (Rule 289 of total 360) .... done (Time = 0.00s, Memory = 32.0K)
Checking Rule UndrivenOutPort-ML (Rule 290 of total 360) .... done (Time = 0.02s, Memory = 0.0K)
Checking Rule UndrivenInTerm-ML (Rule 291 of total 360) .... done (Time = 0.05s, Memory = 256.0K)
Checking Rule UndrivenNet-ML (Rule 292 of total 360) .... done (Time = 0.00s, Memory = 0.0K)
Checking Rule NoFeedThrus-ML (Rule 293 of total 360) .... done (Time = 0.00s, Memory = 0.0K)
Checking Rule SGDC_assume_path05 (Rule 294 of total 360) .... done (Time = 0.00s, Memory = 0.0K)
 Flattening core (.lib instances separately flattened) ....
 Flattening completed
Checking Rule SGDC_set_case_analysis_LC (Rule 295 of total 360) .... done (Time = 0.00s, Memory = 0.0K)
Checking Rule BufClock (Rule 296 of total 360) .... done (Time = 0.01s, Memory = 1560.0K)
Checking Rule CombLoop (Rule 297 of total 360) .... done (Time = 0.01s, Memory = -1760.0K)
Checking Rule STARC05-2.5.1.2 (Rule 298 of total 360) .... done (Time = 0.00s, Memory = 0.0K)
Checking Rule STARC05-1.3.1.3 (Rule 299 of total 360) .... done (Time = 0.01s, Memory = 0.0K)
Checking Rule STARC05-1.4.3.2 (Rule 300 of total 360) .... done (Time = 0.00s, Memory = 0.0K)
Checking Rule STARC05-1.4.3.4 (Rule 301 of total 360) .... done (Time = 0.00s, Memory = 16.0K)
Checking Rule STARC-2.3.4.3 (Rule 302 of total 360) .... done (Time = 0.00s, Memory = 0.0K)
Checking Rule FlopClockConstant (Rule 303 of total 360) .... done (Time = 0.01s, Memory = 2688.0K)
Checking Rule FlopSRConst (Rule 304 of total 360) .... done (Time = 0.01s, Memory = 0.0K)
Checking Rule checkPinConnectedToSupply (Rule 305 of total 360) .... done (Time = 0.01s, Memory = 0.0K)
Checking Rule sim_race07 (Rule 306 of total 360) .... done (Time = 0.00s, Memory = 104.0K)
Checking Rule W402b (Rule 307 of total 360) .... done (Time = 0.02s, Memory = -2392.0K)
Checking Rule W392 (Rule 308 of total 360) .... done (Time = 0.00s, Memory = 48.0K)
Checking Rule W415 (Rule 309 of total 360) .... done (Time = 0.01s, Memory = 2568.0K)
Checking Rule W391 (Rule 310 of total 360) .... done (Time = 0.00s, Memory = 8.0K)
Checking Rule W401 (Rule 311 of total 360) .... done (Time = 0.01s, Memory = 168.0K)
Checking Rule LatchFeedback (Rule 312 of total 360) .... done (Time = 0.01s, Memory = 0.0K)
Checking Rule SameControlNDataNet-ML (Rule 313 of total 360) .... done (Time = 0.01s, Memory = -2568.0K)
Checking Rule STARC05-2.4.1.5 (Rule 314 of total 360) .... done (Time = 0.00s, Memory = 0.0K)
Checking Rule STARC05-1.2.1.2 (Rule 315 of total 360) .... done (Time = 0.01s, Memory = 24.0K)
Checking Rule AnalyzeBBox (Rule 316 of total 360) .... done (Time = 0.01s, Memory = 2568.0K)
Checking Rule ReportCheckDataSummary (Rule 77 of total 360) .... done (Time = 0.00s, Memory = 0.0K)

Generating data for Console...

SpyGlass Rule Checking Complete.

Generating moresimple report from './spyglass-1/core/lint/lint_rtl_enhanced/spyglass.vdb' to './spyglass-1/core/lint/lint_rtl_enhanced/spyglass_reports/moresimple.rpt' ....

Generating runsummary report from './spyglass-1/core/lint/lint_rtl_enhanced/spyglass.vdb' ....

Generating no_msg_reporting_rules report from './spyglass-1/core/lint/lint_rtl_enhanced/spyglass.vdb' to './spyglass-1/core/lint/lint_rtl_enhanced/spyglass_reports/no_msg_reporting_rules.rpt' ....

Generating W415_Report report from './spyglass-1/core/lint/lint_rtl_enhanced/spyglass.vdb' to './spyglass-1/core/lint/lint_rtl_enhanced/spyglass_reports/lint/W415_Report.rpt' ....

Policy specific data (reports) are present in the directory './spyglass-1/core/lint/lint_rtl_enhanced/spyglass_reports'.

SpyGlass critical reports for the current run are present in directory './spyglass-1/consolidated_reports/core_lint_lint_rtl_enhanced/'.

---------------------------------------------------------------------------------------------
Results Summary:
---------------------------------------------------------------------------------------------
   Goal Run           :      lint/lint_rtl_enhanced
   Command-line read  :      0 error,      1 warning,      0 information message 
   Design Read        :      0 error,      0 warning,      4 information messages
      Found 1 top module:
         core   (file: core.v)

   Blackbox Resolution:      0 error,      0 warning,      1 information message 
   SGDC Checks        :      0 error,      0 warning,      0 information message 
   Policy morelint    :      0 error,      0 warning,      1 information message 
** Policy lint        :      1 error,      0 warning,      0 information message 
   -------------------------------------------------------------------------------------
   Total              :      1 error,      1 warning,      6 information messages

  Total Number of Generated Messages     :         8 (1 error, 1 warning, 6 Infos)
  Number of Reported Messages            :         8 (1 error, 1 warning, 6 Infos)

  NOTE: It is recommended to first fix/reconcile fatals/errors reported on
        lines starting with ** as subsequent issues might be related to it.
        Please re-run SpyGlass once ** prefixed lines are fatal/error clean.

---------------------------------------------------------------------------------------------


run_goal: info: updating spyglass.log with goal summary
---------------------------------------------------------------------------------------------------
Results Summary:
---------------------------------------------------------------------------------------------------
   Goal Run           :      lint/lint_rtl_enhanced
   Top Module         :      core
---------------------------------------------------------------------------------------------------
   Reports Directory: 
   /home/raid7_2/user12/r2k41036/NTU_CVSD2024/HW3/01_RTL/spyglass-1/consolidated_reports/core_lint_lint_rtl_enhanced/ 

   SpyGlass LogFile: 
    /home/raid7_2/user12/r2k41036/NTU_CVSD2024/HW3/01_RTL/spyglass-1/core/lint/lint_rtl_enhanced/spyglass.log 

   Standard Reports: 
     moresimple.rpt          no_msg_reporting_rules.rpt       

   HTML report:
    /home/raid7_2/user12/r2k41036/NTU_CVSD2024/HW3/01_RTL/spyglass-1/html_reports/goals_summary.html
  

   Technology Reports:  
     <Not Available>
   
   
---------------------------------------------------------------------------------------------------
   Goal Violation Summary:
       Waived   Messages:                      0 Errors,      0 Warnings,      0 Infos
       Reported Messages:         0 Fatals,    1 Errors,      1 Warnings,      6 Infos
---------------------------------------------------------------------------------------------------
   
---------------------------------------------------------------------------------------------------
 
run_goal: info: spyglass.log successfully updated with goal summary
0 {Rule-checking completed with errors}
INFO:    SpyGlass will run goal(s) 'lint/lint_rtl_enhanced'.


RULE-CHECKING IN MIXED MODE
Loading spyglass (SpyGlass_vT-2022.06) ... (picked from /home/raid7_4/raid1_1/linux/synopsys/spyglass/2022.06/SPYGLASS_HOME/policies/spyglass)
Loading openmore (SpyGlass_vT-2022.06) ... (picked from /home/raid7_4/raid1_1/linux/synopsys/spyglass/2022.06/SPYGLASS_HOME/policies/openmore)
Loading starc (SpyGlass_vT-2022.06) ... (picked from /home/raid7_4/raid1_1/linux/synopsys/spyglass/2022.06/SPYGLASS_HOME/policies/starc)
Loading starc2005 (SpyGlass_vT-2022.06) ... (picked from /home/raid7_4/raid1_1/linux/synopsys/spyglass/2022.06/SPYGLASS_HOME/policies/starc2005)
Loading erc (SpyGlass_vT-2022.06) ... (picked from /home/raid7_4/raid1_1/linux/synopsys/spyglass/2022.06/SPYGLASS_HOME/policies/erc)
Loading simulation (SpyGlass_vT-2022.06) ... (picked from /home/raid7_4/raid1_1/linux/synopsys/spyglass/2022.06/SPYGLASS_HOME/policies/simulation)
Loading lint (SpyGlass_vT-2022.06) ... (picked from /home/raid7_4/raid1_1/linux/synopsys/spyglass/2022.06/SPYGLASS_HOME/policies/lint)
Loading latch (SpyGlass_vT-2022.06) ... (picked from /home/raid7_4/raid1_1/linux/synopsys/spyglass/2022.06/SPYGLASS_HOME/policies/latch)
Loading morelint (SpyGlass_vT-2022.06) ... (picked from /home/raid7_4/raid1_1/linux/synopsys/spyglass/2022.06/SPYGLASS_HOME/policies/morelint)
Loading timing (SpyGlass_vT-2022.06) ... (picked from /home/raid7_4/raid1_1/linux/synopsys/spyglass/2022.06/SPYGLASS_HOME/policies/timing)
Loading starc2002 (SpyGlass_vT-2022.06) ... (picked from /home/raid7_4/raid1_1/linux/synopsys/spyglass/2022.06/SPYGLASS_HOME/policies/starc2002)

INFO [326]    SpyGlass Design Database './spyglass-1/core/.SG_SaveRestoreDB' can not be restored because:
              Following design files/directories have been modified since design save
    median.v

              Saving Database again
Loading Audits (SpyGlass_vT-2022.06) ... (picked from /home/raid7_4/raid1_1/linux/synopsys/spyglass/2022.06/SPYGLASS_HOME/policies/Audits)
Loading area (SpyGlass_vT-2022.06) ... (picked from /home/raid7_4/raid1_1/linux/synopsys/spyglass/2022.06/SPYGLASS_HOME/policies/area)
Loading miscellaneous (SpyGlass_vT-2022.06) ... (picked from /home/raid7_4/raid1_1/linux/synopsys/spyglass/2022.06/SPYGLASS_HOME/policies/miscellaneous)
Loading starcad-21 (SpyGlass_vT-2022.06) ... (picked from /home/raid7_4/raid1_1/linux/synopsys/spyglass/2022.06/SPYGLASS_HOME/policies/starcad-21)
Loading txv (SpyGlass_vT-2022.06) ... (picked from /home/raid7_4/raid1_1/linux/synopsys/spyglass/2022.06/SPYGLASS_HOME/policies/txv)

TXV_INFO Parameter txv_extract_domain will be renamed to txv_domain_mode in future!

Loading power_est (SpyGlass_vT-2022.06) ... (picked from /home/raid7_4/raid1_1/linux/synopsys/spyglass/2022.06/SPYGLASS_HOME/policies/power_est)
Loading lowpower (5.6.1) ... (picked from /home/raid7_4/raid1_1/linux/synopsys/spyglass/2022.06/SPYGLASS_HOME/policies/lowpower)
Loading dft_dsm (SpyGlass_vT-2022.06) ... (picked from /home/raid7_4/raid1_1/linux/synopsys/spyglass/2022.06/SPYGLASS_HOME/policies/dft_dsm)
Loading dft (SpyGlass_vT-2022.06) ... (picked from /home/raid7_4/raid1_1/linux/synopsys/spyglass/2022.06/SPYGLASS_HOME/policies/dft)
Loading constraints (SpyGlass_vT-2022.06) ... (picked from /home/raid7_4/raid1_1/linux/synopsys/spyglass/2022.06/SPYGLASS_HOME/policies/constraints)
Loading const_intern1 (SpyGlass_vT-2022.06) ... (picked from /home/raid7_4/raid1_1/linux/synopsys/spyglass/2022.06/SPYGLASS_HOME/policies/constraints)
Loading clock-reset (SpyGlass_vT-2022.06) ... (picked from /home/raid7_4/raid1_1/linux/synopsys/spyglass/2022.06/SPYGLASS_HOME/policies/clock)

INFO [76]    Using './spyglass-1/core/WORK/64' as the Work Directory for 64bit precompiled dump.
Checking Rule SGDC_power_est29 (Rule 1 of total 360) .... done (Time = 0.00s, Memory = 0.0K)
Checking Rule PECHECK04 (Rule 2 of total 360) .... done (Time = 0.02s, Memory = 8.0K)
Checking Rule PECHECK18 (Rule 3 of total 360) .... done (Time = 0.00s, Memory = 0.0K)
Checking Rule PEMVDD01 (Rule 4 of total 360) .... done (Time = 0.00s, Memory = 0.0K)
Checking Rule PrecompileLibCheck01 (Rule 5 of total 360) .... done (Time = 0.00s, Memory = 0.0K)
Checking Rule PrecompileLibCheck02 (Rule 6 of total 360) .... done (Time = 0.01s, Memory = 0.0K)
Checking Rule PrecompileLibCheck03 (Rule 7 of total 360) .... done (Time = 0.00s, Memory = 0.0K)
Checking Rule PrecompileLibCheck04 (Rule 8 of total 360) .... done (Time = 0.00s, Memory = 0.0K)
Checking Rule AbstractInterface (Rule 9 of total 360) .... done (Time = 0.00s, Memory = 0.0K)
Checking Rule SGDC_assume_path01 (Rule 10 of total 360) .... done (Time = 0.00s, Memory = 0.0K)
Checking Rule SGDC_sdcschema02 (Rule 11 of total 360) .... done (Time = 0.00s, Memory = 32.0K)
Checking Rule SGDC_clock05 (Rule 12 of total 360) .... done (Time = 0.00s, Memory = 8.0K)
Checking Rule SGDC_clock09 (Rule 13 of total 360) .... done (Time = 0.00s, Memory = 0.0K)
Checking Rule SGDC_force_ta05 (Rule 14 of total 360) .... done (Time = 0.00s, Memory = 0.0K)
Checking Rule SGDC_require_path03 (Rule 15 of total 360) .... done (Time = 0.00s, Memory = 0.0K)
Checking Rule SGDC_require_value03 (Rule 16 of total 360) .... done (Time = 0.00s, Memory = 8.0K)
Checking Rule SGDC_voltagedomain05 (Rule 17 of total 360) .... done (Time = 0.00s, Memory = 8.0K)
Checking Rule SGDC_voltagedomain06 (Rule 18 of total 360) .... done (Time = 0.00s, Memory = 0.0K)
Checking Rule SGDC_voltagedomain07 (Rule 19 of total 360) .... done (Time = 0.00s, Memory = 0.0K)
Checking Rule SGDC_powerdomainoutputs02 (Rule 20 of total 360) .... done (Time = 0.00s, Memory = 0.0K)
Checking Rule SGDC_supply01 (Rule 21 of total 360) .... done (Time = 0.00s, Memory = 8.0K)
Checking Rule SGDC_waive01 (Rule 22 of total 360) .... done (Time = 0.00s, Memory = 0.0K)
Checking Rule SGDC_waive02 (Rule 23 of total 360) .... done (Time = 0.00s, Memory = 8.0K)
Checking Rule SGDC_waive03 (Rule 24 of total 360) .... done (Time = 0.00s, Memory = 0.0K)
Checking Rule SGDC_waive04 (Rule 25 of total 360) .... done (Time = 0.00s, Memory = 0.0K)
Checking Rule SGDC_waive05 (Rule 26 of total 360) .... done (Time = 0.00s, Memory = 0.0K)
Checking Rule SGDC_waive06 (Rule 27 of total 360) .... done (Time = 0.00s, Memory = 0.0K)
Checking Rule SGDC_waive07 (Rule 28 of total 360) .... done (Time = 0.00s, Memory = 0.0K)
Checking Rule SGDC_waive08 (Rule 29 of total 360) .... done (Time = 0.00s, Memory = 0.0K)
Checking Rule SGDC_waive09 (Rule 30 of total 360) .... done (Time = 0.00s, Memory = 0.0K)
Checking Rule SGDC_waive10 (Rule 31 of total 360) .... done (Time = 0.00s, Memory = 0.0K)
Checking Rule SGDC_waive11 (Rule 32 of total 360) .... done (Time = 0.00s, Memory = 0.0K)
Checking Rule SGDC_waive12 (Rule 33 of total 360) .... done (Time = 0.00s, Memory = 0.0K)
Checking Rule SGDC_waive13 (Rule 34 of total 360) .... done (Time = 0.00s, Memory = 0.0K)
Checking Rule SGDC_waive21 (Rule 35 of total 360) .... done (Time = 0.00s, Memory = -8.0K)
Checking Rule SGDC_waive22 (Rule 36 of total 360) .... done (Time = 0.00s, Memory = 0.0K)
Checking Rule SGDC_waive30 (Rule 37 of total 360) .... done (Time = 0.00s, Memory = -8.0K)
Checking Rule SGDC_waive32 (Rule 38 of total 360) .... done (Time = 0.00s, Memory = 0.0K)
Checking Rule SGDC_waive33 (Rule 39 of total 360) .... done (Time = 0.00s, Memory = 0.0K)
Checking Rule SGDC_waive36 (Rule 40 of total 360) .... done (Time = 0.00s, Memory = 8.0K)
Checking Rule SGDC_waive38 (Rule 41 of total 360) .... done (Time = 0.00s, Memory = 0.0K)
Checking Rule SGDC_fifo01 (Rule 42 of total 360) .... done (Time = 0.00s, Memory = 8.0K)
Checking Rule SGDC_libgroup01 (Rule 43 of total 360) .... done (Time = 0.00s, Memory = 0.0K)
Checking Rule SGDC_libgroup02 (Rule 44 of total 360) .... done (Time = 0.00s, Memory = 0.0K)
Checking Rule SGDC_libgroup04 (Rule 45 of total 360) .... done (Time = 0.00s, Memory = 0.0K)
Checking Rule SGDC_power_data01 (Rule 46 of total 360) .... done (Time = 0.00s, Memory = 8.0K)
Checking Rule SGDC_ungroup01 (Rule 47 of total 360) .... done (Time = 0.00s, Memory = 8.0K)
Checking Rule SGDC_abstract_port06 (Rule 48 of total 360) .... done (Time = 0.00s, Memory = 8.0K)
Checking Rule SGDC_abstract_port14 (Rule 49 of total 360) .... done (Time = 0.00s, Memory = 8.0K)
Checking Rule SGDC_abstract_port15 (Rule 50 of total 360) .... done (Time = 0.00s, Memory = 8.0K)
Checking Rule SGDC_abstract_port18 (Rule 51 of total 360) .... done (Time = 0.00s, Memory = 8.0K)
Checking Rule sdc_init_rule (Rule 52 of total 360) .... done (Time = 0.00s, Memory = 0.0K)
Checking Rule CMD_ignorelibs01 (Rule 53 of total 360) .... done (Time = 0.00s, Memory = 0.0K)
Checking Rule ReportRuleNotRun (Rule 54 of total 360) .... done (Time = 0.04s, Memory = 0.0K)
Checking Rule ReserveName (Rule 55 of total 360) .... done (Time = 0.00s, Memory = 0.0K)
Checking Rule ReserveName (Rule 56 of total 360) .... done (Time = 0.00s, Memory = 0.0K)
Checking Rule STARC05-2.3.1.2c (Rule 57 of total 360) .... done (Time = 0.00s, Memory = 0.0K)
Checking Rule W442a (Rule 58 of total 360) .... done (Time = 0.00s, Memory = 0.0K)
Checking Rule W442b (Rule 59 of total 360) .... done (Time = 0.00s, Memory = 0.0K)
Checking Rule W442c (Rule 60 of total 360) .... done (Time = 0.00s, Memory = 0.0K)
Checking Rule W442f (Rule 61 of total 360) .... done (Time = 0.00s, Memory = 0.0K)
Checking Rule W561 (Rule 62 of total 360) .... done (Time = 0.00s, Memory = 0.0K)
Checking Rule mixedsenselist (Rule 63 of total 360) .... done (Time = 0.00s, Memory = 0.0K)
Checking Rule badimplicitSM1 (Rule 64 of total 360) .... done (Time = 0.00s, Memory = 0.0K)
Checking Rule badimplicitSM2 (Rule 65 of total 360) .... done (Time = 0.00s, Memory = 0.0K)
Checking Rule badimplicitSM4 (Rule 66 of total 360) .... done (Time = 0.00s, Memory = 0.0K)
Checking Rule bothedges (Rule 67 of total 360) .... done (Time = 0.00s, Memory = 0.0K)
Checking Rule infiniteloop (Rule 68 of total 360) .... done (Time = 0.00s, Memory = 0.0K)
Checking Rule BlockHeader (Rule 69 of total 360) .... done (Time = 0.00s, Memory = 0.0K)
Checking Rule W421 (Rule 70 of total 360) .... done (Time = 0.00s, Memory = 0.0K)
Checking Rule ReserveNameSystemVerilog-ML (Rule 71 of total 360) .... done (Time = 0.00s, Memory = 0.0K)
Checking Rule ReserveNameSystemVerilog-ML (Rule 72 of total 360) .... done (Time = 0.00s, Memory = 0.0K)
Checking Rule STARC05-2.1.6.5 (Rule 73 of total 360) .... done (Time = 0.00s, Memory = 0.0K)
Checking Rule ReportStopSummary (Rule 74 of total 360) .... done (Time = 0.00s, Memory = 0.0K)
Checking Rule ReportIgnoreSummary (Rule 75 of total 360) .... done (Time = 0.00s, Memory = 56.0K)
 Analyzing source file "define.v" ....
 Analyzing source file "core.v" ....
 Analyzing source file "conv.v" ....
 Analyzing source file "median.v" ....
 Elaborating Top Verilog Design Unit 'core' ..... done
Checking Rule ElabSummary (Rule 76 of total 360) .... done (Time = 0.01s, Memory = -24.0K)
Checking Rule ReportCheckDataSummary (Rule 77 of total 360) .... done (Time = 0.00s, Memory = 0.0K)

INFO [38]    Design option 'ignoredu/ignorefile' specified.
             Please refer 'InfoAnalyzeBBox' or ReportIgnoreSummary' rule message for more details.

 Reading waiver file "./spyglass-1/core/lint/lint_rtl_enhanced/spyglass_spysch/constraint/spg_autogenerated_waivers.sgdc" ...
 Generating SGDC file "./spyglass-1/core/lint/lint_rtl_enhanced/spyglass_spysch/constraint/pragma2Constraint.sgdc" from pragmas in HDL source files ....
 Generating WAIVER file "./spyglass-1/core/lint/lint_rtl_enhanced/spyglass_spysch/waiver/pragma2Waiver.swl" from pragmas in HDL source files ....
Checking Rule DetectTopDesignUnits (Rule 78 of total 360)
 Detected 1 top level design units:
     core
 .... done (Time = 0.00s, Memory = 0.0K)
Performing semantic checks on SGDC contents
Checking Rule SGDC_testmode03 (Rule 79 of total 360) .... done (Time = 0.00s, Memory = 0.0K)
Checking Rule PECHECK09 (Rule 80 of total 360) .... done (Time = 0.00s, Memory = 0.0K)
Checking Rule Ac_multitop01 (Rule 81 of total 360) .... done (Time = 0.00s, Memory = 0.0K)
Checking Rule ReportObsoletePragmas (Rule 82 of total 360) .... done (Time = 0.00s, Memory = 0.0K)
Checking Rule ReportCksum (Rule 83 of total 360) .... done (Time = 0.01s, Memory = 0.0K)
Checking Rule checkSGDC_01 (Rule 84 of total 360) .... done (Time = 0.00s, Memory = 0.0K)
Checking Rule checkSGDC_03 (Rule 85 of total 360) .... done (Time = 0.00s, Memory = 0.0K)
Checking Rule checkSGDC_08 (Rule 86 of total 360) .... done (Time = 0.00s, Memory = 0.0K)
Checking Rule GenerateConfMap (Rule 87 of total 360) .... done (Time = 0.00s, Memory = 0.0K)
Checking Rule SGDC_memorywritepin04 (Rule 88 of total 360) .... done (Time = 0.00s, Memory = 0.0K)
Checking Rule SGDC_reset02 (Rule 89 of total 360) .... done (Time = 0.00s, Memory = 0.0K)
Checking Rule SGDC_reset03 (Rule 90 of total 360) .... done (Time = 0.00s, Memory = 8.0K)
Checking Rule SGDC_libgroup03 (Rule 91 of total 360) .... done (Time = 0.00s, Memory = 0.0K)
Checking Rule SGDC_ungroup02 (Rule 92 of total 360) .... done (Time = 0.00s, Memory = 0.0K)
Checking Rule HdlLibDuCheck (Rule 93 of total 360) .... done (Time = 0.00s, Memory = -2552.0K)
Checking Rule RtlDesignInfo (Rule 94 of total 360) .... done (Time = 0.00s, Memory = 0.0K)
Checking Rule W339a (Rule 95 of total 360) .... done (Time = 0.01s, Memory = 8.0K)
Checking Rule W416 (Rule 96 of total 360) .... done (Time = 0.00s, Memory = 0.0K)
Checking Rule mixedsenselist (Rule 97 of total 360) .... done (Time = 0.00s, Memory = 0.0K)
Checking Rule W110a (Rule 98 of total 360) .... done (Time = 0.00s, Memory = 0.0K)
Checking Rule Pragma_setupa (Rule 99 of total 360) .... done (Time = 0.00s, Memory = 2536.0K)
Checking Rule _deltaDelay (Rule 100 of total 360) .... done (Time = 0.00s, Memory = 0.0K)
Checking Rule _deltaDelay (Rule 101 of total 360) .... done (Time = 0.00s, Memory = 0.0K)
Checking Rule preReq_ConsCase (Rule 102 of total 360) .... done (Time = 0.00s, Memory = 0.0K)
Checking Rule CheckCelldefine (Rule 103 of total 360) .... done (Time = 0.00s, Memory = 0.0K)
Checking Rule SGDC_waive23 (Rule 104 of total 360) .... done (Time = 0.00s, Memory = 0.0K)
Checking Rule SGDC_waive26 (Rule 105 of total 360) .... done (Time = 0.00s, Memory = 0.0K)
Checking Rule SGDC_waive27 (Rule 106 of total 360) .... done (Time = 0.00s, Memory = 0.0K)
Checking Rule SGDC_waive29 (Rule 107 of total 360) .... done (Time = 0.00s, Memory = 0.0K)
Checking Rule STARC05-1.1.1.1 (Rule 108 of total 360) .... done (Time = 0.00s, Memory = 8.0K)
Checking Rule STARC05-2.3.1.5b (Rule 109 of total 360) .... done (Time = 0.00s, Memory = 0.0K)
Checking Rule STARC05-2.8.1.5 (Rule 110 of total 360) .... done (Time = 0.00s, Memory = 0.0K)
Checking Rule STARC05-2.8.5.1 (Rule 111 of total 360) .... done (Time = 0.00s, Memory = 0.0K)
Checking Rule STARC05-2.9.1.2a (Rule 112 of total 360) .... done (Time = 0.00s, Memory = 0.0K)
Checking Rule STARC05-2.9.1.2b (Rule 113 of total 360) .... done (Time = 0.00s, Memory = 0.0K)
Checking Rule STARC05-2.11.3.1 (Rule 114 of total 360) .... done (Time = 0.00s, Memory = 0.0K)
Checking Rule STARC05-1.1.1.1 (Rule 115 of total 360) .... done (Time = 0.00s, Memory = 0.0K)
Checking Rule Prereqs_STARC05-1.6.2.1 (Rule 116 of total 360) .... done (Time = 0.00s, Memory = 0.0K)
Checking Rule Prereqs_STARC-1.6.2.1 (Rule 117 of total 360) .... done (Time = 0.00s, Memory = 0.0K)
Checking Rule STARC05-2.3.4.1 (Rule 118 of total 360) .... done (Time = 0.00s, Memory = 8.0K)
Checking Rule W127 (Rule 119 of total 360) .... done (Time = 0.00s, Memory = 0.0K)
Checking Rule W193 (Rule 120 of total 360) .... done (Time = 0.00s, Memory = 0.0K)
Checking Rule W317 (Rule 121 of total 360) .... done (Time = 0.00s, Memory = 0.0K)
Checking Rule W422 (Rule 122 of total 360) .... done (Time = 0.00s, Memory = 0.0K)
Checking Rule W426 (Rule 123 of total 360) .... done (Time = 0.00s, Memory = 0.0K)
Checking Rule W464 (Rule 124 of total 360) .... done (Time = 0.00s, Memory = -2560.0K)
Checking Rule W479 (Rule 125 of total 360) .... done (Time = 0.00s, Memory = 0.0K)
Checking Rule W480 (Rule 126 of total 360) .... done (Time = 0.00s, Memory = 0.0K)
Checking Rule W481a (Rule 127 of total 360) .... done (Time = 0.00s, Memory = 0.0K)
Checking Rule W481b (Rule 128 of total 360) .... done (Time = 0.00s, Memory = 0.0K)
Checking Rule W527 (Rule 129 of total 360) .... done (Time = 0.00s, Memory = 32.0K)
Checking Rule W422 (Rule 130 of total 360) .... done (Time = 0.00s, Memory = 0.0K)
Checking Rule W292 (Rule 131 of total 360) .... done (Time = 0.00s, Memory = 0.0K)
Checking Rule W464 (Rule 132 of total 360) .... done (Time = 0.00s, Memory = 0.0K)
Checking Rule W71 (Rule 133 of total 360) .... done (Time = 0.00s, Memory = 0.0K)
Checking Rule W167 (Rule 134 of total 360) .... done (Time = 0.00s, Memory = 104.0K)
Checking Rule W167 (Rule 135 of total 360) .... done (Time = 0.00s, Memory = 0.0K)
Checking Rule W293 (Rule 136 of total 360) .... done (Time = 0.00s, Memory = 0.0K)
Checking Rule W398 (Rule 137 of total 360) .... done (Time = 0.00s, Memory = 0.0K)
Checking Rule W421 (Rule 138 of total 360) .... done (Time = 0.00s, Memory = 8.0K)
Checking Rule W424 (Rule 139 of total 360) .... done (Time = 0.00s, Memory = 0.0K)
Checking Rule W443 (Rule 140 of total 360) .... done (Time = 0.00s, Memory = 0.0K)
Checking Rule W444 (Rule 141 of total 360) .... done (Time = 0.00s, Memory = 0.0K)
Checking Rule W467 (Rule 142 of total 360) .... done (Time = 0.00s, Memory = 0.0K)
Checking Rule UnrecSynthDir-ML (Rule 143 of total 360) .... done (Time = 0.00s, Memory = 8.0K)
Checking Rule UnrecSynthDir-ML (Rule 144 of total 360) .... done (Time = 0.00s, Memory = 0.0K)
Checking Rule PragmaComments-ML (Rule 145 of total 360) .... done (Time = 0.00s, Memory = 0.0K)
Checking Rule PragmaComments-ML (Rule 146 of total 360) .... done (Time = 0.00s, Memory = 0.0K)
Checking Rule CheckDelayTimescale-ML (Rule 147 of total 360) .... done (Time = 0.01s, Memory = 2568.0K)
Checking Rule Prereqs_CheckTimeUnitandPrecision-ML (Rule 148 of total 360) .... done (Time = 0.00s, Memory = 0.0K)
Checking Rule NoGenLabel-ML (Rule 149 of total 360)
Rule NoGenLabel-ML: Unknown argument 'yes' passed
 .... done (Time = 0.00s, Memory = 0.0K)
Checking Rule SetBeforeRead-ML (Rule 150 of total 360) .... done (Time = 0.00s, Memory = 0.0K)
Checking ELABDU Rules for designUnit core
    Checking Rule Ac_classify_param01 (Rule 151 of total 360) .... done (Time = 0.00s, Memory = 0.0K)
    Checking Rule AcOvlRtl (Rule 152 of total 360) .... done (Time = 0.00s, Memory = 0.0K)
    Checking Rule AcOvlRtl (Rule 153 of total 360) .... done (Time = 0.00s, Memory = 40.0K)
    Checking Rule GenTopLevelBlocksForAutoSoc (Rule 154 of total 360) .... done (Time = 0.00s, Memory = 0.0K)
    Checking Rule Prereqs_InferLatch (Rule 155 of total 360) .... done (Time = 0.00s, Memory = 0.0K)
    Checking Rule STARC05-2.1.4.5 (Rule 156 of total 360) .... done (Time = 0.00s, Memory = 8.0K)
    Checking Rule STARC05-2.1.5.3 (Rule 157 of total 360) .... done (Time = 0.00s, Memory = 0.0K)
    Checking Rule STARC05-2.2.3.3 (Rule 158 of total 360) .... done (Time = 0.00s, Memory = 0.0K)
    Checking Rule STARC05-2.3.1.6 (Rule 159 of total 360) .... done (Time = 0.00s, Memory = 0.0K)
    Checking Rule STARC05-2.10.2.3 (Rule 160 of total 360) .... done (Time = 0.00s, Memory = 0.0K)
    Checking Rule STARC05-2.10.3.2a (Rule 161 of total 360) .... done (Time = 0.01s, Memory = 0.0K)
    Checking Rule STARC05-2.11.3.1 (Rule 162 of total 360) .... done (Time = 0.01s, Memory = 8.0K)
    Checking Rule STARC05-2.1.1.2 (Rule 163 of total 360) .... done (Time = 0.00s, Memory = 0.0K)
    Checking Rule STARC05-2.1.3.1 (Rule 164 of total 360) .... done (Time = 0.00s, Memory = 0.0K)
    Checking Rule STARC05-2.8.1.3 (Rule 165 of total 360) .... done (Time = 0.00s, Memory = 0.0K)
    Checking Rule STARC05-2.10.1.4a (Rule 166 of total 360) .... done (Time = 0.00s, Memory = 0.0K)
    Checking Rule STARC05-2.10.1.4b (Rule 167 of total 360) .... done (Time = 0.00s, Memory = -2536.0K)
    Checking Rule STARC05-2.8.1.3 (Rule 168 of total 360) .... done (Time = 0.00s, Memory = 0.0K)
    Checking Rule sim_race02 (Rule 169 of total 360) .... done (Time = 0.00s, Memory = 0.0K)
    Checking Rule W239 (Rule 170 of total 360) .... done (Time = 0.00s, Memory = 0.0K)
    Checking Rule W110 (Rule 171 of total 360) .... done (Time = 0.00s, Memory = 0.0K)
    Checking Rule W122 (Rule 172 of total 360) .... done (Time = 0.00s, Memory = 512.0K)
    Checking Rule W163 (Rule 173 of total 360) .... done (Time = 0.00s, Memory = 0.0K)
    Checking Rule W552 (Rule 174 of total 360) .... done (Time = 0.00s, Memory = 0.0K)
    Checking Rule W553 (Rule 175 of total 360) .... done (Time = 0.00s, Memory = 0.0K)
    Checking Rule W496a (Rule 176 of total 360) .... done (Time = 0.00s, Memory = 0.0K)
    Checking Rule W496b (Rule 177 of total 360) .... done (Time = 0.00s, Memory = 0.0K)
    Checking Rule W19 (Rule 178 of total 360) .... done (Time = 0.00s, Memory = 8.0K)
    Checking Rule W66 (Rule 179 of total 360) .... done (Time = 0.00s, Memory = 0.0K)
    Checking Rule W116 (Rule 180 of total 360) .... done (Time = 0.00s, Memory = -32.0K)
    Checking Rule W123 (Rule 181 of total 360) .... done (Time = 0.00s, Memory = 24.0K)
    Checking Rule W156 (Rule 182 of total 360) .... done (Time = 0.00s, Memory = 904.0K)
    Checking Rule W188 (Rule 183 of total 360) .... done (Time = 0.00s, Memory = 32.0K)
    Checking Rule W215 (Rule 184 of total 360) .... done (Time = 0.00s, Memory = -8.0K)
    Checking Rule W216 (Rule 185 of total 360) .... done (Time = 0.00s, Memory = 2544.0K)
    Checking Rule W218 (Rule 186 of total 360) .... done (Time = 0.00s, Memory = 0.0K)
    Checking Rule W238 (Rule 187 of total 360) .... done (Time = 0.00s, Memory = 0.0K)
    Checking Rule W245 (Rule 188 of total 360) .... done (Time = 0.00s, Memory = 0.0K)
    Checking Rule W263 (Rule 189 of total 360) .... done (Time = 0.00s, Memory = 8.0K)
    Checking Rule W289 (Rule 190 of total 360) .... done (Time = 0.00s, Memory = 0.0K)
    Checking Rule W314 (Rule 191 of total 360) .... done (Time = 0.00s, Memory = 0.0K)
    Checking Rule W316 (Rule 192 of total 360) .... done (Time = 0.00s, Memory = 0.0K)
    Checking Rule W337 (Rule 193 of total 360) .... done (Time = 0.01s, Memory = 0.0K)
    Checking Rule W342 (Rule 194 of total 360) .... done (Time = 0.00s, Memory = 0.0K)
    Checking Rule W343 (Rule 195 of total 360) .... done (Time = 0.00s, Memory = 0.0K)
    Checking Rule W416 (Rule 196 of total 360) .... done (Time = 0.00s, Memory = 8.0K)
    Checking Rule W352 (Rule 197 of total 360) .... done (Time = 0.00s, Memory = 0.0K)
    Checking Rule W362 (Rule 198 of total 360) .... done (Time = 0.00s, Memory = 0.0K)
    Checking Rule W423 (Rule 199 of total 360) .... done (Time = 0.00s, Memory = 0.0K)
    Checking Rule W486 (Rule 200 of total 360) .... done (Time = 0.00s, Memory = 0.0K)
    Checking Rule W499 (Rule 201 of total 360) .... done (Time = 0.00s, Memory = 0.0K)
    Checking Rule W502 (Rule 202 of total 360) .... done (Time = 0.00s, Memory = 0.0K)
    Checking Rule W575 (Rule 203 of total 360) .... done (Time = 0.00s, Memory = 0.0K)
    Checking Rule W576 (Rule 204 of total 360) .... done (Time = 0.00s, Memory = 0.0K)
    Checking Rule W116 (Rule 205 of total 360) .... done (Time = 0.00s, Memory = 0.0K)
    Checking Rule W122 (Rule 206 of total 360) .... done (Time = 0.00s, Memory = 8.0K)
    Checking Rule W123 (Rule 207 of total 360) .... done (Time = 0.00s, Memory = 0.0K)
    Checking Rule W156 (Rule 208 of total 360) .... done (Time = 0.00s, Memory = 0.0K)
    Checking Rule W71 (Rule 209 of total 360) .... done (Time = 0.00s, Memory = 8.0K)
    Checking Rule W164a (Rule 210 of total 360) .... done (Time = 0.00s, Memory = 8.0K)
    Checking Rule W164a (Rule 211 of total 360) .... done (Time = 0.00s, Memory = 0.0K)
    Checking Rule W164b (Rule 212 of total 360) .... done (Time = 0.01s, Memory = 0.0K)
    Checking Rule W164b (Rule 213 of total 360) .... done (Time = 0.00s, Memory = 0.0K)
    Checking Rule W210 (Rule 214 of total 360) .... done (Time = 0.00s, Memory = 0.0K)
    Checking Rule W210 (Rule 215 of total 360) .... done (Time = 0.00s, Memory = 0.0K)
    Checking Rule W240 (Rule 216 of total 360) .... done (Time = 0.00s, Memory = 0.0K)
    Checking Rule W240 (Rule 217 of total 360) .... done (Time = 0.00s, Memory = 0.0K)
    Checking Rule W241 (Rule 218 of total 360) .... done (Time = 0.00s, Memory = 0.0K)
    Checking Rule W241 (Rule 219 of total 360) .... done (Time = 0.00s, Memory = 0.0K)
    Checking Rule W287a (Rule 220 of total 360) .... done (Time = 0.00s, Memory = 8.0K)
    Checking Rule W287c (Rule 221 of total 360) .... done (Time = 0.00s, Memory = -2568.0K)
    Checking Rule W293 (Rule 222 of total 360) .... done (Time = 0.00s, Memory = 0.0K)
    Checking Rule W398 (Rule 223 of total 360) .... done (Time = 0.00s, Memory = 0.0K)
    Checking Rule W424 (Rule 224 of total 360) .... done (Time = 0.00s, Memory = 0.0K)
    Checking Rule W443 (Rule 225 of total 360) .... done (Time = 0.00s, Memory = 8.0K)
    Checking Rule W444 (Rule 226 of total 360) .... done (Time = 0.00s, Memory = 0.0K)
    Checking Rule W467 (Rule 227 of total 360) .... done (Time = 0.00s, Memory = 0.0K)
    Checking Rule W494 (Rule 228 of total 360) .... done (Time = 0.00s, Memory = 8.0K)
    Checking Rule W494 (Rule 229 of total 360) .... done (Time = 0.00s, Memory = 0.0K)
    Checking Rule W505 (Rule 230 of total 360) .... done (Time = 0.00s, Memory = -8.0K)
    Checking Rule W505 (Rule 231 of total 360) .... done (Time = 0.00s, Memory = 0.0K)
    Checking Rule Prereqs_Usage (Rule 232 of total 360) .... done (Time = 0.00s, Memory = -16.0K)
    Checking Rule Prereqs_ConstantInput-ML (Rule 233 of total 360) .... done (Time = 0.00s, Memory = 32.0K)
    Checking Rule ReportPortInfo-ML (Rule 234 of total 360) .... done (Time = 0.00s, Memory = 8.0K)
    Checking Rule Prereqs_ReportPortInfo-ML (Rule 235 of total 360) .... done (Time = 0.00s, Memory = 0.0K)
    Checking Rule Prereqs_ReportPortInfo-ML (Rule 236 of total 360) .... done (Time = 0.00s, Memory = 0.0K)
    Checking Rule DisallowCaseX-ML (Rule 237 of total 360) .... done (Time = 0.00s, Memory = 0.0K)
    Checking Rule NoAssignX-ML (Rule 238 of total 360) .... done (Time = 0.00s, Memory = 0.0K)
    Checking Rule InstPortConnType-ML (Rule 239 of total 360) .... done (Time = 0.00s, Memory = 0.0K)
    Checking Rule ParamWidthMismatch-ML (Rule 240 of total 360) .... done (Time = 0.00s, Memory = 0.0K)
    Checking Rule DuplicateCaseLabel-ML (Rule 241 of total 360) .... done (Time = 0.00s, Memory = 0.0K)
    Checking Rule AutomaticFuncTask-ML (Rule 242 of total 360) .... done (Time = 0.00s, Memory = 0.0K)
    Checking Rule SetBeforeRead-ML (Rule 243 of total 360) .... done (Time = 0.00s, Memory = 0.0K)
    Checking Rule SigAssignZ-ML (Rule 244 of total 360) .... done (Time = 0.00s, Memory = 0.0K)
    Checking Rule Postreqs_Usage_ML (Rule 245 of total 360) .... done (Time = 0.00s, Memory = 0.0K)
    Checking Rule ImproperRangeIndex-ML (Rule 246 of total 360) .... done (Time = 0.00s, Memory = 0.0K)
    Checking Rule NoXInCase-ML (Rule 247 of total 360) .... done (Time = 0.00s, Memory = 0.0K)
    Checking Rule SigAssignZ-ML (Rule 248 of total 360) .... done (Time = 0.00s, Memory = 0.0K)
Checking ELABDU Rules for designUnit conv
    Checking Rule Ac_classify_param01 (Rule 151 of total 360) .... done (Time = 0.00s, Memory = 0.0K)
    Checking Rule AcOvlRtl (Rule 152 of total 360) .... done (Time = 0.00s, Memory = 0.0K)
    Checking Rule AcOvlRtl (Rule 153 of total 360) .... done (Time = 0.00s, Memory = 40.0K)
    Checking Rule GenTopLevelBlocksForAutoSoc (Rule 154 of total 360) .... done (Time = 0.00s, Memory = 0.0K)
    Checking Rule Prereqs_InferLatch (Rule 155 of total 360) .... done (Time = 0.00s, Memory = 0.0K)
    Checking Rule STARC05-2.1.4.5 (Rule 156 of total 360) .... done (Time = 0.00s, Memory = 8.0K)
    Checking Rule STARC05-2.1.5.3 (Rule 157 of total 360) .... done (Time = 0.00s, Memory = 0.0K)
    Checking Rule STARC05-2.2.3.3 (Rule 158 of total 360) .... done (Time = 0.00s, Memory = 0.0K)
    Checking Rule STARC05-2.3.1.6 (Rule 159 of total 360) .... done (Time = 0.00s, Memory = 0.0K)
    Checking Rule STARC05-2.10.2.3 (Rule 160 of total 360) .... done (Time = 0.00s, Memory = 0.0K)
    Checking Rule STARC05-2.10.3.2a (Rule 161 of total 360) .... done (Time = 0.00s, Memory = 0.0K)
    Checking Rule STARC05-2.11.3.1 (Rule 162 of total 360) .... done (Time = 0.00s, Memory = 0.0K)
    Checking Rule STARC05-2.1.1.2 (Rule 163 of total 360) .... done (Time = 0.00s, Memory = 0.0K)
    Checking Rule STARC05-2.1.3.1 (Rule 164 of total 360) .... done (Time = 0.00s, Memory = 0.0K)
    Checking Rule STARC05-2.8.1.3 (Rule 165 of total 360) .... done (Time = 0.00s, Memory = 0.0K)
    Checking Rule STARC05-2.10.1.4a (Rule 166 of total 360) .... done (Time = 0.00s, Memory = 0.0K)
    Checking Rule STARC05-2.10.1.4b (Rule 167 of total 360) .... done (Time = 0.00s, Memory = 0.0K)
    Checking Rule STARC05-2.8.1.3 (Rule 168 of total 360) .... done (Time = 0.00s, Memory = 0.0K)
    Checking Rule sim_race02 (Rule 169 of total 360) .... done (Time = 0.00s, Memory = 0.0K)
    Checking Rule W239 (Rule 170 of total 360) .... done (Time = 0.00s, Memory = 0.0K)
    Checking Rule W110 (Rule 171 of total 360) .... done (Time = 0.00s, Memory = 0.0K)
    Checking Rule W122 (Rule 172 of total 360) .... done (Time = 0.01s, Memory = 0.0K)
    Checking Rule W163 (Rule 173 of total 360) .... done (Time = 0.00s, Memory = 0.0K)
    Checking Rule W552 (Rule 174 of total 360) .... done (Time = 0.00s, Memory = 0.0K)
    Checking Rule W553 (Rule 175 of total 360) .... done (Time = 0.00s, Memory = 0.0K)
    Checking Rule W496a (Rule 176 of total 360) .... done (Time = 0.00s, Memory = 0.0K)
    Checking Rule W496b (Rule 177 of total 360) .... done (Time = 0.00s, Memory = 0.0K)
    Checking Rule W19 (Rule 178 of total 360) .... done (Time = 0.00s, Memory = 8.0K)
    Checking Rule W66 (Rule 179 of total 360) .... done (Time = 0.00s, Memory = 0.0K)
    Checking Rule W116 (Rule 180 of total 360) .... done (Time = 0.00s, Memory = 0.0K)
    Checking Rule W123 (Rule 181 of total 360) .... done (Time = 0.00s, Memory = 16.0K)
    Checking Rule W156 (Rule 182 of total 360) .... done (Time = 0.00s, Memory = 0.0K)
    Checking Rule W188 (Rule 183 of total 360) .... done (Time = 0.00s, Memory = 0.0K)
    Checking Rule W215 (Rule 184 of total 360) .... done (Time = 0.00s, Memory = 0.0K)
    Checking Rule W216 (Rule 185 of total 360) .... done (Time = 0.00s, Memory = 0.0K)
    Checking Rule W218 (Rule 186 of total 360) .... done (Time = 0.00s, Memory = 0.0K)
    Checking Rule W238 (Rule 187 of total 360) .... done (Time = 0.00s, Memory = 0.0K)
    Checking Rule W245 (Rule 188 of total 360) .... done (Time = 0.00s, Memory = 0.0K)
    Checking Rule W263 (Rule 189 of total 360) .... done (Time = 0.00s, Memory = 0.0K)
    Checking Rule W289 (Rule 190 of total 360) .... done (Time = 0.00s, Memory = 0.0K)
    Checking Rule W314 (Rule 191 of total 360) .... done (Time = 0.00s, Memory = 0.0K)
    Checking Rule W316 (Rule 192 of total 360) .... done (Time = 0.00s, Memory = 0.0K)
    Checking Rule W337 (Rule 193 of total 360) .... done (Time = 0.00s, Memory = 0.0K)
    Checking Rule W342 (Rule 194 of total 360) .... done (Time = 0.00s, Memory = 8.0K)
    Checking Rule W343 (Rule 195 of total 360) .... done (Time = 0.00s, Memory = 0.0K)
    Checking Rule W416 (Rule 196 of total 360) .... done (Time = 0.00s, Memory = 0.0K)
    Checking Rule W352 (Rule 197 of total 360) .... done (Time = 0.00s, Memory = 0.0K)
    Checking Rule W362 (Rule 198 of total 360) .... done (Time = 0.00s, Memory = 0.0K)
    Checking Rule W423 (Rule 199 of total 360) .... done (Time = 0.00s, Memory = 0.0K)
    Checking Rule W486 (Rule 200 of total 360) .... done (Time = 0.00s, Memory = 0.0K)
    Checking Rule W499 (Rule 201 of total 360) .... done (Time = 0.00s, Memory = 0.0K)
    Checking Rule W502 (Rule 202 of total 360) .... done (Time = 0.00s, Memory = 0.0K)
    Checking Rule W575 (Rule 203 of total 360) .... done (Time = 0.00s, Memory = 0.0K)
    Checking Rule W576 (Rule 204 of total 360) .... done (Time = 0.00s, Memory = 0.0K)
    Checking Rule W116 (Rule 205 of total 360) .... done (Time = 0.00s, Memory = 0.0K)
    Checking Rule W122 (Rule 206 of total 360) .... done (Time = 0.00s, Memory = 8.0K)
    Checking Rule W123 (Rule 207 of total 360) .... done (Time = 0.00s, Memory = 0.0K)
    Checking Rule W156 (Rule 208 of total 360) .... done (Time = 0.00s, Memory = 0.0K)
    Checking Rule W71 (Rule 209 of total 360) .... done (Time = 0.00s, Memory = 0.0K)
    Checking Rule W164a (Rule 210 of total 360) .... done (Time = 0.00s, Memory = 0.0K)
    Checking Rule W164a (Rule 211 of total 360) .... done (Time = 0.00s, Memory = 0.0K)
    Checking Rule W164b (Rule 212 of total 360) .... done (Time = 0.00s, Memory = 0.0K)
    Checking Rule W164b (Rule 213 of total 360) .... done (Time = 0.00s, Memory = 0.0K)
    Checking Rule W210 (Rule 214 of total 360) .... done (Time = 0.00s, Memory = 0.0K)
    Checking Rule W210 (Rule 215 of total 360) .... done (Time = 0.00s, Memory = 0.0K)
    Checking Rule W240 (Rule 216 of total 360) .... done (Time = 0.00s, Memory = 0.0K)
    Checking Rule W240 (Rule 217 of total 360) .... done (Time = 0.00s, Memory = 0.0K)
    Checking Rule W241 (Rule 218 of total 360) .... done (Time = 0.00s, Memory = 0.0K)
    Checking Rule W241 (Rule 219 of total 360) .... done (Time = 0.00s, Memory = 0.0K)
    Checking Rule W287a (Rule 220 of total 360) .... done (Time = 0.00s, Memory = 0.0K)
    Checking Rule W287c (Rule 221 of total 360) .... done (Time = 0.00s, Memory = 0.0K)
    Checking Rule W293 (Rule 222 of total 360) .... done (Time = 0.00s, Memory = 0.0K)
    Checking Rule W398 (Rule 223 of total 360) .... done (Time = 0.00s, Memory = 0.0K)
    Checking Rule W424 (Rule 224 of total 360) .... done (Time = 0.00s, Memory = 0.0K)
    Checking Rule W443 (Rule 225 of total 360) .... done (Time = 0.00s, Memory = 16.0K)
    Checking Rule W444 (Rule 226 of total 360) .... done (Time = 0.00s, Memory = 0.0K)
    Checking Rule W467 (Rule 227 of total 360) .... done (Time = 0.00s, Memory = 0.0K)
    Checking Rule W494 (Rule 228 of total 360) .... done (Time = 0.00s, Memory = 0.0K)
    Checking Rule W494 (Rule 229 of total 360) .... done (Time = 0.00s, Memory = 0.0K)
    Checking Rule W505 (Rule 230 of total 360) .... done (Time = 0.00s, Memory = 0.0K)
    Checking Rule W505 (Rule 231 of total 360) .... done (Time = 0.00s, Memory = 0.0K)
    Checking Rule Prereqs_Usage (Rule 232 of total 360) .... done (Time = 0.00s, Memory = -16.0K)
    Checking Rule Prereqs_ConstantInput-ML (Rule 233 of total 360) .... done (Time = 0.00s, Memory = 32.0K)
    Checking Rule ReportPortInfo-ML (Rule 234 of total 360) .... done (Time = 0.00s, Memory = 0.0K)
    Checking Rule Prereqs_ReportPortInfo-ML (Rule 235 of total 360) .... done (Time = 0.00s, Memory = 0.0K)
    Checking Rule Prereqs_ReportPortInfo-ML (Rule 236 of total 360) .... done (Time = 0.00s, Memory = 0.0K)
    Checking Rule DisallowCaseX-ML (Rule 237 of total 360) .... done (Time = 0.00s, Memory = 0.0K)
    Checking Rule NoAssignX-ML (Rule 238 of total 360) .... done (Time = 0.00s, Memory = 0.0K)
    Checking Rule InstPortConnType-ML (Rule 239 of total 360) .... done (Time = 0.00s, Memory = 0.0K)
    Checking Rule ParamWidthMismatch-ML (Rule 240 of total 360) .... done (Time = 0.00s, Memory = 0.0K)
    Checking Rule DuplicateCaseLabel-ML (Rule 241 of total 360) .... done (Time = 0.00s, Memory = 0.0K)
    Checking Rule AutomaticFuncTask-ML (Rule 242 of total 360) .... done (Time = 0.00s, Memory = 0.0K)
    Checking Rule SetBeforeRead-ML (Rule 243 of total 360) .... done (Time = 0.00s, Memory = 0.0K)
    Checking Rule SigAssignZ-ML (Rule 244 of total 360) .... done (Time = 0.00s, Memory = 0.0K)
    Checking Rule Postreqs_Usage_ML (Rule 245 of total 360) .... done (Time = 0.00s, Memory = 0.0K)
    Checking Rule ImproperRangeIndex-ML (Rule 246 of total 360) .... done (Time = 0.00s, Memory = 0.0K)
    Checking Rule NoXInCase-ML (Rule 247 of total 360) .... done (Time = 0.00s, Memory = 0.0K)
    Checking Rule SigAssignZ-ML (Rule 248 of total 360) .... done (Time = 0.00s, Memory = 0.0K)
Checking ELABDU Rules for designUnit median
    Checking Rule Ac_classify_param01 (Rule 151 of total 360) .... done (Time = 0.00s, Memory = 0.0K)
    Checking Rule AcOvlRtl (Rule 152 of total 360) .... done (Time = 0.00s, Memory = 0.0K)
    Checking Rule AcOvlRtl (Rule 153 of total 360) .... done (Time = 0.00s, Memory = 40.0K)
    Checking Rule GenTopLevelBlocksForAutoSoc (Rule 154 of total 360) .... done (Time = 0.00s, Memory = 0.0K)
    Checking Rule Prereqs_InferLatch (Rule 155 of total 360) .... done (Time = 0.00s, Memory = 0.0K)
    Checking Rule STARC05-2.1.4.5 (Rule 156 of total 360) .... done (Time = 0.00s, Memory = 0.0K)
    Checking Rule STARC05-2.1.5.3 (Rule 157 of total 360) .... done (Time = 0.00s, Memory = 0.0K)
    Checking Rule STARC05-2.2.3.3 (Rule 158 of total 360) .... done (Time = 0.00s, Memory = 0.0K)
    Checking Rule STARC05-2.3.1.6 (Rule 159 of total 360) .... done (Time = 0.00s, Memory = 0.0K)
    Checking Rule STARC05-2.10.2.3 (Rule 160 of total 360) .... done (Time = 0.00s, Memory = 0.0K)
    Checking Rule STARC05-2.10.3.2a (Rule 161 of total 360) .... done (Time = 0.00s, Memory = 0.0K)
    Checking Rule STARC05-2.11.3.1 (Rule 162 of total 360) .... done (Time = 0.00s, Memory = 0.0K)
    Checking Rule STARC05-2.1.1.2 (Rule 163 of total 360) .... done (Time = 0.00s, Memory = 0.0K)
    Checking Rule STARC05-2.1.3.1 (Rule 164 of total 360) .... done (Time = 0.00s, Memory = 0.0K)
    Checking Rule STARC05-2.8.1.3 (Rule 165 of total 360) .... done (Time = 0.00s, Memory = 0.0K)
    Checking Rule STARC05-2.10.1.4a (Rule 166 of total 360) .... done (Time = 0.00s, Memory = 0.0K)
    Checking Rule STARC05-2.10.1.4b (Rule 167 of total 360) .... done (Time = 0.00s, Memory = 0.0K)
    Checking Rule STARC05-2.8.1.3 (Rule 168 of total 360) .... done (Time = 0.00s, Memory = 0.0K)
    Checking Rule sim_race02 (Rule 169 of total 360) .... done (Time = 0.00s, Memory = 0.0K)
    Checking Rule W239 (Rule 170 of total 360) .... done (Time = 0.00s, Memory = 0.0K)
    Checking Rule W110 (Rule 171 of total 360) .... done (Time = 0.00s, Memory = 0.0K)
    Checking Rule W122 (Rule 172 of total 360) .... done (Time = 0.00s, Memory = 0.0K)
    Checking Rule W163 (Rule 173 of total 360) .... done (Time = 0.00s, Memory = 0.0K)
    Checking Rule W552 (Rule 174 of total 360) .... done (Time = 0.01s, Memory = 0.0K)
    Checking Rule W553 (Rule 175 of total 360) .... done (Time = 0.00s, Memory = 0.0K)
    Checking Rule W496a (Rule 176 of total 360) .... done (Time = 0.00s, Memory = 0.0K)
    Checking Rule W496b (Rule 177 of total 360) .... done (Time = 0.00s, Memory = 0.0K)
    Checking Rule W19 (Rule 178 of total 360) .... done (Time = 0.00s, Memory = 0.0K)
    Checking Rule W66 (Rule 179 of total 360) .... done (Time = 0.00s, Memory = 0.0K)
    Checking Rule W116 (Rule 180 of total 360) .... done (Time = 0.00s, Memory = 0.0K)
    Checking Rule W123 (Rule 181 of total 360) .... done (Time = 0.00s, Memory = 16.0K)
    Checking Rule W156 (Rule 182 of total 360) .... done (Time = 0.00s, Memory = 0.0K)
    Checking Rule W188 (Rule 183 of total 360) .... done (Time = 0.00s, Memory = 0.0K)
    Checking Rule W215 (Rule 184 of total 360) .... done (Time = 0.00s, Memory = 0.0K)
    Checking Rule W216 (Rule 185 of total 360) .... done (Time = 0.00s, Memory = 0.0K)
    Checking Rule W218 (Rule 186 of total 360) .... done (Time = 0.00s, Memory = 0.0K)
    Checking Rule W238 (Rule 187 of total 360) .... done (Time = 0.00s, Memory = 0.0K)
    Checking Rule W245 (Rule 188 of total 360) .... done (Time = 0.00s, Memory = 0.0K)
    Checking Rule W263 (Rule 189 of total 360) .... done (Time = 0.00s, Memory = 0.0K)
    Checking Rule W289 (Rule 190 of total 360) .... done (Time = 0.00s, Memory = 0.0K)
    Checking Rule W314 (Rule 191 of total 360) .... done (Time = 0.00s, Memory = 0.0K)
    Checking Rule W316 (Rule 192 of total 360) .... done (Time = 0.00s, Memory = 0.0K)
    Checking Rule W337 (Rule 193 of total 360) .... done (Time = 0.00s, Memory = 0.0K)
    Checking Rule W342 (Rule 194 of total 360) .... done (Time = 0.01s, Memory = 0.0K)
    Checking Rule W343 (Rule 195 of total 360) .... done (Time = 0.00s, Memory = 0.0K)
    Checking Rule W416 (Rule 196 of total 360) .... done (Time = 0.00s, Memory = 0.0K)
    Checking Rule W352 (Rule 197 of total 360) .... done (Time = 0.00s, Memory = 0.0K)
    Checking Rule W362 (Rule 198 of total 360) .... done (Time = 0.00s, Memory = 0.0K)
    Checking Rule W423 (Rule 199 of total 360) .... done (Time = 0.00s, Memory = 0.0K)
    Checking Rule W486 (Rule 200 of total 360) .... done (Time = 0.00s, Memory = 0.0K)
    Checking Rule W499 (Rule 201 of total 360) .... done (Time = 0.00s, Memory = 0.0K)
    Checking Rule W502 (Rule 202 of total 360) .... done (Time = 0.00s, Memory = 0.0K)
    Checking Rule W575 (Rule 203 of total 360) .... done (Time = 0.00s, Memory = 0.0K)
    Checking Rule W576 (Rule 204 of total 360) .... done (Time = 0.00s, Memory = 0.0K)
    Checking Rule W116 (Rule 205 of total 360) .... done (Time = 0.00s, Memory = 0.0K)
    Checking Rule W122 (Rule 206 of total 360) .... done (Time = 0.00s, Memory = 8.0K)
    Checking Rule W123 (Rule 207 of total 360) .... done (Time = 0.00s, Memory = 0.0K)
    Checking Rule W156 (Rule 208 of total 360) .... done (Time = 0.00s, Memory = 0.0K)
    Checking Rule W71 (Rule 209 of total 360) .... done (Time = 0.00s, Memory = 0.0K)
    Checking Rule W164a (Rule 210 of total 360) .... done (Time = 0.00s, Memory = 0.0K)
    Checking Rule W164a (Rule 211 of total 360) .... done (Time = 0.00s, Memory = 0.0K)
    Checking Rule W164b (Rule 212 of total 360) .... done (Time = 0.00s, Memory = 0.0K)
    Checking Rule W164b (Rule 213 of total 360) .... done (Time = 0.00s, Memory = 0.0K)
    Checking Rule W210 (Rule 214 of total 360) .... done (Time = 0.00s, Memory = 0.0K)
    Checking Rule W210 (Rule 215 of total 360) .... done (Time = 0.00s, Memory = 0.0K)
    Checking Rule W240 (Rule 216 of total 360) .... done (Time = 0.00s, Memory = 32.0K)
    Checking Rule W240 (Rule 217 of total 360) .... done (Time = 0.00s, Memory = 0.0K)
    Checking Rule W241 (Rule 218 of total 360) .... done (Time = 0.00s, Memory = 0.0K)
    Checking Rule W241 (Rule 219 of total 360) .... done (Time = 0.00s, Memory = 0.0K)
    Checking Rule W287a (Rule 220 of total 360) .... done (Time = 0.00s, Memory = 0.0K)
    Checking Rule W287c (Rule 221 of total 360) .... done (Time = 0.00s, Memory = 0.0K)
    Checking Rule W293 (Rule 222 of total 360) .... done (Time = 0.00s, Memory = 0.0K)
    Checking Rule W398 (Rule 223 of total 360) .... done (Time = 0.00s, Memory = 8.0K)
    Checking Rule W424 (Rule 224 of total 360) .... done (Time = 0.00s, Memory = 0.0K)
    Checking Rule W443 (Rule 225 of total 360) .... done (Time = 0.00s, Memory = 0.0K)
    Checking Rule W444 (Rule 226 of total 360) .... done (Time = 0.00s, Memory = 0.0K)
    Checking Rule W467 (Rule 227 of total 360) .... done (Time = 0.00s, Memory = 0.0K)
    Checking Rule W494 (Rule 228 of total 360) .... done (Time = 0.00s, Memory = 0.0K)
    Checking Rule W494 (Rule 229 of total 360) .... done (Time = 0.00s, Memory = 0.0K)
    Checking Rule W505 (Rule 230 of total 360) .... done (Time = 0.00s, Memory = 0.0K)
    Checking Rule W505 (Rule 231 of total 360) .... done (Time = 0.00s, Memory = 0.0K)
    Checking Rule Prereqs_Usage (Rule 232 of total 360) .... done (Time = 0.00s, Memory = -16.0K)
    Checking Rule Prereqs_ConstantInput-ML (Rule 233 of total 360) .... done (Time = 0.00s, Memory = 32.0K)
    Checking Rule ReportPortInfo-ML (Rule 234 of total 360) .... done (Time = 0.00s, Memory = 0.0K)
    Checking Rule Prereqs_ReportPortInfo-ML (Rule 235 of total 360) .... done (Time = 0.00s, Memory = 0.0K)
    Checking Rule Prereqs_ReportPortInfo-ML (Rule 236 of total 360) .... done (Time = 0.00s, Memory = 0.0K)
    Checking Rule DisallowCaseX-ML (Rule 237 of total 360) .... done (Time = 0.00s, Memory = 0.0K)
    Checking Rule NoAssignX-ML (Rule 238 of total 360) .... done (Time = 0.00s, Memory = 0.0K)
    Checking Rule InstPortConnType-ML (Rule 239 of total 360) .... done (Time = 0.00s, Memory = 0.0K)
    Checking Rule ParamWidthMismatch-ML (Rule 240 of total 360) .... done (Time = 0.00s, Memory = 0.0K)
    Checking Rule DuplicateCaseLabel-ML (Rule 241 of total 360) .... done (Time = 0.00s, Memory = 0.0K)
    Checking Rule AutomaticFuncTask-ML (Rule 242 of total 360) .... done (Time = 0.00s, Memory = 0.0K)
    Checking Rule SetBeforeRead-ML (Rule 243 of total 360) .... done (Time = 0.01s, Memory = 8.0K)
    Checking Rule SigAssignZ-ML (Rule 244 of total 360) .... done (Time = 0.00s, Memory = 0.0K)
    Checking Rule Postreqs_Usage_ML (Rule 245 of total 360) .... done (Time = 0.00s, Memory = 0.0K)
    Checking Rule ImproperRangeIndex-ML (Rule 246 of total 360) .... done (Time = 0.00s, Memory = 0.0K)
    Checking Rule NoXInCase-ML (Rule 247 of total 360) .... done (Time = 0.00s, Memory = 0.0K)
    Checking Rule SigAssignZ-ML (Rule 248 of total 360) .... done (Time = 0.00s, Memory = 0.0K)
Checking ELABDU Rules for designUnit median_filter_submodule
    Checking Rule Ac_classify_param01 (Rule 151 of total 360) .... done (Time = 0.00s, Memory = 0.0K)
    Checking Rule AcOvlRtl (Rule 152 of total 360) .... done (Time = 0.00s, Memory = 0.0K)
    Checking Rule AcOvlRtl (Rule 153 of total 360) .... done (Time = 0.00s, Memory = 40.0K)
    Checking Rule GenTopLevelBlocksForAutoSoc (Rule 154 of total 360) .... done (Time = 0.00s, Memory = 0.0K)
    Checking Rule Prereqs_InferLatch (Rule 155 of total 360) .... done (Time = 0.00s, Memory = 0.0K)
    Checking Rule STARC05-2.1.4.5 (Rule 156 of total 360) .... done (Time = 0.00s, Memory = 0.0K)
    Checking Rule STARC05-2.1.5.3 (Rule 157 of total 360) .... done (Time = 0.00s, Memory = 0.0K)
    Checking Rule STARC05-2.2.3.3 (Rule 158 of total 360) .... done (Time = 0.00s, Memory = 0.0K)
    Checking Rule STARC05-2.3.1.6 (Rule 159 of total 360) .... done (Time = 0.00s, Memory = 0.0K)
    Checking Rule STARC05-2.10.2.3 (Rule 160 of total 360) .... done (Time = 0.00s, Memory = 0.0K)
    Checking Rule STARC05-2.10.3.2a (Rule 161 of total 360) .... done (Time = 0.00s, Memory = 0.0K)
    Checking Rule STARC05-2.11.3.1 (Rule 162 of total 360) .... done (Time = 0.00s, Memory = 0.0K)
    Checking Rule STARC05-2.1.1.2 (Rule 163 of total 360) .... done (Time = 0.00s, Memory = 0.0K)
    Checking Rule STARC05-2.1.3.1 (Rule 164 of total 360) .... done (Time = 0.00s, Memory = 0.0K)
    Checking Rule STARC05-2.8.1.3 (Rule 165 of total 360) .... done (Time = 0.00s, Memory = 0.0K)
    Checking Rule STARC05-2.10.1.4a (Rule 166 of total 360) .... done (Time = 0.00s, Memory = 0.0K)
    Checking Rule STARC05-2.10.1.4b (Rule 167 of total 360) .... done (Time = 0.00s, Memory = 0.0K)
    Checking Rule STARC05-2.8.1.3 (Rule 168 of total 360) .... done (Time = 0.00s, Memory = 0.0K)
    Checking Rule sim_race02 (Rule 169 of total 360) .... done (Time = 0.01s, Memory = 0.0K)
    Checking Rule W239 (Rule 170 of total 360) .... done (Time = 0.00s, Memory = 0.0K)
    Checking Rule W110 (Rule 171 of total 360) .... done (Time = 0.00s, Memory = 0.0K)
    Checking Rule W122 (Rule 172 of total 360) .... done (Time = 0.00s, Memory = 0.0K)
    Checking Rule W163 (Rule 173 of total 360) .... done (Time = 0.00s, Memory = 0.0K)
    Checking Rule W552 (Rule 174 of total 360) .... done (Time = 0.00s, Memory = 8.0K)
    Checking Rule W553 (Rule 175 of total 360) .... done (Time = 0.00s, Memory = 0.0K)
    Checking Rule W496a (Rule 176 of total 360) .... done (Time = 0.00s, Memory = 0.0K)
    Checking Rule W496b (Rule 177 of total 360) .... done (Time = 0.00s, Memory = 0.0K)
    Checking Rule W19 (Rule 178 of total 360) .... done (Time = 0.00s, Memory = 0.0K)
    Checking Rule W66 (Rule 179 of total 360) .... done (Time = 0.00s, Memory = 0.0K)
    Checking Rule W116 (Rule 180 of total 360) .... done (Time = 0.00s, Memory = 0.0K)
    Checking Rule W123 (Rule 181 of total 360) .... done (Time = 0.00s, Memory = 16.0K)
    Checking Rule W156 (Rule 182 of total 360) .... done (Time = 0.00s, Memory = 0.0K)
    Checking Rule W188 (Rule 183 of total 360) .... done (Time = 0.00s, Memory = 0.0K)
    Checking Rule W215 (Rule 184 of total 360) .... done (Time = 0.00s, Memory = 0.0K)
    Checking Rule W216 (Rule 185 of total 360) .... done (Time = 0.00s, Memory = 0.0K)
    Checking Rule W218 (Rule 186 of total 360) .... done (Time = 0.00s, Memory = 0.0K)
    Checking Rule W238 (Rule 187 of total 360) .... done (Time = 0.00s, Memory = 0.0K)
    Checking Rule W245 (Rule 188 of total 360) .... done (Time = 0.00s, Memory = 0.0K)
    Checking Rule W263 (Rule 189 of total 360) .... done (Time = 0.00s, Memory = 0.0K)
    Checking Rule W289 (Rule 190 of total 360) .... done (Time = 0.00s, Memory = 0.0K)
    Checking Rule W314 (Rule 191 of total 360) .... done (Time = 0.00s, Memory = 8.0K)
    Checking Rule W316 (Rule 192 of total 360) .... done (Time = 0.00s, Memory = 0.0K)
    Checking Rule W337 (Rule 193 of total 360) .... done (Time = 0.00s, Memory = 0.0K)
    Checking Rule W342 (Rule 194 of total 360) .... done (Time = 0.00s, Memory = 0.0K)
    Checking Rule W343 (Rule 195 of total 360) .... done (Time = 0.00s, Memory = 0.0K)
    Checking Rule W416 (Rule 196 of total 360) .... done (Time = 0.00s, Memory = 0.0K)
    Checking Rule W352 (Rule 197 of total 360) .... done (Time = 0.00s, Memory = 0.0K)
    Checking Rule W362 (Rule 198 of total 360) .... done (Time = 0.00s, Memory = 0.0K)
    Checking Rule W423 (Rule 199 of total 360) .... done (Time = 0.00s, Memory = 0.0K)
    Checking Rule W486 (Rule 200 of total 360) .... done (Time = 0.00s, Memory = 0.0K)
    Checking Rule W499 (Rule 201 of total 360) .... done (Time = 0.00s, Memory = 0.0K)
    Checking Rule W502 (Rule 202 of total 360) .... done (Time = 0.00s, Memory = 0.0K)
    Checking Rule W575 (Rule 203 of total 360) .... done (Time = 0.00s, Memory = 0.0K)
    Checking Rule W576 (Rule 204 of total 360) .... done (Time = 0.00s, Memory = 0.0K)
    Checking Rule W116 (Rule 205 of total 360) .... done (Time = 0.00s, Memory = 0.0K)
    Checking Rule W122 (Rule 206 of total 360) .... done (Time = 0.00s, Memory = 8.0K)
    Checking Rule W123 (Rule 207 of total 360) .... done (Time = 0.00s, Memory = 0.0K)
    Checking Rule W156 (Rule 208 of total 360) .... done (Time = 0.00s, Memory = 0.0K)
    Checking Rule W71 (Rule 209 of total 360) .... done (Time = 0.00s, Memory = 0.0K)
    Checking Rule W164a (Rule 210 of total 360) .... done (Time = 0.00s, Memory = 0.0K)
    Checking Rule W164a (Rule 211 of total 360) .... done (Time = 0.00s, Memory = 0.0K)
    Checking Rule W164b (Rule 212 of total 360) .... done (Time = 0.00s, Memory = 0.0K)
    Checking Rule W164b (Rule 213 of total 360) .... done (Time = 0.00s, Memory = 0.0K)
    Checking Rule W210 (Rule 214 of total 360) .... done (Time = 0.00s, Memory = 0.0K)
    Checking Rule W210 (Rule 215 of total 360) .... done (Time = 0.00s, Memory = 0.0K)
    Checking Rule W240 (Rule 216 of total 360) .... done (Time = 0.00s, Memory = 0.0K)
    Checking Rule W240 (Rule 217 of total 360) .... done (Time = 0.00s, Memory = 0.0K)
    Checking Rule W241 (Rule 218 of total 360) .... done (Time = 0.00s, Memory = 0.0K)
    Checking Rule W241 (Rule 219 of total 360) .... done (Time = 0.00s, Memory = 0.0K)
    Checking Rule W287a (Rule 220 of total 360) .... done (Time = 0.00s, Memory = 0.0K)
    Checking Rule W287c (Rule 221 of total 360) .... done (Time = 0.00s, Memory = 0.0K)
    Checking Rule W293 (Rule 222 of total 360) .... done (Time = 0.00s, Memory = 0.0K)
    Checking Rule W398 (Rule 223 of total 360) .... done (Time = 0.00s, Memory = 0.0K)
    Checking Rule W424 (Rule 224 of total 360) .... done (Time = 0.00s, Memory = 0.0K)
    Checking Rule W443 (Rule 225 of total 360) .... done (Time = 0.00s, Memory = 8.0K)
    Checking Rule W444 (Rule 226 of total 360) .... done (Time = 0.00s, Memory = 0.0K)
    Checking Rule W467 (Rule 227 of total 360) .... done (Time = 0.00s, Memory = 0.0K)
    Checking Rule W494 (Rule 228 of total 360) .... done (Time = 0.00s, Memory = 0.0K)
    Checking Rule W494 (Rule 229 of total 360) .... done (Time = 0.00s, Memory = 0.0K)
    Checking Rule W505 (Rule 230 of total 360) .... done (Time = 0.00s, Memory = 0.0K)
    Checking Rule W505 (Rule 231 of total 360) .... done (Time = 0.00s, Memory = 0.0K)
    Checking Rule Prereqs_Usage (Rule 232 of total 360) .... done (Time = 0.00s, Memory = -16.0K)
    Checking Rule Prereqs_ConstantInput-ML (Rule 233 of total 360) .... done (Time = 0.00s, Memory = 32.0K)
    Checking Rule ReportPortInfo-ML (Rule 234 of total 360) .... done (Time = 0.00s, Memory = 0.0K)
    Checking Rule Prereqs_ReportPortInfo-ML (Rule 235 of total 360) .... done (Time = 0.00s, Memory = 0.0K)
    Checking Rule Prereqs_ReportPortInfo-ML (Rule 236 of total 360) .... done (Time = 0.00s, Memory = 0.0K)
    Checking Rule DisallowCaseX-ML (Rule 237 of total 360) .... done (Time = 0.00s, Memory = 0.0K)
    Checking Rule NoAssignX-ML (Rule 238 of total 360) .... done (Time = 0.00s, Memory = 0.0K)
    Checking Rule InstPortConnType-ML (Rule 239 of total 360) .... done (Time = 0.00s, Memory = 0.0K)
    Checking Rule ParamWidthMismatch-ML (Rule 240 of total 360) .... done (Time = 0.00s, Memory = 0.0K)
    Checking Rule DuplicateCaseLabel-ML (Rule 241 of total 360) .... done (Time = 0.00s, Memory = 0.0K)
    Checking Rule AutomaticFuncTask-ML (Rule 242 of total 360) .... done (Time = 0.00s, Memory = 0.0K)
    Checking Rule SetBeforeRead-ML (Rule 243 of total 360) .... done (Time = 0.00s, Memory = 0.0K)
    Checking Rule SigAssignZ-ML (Rule 244 of total 360) .... done (Time = 0.00s, Memory = 0.0K)
    Checking Rule Postreqs_Usage_ML (Rule 245 of total 360) .... done (Time = 0.00s, Memory = 0.0K)
    Checking Rule ImproperRangeIndex-ML (Rule 246 of total 360) .... done (Time = 0.00s, Memory = 0.0K)
    Checking Rule NoXInCase-ML (Rule 247 of total 360) .... done (Time = 0.00s, Memory = 0.0K)
    Checking Rule SigAssignZ-ML (Rule 248 of total 360) .... done (Time = 0.00s, Memory = 0.0K)
Checking ELABDU Rules for designUnit sobel_gradient
    Checking Rule Ac_classify_param01 (Rule 151 of total 360) .... done (Time = 0.00s, Memory = 0.0K)
    Checking Rule AcOvlRtl (Rule 152 of total 360) .... done (Time = 0.00s, Memory = 0.0K)
    Checking Rule AcOvlRtl (Rule 153 of total 360) .... done (Time = 0.00s, Memory = 40.0K)
    Checking Rule GenTopLevelBlocksForAutoSoc (Rule 154 of total 360) .... done (Time = 0.00s, Memory = 0.0K)
    Checking Rule Prereqs_InferLatch (Rule 155 of total 360) .... done (Time = 0.00s, Memory = 0.0K)
    Checking Rule STARC05-2.1.4.5 (Rule 156 of total 360) .... done (Time = 0.00s, Memory = 64.0K)
    Checking Rule STARC05-2.1.5.3 (Rule 157 of total 360) .... done (Time = 0.00s, Memory = 0.0K)
    Checking Rule STARC05-2.2.3.3 (Rule 158 of total 360) .... done (Time = 0.00s, Memory = -88.0K)
    Checking Rule STARC05-2.3.1.6 (Rule 159 of total 360) .... done (Time = 0.00s, Memory = 32.0K)
    Checking Rule STARC05-2.10.2.3 (Rule 160 of total 360) .... done (Time = 0.00s, Memory = -64.0K)
    Checking Rule STARC05-2.10.3.2a (Rule 161 of total 360) .... done (Time = 0.00s, Memory = 0.0K)
    Checking Rule STARC05-2.11.3.1 (Rule 162 of total 360) .... done (Time = 0.00s, Memory = 0.0K)
    Checking Rule STARC05-2.1.1.2 (Rule 163 of total 360) .... done (Time = 0.00s, Memory = 0.0K)
    Checking Rule STARC05-2.1.3.1 (Rule 164 of total 360) .... done (Time = 0.00s, Memory = 0.0K)
    Checking Rule STARC05-2.8.1.3 (Rule 165 of total 360) .... done (Time = 0.00s, Memory = 0.0K)
    Checking Rule STARC05-2.10.1.4a (Rule 166 of total 360) .... done (Time = 0.00s, Memory = 0.0K)
    Checking Rule STARC05-2.10.1.4b (Rule 167 of total 360) .... done (Time = 0.00s, Memory = 0.0K)
    Checking Rule STARC05-2.8.1.3 (Rule 168 of total 360) .... done (Time = 0.00s, Memory = 0.0K)
    Checking Rule sim_race02 (Rule 169 of total 360) .... done (Time = 0.00s, Memory = 8.0K)
    Checking Rule W239 (Rule 170 of total 360) .... done (Time = 0.00s, Memory = -8.0K)
    Checking Rule W110 (Rule 171 of total 360) .... done (Time = 0.00s, Memory = 0.0K)
    Checking Rule W122 (Rule 172 of total 360) .... done (Time = 0.00s, Memory = 8.0K)
    Checking Rule W163 (Rule 173 of total 360) .... done (Time = 0.00s, Memory = 0.0K)
    Checking Rule W552 (Rule 174 of total 360) .... done (Time = 0.00s, Memory = 0.0K)
    Checking Rule W553 (Rule 175 of total 360) .... done (Time = 0.00s, Memory = 0.0K)
    Checking Rule W496a (Rule 176 of total 360) .... done (Time = 0.00s, Memory = 0.0K)
    Checking Rule W496b (Rule 177 of total 360) .... done (Time = 0.00s, Memory = 8.0K)
    Checking Rule W19 (Rule 178 of total 360) .... done (Time = 0.00s, Memory = 8.0K)
    Checking Rule W66 (Rule 179 of total 360) .... done (Time = 0.00s, Memory = 0.0K)
    Checking Rule W116 (Rule 180 of total 360) .... done (Time = 0.00s, Memory = 8.0K)
    Checking Rule W123 (Rule 181 of total 360) .... done (Time = 0.00s, Memory = 16.0K)
    Checking Rule W156 (Rule 182 of total 360) .... done (Time = 0.00s, Memory = -8.0K)
    Checking Rule W188 (Rule 183 of total 360) .... done (Time = 0.00s, Memory = 0.0K)
    Checking Rule W215 (Rule 184 of total 360) .... done (Time = 0.00s, Memory = 0.0K)
    Checking Rule W216 (Rule 185 of total 360) .... done (Time = 0.00s, Memory = 0.0K)
    Checking Rule W218 (Rule 186 of total 360) .... done (Time = 0.00s, Memory = 0.0K)
    Checking Rule W238 (Rule 187 of total 360) .... done (Time = 0.00s, Memory = 8.0K)
    Checking Rule W245 (Rule 188 of total 360) .... done (Time = 0.00s, Memory = 8.0K)
    Checking Rule W263 (Rule 189 of total 360) .... done (Time = 0.00s, Memory = 8.0K)
    Checking Rule W289 (Rule 190 of total 360) .... done (Time = 0.00s, Memory = 16.0K)
    Checking Rule W314 (Rule 191 of total 360) .... done (Time = 0.00s, Memory = 0.0K)
    Checking Rule W316 (Rule 192 of total 360) .... done (Time = 0.00s, Memory = 0.0K)
    Checking Rule W337 (Rule 193 of total 360) .... done (Time = 0.00s, Memory = 0.0K)
    Checking Rule W342 (Rule 194 of total 360) .... done (Time = 0.00s, Memory = 8.0K)
    Checking Rule W343 (Rule 195 of total 360) .... done (Time = 0.00s, Memory = 0.0K)
    Checking Rule W416 (Rule 196 of total 360) .... done (Time = 0.00s, Memory = -120.0K)
    Checking Rule W352 (Rule 197 of total 360) .... done (Time = 0.00s, Memory = 0.0K)
    Checking Rule W362 (Rule 198 of total 360) .... done (Time = 0.00s, Memory = 16.0K)
    Checking Rule W423 (Rule 199 of total 360) .... done (Time = 0.00s, Memory = 0.0K)
    Checking Rule W486 (Rule 200 of total 360) .... done (Time = 0.00s, Memory = 0.0K)
    Checking Rule W499 (Rule 201 of total 360) .... done (Time = 0.00s, Memory = -32.0K)
    Checking Rule W502 (Rule 202 of total 360) .... done (Time = 0.00s, Memory = 0.0K)
    Checking Rule W575 (Rule 203 of total 360) .... done (Time = 0.00s, Memory = 0.0K)
    Checking Rule W576 (Rule 204 of total 360) .... done (Time = 0.00s, Memory = 0.0K)
    Checking Rule W116 (Rule 205 of total 360) .... done (Time = 0.00s, Memory = 0.0K)
    Checking Rule W122 (Rule 206 of total 360) .... done (Time = 0.00s, Memory = 8.0K)
    Checking Rule W123 (Rule 207 of total 360) .... done (Time = 0.00s, Memory = 0.0K)
    Checking Rule W156 (Rule 208 of total 360) .... done (Time = 0.00s, Memory = 0.0K)
    Checking Rule W71 (Rule 209 of total 360) .... done (Time = 0.00s, Memory = 0.0K)
    Checking Rule W164a (Rule 210 of total 360) .... done (Time = 0.00s, Memory = 0.0K)
    Checking Rule W164a (Rule 211 of total 360) .... done (Time = 0.00s, Memory = 0.0K)
    Checking Rule W164b (Rule 212 of total 360) .... done (Time = 0.00s, Memory = 0.0K)
    Checking Rule W164b (Rule 213 of total 360) .... done (Time = 0.00s, Memory = 0.0K)
    Checking Rule W210 (Rule 214 of total 360) .... done (Time = 0.00s, Memory = 0.0K)
    Checking Rule W210 (Rule 215 of total 360) .... done (Time = 0.00s, Memory = 0.0K)
    Checking Rule W240 (Rule 216 of total 360) .... done (Time = 0.00s, Memory = 8.0K)
    Checking Rule W240 (Rule 217 of total 360) .... done (Time = 0.00s, Memory = 0.0K)
    Checking Rule W241 (Rule 218 of total 360) .... done (Time = 0.00s, Memory = 0.0K)
    Checking Rule W241 (Rule 219 of total 360) .... done (Time = 0.00s, Memory = 0.0K)
    Checking Rule W287a (Rule 220 of total 360) .... done (Time = 0.00s, Memory = 0.0K)
    Checking Rule W287c (Rule 221 of total 360) .... done (Time = 0.00s, Memory = 0.0K)
    Checking Rule W293 (Rule 222 of total 360) .... done (Time = 0.00s, Memory = 0.0K)
    Checking Rule W398 (Rule 223 of total 360) .... done (Time = 0.00s, Memory = 0.0K)
    Checking Rule W424 (Rule 224 of total 360) .... done (Time = 0.00s, Memory = 0.0K)
    Checking Rule W443 (Rule 225 of total 360) .... done (Time = 0.00s, Memory = 0.0K)
    Checking Rule W444 (Rule 226 of total 360) .... done (Time = 0.00s, Memory = 0.0K)
    Checking Rule W467 (Rule 227 of total 360) .... done (Time = 0.00s, Memory = 0.0K)
    Checking Rule W494 (Rule 228 of total 360) .... done (Time = 0.00s, Memory = 0.0K)
    Checking Rule W494 (Rule 229 of total 360) .... done (Time = 0.00s, Memory = 0.0K)
    Checking Rule W505 (Rule 230 of total 360) .... done (Time = 0.00s, Memory = 0.0K)
    Checking Rule W505 (Rule 231 of total 360) .... done (Time = 0.00s, Memory = 0.0K)
    Checking Rule Prereqs_Usage (Rule 232 of total 360) .... done (Time = 0.00s, Memory = -16.0K)
    Checking Rule Prereqs_ConstantInput-ML (Rule 233 of total 360) .... done (Time = 0.00s, Memory = 32.0K)
    Checking Rule ReportPortInfo-ML (Rule 234 of total 360) .... done (Time = 0.00s, Memory = 0.0K)
    Checking Rule Prereqs_ReportPortInfo-ML (Rule 235 of total 360) .... done (Time = 0.00s, Memory = 0.0K)
    Checking Rule Prereqs_ReportPortInfo-ML (Rule 236 of total 360) .... done (Time = 0.00s, Memory = -32.0K)
    Checking Rule DisallowCaseX-ML (Rule 237 of total 360) .... done (Time = 0.00s, Memory = 0.0K)
    Checking Rule NoAssignX-ML (Rule 238 of total 360) .... done (Time = 0.00s, Memory = 0.0K)
    Checking Rule InstPortConnType-ML (Rule 239 of total 360) .... done (Time = 0.00s, Memory = 0.0K)
    Checking Rule ParamWidthMismatch-ML (Rule 240 of total 360) .... done (Time = 0.00s, Memory = 0.0K)
    Checking Rule DuplicateCaseLabel-ML (Rule 241 of total 360) .... done (Time = 0.00s, Memory = 0.0K)
    Checking Rule AutomaticFuncTask-ML (Rule 242 of total 360) .... done (Time = 0.00s, Memory = 0.0K)
    Checking Rule SetBeforeRead-ML (Rule 243 of total 360) .... done (Time = 0.00s, Memory = 0.0K)
    Checking Rule SigAssignZ-ML (Rule 244 of total 360) .... done (Time = 0.00s, Memory = 0.0K)
    Checking Rule Postreqs_Usage_ML (Rule 245 of total 360) .... done (Time = 0.00s, Memory = 0.0K)
    Checking Rule ImproperRangeIndex-ML (Rule 246 of total 360) .... done (Time = 0.00s, Memory = 0.0K)
    Checking Rule NoXInCase-ML (Rule 247 of total 360) .... done (Time = 0.00s, Memory = 0.0K)
    Checking Rule SigAssignZ-ML (Rule 248 of total 360) .... done (Time = 0.00s, Memory = 0.0K)
Checking ELABDU Rules for designUnit sober_compare
    Checking Rule Ac_classify_param01 (Rule 151 of total 360) .... done (Time = 0.00s, Memory = 0.0K)
    Checking Rule AcOvlRtl (Rule 152 of total 360) .... done (Time = 0.00s, Memory = 0.0K)
    Checking Rule AcOvlRtl (Rule 153 of total 360) .... done (Time = 0.00s, Memory = 40.0K)
    Checking Rule GenTopLevelBlocksForAutoSoc (Rule 154 of total 360) .... done (Time = 0.00s, Memory = 0.0K)
    Checking Rule Prereqs_InferLatch (Rule 155 of total 360) .... done (Time = 0.00s, Memory = 0.0K)
    Checking Rule STARC05-2.1.4.5 (Rule 156 of total 360) .... done (Time = 0.00s, Memory = 0.0K)
    Checking Rule STARC05-2.1.5.3 (Rule 157 of total 360) .... done (Time = 0.00s, Memory = -32.0K)
    Checking Rule STARC05-2.2.3.3 (Rule 158 of total 360) .... done (Time = 0.00s, Memory = -16.0K)
    Checking Rule STARC05-2.3.1.6 (Rule 159 of total 360) .... done (Time = 0.00s, Memory = 0.0K)
    Checking Rule STARC05-2.10.2.3 (Rule 160 of total 360) .... done (Time = 0.00s, Memory = 8.0K)
    Checking Rule STARC05-2.10.3.2a (Rule 161 of total 360) .... done (Time = 0.00s, Memory = 0.0K)
    Checking Rule STARC05-2.11.3.1 (Rule 162 of total 360) .... done (Time = 0.00s, Memory = 0.0K)
    Checking Rule STARC05-2.1.1.2 (Rule 163 of total 360) .... done (Time = 0.00s, Memory = 0.0K)
    Checking Rule STARC05-2.1.3.1 (Rule 164 of total 360) .... done (Time = 0.00s, Memory = 8.0K)
    Checking Rule STARC05-2.8.1.3 (Rule 165 of total 360) .... done (Time = 0.00s, Memory = 0.0K)
    Checking Rule STARC05-2.10.1.4a (Rule 166 of total 360) .... done (Time = 0.00s, Memory = 0.0K)
    Checking Rule STARC05-2.10.1.4b (Rule 167 of total 360) .... done (Time = 0.00s, Memory = 8.0K)
    Checking Rule STARC05-2.8.1.3 (Rule 168 of total 360) .... done (Time = 0.00s, Memory = 0.0K)
    Checking Rule sim_race02 (Rule 169 of total 360) .... done (Time = 0.00s, Memory = 0.0K)
    Checking Rule W239 (Rule 170 of total 360) .... done (Time = 0.00s, Memory = 0.0K)
    Checking Rule W110 (Rule 171 of total 360) .... done (Time = 0.00s, Memory = 0.0K)
    Checking Rule W122 (Rule 172 of total 360) .... done (Time = 0.00s, Memory = 0.0K)
    Checking Rule W163 (Rule 173 of total 360) .... done (Time = 0.00s, Memory = 0.0K)
    Checking Rule W552 (Rule 174 of total 360) .... done (Time = 0.00s, Memory = 0.0K)
    Checking Rule W553 (Rule 175 of total 360) .... done (Time = 0.00s, Memory = 0.0K)
    Checking Rule W496a (Rule 176 of total 360) .... done (Time = 0.00s, Memory = 0.0K)
    Checking Rule W496b (Rule 177 of total 360) .... done (Time = 0.00s, Memory = 0.0K)
    Checking Rule W19 (Rule 178 of total 360) .... done (Time = 0.00s, Memory = 0.0K)
    Checking Rule W66 (Rule 179 of total 360) .... done (Time = 0.00s, Memory = 0.0K)
    Checking Rule W116 (Rule 180 of total 360) .... done (Time = 0.00s, Memory = 0.0K)
    Checking Rule W123 (Rule 181 of total 360) .... done (Time = 0.00s, Memory = 16.0K)
    Checking Rule W156 (Rule 182 of total 360) .... done (Time = 0.00s, Memory = 0.0K)
    Checking Rule W188 (Rule 183 of total 360) .... done (Time = 0.00s, Memory = 0.0K)
    Checking Rule W215 (Rule 184 of total 360) .... done (Time = 0.00s, Memory = 0.0K)
    Checking Rule W216 (Rule 185 of total 360) .... done (Time = 0.00s, Memory = 0.0K)
    Checking Rule W218 (Rule 186 of total 360) .... done (Time = 0.00s, Memory = 0.0K)
    Checking Rule W238 (Rule 187 of total 360) .... done (Time = 0.00s, Memory = 0.0K)
    Checking Rule W245 (Rule 188 of total 360) .... done (Time = 0.00s, Memory = 0.0K)
    Checking Rule W263 (Rule 189 of total 360) .... done (Time = 0.00s, Memory = 0.0K)
    Checking Rule W289 (Rule 190 of total 360) .... done (Time = 0.00s, Memory = 0.0K)
    Checking Rule W314 (Rule 191 of total 360) .... done (Time = 0.00s, Memory = -8.0K)
    Checking Rule W316 (Rule 192 of total 360) .... done (Time = 0.00s, Memory = -8.0K)
    Checking Rule W337 (Rule 193 of total 360) .... done (Time = 0.00s, Memory = 0.0K)
    Checking Rule W342 (Rule 194 of total 360) .... done (Time = 0.00s, Memory = 0.0K)
    Checking Rule W343 (Rule 195 of total 360) .... done (Time = 0.00s, Memory = 0.0K)
    Checking Rule W416 (Rule 196 of total 360) .... done (Time = 0.00s, Memory = 0.0K)
    Checking Rule W352 (Rule 197 of total 360) .... done (Time = 0.00s, Memory = 0.0K)
    Checking Rule W362 (Rule 198 of total 360) .... done (Time = 0.00s, Memory = 0.0K)
    Checking Rule W423 (Rule 199 of total 360) .... done (Time = 0.00s, Memory = 0.0K)
    Checking Rule W486 (Rule 200 of total 360) .... done (Time = 0.00s, Memory = 0.0K)
    Checking Rule W499 (Rule 201 of total 360) .... done (Time = 0.00s, Memory = 0.0K)
    Checking Rule W502 (Rule 202 of total 360) .... done (Time = 0.00s, Memory = 0.0K)
    Checking Rule W575 (Rule 203 of total 360) .... done (Time = 0.00s, Memory = 0.0K)
    Checking Rule W576 (Rule 204 of total 360) .... done (Time = 0.00s, Memory = 0.0K)
    Checking Rule W116 (Rule 205 of total 360) .... done (Time = 0.00s, Memory = 0.0K)
    Checking Rule W122 (Rule 206 of total 360) .... done (Time = 0.00s, Memory = 8.0K)
    Checking Rule W123 (Rule 207 of total 360) .... done (Time = 0.00s, Memory = 0.0K)
    Checking Rule W156 (Rule 208 of total 360) .... done (Time = 0.00s, Memory = 0.0K)
    Checking Rule W71 (Rule 209 of total 360) .... done (Time = 0.00s, Memory = 0.0K)
    Checking Rule W164a (Rule 210 of total 360) .... done (Time = 0.00s, Memory = -8.0K)
    Checking Rule W164a (Rule 211 of total 360) .... done (Time = 0.00s, Memory = 0.0K)
    Checking Rule W164b (Rule 212 of total 360) .... done (Time = 0.00s, Memory = -8.0K)
    Checking Rule W164b (Rule 213 of total 360) .... done (Time = 0.00s, Memory = 0.0K)
    Checking Rule W210 (Rule 214 of total 360) .... done (Time = 0.00s, Memory = 0.0K)
    Checking Rule W210 (Rule 215 of total 360) .... done (Time = 0.00s, Memory = 0.0K)
    Checking Rule W240 (Rule 216 of total 360) .... done (Time = 0.00s, Memory = 0.0K)
    Checking Rule W240 (Rule 217 of total 360) .... done (Time = 0.00s, Memory = 0.0K)
    Checking Rule W241 (Rule 218 of total 360) .... done (Time = 0.00s, Memory = 0.0K)
    Checking Rule W241 (Rule 219 of total 360) .... done (Time = 0.00s, Memory = 0.0K)
    Checking Rule W287a (Rule 220 of total 360) .... done (Time = 0.00s, Memory = 0.0K)
    Checking Rule W287c (Rule 221 of total 360) .... done (Time = 0.00s, Memory = 0.0K)
    Checking Rule W293 (Rule 222 of total 360) .... done (Time = 0.00s, Memory = 0.0K)
    Checking Rule W398 (Rule 223 of total 360) .... done (Time = 0.00s, Memory = 0.0K)
    Checking Rule W424 (Rule 224 of total 360) .... done (Time = 0.00s, Memory = 0.0K)
    Checking Rule W443 (Rule 225 of total 360) .... done (Time = 0.00s, Memory = 0.0K)
    Checking Rule W444 (Rule 226 of total 360) .... done (Time = 0.00s, Memory = 0.0K)
    Checking Rule W467 (Rule 227 of total 360) .... done (Time = 0.00s, Memory = 0.0K)
    Checking Rule W494 (Rule 228 of total 360) .... done (Time = 0.00s, Memory = 0.0K)
    Checking Rule W494 (Rule 229 of total 360) .... done (Time = 0.00s, Memory = 0.0K)
    Checking Rule W505 (Rule 230 of total 360) .... done (Time = 0.00s, Memory = 0.0K)
    Checking Rule W505 (Rule 231 of total 360) .... done (Time = 0.00s, Memory = 0.0K)
    Checking Rule Prereqs_Usage (Rule 232 of total 360) .... done (Time = 0.00s, Memory = -16.0K)
    Checking Rule Prereqs_ConstantInput-ML (Rule 233 of total 360) .... done (Time = 0.00s, Memory = 32.0K)
    Checking Rule ReportPortInfo-ML (Rule 234 of total 360) .... done (Time = 0.00s, Memory = 2544.0K)
    Checking Rule Prereqs_ReportPortInfo-ML (Rule 235 of total 360) .... done (Time = 0.00s, Memory = 0.0K)
    Checking Rule Prereqs_ReportPortInfo-ML (Rule 236 of total 360) .... done (Time = 0.00s, Memory = 0.0K)
    Checking Rule DisallowCaseX-ML (Rule 237 of total 360) .... done (Time = 0.00s, Memory = 0.0K)
    Checking Rule NoAssignX-ML (Rule 238 of total 360) .... done (Time = 0.00s, Memory = 0.0K)
    Checking Rule InstPortConnType-ML (Rule 239 of total 360) .... done (Time = 0.00s, Memory = 0.0K)
    Checking Rule ParamWidthMismatch-ML (Rule 240 of total 360) .... done (Time = 0.00s, Memory = 0.0K)
    Checking Rule DuplicateCaseLabel-ML (Rule 241 of total 360) .... done (Time = 0.00s, Memory = -2560.0K)
    Checking Rule AutomaticFuncTask-ML (Rule 242 of total 360) .... done (Time = 0.00s, Memory = 0.0K)
    Checking Rule SetBeforeRead-ML (Rule 243 of total 360) .... done (Time = 0.00s, Memory = -8.0K)
    Checking Rule SigAssignZ-ML (Rule 244 of total 360) .... done (Time = 0.00s, Memory = 0.0K)
    Checking Rule Postreqs_Usage_ML (Rule 245 of total 360) .... done (Time = 0.00s, Memory = 0.0K)
    Checking Rule ImproperRangeIndex-ML (Rule 246 of total 360) .... done (Time = 0.00s, Memory = 0.0K)
    Checking Rule NoXInCase-ML (Rule 247 of total 360) .... done (Time = 0.00s, Memory = 0.0K)
    Checking Rule SigAssignZ-ML (Rule 248 of total 360) .... done (Time = 0.00s, Memory = 0.0K)
Checking ELABDU Rules for designUnit core
Checking ELABDU Rules for designUnit conv
Checking ELABDU Rules for designUnit median
Checking ELABDU Rules for designUnit median_filter_submodule
Checking ELABDU Rules for designUnit sobel_gradient
Checking ELABDU Rules for designUnit sober_compare
Checking Rule PECHECK56 (Rule 249 of total 360) .... done (Time = 0.00s, Memory = 0.0K)
Checking Rule SGDC_meta_design_hier01 (Rule 250 of total 360) .... done (Time = 0.00s, Memory = 0.0K)
Checking Rule SGDC_waive24 (Rule 251 of total 360) .... done (Time = 0.00s, Memory = 0.0K)
Checking Rule SGDC_waive25 (Rule 252 of total 360) .... done (Time = 0.00s, Memory = 0.0K)
Checking Rule SGDC_waive31 (Rule 253 of total 360) .... done (Time = 0.00s, Memory = 0.0K)
Checking Rule SGDC_waive35 (Rule 254 of total 360) .... done (Time = 0.00s, Memory = 0.0K)
 Synthesizing module: sober_compare (elaborated name: sober_compare) ... (Module 1 of total 6)  done 
 Synthesizing module: sobel_gradient (elaborated name: sobel_gradient) ... (Module 2 of total 6)  done 
 Synthesizing module: median_filter_submodule (elaborated name: median_filter_submodule) ... (Module 3 of total 6)  done 
 Synthesizing module: median (elaborated name: median) ... (Module 4 of total 6)  done 
 Synthesizing module: conv (elaborated name: conv) ... (Module 5 of total 6)  done 
 Synthesizing module: core (elaborated name: core) ... (Module 6 of total 6)  done 
 Synthesis completed.
Checking Rule InferBlackBox (Rule 255 of total 360) .... done (Time = 0.00s, Memory = 0.0K)
Checking Rule checkCMD_mthresh (Rule 256 of total 360) .... done (Time = 0.00s, Memory = 0.0K)

INFO [234]    Saving design database in directory './spyglass-1/core/.SG_SaveRestoreDB/autogenerated__default_snapshot' ...
              done

Checking Rule SGDC_waive37 (Rule 257 of total 360) .... done (Time = 0.00s, Memory = 0.0K)
Checking Rule Txv_SvaSetup01 for module sober_compare (Rule 258 of total 360) .... done (Time = 0.00s, Memory = 0.0K)
Checking Rule PESVASETUP01 for module sober_compare (Rule 259 of total 360) .... done (Time = 0.00s, Memory = 0.0K)
Checking Rule _cdc_save_license01 for module sober_compare (Rule 260 of total 360) .... done (Time = 0.00s, Memory = 0.0K)
Checking Rule _syncResetStyleRTL for module sober_compare (Rule 261 of total 360) .... done (Time = 0.00s, Memory = 0.0K)
Checking Rule _meta_delay01 for module sober_compare (Rule 262 of total 360) .... done (Time = 0.00s, Memory = 0.0K)
Checking Rule Ac_svasetup01 for module sober_compare (Rule 263 of total 360) .... done (Time = 0.00s, Memory = 0.0K)
Checking Rule Prereq_IntClock for module sober_compare (Rule 264 of total 360) .... done (Time = 0.00s, Memory = 0.0K)
Checking Rule STARC05-2.2.3.1 for module sober_compare (Rule 265 of total 360) .... done (Time = 0.00s, Memory = 0.0K)
Checking Rule Prereqs_sim_race07 for module sober_compare (Rule 266 of total 360) .... done (Time = 0.00s, Memory = 0.0K)
Checking Rule W336 for module sober_compare (Rule 267 of total 360) .... done (Time = 0.00s, Memory = 0.0K)
Checking Rule W414 for module sober_compare (Rule 268 of total 360) .... done (Time = 0.00s, Memory = 0.0K)
Checking Rule W438 for module sober_compare (Rule 269 of total 360) .... done (Time = 0.00s, Memory = 0.0K)
Checking Rule W450L for module sober_compare (Rule 270 of total 360) .... done (Time = 0.00s, Memory = 0.0K)
Checking Rule TristatePort-ML for module sober_compare (Rule 271 of total 360) .... done (Time = 0.00s, Memory = 0.0K)
Checking Rule TristateSig-ML for module sober_compare (Rule 272 of total 360) .... done (Time = 0.00s, Memory = 0.0K)
Checking Rule HangingNetPreReq-ML for module sober_compare (Rule 273 of total 360) .... done (Time = 0.00s, Memory = 0.0K)
Checking Rule STARC05-2.5.1.7 for module sober_compare (Rule 274 of total 360) .... done (Time = 0.00s, Memory = 0.0K)
Checking Rule STARC05-2.5.1.9 for module sober_compare (Rule 275 of total 360) .... done (Time = 0.00s, Memory = 0.0K)
Checking Rule Txv_SvaSetup01 for module sobel_gradient (Rule 258 of total 360) .... done (Time = 0.00s, Memory = 0.0K)
Checking Rule PESVASETUP01 for module sobel_gradient (Rule 259 of total 360) .... done (Time = 0.00s, Memory = 0.0K)
Checking Rule _cdc_save_license01 for module sobel_gradient (Rule 260 of total 360) .... done (Time = 0.00s, Memory = 0.0K)
Checking Rule _syncResetStyleRTL for module sobel_gradient (Rule 261 of total 360) .... done (Time = 0.00s, Memory = 0.0K)
Checking Rule _meta_delay01 for module sobel_gradient (Rule 262 of total 360) .... done (Time = 0.00s, Memory = 0.0K)
Checking Rule Ac_svasetup01 for module sobel_gradient (Rule 263 of total 360) .... done (Time = 0.00s, Memory = 0.0K)
Checking Rule Prereq_IntClock for module sobel_gradient (Rule 264 of total 360) .... done (Time = 0.00s, Memory = 0.0K)
Checking Rule STARC05-2.2.3.1 for module sobel_gradient (Rule 265 of total 360) .... done (Time = 0.00s, Memory = 0.0K)
Checking Rule Prereqs_sim_race07 for module sobel_gradient (Rule 266 of total 360) .... done (Time = 0.00s, Memory = 0.0K)
Checking Rule W336 for module sobel_gradient (Rule 267 of total 360) .... done (Time = 0.00s, Memory = 0.0K)
Checking Rule W414 for module sobel_gradient (Rule 268 of total 360) .... done (Time = 0.00s, Memory = 0.0K)
Checking Rule W438 for module sobel_gradient (Rule 269 of total 360) .... done (Time = 0.00s, Memory = 0.0K)
Checking Rule W450L for module sobel_gradient (Rule 270 of total 360) .... done (Time = 0.00s, Memory = 0.0K)
Checking Rule TristatePort-ML for module sobel_gradient (Rule 271 of total 360) .... done (Time = 0.00s, Memory = 0.0K)
Checking Rule TristateSig-ML for module sobel_gradient (Rule 272 of total 360) .... done (Time = 0.00s, Memory = 0.0K)
Checking Rule HangingNetPreReq-ML for module sobel_gradient (Rule 273 of total 360) .... done (Time = 0.00s, Memory = 0.0K)
Checking Rule STARC05-2.5.1.7 for module sobel_gradient (Rule 274 of total 360) .... done (Time = 0.00s, Memory = 0.0K)
Checking Rule STARC05-2.5.1.9 for module sobel_gradient (Rule 275 of total 360) .... done (Time = 0.00s, Memory = 0.0K)
Checking Rule Txv_SvaSetup01 for module median_filter_submodule (Rule 258 of total 360) .... done (Time = 0.00s, Memory = 0.0K)
Checking Rule PESVASETUP01 for module median_filter_submodule (Rule 259 of total 360) .... done (Time = 0.00s, Memory = 0.0K)
Checking Rule _cdc_save_license01 for module median_filter_submodule (Rule 260 of total 360) .... done (Time = 0.00s, Memory = 0.0K)
Checking Rule _syncResetStyleRTL for module median_filter_submodule (Rule 261 of total 360) .... done (Time = 0.00s, Memory = 0.0K)
Checking Rule _meta_delay01 for module median_filter_submodule (Rule 262 of total 360) .... done (Time = 0.00s, Memory = 0.0K)
Checking Rule Ac_svasetup01 for module median_filter_submodule (Rule 263 of total 360) .... done (Time = 0.00s, Memory = 0.0K)
Checking Rule Prereq_IntClock for module median_filter_submodule (Rule 264 of total 360) .... done (Time = 0.00s, Memory = 0.0K)
Checking Rule STARC05-2.2.3.1 for module median_filter_submodule (Rule 265 of total 360) .... done (Time = 0.00s, Memory = 0.0K)
Checking Rule Prereqs_sim_race07 for module median_filter_submodule (Rule 266 of total 360) .... done (Time = 0.00s, Memory = 0.0K)
Checking Rule W336 for module median_filter_submodule (Rule 267 of total 360) .... done (Time = 0.00s, Memory = 0.0K)
Checking Rule W414 for module median_filter_submodule (Rule 268 of total 360) .... done (Time = 0.00s, Memory = 0.0K)
Checking Rule W438 for module median_filter_submodule (Rule 269 of total 360) .... done (Time = 0.00s, Memory = 0.0K)
Checking Rule W450L for module median_filter_submodule (Rule 270 of total 360) .... done (Time = 0.00s, Memory = 0.0K)
Checking Rule TristatePort-ML for module median_filter_submodule (Rule 271 of total 360) .... done (Time = 0.00s, Memory = 0.0K)
Checking Rule TristateSig-ML for module median_filter_submodule (Rule 272 of total 360) .... done (Time = 0.00s, Memory = 0.0K)
Checking Rule HangingNetPreReq-ML for module median_filter_submodule (Rule 273 of total 360) .... done (Time = 0.00s, Memory = 0.0K)
Checking Rule STARC05-2.5.1.7 for module median_filter_submodule (Rule 274 of total 360) .... done (Time = 0.00s, Memory = 0.0K)
Checking Rule STARC05-2.5.1.9 for module median_filter_submodule (Rule 275 of total 360) .... done (Time = 0.00s, Memory = 0.0K)
Checking Rule Txv_SvaSetup01 for module median (Rule 258 of total 360) .... done (Time = 0.00s, Memory = 0.0K)
Checking Rule PESVASETUP01 for module median (Rule 259 of total 360) .... done (Time = 0.00s, Memory = 0.0K)
Checking Rule _cdc_save_license01 for module median (Rule 260 of total 360) .... done (Time = 0.00s, Memory = 0.0K)
Checking Rule _syncResetStyleRTL for module median (Rule 261 of total 360) .... done (Time = 0.00s, Memory = 0.0K)
Checking Rule _meta_delay01 for module median (Rule 262 of total 360) .... done (Time = 0.00s, Memory = 0.0K)
Checking Rule Ac_svasetup01 for module median (Rule 263 of total 360) .... done (Time = 0.00s, Memory = 0.0K)
Checking Rule Prereq_IntClock for module median (Rule 264 of total 360) .... done (Time = 0.00s, Memory = 0.0K)
Checking Rule STARC05-2.2.3.1 for module median (Rule 265 of total 360) .... done (Time = 0.00s, Memory = 0.0K)
Checking Rule Prereqs_sim_race07 for module median (Rule 266 of total 360) .... done (Time = 0.00s, Memory = 0.0K)
Checking Rule W336 for module median (Rule 267 of total 360) .... done (Time = 0.00s, Memory = 0.0K)
Checking Rule W414 for module median (Rule 268 of total 360) .... done (Time = 0.00s, Memory = 0.0K)
Checking Rule W438 for module median (Rule 269 of total 360) .... done (Time = 0.00s, Memory = 0.0K)
Checking Rule W450L for module median (Rule 270 of total 360) .... done (Time = 0.00s, Memory = 0.0K)
Checking Rule TristatePort-ML for module median (Rule 271 of total 360) .... done (Time = 0.00s, Memory = 0.0K)
Checking Rule TristateSig-ML for module median (Rule 272 of total 360) .... done (Time = 0.00s, Memory = 0.0K)
Checking Rule HangingNetPreReq-ML for module median (Rule 273 of total 360) .... done (Time = 0.00s, Memory = 0.0K)
Checking Rule STARC05-2.5.1.7 for module median (Rule 274 of total 360) .... done (Time = 0.00s, Memory = 0.0K)
Checking Rule STARC05-2.5.1.9 for module median (Rule 275 of total 360) .... done (Time = 0.00s, Memory = 0.0K)
Checking Rule Txv_SvaSetup01 for module conv (Rule 258 of total 360) .... done (Time = 0.00s, Memory = 0.0K)
Checking Rule PESVASETUP01 for module conv (Rule 259 of total 360) .... done (Time = 0.00s, Memory = 0.0K)
Checking Rule _cdc_save_license01 for module conv (Rule 260 of total 360) .... done (Time = 0.00s, Memory = 0.0K)
Checking Rule _syncResetStyleRTL for module conv (Rule 261 of total 360) .... done (Time = 0.00s, Memory = 0.0K)
Checking Rule _meta_delay01 for module conv (Rule 262 of total 360) .... done (Time = 0.00s, Memory = 0.0K)
Checking Rule Ac_svasetup01 for module conv (Rule 263 of total 360) .... done (Time = 0.00s, Memory = 0.0K)
Checking Rule Prereq_IntClock for module conv (Rule 264 of total 360) .... done (Time = 0.00s, Memory = 0.0K)
Checking Rule STARC05-2.2.3.1 for module conv (Rule 265 of total 360) .... done (Time = 0.00s, Memory = 0.0K)
Checking Rule Prereqs_sim_race07 for module conv (Rule 266 of total 360) .... done (Time = 0.00s, Memory = 0.0K)
Checking Rule W336 for module conv (Rule 267 of total 360) .... done (Time = 0.00s, Memory = 0.0K)
Checking Rule W414 for module conv (Rule 268 of total 360) .... done (Time = 0.00s, Memory = 0.0K)
Checking Rule W438 for module conv (Rule 269 of total 360) .... done (Time = 0.00s, Memory = 0.0K)
Checking Rule W450L for module conv (Rule 270 of total 360) .... done (Time = 0.00s, Memory = 0.0K)
Checking Rule TristatePort-ML for module conv (Rule 271 of total 360) .... done (Time = 0.00s, Memory = 0.0K)
Checking Rule TristateSig-ML for module conv (Rule 272 of total 360) .... done (Time = 0.00s, Memory = 0.0K)
Checking Rule HangingNetPreReq-ML for module conv (Rule 273 of total 360) .... done (Time = 0.00s, Memory = 0.0K)
Checking Rule STARC05-2.5.1.7 for module conv (Rule 274 of total 360) .... done (Time = 0.00s, Memory = 0.0K)
Checking Rule STARC05-2.5.1.9 for module conv (Rule 275 of total 360) .... done (Time = 0.00s, Memory = 0.0K)
Checking Rule Txv_SvaSetup01 for module core (Rule 258 of total 360) .... done (Time = 0.00s, Memory = 0.0K)
Checking Rule PESVASETUP01 for module core (Rule 259 of total 360) .... done (Time = 0.00s, Memory = 0.0K)
Checking Rule _cdc_save_license01 for module core (Rule 260 of total 360) .... done (Time = 0.00s, Memory = 0.0K)
Checking Rule _syncResetStyleRTL for module core (Rule 261 of total 360) .... done (Time = 0.00s, Memory = 0.0K)
Checking Rule _meta_delay01 for module core (Rule 262 of total 360) .... done (Time = 0.00s, Memory = 0.0K)
Checking Rule Ac_svasetup01 for module core (Rule 263 of total 360) .... done (Time = 0.00s, Memory = 0.0K)
Checking Rule Prereq_IntClock for module core (Rule 264 of total 360) .... done (Time = 0.00s, Memory = 0.0K)
Checking Rule STARC05-2.2.3.1 for module core (Rule 265 of total 360) .... done (Time = 0.00s, Memory = 0.0K)
Checking Rule Prereqs_sim_race07 for module core (Rule 266 of total 360) .... done (Time = 0.00s, Memory = 0.0K)
Checking Rule W336 for module core (Rule 267 of total 360) .... done (Time = 0.00s, Memory = 0.0K)
Checking Rule W414 for module core (Rule 268 of total 360) .... done (Time = 0.00s, Memory = 0.0K)
Checking Rule W438 for module core (Rule 269 of total 360) .... done (Time = 0.00s, Memory = 0.0K)
Checking Rule W450L for module core (Rule 270 of total 360) .... done (Time = 0.00s, Memory = 0.0K)
Checking Rule TristatePort-ML for module core (Rule 271 of total 360) .... done (Time = 0.00s, Memory = 0.0K)
Checking Rule TristateSig-ML for module core (Rule 272 of total 360) .... done (Time = 0.00s, Memory = 0.0K)
Checking Rule HangingNetPreReq-ML for module core (Rule 273 of total 360) .... done (Time = 0.00s, Memory = 0.0K)
Checking Rule STARC05-2.5.1.7 for module core (Rule 274 of total 360) .... done (Time = 0.00s, Memory = 0.0K)
Checking Rule STARC05-2.5.1.9 for module core (Rule 275 of total 360) .... done (Time = 0.00s, Memory = 0.0K)
Performing semantic checks on SGDC contents
Checking Rule SGDC_testmode03 (Rule 79 of total 360) .... done (Time = 0.00s, Memory = 0.0K)
Checking Rule _abstractPortSGDC (Rule 276 of total 360) .... done (Time = 0.00s, Memory = 0.0K)
Checking Rule SGDC_abstract_port03 (Rule 277 of total 360) .... done (Time = 0.00s, Memory = 0.0K)
Checking Rule SGDC_abstract_port04 (Rule 278 of total 360) .... done (Time = 0.00s, Memory = 0.0K)
Checking Rule SGDC_abstract_port05 (Rule 279 of total 360) .... done (Time = 0.00s, Memory = 0.0K)
Checking Rule SGDC_abstract_port07 (Rule 280 of total 360) .... done (Time = 0.00s, Memory = 0.0K)
Checking Rule SGDC_abstract_port08 (Rule 281 of total 360) .... done (Time = 0.00s, Memory = 0.0K)
Checking Rule SGDC_abstract_port10 (Rule 282 of total 360) .... done (Time = 0.00s, Memory = 0.0K)
Checking Rule SGDC_abstract_port11 (Rule 283 of total 360) .... done (Time = 0.00s, Memory = 0.0K)
Checking Rule SGDC_abstract_port12 (Rule 284 of total 360) .... done (Time = 0.00s, Memory = 0.0K)
Checking Rule SGDC_abstract_port13 (Rule 285 of total 360) .... done (Time = 0.00s, Memory = 8.0K)
Checking Rule ReportUngroup (Rule 286 of total 360) .... done (Time = 0.00s, Memory = 0.0K)
Checking Rule LINT_portReten (Rule 287 of total 360) .... done (Time = 0.00s, Memory = 0.0K)
Checking Rule SGDC_abstract_port21 (Rule 288 of total 360) .... done (Time = 0.00s, Memory = 0.0K)
Checking Rule InferLatch (Rule 289 of total 360) .... done (Time = 0.01s, Memory = 32.0K)
Checking Rule UndrivenOutPort-ML (Rule 290 of total 360) .... done (Time = 0.01s, Memory = 0.0K)
Checking Rule UndrivenInTerm-ML (Rule 291 of total 360) .... done (Time = 0.06s, Memory = 0.0K)
Checking Rule UndrivenNet-ML (Rule 292 of total 360) .... done (Time = 0.00s, Memory = 0.0K)
Checking Rule NoFeedThrus-ML (Rule 293 of total 360) .... done (Time = 0.00s, Memory = 0.0K)
Checking Rule SGDC_assume_path05 (Rule 294 of total 360) .... done (Time = 0.00s, Memory = 0.0K)
 Flattening core (.lib instances separately flattened) ....
 Flattening completed
Checking Rule SGDC_set_case_analysis_LC (Rule 295 of total 360) .... done (Time = 0.00s, Memory = 0.0K)
Checking Rule BufClock (Rule 296 of total 360) .... done (Time = 0.01s, Memory = 1560.0K)
Checking Rule CombLoop (Rule 297 of total 360) .... done (Time = 0.02s, Memory = -1752.0K)
Checking Rule STARC05-2.5.1.2 (Rule 298 of total 360) .... done (Time = 0.00s, Memory = 32.0K)
Checking Rule STARC05-1.3.1.3 (Rule 299 of total 360) .... done (Time = 0.00s, Memory = 2536.0K)
Checking Rule STARC05-1.4.3.2 (Rule 300 of total 360) .... done (Time = 0.00s, Memory = 0.0K)
Checking Rule STARC05-1.4.3.4 (Rule 301 of total 360) .... done (Time = 0.01s, Memory = 8.0K)
Checking Rule STARC-2.3.4.3 (Rule 302 of total 360) .... done (Time = 0.00s, Memory = 0.0K)
Checking Rule FlopClockConstant (Rule 303 of total 360) .... done (Time = 0.01s, Memory = 136.0K)
Checking Rule FlopSRConst (Rule 304 of total 360) .... done (Time = 0.00s, Memory = 0.0K)
Checking Rule checkPinConnectedToSupply (Rule 305 of total 360) .... done (Time = 0.00s, Memory = 0.0K)
Checking Rule sim_race07 (Rule 306 of total 360) .... done (Time = 0.01s, Memory = -2472.0K)
Checking Rule W402b (Rule 307 of total 360) .... done (Time = 0.02s, Memory = 2744.0K)
Checking Rule W392 (Rule 308 of total 360) .... done (Time = 0.00s, Memory = 40.0K)
Checking Rule W415 (Rule 309 of total 360) .... done (Time = 0.01s, Memory = 0.0K)
Checking Rule W391 (Rule 310 of total 360) .... done (Time = 0.00s, Memory = 0.0K)
Checking Rule W401 (Rule 311 of total 360) .... done (Time = 0.01s, Memory = 160.0K)
Checking Rule LatchFeedback (Rule 312 of total 360) .... done (Time = 0.01s, Memory = 0.0K)
Checking Rule SameControlNDataNet-ML (Rule 313 of total 360) .... done (Time = 0.02s, Memory = -2536.0K)
Checking Rule STARC05-2.4.1.5 (Rule 314 of total 360) .... done (Time = 0.00s, Memory = 0.0K)
Checking Rule STARC05-1.2.1.2 (Rule 315 of total 360) .... done (Time = 0.00s, Memory = 24.0K)
Checking Rule AnalyzeBBox (Rule 316 of total 360) .... done (Time = 0.00s, Memory = 0.0K)
Checking Rule ReportCheckDataSummary (Rule 77 of total 360) .... done (Time = 0.00s, Memory = 0.0K)

Generating data for Console...

SpyGlass Rule Checking Complete.

Generating moresimple report from './spyglass-1/core/lint/lint_rtl_enhanced/spyglass.vdb' to './spyglass-1/core/lint/lint_rtl_enhanced/spyglass_reports/moresimple.rpt' ....

Generating runsummary report from './spyglass-1/core/lint/lint_rtl_enhanced/spyglass.vdb' ....

Generating no_msg_reporting_rules report from './spyglass-1/core/lint/lint_rtl_enhanced/spyglass.vdb' to './spyglass-1/core/lint/lint_rtl_enhanced/spyglass_reports/no_msg_reporting_rules.rpt' ....

Generating W415_Report report from './spyglass-1/core/lint/lint_rtl_enhanced/spyglass.vdb' to './spyglass-1/core/lint/lint_rtl_enhanced/spyglass_reports/lint/W415_Report.rpt' ....

Policy specific data (reports) are present in the directory './spyglass-1/core/lint/lint_rtl_enhanced/spyglass_reports'.

SpyGlass critical reports for the current run are present in directory './spyglass-1/consolidated_reports/core_lint_lint_rtl_enhanced/'.

---------------------------------------------------------------------------------------------
Results Summary:
---------------------------------------------------------------------------------------------
   Goal Run           :      lint/lint_rtl_enhanced
   Command-line read  :      0 error,      1 warning,      0 information message 
   Design Read        :      0 error,      0 warning,      4 information messages
      Found 1 top module:
         core   (file: core.v)

   Blackbox Resolution:      0 error,      0 warning,      1 information message 
   SGDC Checks        :      0 error,      0 warning,      0 information message 
   Policy morelint    :      0 error,      0 warning,      1 information message 
   -------------------------------------------------------------------------------------
   Total              :      0 error,      1 warning,      6 information messages

  Total Number of Generated Messages     :         7 (0 error, 1 warning, 6 Infos)
  Number of Reported Messages            :         7 (0 error, 1 warning, 6 Infos)

---------------------------------------------------------------------------------------------


run_goal: info: updating spyglass.log with goal summary
---------------------------------------------------------------------------------------------------
Results Summary:
---------------------------------------------------------------------------------------------------
   Goal Run           :      lint/lint_rtl_enhanced
   Top Module         :      core
---------------------------------------------------------------------------------------------------
   Reports Directory: 
   /home/raid7_2/user12/r2k41036/NTU_CVSD2024/HW3/01_RTL/spyglass-1/consolidated_reports/core_lint_lint_rtl_enhanced/ 

   SpyGlass LogFile: 
    /home/raid7_2/user12/r2k41036/NTU_CVSD2024/HW3/01_RTL/spyglass-1/core/lint/lint_rtl_enhanced/spyglass.log 

   Standard Reports: 
     moresimple.rpt          no_msg_reporting_rules.rpt       

   HTML report:
    /home/raid7_2/user12/r2k41036/NTU_CVSD2024/HW3/01_RTL/spyglass-1/html_reports/goals_summary.html
  

   Technology Reports:  
     <Not Available>
   
   
---------------------------------------------------------------------------------------------------
   Goal Violation Summary:
       Waived   Messages:                      0 Errors,      0 Warnings,      0 Infos
       Reported Messages:         0 Fatals,    0 Errors,      1 Warnings,      6 Infos
---------------------------------------------------------------------------------------------------
   
---------------------------------------------------------------------------------------------------
 
run_goal: info: spyglass.log successfully updated with goal summary
0 {Rule-checking completed with warnings}
INFO:    SpyGlass will run goal(s) 'lint/lint_rtl_enhanced'.


RULE-CHECKING IN MIXED MODE
Loading spyglass (SpyGlass_vT-2022.06) ... (picked from /home/raid7_4/raid1_1/linux/synopsys/spyglass/2022.06/SPYGLASS_HOME/policies/spyglass)
Loading openmore (SpyGlass_vT-2022.06) ... (picked from /home/raid7_4/raid1_1/linux/synopsys/spyglass/2022.06/SPYGLASS_HOME/policies/openmore)
Loading starc (SpyGlass_vT-2022.06) ... (picked from /home/raid7_4/raid1_1/linux/synopsys/spyglass/2022.06/SPYGLASS_HOME/policies/starc)
Loading starc2005 (SpyGlass_vT-2022.06) ... (picked from /home/raid7_4/raid1_1/linux/synopsys/spyglass/2022.06/SPYGLASS_HOME/policies/starc2005)
Loading erc (SpyGlass_vT-2022.06) ... (picked from /home/raid7_4/raid1_1/linux/synopsys/spyglass/2022.06/SPYGLASS_HOME/policies/erc)
Loading simulation (SpyGlass_vT-2022.06) ... (picked from /home/raid7_4/raid1_1/linux/synopsys/spyglass/2022.06/SPYGLASS_HOME/policies/simulation)
Loading lint (SpyGlass_vT-2022.06) ... (picked from /home/raid7_4/raid1_1/linux/synopsys/spyglass/2022.06/SPYGLASS_HOME/policies/lint)
Loading latch (SpyGlass_vT-2022.06) ... (picked from /home/raid7_4/raid1_1/linux/synopsys/spyglass/2022.06/SPYGLASS_HOME/policies/latch)
Loading morelint (SpyGlass_vT-2022.06) ... (picked from /home/raid7_4/raid1_1/linux/synopsys/spyglass/2022.06/SPYGLASS_HOME/policies/morelint)
Loading timing (SpyGlass_vT-2022.06) ... (picked from /home/raid7_4/raid1_1/linux/synopsys/spyglass/2022.06/SPYGLASS_HOME/policies/timing)
Loading starc2002 (SpyGlass_vT-2022.06) ... (picked from /home/raid7_4/raid1_1/linux/synopsys/spyglass/2022.06/SPYGLASS_HOME/policies/starc2002)

INFO [326]    SpyGlass Design Database './spyglass-1/core/.SG_SaveRestoreDB' can not be restored because:
              Following design files/directories have been modified since design save
    core.v
    median.v

              Saving Database again
Loading Audits (SpyGlass_vT-2022.06) ... (picked from /home/raid7_4/raid1_1/linux/synopsys/spyglass/2022.06/SPYGLASS_HOME/policies/Audits)
Loading area (SpyGlass_vT-2022.06) ... (picked from /home/raid7_4/raid1_1/linux/synopsys/spyglass/2022.06/SPYGLASS_HOME/policies/area)
Loading miscellaneous (SpyGlass_vT-2022.06) ... (picked from /home/raid7_4/raid1_1/linux/synopsys/spyglass/2022.06/SPYGLASS_HOME/policies/miscellaneous)
Loading starcad-21 (SpyGlass_vT-2022.06) ... (picked from /home/raid7_4/raid1_1/linux/synopsys/spyglass/2022.06/SPYGLASS_HOME/policies/starcad-21)
Loading txv (SpyGlass_vT-2022.06) ... (picked from /home/raid7_4/raid1_1/linux/synopsys/spyglass/2022.06/SPYGLASS_HOME/policies/txv)

TXV_INFO Parameter txv_extract_domain will be renamed to txv_domain_mode in future!

Loading power_est (SpyGlass_vT-2022.06) ... (picked from /home/raid7_4/raid1_1/linux/synopsys/spyglass/2022.06/SPYGLASS_HOME/policies/power_est)
Loading lowpower (5.6.1) ... (picked from /home/raid7_4/raid1_1/linux/synopsys/spyglass/2022.06/SPYGLASS_HOME/policies/lowpower)
Loading dft_dsm (SpyGlass_vT-2022.06) ... (picked from /home/raid7_4/raid1_1/linux/synopsys/spyglass/2022.06/SPYGLASS_HOME/policies/dft_dsm)
Loading dft (SpyGlass_vT-2022.06) ... (picked from /home/raid7_4/raid1_1/linux/synopsys/spyglass/2022.06/SPYGLASS_HOME/policies/dft)
Loading constraints (SpyGlass_vT-2022.06) ... (picked from /home/raid7_4/raid1_1/linux/synopsys/spyglass/2022.06/SPYGLASS_HOME/policies/constraints)
Loading const_intern1 (SpyGlass_vT-2022.06) ... (picked from /home/raid7_4/raid1_1/linux/synopsys/spyglass/2022.06/SPYGLASS_HOME/policies/constraints)
Loading clock-reset (SpyGlass_vT-2022.06) ... (picked from /home/raid7_4/raid1_1/linux/synopsys/spyglass/2022.06/SPYGLASS_HOME/policies/clock)

INFO [76]    Using './spyglass-1/core/WORK/64' as the Work Directory for 64bit precompiled dump.
Checking Rule SGDC_power_est29 (Rule 1 of total 360) .... done (Time = 0.00s, Memory = 0.0K)
Checking Rule PECHECK04 (Rule 2 of total 360) .... done (Time = 0.02s, Memory = 8.0K)
Checking Rule PECHECK18 (Rule 3 of total 360) .... done (Time = 0.00s, Memory = 0.0K)
Checking Rule PEMVDD01 (Rule 4 of total 360) .... done (Time = 0.00s, Memory = 0.0K)
Checking Rule PrecompileLibCheck01 (Rule 5 of total 360) .... done (Time = 0.00s, Memory = 0.0K)
Checking Rule PrecompileLibCheck02 (Rule 6 of total 360) .... done (Time = 0.00s, Memory = 0.0K)
Checking Rule PrecompileLibCheck03 (Rule 7 of total 360) .... done (Time = 0.00s, Memory = 0.0K)
Checking Rule PrecompileLibCheck04 (Rule 8 of total 360) .... done (Time = 0.00s, Memory = 0.0K)
Checking Rule AbstractInterface (Rule 9 of total 360) .... done (Time = 0.00s, Memory = 0.0K)
Checking Rule SGDC_assume_path01 (Rule 10 of total 360) .... done (Time = 0.00s, Memory = 0.0K)
Checking Rule SGDC_sdcschema02 (Rule 11 of total 360) .... done (Time = 0.01s, Memory = 32.0K)
Checking Rule SGDC_clock05 (Rule 12 of total 360) .... done (Time = 0.00s, Memory = 0.0K)
Checking Rule SGDC_clock09 (Rule 13 of total 360) .... done (Time = 0.00s, Memory = 8.0K)
Checking Rule SGDC_force_ta05 (Rule 14 of total 360) .... done (Time = 0.00s, Memory = 0.0K)
Checking Rule SGDC_require_path03 (Rule 15 of total 360) .... done (Time = 0.00s, Memory = 0.0K)
Checking Rule SGDC_require_value03 (Rule 16 of total 360) .... done (Time = 0.00s, Memory = 8.0K)
Checking Rule SGDC_voltagedomain05 (Rule 17 of total 360) .... done (Time = 0.00s, Memory = 8.0K)
Checking Rule SGDC_voltagedomain06 (Rule 18 of total 360) .... done (Time = 0.00s, Memory = 0.0K)
Checking Rule SGDC_voltagedomain07 (Rule 19 of total 360) .... done (Time = 0.00s, Memory = 0.0K)
Checking Rule SGDC_powerdomainoutputs02 (Rule 20 of total 360) .... done (Time = 0.00s, Memory = 0.0K)
Checking Rule SGDC_supply01 (Rule 21 of total 360) .... done (Time = 0.00s, Memory = 8.0K)
Checking Rule SGDC_waive01 (Rule 22 of total 360) .... done (Time = 0.00s, Memory = 0.0K)
Checking Rule SGDC_waive02 (Rule 23 of total 360) .... done (Time = 0.00s, Memory = 0.0K)
Checking Rule SGDC_waive03 (Rule 24 of total 360) .... done (Time = 0.00s, Memory = 8.0K)
Checking Rule SGDC_waive04 (Rule 25 of total 360) .... done (Time = 0.00s, Memory = 0.0K)
Checking Rule SGDC_waive05 (Rule 26 of total 360) .... done (Time = 0.00s, Memory = 0.0K)
Checking Rule SGDC_waive06 (Rule 27 of total 360) .... done (Time = 0.00s, Memory = 24.0K)
Checking Rule SGDC_waive07 (Rule 28 of total 360) .... done (Time = 0.00s, Memory = 0.0K)
Checking Rule SGDC_waive08 (Rule 29 of total 360) .... done (Time = 0.00s, Memory = -8.0K)
Checking Rule SGDC_waive09 (Rule 30 of total 360) .... done (Time = 0.00s, Memory = 0.0K)
Checking Rule SGDC_waive10 (Rule 31 of total 360) .... done (Time = 0.00s, Memory = 0.0K)
Checking Rule SGDC_waive11 (Rule 32 of total 360) .... done (Time = 0.00s, Memory = 0.0K)
Checking Rule SGDC_waive12 (Rule 33 of total 360) .... done (Time = 0.00s, Memory = 0.0K)
Checking Rule SGDC_waive13 (Rule 34 of total 360) .... done (Time = 0.00s, Memory = 0.0K)
Checking Rule SGDC_waive21 (Rule 35 of total 360) .... done (Time = 0.00s, Memory = 0.0K)
Checking Rule SGDC_waive22 (Rule 36 of total 360) .... done (Time = 0.00s, Memory = 2544.0K)
Checking Rule SGDC_waive30 (Rule 37 of total 360) .... done (Time = 0.00s, Memory = 0.0K)
Checking Rule SGDC_waive32 (Rule 38 of total 360) .... done (Time = 0.00s, Memory = 0.0K)
Checking Rule SGDC_waive33 (Rule 39 of total 360) .... done (Time = 0.00s, Memory = 0.0K)
Checking Rule SGDC_waive36 (Rule 40 of total 360) .... done (Time = 0.00s, Memory = 0.0K)
Checking Rule SGDC_waive38 (Rule 41 of total 360) .... done (Time = 0.00s, Memory = 0.0K)
Checking Rule SGDC_fifo01 (Rule 42 of total 360) .... done (Time = 0.00s, Memory = 8.0K)
Checking Rule SGDC_libgroup01 (Rule 43 of total 360) .... done (Time = 0.00s, Memory = 0.0K)
Checking Rule SGDC_libgroup02 (Rule 44 of total 360) .... done (Time = 0.00s, Memory = 0.0K)
Checking Rule SGDC_libgroup04 (Rule 45 of total 360) .... done (Time = 0.00s, Memory = 0.0K)
Checking Rule SGDC_power_data01 (Rule 46 of total 360) .... done (Time = 0.00s, Memory = 0.0K)
Checking Rule SGDC_ungroup01 (Rule 47 of total 360) .... done (Time = 0.00s, Memory = 0.0K)
Checking Rule SGDC_abstract_port06 (Rule 48 of total 360) .... done (Time = 0.00s, Memory = 8.0K)
Checking Rule SGDC_abstract_port14 (Rule 49 of total 360) .... done (Time = 0.00s, Memory = 8.0K)
Checking Rule SGDC_abstract_port15 (Rule 50 of total 360) .... done (Time = 0.00s, Memory = 0.0K)
Checking Rule SGDC_abstract_port18 (Rule 51 of total 360) .... done (Time = 0.00s, Memory = 8.0K)
Checking Rule sdc_init_rule (Rule 52 of total 360) .... done (Time = 0.00s, Memory = 0.0K)
Checking Rule CMD_ignorelibs01 (Rule 53 of total 360) .... done (Time = 0.00s, Memory = -40.0K)
Checking Rule ReportRuleNotRun (Rule 54 of total 360) .... done (Time = 0.04s, Memory = -24.0K)
Checking Rule ReserveName (Rule 55 of total 360) .... done (Time = 0.00s, Memory = 0.0K)
Checking Rule ReserveName (Rule 56 of total 360) .... done (Time = 0.00s, Memory = 0.0K)
Checking Rule STARC05-2.3.1.2c (Rule 57 of total 360) .... done (Time = 0.00s, Memory = 0.0K)
Checking Rule W442a (Rule 58 of total 360) .... done (Time = 0.00s, Memory = 32.0K)
Checking Rule W442b (Rule 59 of total 360) .... done (Time = 0.00s, Memory = 0.0K)
Checking Rule W442c (Rule 60 of total 360) .... done (Time = 0.00s, Memory = 0.0K)
Checking Rule W442f (Rule 61 of total 360) .... done (Time = 0.00s, Memory = 0.0K)
Checking Rule W561 (Rule 62 of total 360) .... done (Time = 0.00s, Memory = 0.0K)
Checking Rule mixedsenselist (Rule 63 of total 360) .... done (Time = 0.00s, Memory = 0.0K)
Checking Rule badimplicitSM1 (Rule 64 of total 360) .... done (Time = 0.00s, Memory = 0.0K)
Checking Rule badimplicitSM2 (Rule 65 of total 360) .... done (Time = 0.00s, Memory = 0.0K)
Checking Rule badimplicitSM4 (Rule 66 of total 360) .... done (Time = 0.00s, Memory = 0.0K)
Checking Rule bothedges (Rule 67 of total 360) .... done (Time = 0.00s, Memory = 0.0K)
Checking Rule infiniteloop (Rule 68 of total 360) .... done (Time = 0.00s, Memory = 0.0K)
Checking Rule BlockHeader (Rule 69 of total 360) .... done (Time = 0.00s, Memory = 0.0K)
Checking Rule W421 (Rule 70 of total 360) .... done (Time = 0.00s, Memory = 0.0K)
Checking Rule ReserveNameSystemVerilog-ML (Rule 71 of total 360) .... done (Time = 0.00s, Memory = 0.0K)
Checking Rule ReserveNameSystemVerilog-ML (Rule 72 of total 360) .... done (Time = 0.00s, Memory = 0.0K)
Checking Rule STARC05-2.1.6.5 (Rule 73 of total 360) .... done (Time = 0.00s, Memory = 0.0K)
Checking Rule ReportStopSummary (Rule 74 of total 360) .... done (Time = 0.00s, Memory = -8.0K)
Checking Rule ReportIgnoreSummary (Rule 75 of total 360) .... done (Time = 0.01s, Memory = 2576.0K)
 Analyzing source file "define.v" ....
 Analyzing source file "core.v" ....
 Analyzing source file "conv.v" ....
 Analyzing source file "median.v" ....
 Elaborating Top Verilog Design Unit 'core' ..... done
Checking Rule ElabSummary (Rule 76 of total 360) .... done (Time = 0.00s, Memory = 0.0K)
Checking Rule ReportCheckDataSummary (Rule 77 of total 360) .... done (Time = 0.00s, Memory = 0.0K)

INFO [38]    Design option 'ignoredu/ignorefile' specified.
             Please refer 'InfoAnalyzeBBox' or ReportIgnoreSummary' rule message for more details.

 Reading waiver file "./spyglass-1/core/lint/lint_rtl_enhanced/spyglass_spysch/constraint/spg_autogenerated_waivers.sgdc" ...
 Generating SGDC file "./spyglass-1/core/lint/lint_rtl_enhanced/spyglass_spysch/constraint/pragma2Constraint.sgdc" from pragmas in HDL source files ....
 Generating WAIVER file "./spyglass-1/core/lint/lint_rtl_enhanced/spyglass_spysch/waiver/pragma2Waiver.swl" from pragmas in HDL source files ....
Checking Rule DetectTopDesignUnits (Rule 78 of total 360)
 Detected 1 top level design units:
     core
 .... done (Time = 0.01s, Memory = 0.0K)
Performing semantic checks on SGDC contents
Checking Rule SGDC_testmode03 (Rule 79 of total 360) .... done (Time = 0.00s, Memory = 0.0K)
Checking Rule PECHECK09 (Rule 80 of total 360) .... done (Time = 0.00s, Memory = 0.0K)
Checking Rule Ac_multitop01 (Rule 81 of total 360) .... done (Time = 0.00s, Memory = 0.0K)
Checking Rule ReportObsoletePragmas (Rule 82 of total 360) .... done (Time = 0.00s, Memory = 0.0K)
Checking Rule ReportCksum (Rule 83 of total 360) .... done (Time = 0.02s, Memory = 0.0K)
Checking Rule checkSGDC_01 (Rule 84 of total 360) .... done (Time = 0.00s, Memory = 0.0K)
Checking Rule checkSGDC_03 (Rule 85 of total 360) .... done (Time = 0.00s, Memory = 0.0K)
Checking Rule checkSGDC_08 (Rule 86 of total 360) .... done (Time = 0.00s, Memory = 0.0K)
Checking Rule GenerateConfMap (Rule 87 of total 360) .... done (Time = 0.00s, Memory = 0.0K)
Checking Rule SGDC_memorywritepin04 (Rule 88 of total 360) .... done (Time = 0.00s, Memory = 0.0K)
Checking Rule SGDC_reset02 (Rule 89 of total 360) .... done (Time = 0.00s, Memory = 0.0K)
Checking Rule SGDC_reset03 (Rule 90 of total 360) .... done (Time = 0.00s, Memory = 8.0K)
Checking Rule SGDC_libgroup03 (Rule 91 of total 360) .... done (Time = 0.00s, Memory = 0.0K)
Checking Rule SGDC_ungroup02 (Rule 92 of total 360) .... done (Time = 0.00s, Memory = 0.0K)
Checking Rule HdlLibDuCheck (Rule 93 of total 360) .... done (Time = 0.00s, Memory = 0.0K)
Checking Rule RtlDesignInfo (Rule 94 of total 360) .... done (Time = 0.00s, Memory = 8.0K)
Checking Rule W339a (Rule 95 of total 360) .... done (Time = 0.00s, Memory = 0.0K)
Checking Rule W416 (Rule 96 of total 360) .... done (Time = 0.00s, Memory = 0.0K)
Checking Rule mixedsenselist (Rule 97 of total 360) .... done (Time = 0.00s, Memory = 0.0K)
Checking Rule W110a (Rule 98 of total 360) .... done (Time = 0.00s, Memory = 0.0K)
Checking Rule Pragma_setupa (Rule 99 of total 360) .... done (Time = 0.00s, Memory = 0.0K)
Checking Rule _deltaDelay (Rule 100 of total 360) .... done (Time = 0.00s, Memory = 0.0K)
Checking Rule _deltaDelay (Rule 101 of total 360) .... done (Time = 0.00s, Memory = 0.0K)
Checking Rule preReq_ConsCase (Rule 102 of total 360) .... done (Time = 0.00s, Memory = 0.0K)
Checking Rule CheckCelldefine (Rule 103 of total 360) .... done (Time = 0.00s, Memory = 0.0K)
Checking Rule SGDC_waive23 (Rule 104 of total 360) .... done (Time = 0.00s, Memory = 0.0K)
Checking Rule SGDC_waive26 (Rule 105 of total 360) .... done (Time = 0.00s, Memory = 0.0K)
Checking Rule SGDC_waive27 (Rule 106 of total 360) .... done (Time = 0.00s, Memory = 0.0K)
Checking Rule SGDC_waive29 (Rule 107 of total 360) .... done (Time = 0.00s, Memory = 0.0K)
Checking Rule STARC05-1.1.1.1 (Rule 108 of total 360) .... done (Time = 0.00s, Memory = 32.0K)
Checking Rule STARC05-2.3.1.5b (Rule 109 of total 360) .... done (Time = 0.00s, Memory = 8.0K)
Checking Rule STARC05-2.8.1.5 (Rule 110 of total 360) .... done (Time = 0.01s, Memory = 0.0K)
Checking Rule STARC05-2.8.5.1 (Rule 111 of total 360) .... done (Time = 0.00s, Memory = 0.0K)
Checking Rule STARC05-2.9.1.2a (Rule 112 of total 360) .... done (Time = 0.00s, Memory = 0.0K)
Checking Rule STARC05-2.9.1.2b (Rule 113 of total 360) .... done (Time = 0.00s, Memory = 0.0K)
Checking Rule STARC05-2.11.3.1 (Rule 114 of total 360) .... done (Time = 0.00s, Memory = 0.0K)
Checking Rule STARC05-1.1.1.1 (Rule 115 of total 360) .... done (Time = 0.00s, Memory = 0.0K)
Checking Rule Prereqs_STARC05-1.6.2.1 (Rule 116 of total 360) .... done (Time = 0.00s, Memory = 0.0K)
Checking Rule Prereqs_STARC-1.6.2.1 (Rule 117 of total 360) .... done (Time = 0.00s, Memory = 8.0K)
Checking Rule STARC05-2.3.4.1 (Rule 118 of total 360) .... done (Time = 0.01s, Memory = 8.0K)
Checking Rule W127 (Rule 119 of total 360) .... done (Time = 0.00s, Memory = 0.0K)
Checking Rule W193 (Rule 120 of total 360) .... done (Time = 0.00s, Memory = 0.0K)
Checking Rule W317 (Rule 121 of total 360) .... done (Time = 0.00s, Memory = 0.0K)
Checking Rule W422 (Rule 122 of total 360) .... done (Time = 0.00s, Memory = 0.0K)
Checking Rule W426 (Rule 123 of total 360) .... done (Time = 0.00s, Memory = 0.0K)
Checking Rule W464 (Rule 124 of total 360) .... done (Time = 0.00s, Memory = 0.0K)
Checking Rule W479 (Rule 125 of total 360) .... done (Time = 0.00s, Memory = 0.0K)
Checking Rule W480 (Rule 126 of total 360) .... done (Time = 0.00s, Memory = 0.0K)
Checking Rule W481a (Rule 127 of total 360) .... done (Time = 0.00s, Memory = 0.0K)
Checking Rule W481b (Rule 128 of total 360) .... done (Time = 0.00s, Memory = 0.0K)
Checking Rule W527 (Rule 129 of total 360) .... done (Time = 0.00s, Memory = 0.0K)
Checking Rule W422 (Rule 130 of total 360) .... done (Time = 0.00s, Memory = 0.0K)
Checking Rule W292 (Rule 131 of total 360) .... done (Time = 0.00s, Memory = 0.0K)
Checking Rule W464 (Rule 132 of total 360) .... done (Time = 0.00s, Memory = 0.0K)
Checking Rule W71 (Rule 133 of total 360) .... done (Time = 0.00s, Memory = 0.0K)
Checking Rule W167 (Rule 134 of total 360) .... done (Time = 0.00s, Memory = 104.0K)
Checking Rule W167 (Rule 135 of total 360) .... done (Time = 0.00s, Memory = 0.0K)
Checking Rule W293 (Rule 136 of total 360) .... done (Time = 0.00s, Memory = 0.0K)
Checking Rule W398 (Rule 137 of total 360) .... done (Time = 0.00s, Memory = 0.0K)
Checking Rule W421 (Rule 138 of total 360) .... done (Time = 0.00s, Memory = 0.0K)
Checking Rule W424 (Rule 139 of total 360) .... done (Time = 0.00s, Memory = 0.0K)
Checking Rule W443 (Rule 140 of total 360) .... done (Time = 0.00s, Memory = 0.0K)
Checking Rule W444 (Rule 141 of total 360) .... done (Time = 0.00s, Memory = 0.0K)
Checking Rule W467 (Rule 142 of total 360) .... done (Time = 0.00s, Memory = 0.0K)
Checking Rule UnrecSynthDir-ML (Rule 143 of total 360) .... done (Time = 0.00s, Memory = 8.0K)
Checking Rule UnrecSynthDir-ML (Rule 144 of total 360) .... done (Time = 0.00s, Memory = 0.0K)
Checking Rule PragmaComments-ML (Rule 145 of total 360) .... done (Time = 0.00s, Memory = 8.0K)
Checking Rule PragmaComments-ML (Rule 146 of total 360) .... done (Time = 0.00s, Memory = 0.0K)
Checking Rule CheckDelayTimescale-ML (Rule 147 of total 360) .... done (Time = 0.00s, Memory = 0.0K)
Checking Rule Prereqs_CheckTimeUnitandPrecision-ML (Rule 148 of total 360) .... done (Time = 0.00s, Memory = 0.0K)
Checking Rule NoGenLabel-ML (Rule 149 of total 360)
Rule NoGenLabel-ML: Unknown argument 'yes' passed
 .... done (Time = 0.00s, Memory = 0.0K)
Checking Rule SetBeforeRead-ML (Rule 150 of total 360) .... done (Time = 0.00s, Memory = 0.0K)
Checking ELABDU Rules for designUnit core
    Checking Rule Ac_classify_param01 (Rule 151 of total 360) .... done (Time = 0.00s, Memory = 0.0K)
    Checking Rule AcOvlRtl (Rule 152 of total 360) .... done (Time = 0.00s, Memory = 0.0K)
    Checking Rule AcOvlRtl (Rule 153 of total 360) .... done (Time = 0.00s, Memory = 32.0K)
    Checking Rule GenTopLevelBlocksForAutoSoc (Rule 154 of total 360) .... done (Time = 0.00s, Memory = 0.0K)
    Checking Rule Prereqs_InferLatch (Rule 155 of total 360) .... done (Time = 0.00s, Memory = 0.0K)
    Checking Rule STARC05-2.1.4.5 (Rule 156 of total 360) .... done (Time = 0.00s, Memory = 0.0K)
    Checking Rule STARC05-2.1.5.3 (Rule 157 of total 360) .... done (Time = 0.00s, Memory = 0.0K)
    Checking Rule STARC05-2.2.3.3 (Rule 158 of total 360) .... done (Time = 0.00s, Memory = 0.0K)
    Checking Rule STARC05-2.3.1.6 (Rule 159 of total 360) .... done (Time = 0.00s, Memory = 0.0K)
    Checking Rule STARC05-2.10.2.3 (Rule 160 of total 360) .... done (Time = 0.00s, Memory = 0.0K)
    Checking Rule STARC05-2.10.3.2a (Rule 161 of total 360) .... done (Time = 0.00s, Memory = 0.0K)
    Checking Rule STARC05-2.11.3.1 (Rule 162 of total 360) .... done (Time = 0.01s, Memory = -2480.0K)
    Checking Rule STARC05-2.1.1.2 (Rule 163 of total 360) .... done (Time = 0.00s, Memory = -32.0K)
    Checking Rule STARC05-2.1.3.1 (Rule 164 of total 360) .... done (Time = 0.00s, Memory = 8.0K)
    Checking Rule STARC05-2.8.1.3 (Rule 165 of total 360) .... done (Time = 0.00s, Memory = 0.0K)
    Checking Rule STARC05-2.10.1.4a (Rule 166 of total 360) .... done (Time = 0.00s, Memory = 0.0K)
    Checking Rule STARC05-2.10.1.4b (Rule 167 of total 360) .... done (Time = 0.00s, Memory = -8.0K)
    Checking Rule STARC05-2.8.1.3 (Rule 168 of total 360) .... done (Time = 0.00s, Memory = 0.0K)
    Checking Rule sim_race02 (Rule 169 of total 360) .... done (Time = 0.00s, Memory = 0.0K)
    Checking Rule W239 (Rule 170 of total 360) .... done (Time = 0.00s, Memory = 8.0K)
    Checking Rule W110 (Rule 171 of total 360) .... done (Time = 0.00s, Memory = 0.0K)
    Checking Rule W122 (Rule 172 of total 360) .... done (Time = 0.00s, Memory = 0.0K)
    Checking Rule W163 (Rule 173 of total 360) .... done (Time = 0.00s, Memory = 0.0K)
    Checking Rule W552 (Rule 174 of total 360) .... done (Time = 0.00s, Memory = 0.0K)
    Checking Rule W553 (Rule 175 of total 360) .... done (Time = 0.01s, Memory = 0.0K)
    Checking Rule W496a (Rule 176 of total 360) .... done (Time = 0.00s, Memory = 0.0K)
    Checking Rule W496b (Rule 177 of total 360) .... done (Time = 0.00s, Memory = 0.0K)
    Checking Rule W19 (Rule 178 of total 360) .... done (Time = 0.00s, Memory = 24.0K)
    Checking Rule W66 (Rule 179 of total 360) .... done (Time = 0.00s, Memory = 8.0K)
    Checking Rule W116 (Rule 180 of total 360) .... done (Time = 0.00s, Memory = 2536.0K)
    Checking Rule W123 (Rule 181 of total 360) .... done (Time = 0.00s, Memory = 24.0K)
    Checking Rule W156 (Rule 182 of total 360) .... done (Time = 0.00s, Memory = 904.0K)
    Checking Rule W188 (Rule 183 of total 360) .... done (Time = 0.00s, Memory = 0.0K)
    Checking Rule W215 (Rule 184 of total 360) .... done (Time = 0.00s, Memory = 0.0K)
    Checking Rule W216 (Rule 185 of total 360) .... done (Time = 0.00s, Memory = 0.0K)
    Checking Rule W218 (Rule 186 of total 360) .... done (Time = 0.00s, Memory = 8.0K)
    Checking Rule W238 (Rule 187 of total 360) .... done (Time = 0.00s, Memory = 0.0K)
    Checking Rule W245 (Rule 188 of total 360) .... done (Time = 0.00s, Memory = 0.0K)
    Checking Rule W263 (Rule 189 of total 360) .... done (Time = 0.00s, Memory = 0.0K)
    Checking Rule W289 (Rule 190 of total 360) .... done (Time = 0.00s, Memory = 0.0K)
    Checking Rule W314 (Rule 191 of total 360) .... done (Time = 0.00s, Memory = 8.0K)
    Checking Rule W316 (Rule 192 of total 360) .... done (Time = 0.00s, Memory = 0.0K)
    Checking Rule W337 (Rule 193 of total 360) .... done (Time = 0.00s, Memory = 0.0K)
    Checking Rule W342 (Rule 194 of total 360) .... done (Time = 0.00s, Memory = 8.0K)
    Checking Rule W343 (Rule 195 of total 360) .... done (Time = 0.00s, Memory = 0.0K)
    Checking Rule W416 (Rule 196 of total 360) .... done (Time = 0.00s, Memory = 0.0K)
    Checking Rule W352 (Rule 197 of total 360) .... done (Time = 0.00s, Memory = 0.0K)
    Checking Rule W362 (Rule 198 of total 360) .... done (Time = 0.00s, Memory = 0.0K)
    Checking Rule W423 (Rule 199 of total 360) .... done (Time = 0.00s, Memory = 0.0K)
    Checking Rule W486 (Rule 200 of total 360) .... done (Time = 0.00s, Memory = 0.0K)
    Checking Rule W499 (Rule 201 of total 360) .... done (Time = 0.00s, Memory = 0.0K)
    Checking Rule W502 (Rule 202 of total 360) .... done (Time = 0.00s, Memory = 0.0K)
    Checking Rule W575 (Rule 203 of total 360) .... done (Time = 0.00s, Memory = 0.0K)
    Checking Rule W576 (Rule 204 of total 360) .... done (Time = 0.00s, Memory = 0.0K)
    Checking Rule W116 (Rule 205 of total 360) .... done (Time = 0.00s, Memory = 0.0K)
    Checking Rule W122 (Rule 206 of total 360) .... done (Time = 0.00s, Memory = 0.0K)
    Checking Rule W123 (Rule 207 of total 360) .... done (Time = 0.00s, Memory = 0.0K)
    Checking Rule W156 (Rule 208 of total 360) .... done (Time = 0.00s, Memory = 0.0K)
    Checking Rule W71 (Rule 209 of total 360) .... done (Time = 0.01s, Memory = 0.0K)
    Checking Rule W164a (Rule 210 of total 360) .... done (Time = 0.00s, Memory = 8.0K)
    Checking Rule W164a (Rule 211 of total 360) .... done (Time = 0.00s, Memory = 0.0K)
    Checking Rule W164b (Rule 212 of total 360) .... done (Time = 0.00s, Memory = 0.0K)
    Checking Rule W164b (Rule 213 of total 360) .... done (Time = 0.00s, Memory = 0.0K)
    Checking Rule W210 (Rule 214 of total 360) .... done (Time = 0.00s, Memory = 8.0K)
    Checking Rule W210 (Rule 215 of total 360) .... done (Time = 0.00s, Memory = 0.0K)
    Checking Rule W240 (Rule 216 of total 360) .... done (Time = 0.00s, Memory = 0.0K)
    Checking Rule W240 (Rule 217 of total 360) .... done (Time = 0.00s, Memory = 0.0K)
    Checking Rule W241 (Rule 218 of total 360) .... done (Time = 0.00s, Memory = 0.0K)
    Checking Rule W241 (Rule 219 of total 360) .... done (Time = 0.00s, Memory = 0.0K)
    Checking Rule W287a (Rule 220 of total 360) .... done (Time = 0.00s, Memory = -2560.0K)
    Checking Rule W287c (Rule 221 of total 360) .... done (Time = 0.00s, Memory = 24.0K)
    Checking Rule W293 (Rule 222 of total 360) .... done (Time = 0.00s, Memory = 16.0K)
    Checking Rule W398 (Rule 223 of total 360) .... done (Time = 0.00s, Memory = 0.0K)
    Checking Rule W424 (Rule 224 of total 360) .... done (Time = 0.01s, Memory = 8.0K)
    Checking Rule W443 (Rule 225 of total 360) .... done (Time = 0.00s, Memory = 8.0K)
    Checking Rule W444 (Rule 226 of total 360) .... done (Time = 0.00s, Memory = 0.0K)
    Checking Rule W467 (Rule 227 of total 360) .... done (Time = 0.00s, Memory = 0.0K)
    Checking Rule W494 (Rule 228 of total 360) .... done (Time = 0.00s, Memory = 0.0K)
    Checking Rule W494 (Rule 229 of total 360) .... done (Time = 0.00s, Memory = 0.0K)
    Checking Rule W505 (Rule 230 of total 360) .... done (Time = 0.00s, Memory = 0.0K)
    Checking Rule W505 (Rule 231 of total 360) .... done (Time = 0.00s, Memory = 0.0K)
    Checking Rule Prereqs_Usage (Rule 232 of total 360) .... done (Time = 0.00s, Memory = -16.0K)
    Checking Rule Prereqs_ConstantInput-ML (Rule 233 of total 360) .... done (Time = 0.00s, Memory = 32.0K)
    Checking Rule ReportPortInfo-ML (Rule 234 of total 360) .... done (Time = 0.00s, Memory = 0.0K)
    Checking Rule Prereqs_ReportPortInfo-ML (Rule 235 of total 360) .... done (Time = 0.00s, Memory = 0.0K)
    Checking Rule Prereqs_ReportPortInfo-ML (Rule 236 of total 360) .... done (Time = 0.00s, Memory = 0.0K)
    Checking Rule DisallowCaseX-ML (Rule 237 of total 360) .... done (Time = 0.00s, Memory = 0.0K)
    Checking Rule NoAssignX-ML (Rule 238 of total 360) .... done (Time = 0.00s, Memory = 0.0K)
    Checking Rule InstPortConnType-ML (Rule 239 of total 360) .... done (Time = 0.00s, Memory = 0.0K)
    Checking Rule ParamWidthMismatch-ML (Rule 240 of total 360) .... done (Time = 0.00s, Memory = 0.0K)
    Checking Rule DuplicateCaseLabel-ML (Rule 241 of total 360) .... done (Time = 0.00s, Memory = 0.0K)
    Checking Rule AutomaticFuncTask-ML (Rule 242 of total 360) .... done (Time = 0.00s, Memory = 0.0K)
    Checking Rule SetBeforeRead-ML (Rule 243 of total 360) .... done (Time = 0.01s, Memory = 32.0K)
    Checking Rule SigAssignZ-ML (Rule 244 of total 360) .... done (Time = 0.00s, Memory = 0.0K)
    Checking Rule Postreqs_Usage_ML (Rule 245 of total 360) .... done (Time = 0.00s, Memory = 0.0K)
    Checking Rule ImproperRangeIndex-ML (Rule 246 of total 360) .... done (Time = 0.00s, Memory = 0.0K)
    Checking Rule NoXInCase-ML (Rule 247 of total 360) .... done (Time = 0.00s, Memory = 0.0K)
    Checking Rule SigAssignZ-ML (Rule 248 of total 360) .... done (Time = 0.00s, Memory = 0.0K)
Checking ELABDU Rules for designUnit conv
    Checking Rule Ac_classify_param01 (Rule 151 of total 360) .... done (Time = 0.00s, Memory = 0.0K)
    Checking Rule AcOvlRtl (Rule 152 of total 360) .... done (Time = 0.00s, Memory = 0.0K)
    Checking Rule AcOvlRtl (Rule 153 of total 360) .... done (Time = 0.00s, Memory = 32.0K)
    Checking Rule GenTopLevelBlocksForAutoSoc (Rule 154 of total 360) .... done (Time = 0.00s, Memory = 0.0K)
    Checking Rule Prereqs_InferLatch (Rule 155 of total 360) .... done (Time = 0.00s, Memory = 0.0K)
    Checking Rule STARC05-2.1.4.5 (Rule 156 of total 360) .... done (Time = 0.00s, Memory = 8.0K)
    Checking Rule STARC05-2.1.5.3 (Rule 157 of total 360) .... done (Time = 0.00s, Memory = 0.0K)
    Checking Rule STARC05-2.2.3.3 (Rule 158 of total 360) .... done (Time = 0.00s, Memory = 0.0K)
    Checking Rule STARC05-2.3.1.6 (Rule 159 of total 360) .... done (Time = 0.00s, Memory = 0.0K)
    Checking Rule STARC05-2.10.2.3 (Rule 160 of total 360) .... done (Time = 0.00s, Memory = 0.0K)
    Checking Rule STARC05-2.10.3.2a (Rule 161 of total 360) .... done (Time = 0.00s, Memory = 0.0K)
    Checking Rule STARC05-2.11.3.1 (Rule 162 of total 360) .... done (Time = 0.00s, Memory = 0.0K)
    Checking Rule STARC05-2.1.1.2 (Rule 163 of total 360) .... done (Time = 0.00s, Memory = 0.0K)
    Checking Rule STARC05-2.1.3.1 (Rule 164 of total 360) .... done (Time = 0.00s, Memory = 0.0K)
    Checking Rule STARC05-2.8.1.3 (Rule 165 of total 360) .... done (Time = 0.00s, Memory = 0.0K)
    Checking Rule STARC05-2.10.1.4a (Rule 166 of total 360) .... done (Time = 0.00s, Memory = 0.0K)
    Checking Rule STARC05-2.10.1.4b (Rule 167 of total 360) .... done (Time = 0.00s, Memory = 0.0K)
    Checking Rule STARC05-2.8.1.3 (Rule 168 of total 360) .... done (Time = 0.00s, Memory = 0.0K)
    Checking Rule sim_race02 (Rule 169 of total 360) .... done (Time = 0.00s, Memory = 0.0K)
    Checking Rule W239 (Rule 170 of total 360) .... done (Time = 0.00s, Memory = 0.0K)
    Checking Rule W110 (Rule 171 of total 360) .... done (Time = 0.00s, Memory = 0.0K)
    Checking Rule W122 (Rule 172 of total 360) .... done (Time = 0.00s, Memory = 0.0K)
    Checking Rule W163 (Rule 173 of total 360) .... done (Time = 0.00s, Memory = 0.0K)
    Checking Rule W552 (Rule 174 of total 360) .... done (Time = 0.00s, Memory = 0.0K)
    Checking Rule W553 (Rule 175 of total 360) .... done (Time = 0.00s, Memory = 0.0K)
    Checking Rule W496a (Rule 176 of total 360) .... done (Time = 0.00s, Memory = 0.0K)
    Checking Rule W496b (Rule 177 of total 360) .... done (Time = 0.00s, Memory = 0.0K)
    Checking Rule W19 (Rule 178 of total 360) .... done (Time = 0.00s, Memory = 8.0K)
    Checking Rule W66 (Rule 179 of total 360) .... done (Time = 0.00s, Memory = 0.0K)
    Checking Rule W116 (Rule 180 of total 360) .... done (Time = 0.00s, Memory = 0.0K)
    Checking Rule W123 (Rule 181 of total 360) .... done (Time = 0.00s, Memory = 16.0K)
    Checking Rule W156 (Rule 182 of total 360) .... done (Time = 0.00s, Memory = 0.0K)
    Checking Rule W188 (Rule 183 of total 360) .... done (Time = 0.00s, Memory = 0.0K)
    Checking Rule W215 (Rule 184 of total 360) .... done (Time = 0.00s, Memory = 0.0K)
    Checking Rule W216 (Rule 185 of total 360) .... done (Time = 0.00s, Memory = 0.0K)
    Checking Rule W218 (Rule 186 of total 360) .... done (Time = 0.00s, Memory = 0.0K)
    Checking Rule W238 (Rule 187 of total 360) .... done (Time = 0.00s, Memory = 0.0K)
    Checking Rule W245 (Rule 188 of total 360) .... done (Time = 0.00s, Memory = 0.0K)
    Checking Rule W263 (Rule 189 of total 360) .... done (Time = 0.00s, Memory = 0.0K)
    Checking Rule W289 (Rule 190 of total 360) .... done (Time = 0.00s, Memory = 0.0K)
    Checking Rule W314 (Rule 191 of total 360) .... done (Time = 0.00s, Memory = 0.0K)
    Checking Rule W316 (Rule 192 of total 360) .... done (Time = 0.00s, Memory = 0.0K)
    Checking Rule W337 (Rule 193 of total 360) .... done (Time = 0.00s, Memory = 0.0K)
    Checking Rule W342 (Rule 194 of total 360) .... done (Time = 0.00s, Memory = 0.0K)
    Checking Rule W343 (Rule 195 of total 360) .... done (Time = 0.00s, Memory = 0.0K)
    Checking Rule W416 (Rule 196 of total 360) .... done (Time = 0.00s, Memory = 0.0K)
    Checking Rule W352 (Rule 197 of total 360) .... done (Time = 0.00s, Memory = 0.0K)
    Checking Rule W362 (Rule 198 of total 360) .... done (Time = 0.01s, Memory = -2544.0K)
    Checking Rule W423 (Rule 199 of total 360) .... done (Time = 0.00s, Memory = 16.0K)
    Checking Rule W486 (Rule 200 of total 360) .... done (Time = 0.00s, Memory = 0.0K)
    Checking Rule W499 (Rule 201 of total 360) .... done (Time = 0.00s, Memory = 8.0K)
    Checking Rule W502 (Rule 202 of total 360) .... done (Time = 0.00s, Memory = 0.0K)
    Checking Rule W575 (Rule 203 of total 360) .... done (Time = 0.00s, Memory = 8.0K)
    Checking Rule W576 (Rule 204 of total 360) .... done (Time = 0.00s, Memory = 0.0K)
    Checking Rule W116 (Rule 205 of total 360) .... done (Time = 0.00s, Memory = 0.0K)
    Checking Rule W122 (Rule 206 of total 360) .... done (Time = 0.00s, Memory = 0.0K)
    Checking Rule W123 (Rule 207 of total 360) .... done (Time = 0.00s, Memory = 0.0K)
    Checking Rule W156 (Rule 208 of total 360) .... done (Time = 0.00s, Memory = 0.0K)
    Checking Rule W71 (Rule 209 of total 360) .... done (Time = 0.01s, Memory = 40.0K)
    Checking Rule W164a (Rule 210 of total 360) .... done (Time = 0.00s, Memory = -32.0K)
    Checking Rule W164a (Rule 211 of total 360) .... done (Time = 0.00s, Memory = 0.0K)
    Checking Rule W164b (Rule 212 of total 360) .... done (Time = 0.00s, Memory = 0.0K)
    Checking Rule W164b (Rule 213 of total 360) .... done (Time = 0.00s, Memory = 0.0K)
    Checking Rule W210 (Rule 214 of total 360) .... done (Time = 0.00s, Memory = 0.0K)
    Checking Rule W210 (Rule 215 of total 360) .... done (Time = 0.00s, Memory = 0.0K)
    Checking Rule W240 (Rule 216 of total 360) .... done (Time = 0.00s, Memory = 0.0K)
    Checking Rule W240 (Rule 217 of total 360) .... done (Time = 0.00s, Memory = 0.0K)
    Checking Rule W241 (Rule 218 of total 360) .... done (Time = 0.00s, Memory = 0.0K)
    Checking Rule W241 (Rule 219 of total 360) .... done (Time = 0.00s, Memory = 0.0K)
    Checking Rule W287a (Rule 220 of total 360) .... done (Time = 0.00s, Memory = 0.0K)
    Checking Rule W287c (Rule 221 of total 360) .... done (Time = 0.00s, Memory = 0.0K)
    Checking Rule W293 (Rule 222 of total 360) .... done (Time = 0.00s, Memory = 0.0K)
    Checking Rule W398 (Rule 223 of total 360) .... done (Time = 0.00s, Memory = 0.0K)
    Checking Rule W424 (Rule 224 of total 360) .... done (Time = 0.00s, Memory = 0.0K)
    Checking Rule W443 (Rule 225 of total 360) .... done (Time = 0.00s, Memory = 0.0K)
    Checking Rule W444 (Rule 226 of total 360) .... done (Time = 0.00s, Memory = 0.0K)
    Checking Rule W467 (Rule 227 of total 360) .... done (Time = 0.00s, Memory = 0.0K)
    Checking Rule W494 (Rule 228 of total 360) .... done (Time = 0.00s, Memory = 0.0K)
    Checking Rule W494 (Rule 229 of total 360) .... done (Time = 0.00s, Memory = 0.0K)
    Checking Rule W505 (Rule 230 of total 360) .... done (Time = 0.00s, Memory = 0.0K)
    Checking Rule W505 (Rule 231 of total 360) .... done (Time = 0.00s, Memory = 0.0K)
    Checking Rule Prereqs_Usage (Rule 232 of total 360) .... done (Time = 0.00s, Memory = -16.0K)
    Checking Rule Prereqs_ConstantInput-ML (Rule 233 of total 360) .... done (Time = 0.00s, Memory = 32.0K)
    Checking Rule ReportPortInfo-ML (Rule 234 of total 360) .... done (Time = 0.00s, Memory = -32.0K)
    Checking Rule Prereqs_ReportPortInfo-ML (Rule 235 of total 360) .... done (Time = 0.00s, Memory = 0.0K)
    Checking Rule Prereqs_ReportPortInfo-ML (Rule 236 of total 360) .... done (Time = 0.00s, Memory = 0.0K)
    Checking Rule DisallowCaseX-ML (Rule 237 of total 360) .... done (Time = 0.00s, Memory = 0.0K)
    Checking Rule NoAssignX-ML (Rule 238 of total 360) .... done (Time = 0.00s, Memory = 0.0K)
    Checking Rule InstPortConnType-ML (Rule 239 of total 360) .... done (Time = 0.00s, Memory = 0.0K)
    Checking Rule ParamWidthMismatch-ML (Rule 240 of total 360) .... done (Time = 0.00s, Memory = 0.0K)
    Checking Rule DuplicateCaseLabel-ML (Rule 241 of total 360) .... done (Time = 0.00s, Memory = 0.0K)
    Checking Rule AutomaticFuncTask-ML (Rule 242 of total 360) .... done (Time = 0.00s, Memory = 0.0K)
    Checking Rule SetBeforeRead-ML (Rule 243 of total 360) .... done (Time = 0.00s, Memory = 0.0K)
    Checking Rule SigAssignZ-ML (Rule 244 of total 360) .... done (Time = 0.00s, Memory = 0.0K)
    Checking Rule Postreqs_Usage_ML (Rule 245 of total 360) .... done (Time = 0.00s, Memory = 0.0K)
    Checking Rule ImproperRangeIndex-ML (Rule 246 of total 360) .... done (Time = 0.00s, Memory = 0.0K)
    Checking Rule NoXInCase-ML (Rule 247 of total 360) .... done (Time = 0.00s, Memory = 0.0K)
    Checking Rule SigAssignZ-ML (Rule 248 of total 360) .... done (Time = 0.00s, Memory = 0.0K)
Checking ELABDU Rules for designUnit median
    Checking Rule Ac_classify_param01 (Rule 151 of total 360) .... done (Time = 0.00s, Memory = 0.0K)
    Checking Rule AcOvlRtl (Rule 152 of total 360) .... done (Time = 0.00s, Memory = 8.0K)
    Checking Rule AcOvlRtl (Rule 153 of total 360) .... done (Time = 0.00s, Memory = 32.0K)
    Checking Rule GenTopLevelBlocksForAutoSoc (Rule 154 of total 360) .... done (Time = 0.00s, Memory = -8.0K)
    Checking Rule Prereqs_InferLatch (Rule 155 of total 360) .... done (Time = 0.00s, Memory = 2536.0K)
    Checking Rule STARC05-2.1.4.5 (Rule 156 of total 360) .... done (Time = 0.00s, Memory = 0.0K)
    Checking Rule STARC05-2.1.5.3 (Rule 157 of total 360) .... done (Time = 0.00s, Memory = 0.0K)
    Checking Rule STARC05-2.2.3.3 (Rule 158 of total 360) .... done (Time = 0.00s, Memory = 0.0K)
    Checking Rule STARC05-2.3.1.6 (Rule 159 of total 360) .... done (Time = 0.00s, Memory = 0.0K)
    Checking Rule STARC05-2.10.2.3 (Rule 160 of total 360) .... done (Time = 0.00s, Memory = 0.0K)
    Checking Rule STARC05-2.10.3.2a (Rule 161 of total 360) .... done (Time = 0.00s, Memory = 0.0K)
    Checking Rule STARC05-2.11.3.1 (Rule 162 of total 360) .... done (Time = 0.00s, Memory = 0.0K)
    Checking Rule STARC05-2.1.1.2 (Rule 163 of total 360) .... done (Time = 0.00s, Memory = 0.0K)
    Checking Rule STARC05-2.1.3.1 (Rule 164 of total 360) .... done (Time = 0.00s, Memory = 0.0K)
    Checking Rule STARC05-2.8.1.3 (Rule 165 of total 360) .... done (Time = 0.00s, Memory = 0.0K)
    Checking Rule STARC05-2.10.1.4a (Rule 166 of total 360) .... done (Time = 0.00s, Memory = 0.0K)
    Checking Rule STARC05-2.10.1.4b (Rule 167 of total 360) .... done (Time = 0.01s, Memory = 0.0K)
    Checking Rule STARC05-2.8.1.3 (Rule 168 of total 360) .... done (Time = 0.00s, Memory = 0.0K)
    Checking Rule sim_race02 (Rule 169 of total 360) .... done (Time = 0.00s, Memory = 0.0K)
    Checking Rule W239 (Rule 170 of total 360) .... done (Time = 0.00s, Memory = 0.0K)
    Checking Rule W110 (Rule 171 of total 360) .... done (Time = 0.00s, Memory = 0.0K)
    Checking Rule W122 (Rule 172 of total 360) .... done (Time = 0.00s, Memory = 0.0K)
    Checking Rule W163 (Rule 173 of total 360) .... done (Time = 0.00s, Memory = 0.0K)
    Checking Rule W552 (Rule 174 of total 360) .... done (Time = 0.00s, Memory = 0.0K)
    Checking Rule W553 (Rule 175 of total 360) .... done (Time = 0.00s, Memory = 0.0K)
    Checking Rule W496a (Rule 176 of total 360) .... done (Time = 0.00s, Memory = 0.0K)
    Checking Rule W496b (Rule 177 of total 360) .... done (Time = 0.00s, Memory = 0.0K)
    Checking Rule W19 (Rule 178 of total 360) .... done (Time = 0.00s, Memory = 0.0K)
    Checking Rule W66 (Rule 179 of total 360) .... done (Time = 0.00s, Memory = 0.0K)
    Checking Rule W116 (Rule 180 of total 360) .... done (Time = 0.00s, Memory = 0.0K)
    Checking Rule W123 (Rule 181 of total 360) .... done (Time = 0.00s, Memory = 16.0K)
    Checking Rule W156 (Rule 182 of total 360) .... done (Time = 0.00s, Memory = 0.0K)
    Checking Rule W188 (Rule 183 of total 360) .... done (Time = 0.01s, Memory = 0.0K)
    Checking Rule W215 (Rule 184 of total 360) .... done (Time = 0.00s, Memory = 0.0K)
    Checking Rule W216 (Rule 185 of total 360) .... done (Time = 0.00s, Memory = 0.0K)
    Checking Rule W218 (Rule 186 of total 360) .... done (Time = 0.00s, Memory = 8.0K)
    Checking Rule W238 (Rule 187 of total 360) .... done (Time = 0.00s, Memory = 0.0K)
    Checking Rule W245 (Rule 188 of total 360) .... done (Time = 0.00s, Memory = 0.0K)
    Checking Rule W263 (Rule 189 of total 360) .... done (Time = 0.00s, Memory = 0.0K)
    Checking Rule W289 (Rule 190 of total 360) .... done (Time = 0.00s, Memory = 0.0K)
    Checking Rule W314 (Rule 191 of total 360) .... done (Time = 0.00s, Memory = 16.0K)
    Checking Rule W316 (Rule 192 of total 360) .... done (Time = 0.00s, Memory = 16.0K)
    Checking Rule W337 (Rule 193 of total 360) .... done (Time = 0.00s, Memory = 0.0K)
    Checking Rule W342 (Rule 194 of total 360) .... done (Time = 0.00s, Memory = -32.0K)
    Checking Rule W343 (Rule 195 of total 360) .... done (Time = 0.00s, Memory = 0.0K)
    Checking Rule W416 (Rule 196 of total 360) .... done (Time = 0.00s, Memory = 0.0K)
    Checking Rule W352 (Rule 197 of total 360) .... done (Time = 0.00s, Memory = 0.0K)
    Checking Rule W362 (Rule 198 of total 360) .... done (Time = 0.00s, Memory = 8.0K)
    Checking Rule W423 (Rule 199 of total 360) .... done (Time = 0.01s, Memory = 0.0K)
    Checking Rule W486 (Rule 200 of total 360) .... done (Time = 0.00s, Memory = 0.0K)
    Checking Rule W499 (Rule 201 of total 360) .... done (Time = 0.00s, Memory = 0.0K)
    Checking Rule W502 (Rule 202 of total 360) .... done (Time = 0.00s, Memory = 0.0K)
    Checking Rule W575 (Rule 203 of total 360) .... done (Time = 0.00s, Memory = 0.0K)
    Checking Rule W576 (Rule 204 of total 360) .... done (Time = 0.00s, Memory = 0.0K)
    Checking Rule W116 (Rule 205 of total 360) .... done (Time = 0.00s, Memory = 0.0K)
    Checking Rule W122 (Rule 206 of total 360) .... done (Time = 0.00s, Memory = 0.0K)
    Checking Rule W123 (Rule 207 of total 360) .... done (Time = 0.00s, Memory = 0.0K)
    Checking Rule W156 (Rule 208 of total 360) .... done (Time = 0.00s, Memory = 0.0K)
    Checking Rule W71 (Rule 209 of total 360) .... done (Time = 0.00s, Memory = 0.0K)
    Checking Rule W164a (Rule 210 of total 360) .... done (Time = 0.00s, Memory = 0.0K)
    Checking Rule W164a (Rule 211 of total 360) .... done (Time = 0.00s, Memory = 0.0K)
    Checking Rule W164b (Rule 212 of total 360) .... done (Time = 0.01s, Memory = 0.0K)
    Checking Rule W164b (Rule 213 of total 360) .... done (Time = 0.00s, Memory = 0.0K)
    Checking Rule W210 (Rule 214 of total 360) .... done (Time = 0.00s, Memory = 0.0K)
    Checking Rule W210 (Rule 215 of total 360) .... done (Time = 0.00s, Memory = 0.0K)
    Checking Rule W240 (Rule 216 of total 360) .... done (Time = 0.00s, Memory = 0.0K)
    Checking Rule W240 (Rule 217 of total 360) .... done (Time = 0.00s, Memory = 0.0K)
    Checking Rule W241 (Rule 218 of total 360) .... done (Time = 0.00s, Memory = 0.0K)
    Checking Rule W241 (Rule 219 of total 360) .... done (Time = 0.00s, Memory = 0.0K)
    Checking Rule W287a (Rule 220 of total 360) .... done (Time = 0.00s, Memory = 24.0K)
    Checking Rule W287c (Rule 221 of total 360) .... done (Time = 0.01s, Memory = 2544.0K)
    Checking Rule W293 (Rule 222 of total 360) .... done (Time = 0.00s, Memory = 0.0K)
    Checking Rule W398 (Rule 223 of total 360) .... done (Time = 0.00s, Memory = 0.0K)
    Checking Rule W424 (Rule 224 of total 360) .... done (Time = 0.00s, Memory = 0.0K)
    Checking Rule W443 (Rule 225 of total 360) .... done (Time = 0.00s, Memory = 0.0K)
    Checking Rule W444 (Rule 226 of total 360) .... done (Time = 0.00s, Memory = 0.0K)
    Checking Rule W467 (Rule 227 of total 360) .... done (Time = 0.00s, Memory = 0.0K)
    Checking Rule W494 (Rule 228 of total 360) .... done (Time = 0.00s, Memory = 0.0K)
    Checking Rule W494 (Rule 229 of total 360) .... done (Time = 0.00s, Memory = 0.0K)
    Checking Rule W505 (Rule 230 of total 360) .... done (Time = 0.00s, Memory = 0.0K)
    Checking Rule W505 (Rule 231 of total 360) .... done (Time = 0.00s, Memory = 0.0K)
    Checking Rule Prereqs_Usage (Rule 232 of total 360) .... done (Time = 0.00s, Memory = -16.0K)
    Checking Rule Prereqs_ConstantInput-ML (Rule 233 of total 360) .... done (Time = 0.00s, Memory = 32.0K)
    Checking Rule ReportPortInfo-ML (Rule 234 of total 360) .... done (Time = 0.00s, Memory = 0.0K)
    Checking Rule Prereqs_ReportPortInfo-ML (Rule 235 of total 360) .... done (Time = 0.00s, Memory = 0.0K)
    Checking Rule Prereqs_ReportPortInfo-ML (Rule 236 of total 360) .... done (Time = 0.00s, Memory = 0.0K)
    Checking Rule DisallowCaseX-ML (Rule 237 of total 360) .... done (Time = 0.00s, Memory = 0.0K)
    Checking Rule NoAssignX-ML (Rule 238 of total 360) .... done (Time = 0.00s, Memory = 0.0K)
    Checking Rule InstPortConnType-ML (Rule 239 of total 360) .... done (Time = 0.00s, Memory = 0.0K)
    Checking Rule ParamWidthMismatch-ML (Rule 240 of total 360) .... done (Time = 0.00s, Memory = 0.0K)
    Checking Rule DuplicateCaseLabel-ML (Rule 241 of total 360) .... done (Time = 0.00s, Memory = 0.0K)
    Checking Rule AutomaticFuncTask-ML (Rule 242 of total 360) .... done (Time = 0.00s, Memory = 0.0K)
    Checking Rule SetBeforeRead-ML (Rule 243 of total 360) .... done (Time = 0.00s, Memory = 8.0K)
    Checking Rule SigAssignZ-ML (Rule 244 of total 360) .... done (Time = 0.00s, Memory = 0.0K)
    Checking Rule Postreqs_Usage_ML (Rule 245 of total 360) .... done (Time = 0.00s, Memory = 0.0K)
    Checking Rule ImproperRangeIndex-ML (Rule 246 of total 360) .... done (Time = 0.00s, Memory = 0.0K)
    Checking Rule NoXInCase-ML (Rule 247 of total 360) .... done (Time = 0.00s, Memory = 0.0K)
    Checking Rule SigAssignZ-ML (Rule 248 of total 360) .... done (Time = 0.00s, Memory = 0.0K)
Checking ELABDU Rules for designUnit median_filter_submodule
    Checking Rule Ac_classify_param01 (Rule 151 of total 360) .... done (Time = 0.00s, Memory = 0.0K)
    Checking Rule AcOvlRtl (Rule 152 of total 360) .... done (Time = 0.00s, Memory = 0.0K)
    Checking Rule AcOvlRtl (Rule 153 of total 360) .... done (Time = 0.00s, Memory = 32.0K)
    Checking Rule GenTopLevelBlocksForAutoSoc (Rule 154 of total 360) .... done (Time = 0.00s, Memory = 8.0K)
    Checking Rule Prereqs_InferLatch (Rule 155 of total 360) .... done (Time = 0.00s, Memory = 0.0K)
    Checking Rule STARC05-2.1.4.5 (Rule 156 of total 360) .... done (Time = 0.00s, Memory = 0.0K)
    Checking Rule STARC05-2.1.5.3 (Rule 157 of total 360) .... done (Time = 0.00s, Memory = 0.0K)
    Checking Rule STARC05-2.2.3.3 (Rule 158 of total 360) .... done (Time = 0.00s, Memory = 0.0K)
    Checking Rule STARC05-2.3.1.6 (Rule 159 of total 360) .... done (Time = 0.00s, Memory = 0.0K)
    Checking Rule STARC05-2.10.2.3 (Rule 160 of total 360) .... done (Time = 0.00s, Memory = 0.0K)
    Checking Rule STARC05-2.10.3.2a (Rule 161 of total 360) .... done (Time = 0.00s, Memory = 0.0K)
    Checking Rule STARC05-2.11.3.1 (Rule 162 of total 360) .... done (Time = 0.00s, Memory = 0.0K)
    Checking Rule STARC05-2.1.1.2 (Rule 163 of total 360) .... done (Time = 0.00s, Memory = 0.0K)
    Checking Rule STARC05-2.1.3.1 (Rule 164 of total 360) .... done (Time = 0.00s, Memory = 0.0K)
    Checking Rule STARC05-2.8.1.3 (Rule 165 of total 360) .... done (Time = 0.00s, Memory = 0.0K)
    Checking Rule STARC05-2.10.1.4a (Rule 166 of total 360) .... done (Time = 0.00s, Memory = 0.0K)
    Checking Rule STARC05-2.10.1.4b (Rule 167 of total 360) .... done (Time = 0.00s, Memory = 0.0K)
    Checking Rule STARC05-2.8.1.3 (Rule 168 of total 360) .... done (Time = 0.00s, Memory = 0.0K)
    Checking Rule sim_race02 (Rule 169 of total 360) .... done (Time = 0.00s, Memory = 0.0K)
    Checking Rule W239 (Rule 170 of total 360) .... done (Time = 0.00s, Memory = 0.0K)
    Checking Rule W110 (Rule 171 of total 360) .... done (Time = 0.00s, Memory = 0.0K)
    Checking Rule W122 (Rule 172 of total 360) .... done (Time = 0.00s, Memory = 0.0K)
    Checking Rule W163 (Rule 173 of total 360) .... done (Time = 0.00s, Memory = 0.0K)
    Checking Rule W552 (Rule 174 of total 360) .... done (Time = 0.00s, Memory = 8.0K)
    Checking Rule W553 (Rule 175 of total 360) .... done (Time = 0.00s, Memory = 0.0K)
    Checking Rule W496a (Rule 176 of total 360) .... done (Time = 0.00s, Memory = 0.0K)
    Checking Rule W496b (Rule 177 of total 360) .... done (Time = 0.00s, Memory = 0.0K)
    Checking Rule W19 (Rule 178 of total 360) .... done (Time = 0.00s, Memory = 0.0K)
    Checking Rule W66 (Rule 179 of total 360) .... done (Time = 0.00s, Memory = 0.0K)
    Checking Rule W116 (Rule 180 of total 360) .... done (Time = 0.00s, Memory = 0.0K)
    Checking Rule W123 (Rule 181 of total 360) .... done (Time = 0.00s, Memory = 24.0K)
    Checking Rule W156 (Rule 182 of total 360) .... done (Time = 0.00s, Memory = 0.0K)
    Checking Rule W188 (Rule 183 of total 360) .... done (Time = 0.00s, Memory = 0.0K)
    Checking Rule W215 (Rule 184 of total 360) .... done (Time = 0.00s, Memory = 0.0K)
    Checking Rule W216 (Rule 185 of total 360) .... done (Time = 0.00s, Memory = 0.0K)
    Checking Rule W218 (Rule 186 of total 360) .... done (Time = 0.00s, Memory = 0.0K)
    Checking Rule W238 (Rule 187 of total 360) .... done (Time = 0.01s, Memory = 8.0K)
    Checking Rule W245 (Rule 188 of total 360) .... done (Time = 0.00s, Memory = 16.0K)
    Checking Rule W263 (Rule 189 of total 360) .... done (Time = 0.00s, Memory = -8.0K)
    Checking Rule W289 (Rule 190 of total 360) .... done (Time = 0.00s, Memory = 0.0K)
    Checking Rule W314 (Rule 191 of total 360) .... done (Time = 0.00s, Memory = -32.0K)
    Checking Rule W316 (Rule 192 of total 360) .... done (Time = 0.00s, Memory = 0.0K)
    Checking Rule W337 (Rule 193 of total 360) .... done (Time = 0.00s, Memory = 0.0K)
    Checking Rule W342 (Rule 194 of total 360) .... done (Time = 0.00s, Memory = 16.0K)
    Checking Rule W343 (Rule 195 of total 360) .... done (Time = 0.00s, Memory = 0.0K)
    Checking Rule W416 (Rule 196 of total 360) .... done (Time = 0.00s, Memory = 0.0K)
    Checking Rule W352 (Rule 197 of total 360) .... done (Time = 0.00s, Memory = 32.0K)
    Checking Rule W362 (Rule 198 of total 360) .... done (Time = 0.00s, Memory = 0.0K)
    Checking Rule W423 (Rule 199 of total 360) .... done (Time = 0.00s, Memory = 0.0K)
    Checking Rule W486 (Rule 200 of total 360) .... done (Time = 0.00s, Memory = 0.0K)
    Checking Rule W499 (Rule 201 of total 360) .... done (Time = 0.00s, Memory = 0.0K)
    Checking Rule W502 (Rule 202 of total 360) .... done (Time = 0.00s, Memory = 0.0K)
    Checking Rule W575 (Rule 203 of total 360) .... done (Time = 0.00s, Memory = 0.0K)
    Checking Rule W576 (Rule 204 of total 360) .... done (Time = 0.00s, Memory = 0.0K)
    Checking Rule W116 (Rule 205 of total 360) .... done (Time = 0.00s, Memory = 0.0K)
    Checking Rule W122 (Rule 206 of total 360) .... done (Time = 0.00s, Memory = 0.0K)
    Checking Rule W123 (Rule 207 of total 360) .... done (Time = 0.00s, Memory = 0.0K)
    Checking Rule W156 (Rule 208 of total 360) .... done (Time = 0.00s, Memory = 0.0K)
    Checking Rule W71 (Rule 209 of total 360) .... done (Time = 0.00s, Memory = 0.0K)
    Checking Rule W164a (Rule 210 of total 360) .... done (Time = 0.00s, Memory = 0.0K)
    Checking Rule W164a (Rule 211 of total 360) .... done (Time = 0.00s, Memory = 0.0K)
    Checking Rule W164b (Rule 212 of total 360) .... done (Time = 0.00s, Memory = 0.0K)
    Checking Rule W164b (Rule 213 of total 360) .... done (Time = 0.00s, Memory = 0.0K)
    Checking Rule W210 (Rule 214 of total 360) .... done (Time = 0.00s, Memory = 0.0K)
    Checking Rule W210 (Rule 215 of total 360) .... done (Time = 0.00s, Memory = 0.0K)
    Checking Rule W240 (Rule 216 of total 360) .... done (Time = 0.00s, Memory = 0.0K)
    Checking Rule W240 (Rule 217 of total 360) .... done (Time = 0.00s, Memory = 0.0K)
    Checking Rule W241 (Rule 218 of total 360) .... done (Time = 0.00s, Memory = 0.0K)
    Checking Rule W241 (Rule 219 of total 360) .... done (Time = 0.00s, Memory = 0.0K)
    Checking Rule W287a (Rule 220 of total 360) .... done (Time = 0.00s, Memory = 0.0K)
    Checking Rule W287c (Rule 221 of total 360) .... done (Time = 0.00s, Memory = 0.0K)
    Checking Rule W293 (Rule 222 of total 360) .... done (Time = 0.00s, Memory = 0.0K)
    Checking Rule W398 (Rule 223 of total 360) .... done (Time = 0.00s, Memory = 0.0K)
    Checking Rule W424 (Rule 224 of total 360) .... done (Time = 0.00s, Memory = 0.0K)
    Checking Rule W443 (Rule 225 of total 360) .... done (Time = 0.00s, Memory = 0.0K)
    Checking Rule W444 (Rule 226 of total 360) .... done (Time = 0.00s, Memory = 0.0K)
    Checking Rule W467 (Rule 227 of total 360) .... done (Time = 0.00s, Memory = 0.0K)
    Checking Rule W494 (Rule 228 of total 360) .... done (Time = 0.00s, Memory = 0.0K)
    Checking Rule W494 (Rule 229 of total 360) .... done (Time = 0.00s, Memory = 0.0K)
    Checking Rule W505 (Rule 230 of total 360) .... done (Time = 0.00s, Memory = 0.0K)
    Checking Rule W505 (Rule 231 of total 360) .... done (Time = 0.00s, Memory = 0.0K)
    Checking Rule Prereqs_Usage (Rule 232 of total 360) .... done (Time = 0.00s, Memory = -16.0K)
    Checking Rule Prereqs_ConstantInput-ML (Rule 233 of total 360) .... done (Time = 0.00s, Memory = 32.0K)
    Checking Rule ReportPortInfo-ML (Rule 234 of total 360) .... done (Time = 0.00s, Memory = 0.0K)
    Checking Rule Prereqs_ReportPortInfo-ML (Rule 235 of total 360) .... done (Time = 0.00s, Memory = 0.0K)
    Checking Rule Prereqs_ReportPortInfo-ML (Rule 236 of total 360) .... done (Time = 0.00s, Memory = 0.0K)
    Checking Rule DisallowCaseX-ML (Rule 237 of total 360) .... done (Time = 0.00s, Memory = 0.0K)
    Checking Rule NoAssignX-ML (Rule 238 of total 360) .... done (Time = 0.00s, Memory = 0.0K)
    Checking Rule InstPortConnType-ML (Rule 239 of total 360) .... done (Time = 0.00s, Memory = 0.0K)
    Checking Rule ParamWidthMismatch-ML (Rule 240 of total 360) .... done (Time = 0.00s, Memory = 0.0K)
    Checking Rule DuplicateCaseLabel-ML (Rule 241 of total 360) .... done (Time = 0.00s, Memory = 8.0K)
    Checking Rule AutomaticFuncTask-ML (Rule 242 of total 360) .... done (Time = 0.00s, Memory = 0.0K)
    Checking Rule SetBeforeRead-ML (Rule 243 of total 360) .... done (Time = 0.01s, Memory = 0.0K)
    Checking Rule SigAssignZ-ML (Rule 244 of total 360) .... done (Time = 0.00s, Memory = 0.0K)
    Checking Rule Postreqs_Usage_ML (Rule 245 of total 360) .... done (Time = 0.00s, Memory = 0.0K)
    Checking Rule ImproperRangeIndex-ML (Rule 246 of total 360) .... done (Time = 0.00s, Memory = 0.0K)
    Checking Rule NoXInCase-ML (Rule 247 of total 360) .... done (Time = 0.00s, Memory = 0.0K)
    Checking Rule SigAssignZ-ML (Rule 248 of total 360) .... done (Time = 0.00s, Memory = 0.0K)
Checking ELABDU Rules for designUnit sobel_gradient
    Checking Rule Ac_classify_param01 (Rule 151 of total 360) .... done (Time = 0.00s, Memory = 0.0K)
    Checking Rule AcOvlRtl (Rule 152 of total 360) .... done (Time = 0.00s, Memory = 0.0K)
    Checking Rule AcOvlRtl (Rule 153 of total 360) .... done (Time = 0.00s, Memory = 32.0K)
    Checking Rule GenTopLevelBlocksForAutoSoc (Rule 154 of total 360) .... done (Time = 0.00s, Memory = 0.0K)
    Checking Rule Prereqs_InferLatch (Rule 155 of total 360) .... done (Time = 0.00s, Memory = 8.0K)
    Checking Rule STARC05-2.1.4.5 (Rule 156 of total 360) .... done (Time = 0.00s, Memory = 0.0K)
    Checking Rule STARC05-2.1.5.3 (Rule 157 of total 360) .... done (Time = 0.00s, Memory = 0.0K)
    Checking Rule STARC05-2.2.3.3 (Rule 158 of total 360) .... done (Time = 0.00s, Memory = 0.0K)
    Checking Rule STARC05-2.3.1.6 (Rule 159 of total 360) .... done (Time = 0.00s, Memory = 0.0K)
    Checking Rule STARC05-2.10.2.3 (Rule 160 of total 360) .... done (Time = 0.00s, Memory = 0.0K)
    Checking Rule STARC05-2.10.3.2a (Rule 161 of total 360) .... done (Time = 0.00s, Memory = 0.0K)
    Checking Rule STARC05-2.11.3.1 (Rule 162 of total 360) .... done (Time = 0.00s, Memory = 0.0K)
    Checking Rule STARC05-2.1.1.2 (Rule 163 of total 360) .... done (Time = 0.00s, Memory = 0.0K)
    Checking Rule STARC05-2.1.3.1 (Rule 164 of total 360) .... done (Time = 0.00s, Memory = 0.0K)
    Checking Rule STARC05-2.8.1.3 (Rule 165 of total 360) .... done (Time = 0.00s, Memory = 0.0K)
    Checking Rule STARC05-2.10.1.4a (Rule 166 of total 360) .... done (Time = 0.00s, Memory = 0.0K)
    Checking Rule STARC05-2.10.1.4b (Rule 167 of total 360) .... done (Time = 0.00s, Memory = 0.0K)
    Checking Rule STARC05-2.8.1.3 (Rule 168 of total 360) .... done (Time = 0.00s, Memory = 0.0K)
    Checking Rule sim_race02 (Rule 169 of total 360) .... done (Time = 0.00s, Memory = 0.0K)
    Checking Rule W239 (Rule 170 of total 360) .... done (Time = 0.00s, Memory = 0.0K)
    Checking Rule W110 (Rule 171 of total 360) .... done (Time = 0.00s, Memory = 0.0K)
    Checking Rule W122 (Rule 172 of total 360) .... done (Time = 0.00s, Memory = 0.0K)
    Checking Rule W163 (Rule 173 of total 360) .... done (Time = 0.00s, Memory = 0.0K)
    Checking Rule W552 (Rule 174 of total 360) .... done (Time = 0.00s, Memory = 0.0K)
    Checking Rule W553 (Rule 175 of total 360) .... done (Time = 0.00s, Memory = 0.0K)
    Checking Rule W496a (Rule 176 of total 360) .... done (Time = 0.00s, Memory = 0.0K)
    Checking Rule W496b (Rule 177 of total 360) .... done (Time = 0.00s, Memory = 0.0K)
    Checking Rule W19 (Rule 178 of total 360) .... done (Time = 0.00s, Memory = 0.0K)
    Checking Rule W66 (Rule 179 of total 360) .... done (Time = 0.00s, Memory = 0.0K)
    Checking Rule W116 (Rule 180 of total 360) .... done (Time = 0.00s, Memory = 0.0K)
    Checking Rule W123 (Rule 181 of total 360) .... done (Time = 0.00s, Memory = 16.0K)
    Checking Rule W156 (Rule 182 of total 360) .... done (Time = 0.00s, Memory = 0.0K)
    Checking Rule W188 (Rule 183 of total 360) .... done (Time = 0.00s, Memory = 0.0K)
    Checking Rule W215 (Rule 184 of total 360) .... done (Time = 0.00s, Memory = 0.0K)
    Checking Rule W216 (Rule 185 of total 360) .... done (Time = 0.00s, Memory = 0.0K)
    Checking Rule W218 (Rule 186 of total 360) .... done (Time = 0.00s, Memory = 0.0K)
    Checking Rule W238 (Rule 187 of total 360) .... done (Time = 0.00s, Memory = 0.0K)
    Checking Rule W245 (Rule 188 of total 360) .... done (Time = 0.00s, Memory = 0.0K)
    Checking Rule W263 (Rule 189 of total 360) .... done (Time = 0.00s, Memory = 0.0K)
    Checking Rule W289 (Rule 190 of total 360) .... done (Time = 0.00s, Memory = 0.0K)
    Checking Rule W314 (Rule 191 of total 360) .... done (Time = 0.00s, Memory = 0.0K)
    Checking Rule W316 (Rule 192 of total 360) .... done (Time = 0.00s, Memory = 0.0K)
    Checking Rule W337 (Rule 193 of total 360) .... done (Time = 0.00s, Memory = 0.0K)
    Checking Rule W342 (Rule 194 of total 360) .... done (Time = 0.00s, Memory = 0.0K)
    Checking Rule W343 (Rule 195 of total 360) .... done (Time = 0.00s, Memory = 0.0K)
    Checking Rule W416 (Rule 196 of total 360) .... done (Time = 0.00s, Memory = 0.0K)
    Checking Rule W352 (Rule 197 of total 360) .... done (Time = 0.00s, Memory = 0.0K)
    Checking Rule W362 (Rule 198 of total 360) .... done (Time = 0.00s, Memory = 0.0K)
    Checking Rule W423 (Rule 199 of total 360) .... done (Time = 0.00s, Memory = 0.0K)
    Checking Rule W486 (Rule 200 of total 360) .... done (Time = 0.00s, Memory = 0.0K)
    Checking Rule W499 (Rule 201 of total 360) .... done (Time = 0.00s, Memory = 0.0K)
    Checking Rule W502 (Rule 202 of total 360) .... done (Time = 0.00s, Memory = 0.0K)
    Checking Rule W575 (Rule 203 of total 360) .... done (Time = 0.00s, Memory = 0.0K)
    Checking Rule W576 (Rule 204 of total 360) .... done (Time = 0.01s, Memory = 0.0K)
    Checking Rule W116 (Rule 205 of total 360) .... done (Time = 0.00s, Memory = 0.0K)
    Checking Rule W122 (Rule 206 of total 360) .... done (Time = 0.00s, Memory = 0.0K)
    Checking Rule W123 (Rule 207 of total 360) .... done (Time = 0.00s, Memory = 0.0K)
    Checking Rule W156 (Rule 208 of total 360) .... done (Time = 0.00s, Memory = 0.0K)
    Checking Rule W71 (Rule 209 of total 360) .... done (Time = 0.00s, Memory = 0.0K)
    Checking Rule W164a (Rule 210 of total 360) .... done (Time = 0.00s, Memory = 0.0K)
    Checking Rule W164a (Rule 211 of total 360) .... done (Time = 0.00s, Memory = 0.0K)
    Checking Rule W164b (Rule 212 of total 360) .... done (Time = 0.00s, Memory = 0.0K)
    Checking Rule W164b (Rule 213 of total 360) .... done (Time = 0.00s, Memory = 0.0K)
    Checking Rule W210 (Rule 214 of total 360) .... done (Time = 0.00s, Memory = 0.0K)
    Checking Rule W210 (Rule 215 of total 360) .... done (Time = 0.00s, Memory = 0.0K)
    Checking Rule W240 (Rule 216 of total 360) .... done (Time = 0.00s, Memory = 0.0K)
    Checking Rule W240 (Rule 217 of total 360) .... done (Time = 0.00s, Memory = 0.0K)
    Checking Rule W241 (Rule 218 of total 360) .... done (Time = 0.00s, Memory = 0.0K)
    Checking Rule W241 (Rule 219 of total 360) .... done (Time = 0.00s, Memory = 0.0K)
    Checking Rule W287a (Rule 220 of total 360) .... done (Time = 0.00s, Memory = 0.0K)
    Checking Rule W287c (Rule 221 of total 360) .... done (Time = 0.00s, Memory = 0.0K)
    Checking Rule W293 (Rule 222 of total 360) .... done (Time = 0.00s, Memory = 0.0K)
    Checking Rule W398 (Rule 223 of total 360) .... done (Time = 0.00s, Memory = 0.0K)
    Checking Rule W424 (Rule 224 of total 360) .... done (Time = 0.00s, Memory = 0.0K)
    Checking Rule W443 (Rule 225 of total 360) .... done (Time = 0.00s, Memory = 0.0K)
    Checking Rule W444 (Rule 226 of total 360) .... done (Time = 0.00s, Memory = 0.0K)
    Checking Rule W467 (Rule 227 of total 360) .... done (Time = 0.00s, Memory = 0.0K)
    Checking Rule W494 (Rule 228 of total 360) .... done (Time = 0.00s, Memory = 0.0K)
    Checking Rule W494 (Rule 229 of total 360) .... done (Time = 0.00s, Memory = 0.0K)
    Checking Rule W505 (Rule 230 of total 360) .... done (Time = 0.00s, Memory = 0.0K)
    Checking Rule W505 (Rule 231 of total 360) .... done (Time = 0.00s, Memory = 0.0K)
    Checking Rule Prereqs_Usage (Rule 232 of total 360) .... done (Time = 0.00s, Memory = -16.0K)
    Checking Rule Prereqs_ConstantInput-ML (Rule 233 of total 360) .... done (Time = 0.00s, Memory = 32.0K)
    Checking Rule ReportPortInfo-ML (Rule 234 of total 360) .... done (Time = 0.00s, Memory = 0.0K)
    Checking Rule Prereqs_ReportPortInfo-ML (Rule 235 of total 360) .... done (Time = 0.00s, Memory = 0.0K)
    Checking Rule Prereqs_ReportPortInfo-ML (Rule 236 of total 360) .... done (Time = 0.00s, Memory = 0.0K)
    Checking Rule DisallowCaseX-ML (Rule 237 of total 360) .... done (Time = 0.00s, Memory = 0.0K)
    Checking Rule NoAssignX-ML (Rule 238 of total 360) .... done (Time = 0.00s, Memory = 0.0K)
    Checking Rule InstPortConnType-ML (Rule 239 of total 360) .... done (Time = 0.00s, Memory = 0.0K)
    Checking Rule ParamWidthMismatch-ML (Rule 240 of total 360) .... done (Time = 0.00s, Memory = 0.0K)
    Checking Rule DuplicateCaseLabel-ML (Rule 241 of total 360) .... done (Time = 0.00s, Memory = 0.0K)
    Checking Rule AutomaticFuncTask-ML (Rule 242 of total 360) .... done (Time = 0.00s, Memory = 0.0K)
    Checking Rule SetBeforeRead-ML (Rule 243 of total 360) .... done (Time = 0.00s, Memory = 0.0K)
    Checking Rule SigAssignZ-ML (Rule 244 of total 360) .... done (Time = 0.00s, Memory = 0.0K)
    Checking Rule Postreqs_Usage_ML (Rule 245 of total 360) .... done (Time = 0.00s, Memory = 0.0K)
    Checking Rule ImproperRangeIndex-ML (Rule 246 of total 360) .... done (Time = 0.00s, Memory = 0.0K)
    Checking Rule NoXInCase-ML (Rule 247 of total 360) .... done (Time = 0.00s, Memory = 0.0K)
    Checking Rule SigAssignZ-ML (Rule 248 of total 360) .... done (Time = 0.00s, Memory = 0.0K)
Checking ELABDU Rules for designUnit sober_compare
    Checking Rule Ac_classify_param01 (Rule 151 of total 360) .... done (Time = 0.00s, Memory = 0.0K)
    Checking Rule AcOvlRtl (Rule 152 of total 360) .... done (Time = 0.00s, Memory = 0.0K)
    Checking Rule AcOvlRtl (Rule 153 of total 360) .... done (Time = 0.00s, Memory = 32.0K)
    Checking Rule GenTopLevelBlocksForAutoSoc (Rule 154 of total 360) .... done (Time = 0.00s, Memory = 0.0K)
    Checking Rule Prereqs_InferLatch (Rule 155 of total 360) .... done (Time = 0.00s, Memory = 0.0K)
    Checking Rule STARC05-2.1.4.5 (Rule 156 of total 360) .... done (Time = 0.00s, Memory = 0.0K)
    Checking Rule STARC05-2.1.5.3 (Rule 157 of total 360) .... done (Time = 0.00s, Memory = 0.0K)
    Checking Rule STARC05-2.2.3.3 (Rule 158 of total 360) .... done (Time = 0.00s, Memory = -16.0K)
    Checking Rule STARC05-2.3.1.6 (Rule 159 of total 360) .... done (Time = 0.00s, Memory = 0.0K)
    Checking Rule STARC05-2.10.2.3 (Rule 160 of total 360) .... done (Time = 0.00s, Memory = 0.0K)
    Checking Rule STARC05-2.10.3.2a (Rule 161 of total 360) .... done (Time = 0.00s, Memory = 0.0K)
    Checking Rule STARC05-2.11.3.1 (Rule 162 of total 360) .... done (Time = 0.00s, Memory = 0.0K)
    Checking Rule STARC05-2.1.1.2 (Rule 163 of total 360) .... done (Time = 0.00s, Memory = 0.0K)
    Checking Rule STARC05-2.1.3.1 (Rule 164 of total 360) .... done (Time = 0.00s, Memory = 0.0K)
    Checking Rule STARC05-2.8.1.3 (Rule 165 of total 360) .... done (Time = 0.00s, Memory = 0.0K)
    Checking Rule STARC05-2.10.1.4a (Rule 166 of total 360) .... done (Time = 0.00s, Memory = 0.0K)
    Checking Rule STARC05-2.10.1.4b (Rule 167 of total 360) .... done (Time = 0.00s, Memory = 0.0K)
    Checking Rule STARC05-2.8.1.3 (Rule 168 of total 360) .... done (Time = 0.00s, Memory = 0.0K)
    Checking Rule sim_race02 (Rule 169 of total 360) .... done (Time = 0.00s, Memory = 0.0K)
    Checking Rule W239 (Rule 170 of total 360) .... done (Time = 0.00s, Memory = 0.0K)
    Checking Rule W110 (Rule 171 of total 360) .... done (Time = 0.00s, Memory = 0.0K)
    Checking Rule W122 (Rule 172 of total 360) .... done (Time = 0.00s, Memory = 0.0K)
    Checking Rule W163 (Rule 173 of total 360) .... done (Time = 0.00s, Memory = 0.0K)
    Checking Rule W552 (Rule 174 of total 360) .... done (Time = 0.00s, Memory = 0.0K)
    Checking Rule W553 (Rule 175 of total 360) .... done (Time = 0.00s, Memory = 0.0K)
    Checking Rule W496a (Rule 176 of total 360) .... done (Time = 0.00s, Memory = 0.0K)
    Checking Rule W496b (Rule 177 of total 360) .... done (Time = 0.00s, Memory = 0.0K)
    Checking Rule W19 (Rule 178 of total 360) .... done (Time = 0.00s, Memory = 0.0K)
    Checking Rule W66 (Rule 179 of total 360) .... done (Time = 0.00s, Memory = 0.0K)
    Checking Rule W116 (Rule 180 of total 360) .... done (Time = 0.00s, Memory = 0.0K)
    Checking Rule W123 (Rule 181 of total 360) .... done (Time = 0.00s, Memory = 16.0K)
    Checking Rule W156 (Rule 182 of total 360) .... done (Time = 0.00s, Memory = 0.0K)
    Checking Rule W188 (Rule 183 of total 360) .... done (Time = 0.00s, Memory = 0.0K)
    Checking Rule W215 (Rule 184 of total 360) .... done (Time = 0.00s, Memory = 0.0K)
    Checking Rule W216 (Rule 185 of total 360) .... done (Time = 0.00s, Memory = 0.0K)
    Checking Rule W218 (Rule 186 of total 360) .... done (Time = 0.00s, Memory = 0.0K)
    Checking Rule W238 (Rule 187 of total 360) .... done (Time = 0.00s, Memory = 0.0K)
    Checking Rule W245 (Rule 188 of total 360) .... done (Time = 0.00s, Memory = 0.0K)
    Checking Rule W263 (Rule 189 of total 360) .... done (Time = 0.00s, Memory = 0.0K)
    Checking Rule W289 (Rule 190 of total 360) .... done (Time = 0.00s, Memory = 0.0K)
    Checking Rule W314 (Rule 191 of total 360) .... done (Time = 0.00s, Memory = -40.0K)
    Checking Rule W316 (Rule 192 of total 360) .... done (Time = 0.00s, Memory = -8.0K)
    Checking Rule W337 (Rule 193 of total 360) .... done (Time = 0.00s, Memory = 0.0K)
    Checking Rule W342 (Rule 194 of total 360) .... done (Time = 0.00s, Memory = 0.0K)
    Checking Rule W343 (Rule 195 of total 360) .... done (Time = 0.00s, Memory = 0.0K)
    Checking Rule W416 (Rule 196 of total 360) .... done (Time = 0.00s, Memory = 8.0K)
    Checking Rule W352 (Rule 197 of total 360) .... done (Time = 0.00s, Memory = 0.0K)
    Checking Rule W362 (Rule 198 of total 360) .... done (Time = 0.00s, Memory = 0.0K)
    Checking Rule W423 (Rule 199 of total 360) .... done (Time = 0.00s, Memory = 0.0K)
    Checking Rule W486 (Rule 200 of total 360) .... done (Time = 0.00s, Memory = 0.0K)
    Checking Rule W499 (Rule 201 of total 360) .... done (Time = 0.00s, Memory = 0.0K)
    Checking Rule W502 (Rule 202 of total 360) .... done (Time = 0.00s, Memory = 0.0K)
    Checking Rule W575 (Rule 203 of total 360) .... done (Time = 0.01s, Memory = 0.0K)
    Checking Rule W576 (Rule 204 of total 360) .... done (Time = 0.00s, Memory = 0.0K)
    Checking Rule W116 (Rule 205 of total 360) .... done (Time = 0.00s, Memory = 0.0K)
    Checking Rule W122 (Rule 206 of total 360) .... done (Time = 0.00s, Memory = 0.0K)
    Checking Rule W123 (Rule 207 of total 360) .... done (Time = 0.00s, Memory = 0.0K)
    Checking Rule W156 (Rule 208 of total 360) .... done (Time = 0.00s, Memory = 0.0K)
    Checking Rule W71 (Rule 209 of total 360) .... done (Time = 0.00s, Memory = 0.0K)
    Checking Rule W164a (Rule 210 of total 360) .... done (Time = 0.00s, Memory = -8.0K)
    Checking Rule W164a (Rule 211 of total 360) .... done (Time = 0.00s, Memory = 0.0K)
    Checking Rule W164b (Rule 212 of total 360) .... done (Time = 0.00s, Memory = -8.0K)
    Checking Rule W164b (Rule 213 of total 360) .... done (Time = 0.00s, Memory = 0.0K)
    Checking Rule W210 (Rule 214 of total 360) .... done (Time = 0.00s, Memory = 0.0K)
    Checking Rule W210 (Rule 215 of total 360) .... done (Time = 0.00s, Memory = 0.0K)
    Checking Rule W240 (Rule 216 of total 360) .... done (Time = 0.00s, Memory = 0.0K)
    Checking Rule W240 (Rule 217 of total 360) .... done (Time = 0.00s, Memory = 0.0K)
    Checking Rule W241 (Rule 218 of total 360) .... done (Time = 0.00s, Memory = 0.0K)
    Checking Rule W241 (Rule 219 of total 360) .... done (Time = 0.00s, Memory = 0.0K)
    Checking Rule W287a (Rule 220 of total 360) .... done (Time = 0.00s, Memory = 0.0K)
    Checking Rule W287c (Rule 221 of total 360) .... done (Time = 0.00s, Memory = 0.0K)
    Checking Rule W293 (Rule 222 of total 360) .... done (Time = 0.00s, Memory = 0.0K)
    Checking Rule W398 (Rule 223 of total 360) .... done (Time = 0.00s, Memory = 0.0K)
    Checking Rule W424 (Rule 224 of total 360) .... done (Time = 0.00s, Memory = 0.0K)
    Checking Rule W443 (Rule 225 of total 360) .... done (Time = 0.00s, Memory = 0.0K)
    Checking Rule W444 (Rule 226 of total 360) .... done (Time = 0.00s, Memory = 8.0K)
    Checking Rule W467 (Rule 227 of total 360) .... done (Time = 0.00s, Memory = 0.0K)
    Checking Rule W494 (Rule 228 of total 360) .... done (Time = 0.00s, Memory = 0.0K)
    Checking Rule W494 (Rule 229 of total 360) .... done (Time = 0.00s, Memory = 0.0K)
    Checking Rule W505 (Rule 230 of total 360) .... done (Time = 0.00s, Memory = 0.0K)
    Checking Rule W505 (Rule 231 of total 360) .... done (Time = 0.00s, Memory = 0.0K)
    Checking Rule Prereqs_Usage (Rule 232 of total 360) .... done (Time = 0.00s, Memory = -16.0K)
    Checking Rule Prereqs_ConstantInput-ML (Rule 233 of total 360) .... done (Time = 0.00s, Memory = 32.0K)
    Checking Rule ReportPortInfo-ML (Rule 234 of total 360) .... done (Time = 0.00s, Memory = 0.0K)
    Checking Rule Prereqs_ReportPortInfo-ML (Rule 235 of total 360) .... done (Time = 0.00s, Memory = 0.0K)
    Checking Rule Prereqs_ReportPortInfo-ML (Rule 236 of total 360) .... done (Time = 0.00s, Memory = 0.0K)
    Checking Rule DisallowCaseX-ML (Rule 237 of total 360) .... done (Time = 0.00s, Memory = 0.0K)
    Checking Rule NoAssignX-ML (Rule 238 of total 360) .... done (Time = 0.00s, Memory = 0.0K)
    Checking Rule InstPortConnType-ML (Rule 239 of total 360) .... done (Time = 0.00s, Memory = 0.0K)
    Checking Rule ParamWidthMismatch-ML (Rule 240 of total 360) .... done (Time = 0.00s, Memory = 0.0K)
    Checking Rule DuplicateCaseLabel-ML (Rule 241 of total 360) .... done (Time = 0.00s, Memory = 0.0K)
    Checking Rule AutomaticFuncTask-ML (Rule 242 of total 360) .... done (Time = 0.00s, Memory = 0.0K)
    Checking Rule SetBeforeRead-ML (Rule 243 of total 360) .... done (Time = 0.01s, Memory = 0.0K)
    Checking Rule SigAssignZ-ML (Rule 244 of total 360) .... done (Time = 0.00s, Memory = 0.0K)
    Checking Rule Postreqs_Usage_ML (Rule 245 of total 360) .... done (Time = 0.00s, Memory = 0.0K)
    Checking Rule ImproperRangeIndex-ML (Rule 246 of total 360) .... done (Time = 0.00s, Memory = 0.0K)
    Checking Rule NoXInCase-ML (Rule 247 of total 360) .... done (Time = 0.00s, Memory = 0.0K)
    Checking Rule SigAssignZ-ML (Rule 248 of total 360) .... done (Time = 0.00s, Memory = 0.0K)
Checking ELABDU Rules for designUnit core
Checking ELABDU Rules for designUnit conv
Checking ELABDU Rules for designUnit median
Checking ELABDU Rules for designUnit median_filter_submodule
Checking ELABDU Rules for designUnit sobel_gradient
Checking ELABDU Rules for designUnit sober_compare
Checking Rule PECHECK56 (Rule 249 of total 360) .... done (Time = 0.00s, Memory = 0.0K)
Checking Rule SGDC_meta_design_hier01 (Rule 250 of total 360) .... done (Time = 0.00s, Memory = 0.0K)
Checking Rule SGDC_waive24 (Rule 251 of total 360) .... done (Time = 0.00s, Memory = 0.0K)
Checking Rule SGDC_waive25 (Rule 252 of total 360) .... done (Time = 0.00s, Memory = 0.0K)
Checking Rule SGDC_waive31 (Rule 253 of total 360) .... done (Time = 0.00s, Memory = 0.0K)
Checking Rule SGDC_waive35 (Rule 254 of total 360) .... done (Time = 0.00s, Memory = 8.0K)
 Synthesizing module: sober_compare (elaborated name: sober_compare) ... (Module 1 of total 6)  done 
 Synthesizing module: sobel_gradient (elaborated name: sobel_gradient) ... (Module 2 of total 6)  done 
 Synthesizing module: median_filter_submodule (elaborated name: median_filter_submodule) ... (Module 3 of total 6)  done 
 Synthesizing module: median (elaborated name: median) ... (Module 4 of total 6)  done 
 Synthesizing module: conv (elaborated name: conv) ... (Module 5 of total 6)  done 
 Synthesizing module: core (elaborated name: core) ... (Module 6 of total 6)  done 
 Synthesis completed.
Checking Rule InferBlackBox (Rule 255 of total 360) .... done (Time = 0.01s, Memory = 0.0K)
Checking Rule checkCMD_mthresh (Rule 256 of total 360) .... done (Time = 0.00s, Memory = 0.0K)

INFO [234]    Saving design database in directory './spyglass-1/core/.SG_SaveRestoreDB/autogenerated__default_snapshot' ...
              done

Checking Rule SGDC_waive37 (Rule 257 of total 360) .... done (Time = 0.00s, Memory = 0.0K)
Checking Rule Txv_SvaSetup01 for module sober_compare (Rule 258 of total 360) .... done (Time = 0.00s, Memory = 0.0K)
Checking Rule PESVASETUP01 for module sober_compare (Rule 259 of total 360) .... done (Time = 0.00s, Memory = 0.0K)
Checking Rule _cdc_save_license01 for module sober_compare (Rule 260 of total 360) .... done (Time = 0.00s, Memory = 0.0K)
Checking Rule _syncResetStyleRTL for module sober_compare (Rule 261 of total 360) .... done (Time = 0.00s, Memory = 0.0K)
Checking Rule _meta_delay01 for module sober_compare (Rule 262 of total 360) .... done (Time = 0.00s, Memory = 0.0K)
Checking Rule Ac_svasetup01 for module sober_compare (Rule 263 of total 360) .... done (Time = 0.00s, Memory = 0.0K)
Checking Rule Prereq_IntClock for module sober_compare (Rule 264 of total 360) .... done (Time = 0.00s, Memory = 0.0K)
Checking Rule STARC05-2.2.3.1 for module sober_compare (Rule 265 of total 360) .... done (Time = 0.00s, Memory = 0.0K)
Checking Rule Prereqs_sim_race07 for module sober_compare (Rule 266 of total 360) .... done (Time = 0.00s, Memory = 0.0K)
Checking Rule W336 for module sober_compare (Rule 267 of total 360) .... done (Time = 0.00s, Memory = 0.0K)
Checking Rule W414 for module sober_compare (Rule 268 of total 360) .... done (Time = 0.00s, Memory = 0.0K)
Checking Rule W438 for module sober_compare (Rule 269 of total 360) .... done (Time = 0.00s, Memory = 0.0K)
Checking Rule W450L for module sober_compare (Rule 270 of total 360) .... done (Time = 0.00s, Memory = 0.0K)
Checking Rule TristatePort-ML for module sober_compare (Rule 271 of total 360) .... done (Time = 0.00s, Memory = 0.0K)
Checking Rule TristateSig-ML for module sober_compare (Rule 272 of total 360) .... done (Time = 0.00s, Memory = 0.0K)
Checking Rule HangingNetPreReq-ML for module sober_compare (Rule 273 of total 360) .... done (Time = 0.00s, Memory = 0.0K)
Checking Rule STARC05-2.5.1.7 for module sober_compare (Rule 274 of total 360) .... done (Time = 0.00s, Memory = 0.0K)
Checking Rule STARC05-2.5.1.9 for module sober_compare (Rule 275 of total 360) .... done (Time = 0.00s, Memory = 0.0K)
Checking Rule Txv_SvaSetup01 for module sobel_gradient (Rule 258 of total 360) .... done (Time = 0.00s, Memory = 0.0K)
Checking Rule PESVASETUP01 for module sobel_gradient (Rule 259 of total 360) .... done (Time = 0.00s, Memory = 0.0K)
Checking Rule _cdc_save_license01 for module sobel_gradient (Rule 260 of total 360) .... done (Time = 0.00s, Memory = 0.0K)
Checking Rule _syncResetStyleRTL for module sobel_gradient (Rule 261 of total 360) .... done (Time = 0.00s, Memory = 0.0K)
Checking Rule _meta_delay01 for module sobel_gradient (Rule 262 of total 360) .... done (Time = 0.00s, Memory = 0.0K)
Checking Rule Ac_svasetup01 for module sobel_gradient (Rule 263 of total 360) .... done (Time = 0.00s, Memory = 0.0K)
Checking Rule Prereq_IntClock for module sobel_gradient (Rule 264 of total 360) .... done (Time = 0.00s, Memory = 0.0K)
Checking Rule STARC05-2.2.3.1 for module sobel_gradient (Rule 265 of total 360) .... done (Time = 0.00s, Memory = 0.0K)
Checking Rule Prereqs_sim_race07 for module sobel_gradient (Rule 266 of total 360) .... done (Time = 0.00s, Memory = 0.0K)
Checking Rule W336 for module sobel_gradient (Rule 267 of total 360) .... done (Time = 0.00s, Memory = 0.0K)
Checking Rule W414 for module sobel_gradient (Rule 268 of total 360) .... done (Time = 0.00s, Memory = 0.0K)
Checking Rule W438 for module sobel_gradient (Rule 269 of total 360) .... done (Time = 0.00s, Memory = 0.0K)
Checking Rule W450L for module sobel_gradient (Rule 270 of total 360) .... done (Time = 0.00s, Memory = 0.0K)
Checking Rule TristatePort-ML for module sobel_gradient (Rule 271 of total 360) .... done (Time = 0.00s, Memory = 0.0K)
Checking Rule TristateSig-ML for module sobel_gradient (Rule 272 of total 360) .... done (Time = 0.00s, Memory = 0.0K)
Checking Rule HangingNetPreReq-ML for module sobel_gradient (Rule 273 of total 360) .... done (Time = 0.00s, Memory = 0.0K)
Checking Rule STARC05-2.5.1.7 for module sobel_gradient (Rule 274 of total 360) .... done (Time = 0.00s, Memory = 0.0K)
Checking Rule STARC05-2.5.1.9 for module sobel_gradient (Rule 275 of total 360) .... done (Time = 0.00s, Memory = 0.0K)
Checking Rule Txv_SvaSetup01 for module median_filter_submodule (Rule 258 of total 360) .... done (Time = 0.00s, Memory = 0.0K)
Checking Rule PESVASETUP01 for module median_filter_submodule (Rule 259 of total 360) .... done (Time = 0.00s, Memory = 0.0K)
Checking Rule _cdc_save_license01 for module median_filter_submodule (Rule 260 of total 360) .... done (Time = 0.00s, Memory = 0.0K)
Checking Rule _syncResetStyleRTL for module median_filter_submodule (Rule 261 of total 360) .... done (Time = 0.00s, Memory = 0.0K)
Checking Rule _meta_delay01 for module median_filter_submodule (Rule 262 of total 360) .... done (Time = 0.00s, Memory = 0.0K)
Checking Rule Ac_svasetup01 for module median_filter_submodule (Rule 263 of total 360) .... done (Time = 0.00s, Memory = 0.0K)
Checking Rule Prereq_IntClock for module median_filter_submodule (Rule 264 of total 360) .... done (Time = 0.00s, Memory = 0.0K)
Checking Rule STARC05-2.2.3.1 for module median_filter_submodule (Rule 265 of total 360) .... done (Time = 0.00s, Memory = 0.0K)
Checking Rule Prereqs_sim_race07 for module median_filter_submodule (Rule 266 of total 360) .... done (Time = 0.00s, Memory = 0.0K)
Checking Rule W336 for module median_filter_submodule (Rule 267 of total 360) .... done (Time = 0.00s, Memory = 0.0K)
Checking Rule W414 for module median_filter_submodule (Rule 268 of total 360) .... done (Time = 0.00s, Memory = 0.0K)
Checking Rule W438 for module median_filter_submodule (Rule 269 of total 360) .... done (Time = 0.00s, Memory = 0.0K)
Checking Rule W450L for module median_filter_submodule (Rule 270 of total 360) .... done (Time = 0.00s, Memory = 0.0K)
Checking Rule TristatePort-ML for module median_filter_submodule (Rule 271 of total 360) .... done (Time = 0.00s, Memory = 0.0K)
Checking Rule TristateSig-ML for module median_filter_submodule (Rule 272 of total 360) .... done (Time = 0.00s, Memory = 0.0K)
Checking Rule HangingNetPreReq-ML for module median_filter_submodule (Rule 273 of total 360) .... done (Time = 0.00s, Memory = 0.0K)
Checking Rule STARC05-2.5.1.7 for module median_filter_submodule (Rule 274 of total 360) .... done (Time = 0.00s, Memory = 0.0K)
Checking Rule STARC05-2.5.1.9 for module median_filter_submodule (Rule 275 of total 360) .... done (Time = 0.00s, Memory = 0.0K)
Checking Rule Txv_SvaSetup01 for module median (Rule 258 of total 360) .... done (Time = 0.00s, Memory = 0.0K)
Checking Rule PESVASETUP01 for module median (Rule 259 of total 360) .... done (Time = 0.00s, Memory = 0.0K)
Checking Rule _cdc_save_license01 for module median (Rule 260 of total 360) .... done (Time = 0.00s, Memory = 0.0K)
Checking Rule _syncResetStyleRTL for module median (Rule 261 of total 360) .... done (Time = 0.00s, Memory = 0.0K)
Checking Rule _meta_delay01 for module median (Rule 262 of total 360) .... done (Time = 0.00s, Memory = 0.0K)
Checking Rule Ac_svasetup01 for module median (Rule 263 of total 360) .... done (Time = 0.00s, Memory = 0.0K)
Checking Rule Prereq_IntClock for module median (Rule 264 of total 360) .... done (Time = 0.00s, Memory = 0.0K)
Checking Rule STARC05-2.2.3.1 for module median (Rule 265 of total 360) .... done (Time = 0.00s, Memory = 0.0K)
Checking Rule Prereqs_sim_race07 for module median (Rule 266 of total 360) .... done (Time = 0.00s, Memory = 0.0K)
Checking Rule W336 for module median (Rule 267 of total 360) .... done (Time = 0.00s, Memory = 0.0K)
Checking Rule W414 for module median (Rule 268 of total 360) .... done (Time = 0.00s, Memory = 0.0K)
Checking Rule W438 for module median (Rule 269 of total 360) .... done (Time = 0.00s, Memory = 0.0K)
Checking Rule W450L for module median (Rule 270 of total 360) .... done (Time = 0.00s, Memory = 0.0K)
Checking Rule TristatePort-ML for module median (Rule 271 of total 360) .... done (Time = 0.00s, Memory = 0.0K)
Checking Rule TristateSig-ML for module median (Rule 272 of total 360) .... done (Time = 0.00s, Memory = 0.0K)
Checking Rule HangingNetPreReq-ML for module median (Rule 273 of total 360) .... done (Time = 0.00s, Memory = 0.0K)
Checking Rule STARC05-2.5.1.7 for module median (Rule 274 of total 360) .... done (Time = 0.00s, Memory = 0.0K)
Checking Rule STARC05-2.5.1.9 for module median (Rule 275 of total 360) .... done (Time = 0.00s, Memory = 0.0K)
Checking Rule Txv_SvaSetup01 for module conv (Rule 258 of total 360) .... done (Time = 0.00s, Memory = 0.0K)
Checking Rule PESVASETUP01 for module conv (Rule 259 of total 360) .... done (Time = 0.00s, Memory = 0.0K)
Checking Rule _cdc_save_license01 for module conv (Rule 260 of total 360) .... done (Time = 0.00s, Memory = 0.0K)
Checking Rule _syncResetStyleRTL for module conv (Rule 261 of total 360) .... done (Time = 0.00s, Memory = 0.0K)
Checking Rule _meta_delay01 for module conv (Rule 262 of total 360) .... done (Time = 0.00s, Memory = 0.0K)
Checking Rule Ac_svasetup01 for module conv (Rule 263 of total 360) .... done (Time = 0.00s, Memory = 0.0K)
Checking Rule Prereq_IntClock for module conv (Rule 264 of total 360) .... done (Time = 0.00s, Memory = 0.0K)
Checking Rule STARC05-2.2.3.1 for module conv (Rule 265 of total 360) .... done (Time = 0.00s, Memory = 0.0K)
Checking Rule Prereqs_sim_race07 for module conv (Rule 266 of total 360) .... done (Time = 0.00s, Memory = 0.0K)
Checking Rule W336 for module conv (Rule 267 of total 360) .... done (Time = 0.00s, Memory = 0.0K)
Checking Rule W414 for module conv (Rule 268 of total 360) .... done (Time = 0.00s, Memory = 0.0K)
Checking Rule W438 for module conv (Rule 269 of total 360) .... done (Time = 0.00s, Memory = 0.0K)
Checking Rule W450L for module conv (Rule 270 of total 360) .... done (Time = 0.00s, Memory = 0.0K)
Checking Rule TristatePort-ML for module conv (Rule 271 of total 360) .... done (Time = 0.00s, Memory = 0.0K)
Checking Rule TristateSig-ML for module conv (Rule 272 of total 360) .... done (Time = 0.00s, Memory = 0.0K)
Checking Rule HangingNetPreReq-ML for module conv (Rule 273 of total 360) .... done (Time = 0.00s, Memory = 0.0K)
Checking Rule STARC05-2.5.1.7 for module conv (Rule 274 of total 360) .... done (Time = 0.00s, Memory = 0.0K)
Checking Rule STARC05-2.5.1.9 for module conv (Rule 275 of total 360) .... done (Time = 0.00s, Memory = 0.0K)
Checking Rule Txv_SvaSetup01 for module core (Rule 258 of total 360) .... done (Time = 0.00s, Memory = 0.0K)
Checking Rule PESVASETUP01 for module core (Rule 259 of total 360) .... done (Time = 0.00s, Memory = 0.0K)
Checking Rule _cdc_save_license01 for module core (Rule 260 of total 360) .... done (Time = 0.00s, Memory = 0.0K)
Checking Rule _syncResetStyleRTL for module core (Rule 261 of total 360) .... done (Time = 0.00s, Memory = 0.0K)
Checking Rule _meta_delay01 for module core (Rule 262 of total 360) .... done (Time = 0.00s, Memory = 0.0K)
Checking Rule Ac_svasetup01 for module core (Rule 263 of total 360) .... done (Time = 0.00s, Memory = 0.0K)
Checking Rule Prereq_IntClock for module core (Rule 264 of total 360) .... done (Time = 0.00s, Memory = 0.0K)
Checking Rule STARC05-2.2.3.1 for module core (Rule 265 of total 360) .... done (Time = 0.00s, Memory = 0.0K)
Checking Rule Prereqs_sim_race07 for module core (Rule 266 of total 360) .... done (Time = 0.00s, Memory = 0.0K)
Checking Rule W336 for module core (Rule 267 of total 360) .... done (Time = 0.00s, Memory = 0.0K)
Checking Rule W414 for module core (Rule 268 of total 360) .... done (Time = 0.00s, Memory = 0.0K)
Checking Rule W438 for module core (Rule 269 of total 360) .... done (Time = 0.00s, Memory = 0.0K)
Checking Rule W450L for module core (Rule 270 of total 360) .... done (Time = 0.00s, Memory = 0.0K)
Checking Rule TristatePort-ML for module core (Rule 271 of total 360) .... done (Time = 0.00s, Memory = 0.0K)
Checking Rule TristateSig-ML for module core (Rule 272 of total 360) .... done (Time = 0.00s, Memory = 0.0K)
Checking Rule HangingNetPreReq-ML for module core (Rule 273 of total 360) .... done (Time = 0.00s, Memory = 0.0K)
Checking Rule STARC05-2.5.1.7 for module core (Rule 274 of total 360) .... done (Time = 0.00s, Memory = 0.0K)
Checking Rule STARC05-2.5.1.9 for module core (Rule 275 of total 360) .... done (Time = 0.00s, Memory = 0.0K)
Performing semantic checks on SGDC contents
Checking Rule SGDC_testmode03 (Rule 79 of total 360) .... done (Time = 0.00s, Memory = 0.0K)
Checking Rule _abstractPortSGDC (Rule 276 of total 360) .... done (Time = 0.00s, Memory = 0.0K)
Checking Rule SGDC_abstract_port03 (Rule 277 of total 360) .... done (Time = 0.00s, Memory = 0.0K)
Checking Rule SGDC_abstract_port04 (Rule 278 of total 360) .... done (Time = 0.00s, Memory = 0.0K)
Checking Rule SGDC_abstract_port05 (Rule 279 of total 360) .... done (Time = 0.00s, Memory = 0.0K)
Checking Rule SGDC_abstract_port07 (Rule 280 of total 360) .... done (Time = 0.00s, Memory = 0.0K)
Checking Rule SGDC_abstract_port08 (Rule 281 of total 360) .... done (Time = 0.00s, Memory = 0.0K)
Checking Rule SGDC_abstract_port10 (Rule 282 of total 360) .... done (Time = 0.00s, Memory = 0.0K)
Checking Rule SGDC_abstract_port11 (Rule 283 of total 360) .... done (Time = 0.00s, Memory = 0.0K)
Checking Rule SGDC_abstract_port12 (Rule 284 of total 360) .... done (Time = 0.00s, Memory = 0.0K)
Checking Rule SGDC_abstract_port13 (Rule 285 of total 360) .... done (Time = 0.00s, Memory = 0.0K)
Checking Rule ReportUngroup (Rule 286 of total 360) .... done (Time = 0.00s, Memory = 0.0K)
Checking Rule LINT_portReten (Rule 287 of total 360) .... done (Time = 0.00s, Memory = 0.0K)
Checking Rule SGDC_abstract_port21 (Rule 288 of total 360) .... done (Time = 0.00s, Memory = 0.0K)
Checking Rule InferLatch (Rule 289 of total 360) .... done (Time = 0.01s, Memory = -2528.0K)
Checking Rule UndrivenOutPort-ML (Rule 290 of total 360) .... done (Time = 0.02s, Memory = 2568.0K)
Checking Rule UndrivenInTerm-ML (Rule 291 of total 360) .... done (Time = 0.08s, Memory = 8.0K)
Checking Rule UndrivenNet-ML (Rule 292 of total 360) .... done (Time = 0.01s, Memory = 0.0K)
Checking Rule NoFeedThrus-ML (Rule 293 of total 360) .... done (Time = 0.00s, Memory = 0.0K)
Checking Rule SGDC_assume_path05 (Rule 294 of total 360) .... done (Time = 0.00s, Memory = 0.0K)
 Flattening core (.lib instances separately flattened) ....
 Flattening completed
Checking Rule SGDC_set_case_analysis_LC (Rule 295 of total 360) .... done (Time = 0.00s, Memory = 0.0K)
Checking Rule BufClock (Rule 296 of total 360) .... done (Time = 0.03s, Memory = 1568.0K)
Checking Rule CombLoop (Rule 297 of total 360) .... done (Time = 0.01s, Memory = 816.0K)
Checking Rule STARC05-2.5.1.2 (Rule 298 of total 360) .... done (Time = 0.00s, Memory = 0.0K)
Checking Rule STARC05-1.3.1.3 (Rule 299 of total 360) .... done (Time = 0.00s, Memory = 0.0K)
Checking Rule STARC05-1.4.3.2 (Rule 300 of total 360) .... done (Time = 0.00s, Memory = 0.0K)
Checking Rule STARC05-1.4.3.4 (Rule 301 of total 360) .... done (Time = 0.00s, Memory = 8.0K)
Checking Rule STARC-2.3.4.3 (Rule 302 of total 360) .... done (Time = 0.00s, Memory = 0.0K)
Checking Rule FlopClockConstant (Rule 303 of total 360) .... done (Time = 0.01s, Memory = 120.0K)
Checking Rule FlopSRConst (Rule 304 of total 360) .... done (Time = 0.01s, Memory = 40.0K)
Checking Rule checkPinConnectedToSupply (Rule 305 of total 360) .... done (Time = 0.00s, Memory = -32.0K)
Checking Rule sim_race07 (Rule 306 of total 360) .... done (Time = 0.02s, Memory = 2664.0K)
Checking Rule W402b (Rule 307 of total 360) .... done (Time = 0.01s, Memory = -2368.0K)
Checking Rule W392 (Rule 308 of total 360) .... done (Time = 0.00s, Memory = -2520.0K)
Checking Rule W415 (Rule 309 of total 360) .... done (Time = 0.01s, Memory = 0.0K)
Checking Rule W391 (Rule 310 of total 360) .... done (Time = 0.01s, Memory = 2560.0K)
Checking Rule W401 (Rule 311 of total 360) .... done (Time = 0.01s, Memory = 176.0K)
Checking Rule LatchFeedback (Rule 312 of total 360) .... done (Time = 0.01s, Memory = -2568.0K)
Checking Rule SameControlNDataNet-ML (Rule 313 of total 360) .... done (Time = 0.01s, Memory = 0.0K)
Checking Rule STARC05-2.4.1.5 (Rule 314 of total 360) .... done (Time = 0.00s, Memory = 0.0K)
Checking Rule STARC05-1.2.1.2 (Rule 315 of total 360) .... done (Time = 0.00s, Memory = 16.0K)
Checking Rule AnalyzeBBox (Rule 316 of total 360) .... done (Time = 0.00s, Memory = 0.0K)
Checking Rule ReportCheckDataSummary (Rule 77 of total 360) .... done (Time = 0.00s, Memory = 0.0K)

Generating data for Console...

SpyGlass Rule Checking Complete.

Generating moresimple report from './spyglass-1/core/lint/lint_rtl_enhanced/spyglass.vdb' to './spyglass-1/core/lint/lint_rtl_enhanced/spyglass_reports/moresimple.rpt' ....

Generating runsummary report from './spyglass-1/core/lint/lint_rtl_enhanced/spyglass.vdb' ....

Generating no_msg_reporting_rules report from './spyglass-1/core/lint/lint_rtl_enhanced/spyglass.vdb' to './spyglass-1/core/lint/lint_rtl_enhanced/spyglass_reports/no_msg_reporting_rules.rpt' ....

Generating W415_Report report from './spyglass-1/core/lint/lint_rtl_enhanced/spyglass.vdb' to './spyglass-1/core/lint/lint_rtl_enhanced/spyglass_reports/lint/W415_Report.rpt' ....

Policy specific data (reports) are present in the directory './spyglass-1/core/lint/lint_rtl_enhanced/spyglass_reports'.

SpyGlass critical reports for the current run are present in directory './spyglass-1/consolidated_reports/core_lint_lint_rtl_enhanced/'.

---------------------------------------------------------------------------------------------
Results Summary:
---------------------------------------------------------------------------------------------
   Goal Run           :      lint/lint_rtl_enhanced
   Command-line read  :      0 error,      1 warning,      0 information message 
   Design Read        :      0 error,      0 warning,      4 information messages
      Found 1 top module:
         core   (file: core.v)

   Blackbox Resolution:      0 error,      0 warning,      1 information message 
   SGDC Checks        :      0 error,      0 warning,      0 information message 
   Policy morelint    :      0 error,      0 warning,      1 information message 
   -------------------------------------------------------------------------------------
   Total              :      0 error,      1 warning,      6 information messages

  Total Number of Generated Messages     :         7 (0 error, 1 warning, 6 Infos)
  Number of Reported Messages            :         7 (0 error, 1 warning, 6 Infos)

---------------------------------------------------------------------------------------------


run_goal: info: updating spyglass.log with goal summary
---------------------------------------------------------------------------------------------------
Results Summary:
---------------------------------------------------------------------------------------------------
   Goal Run           :      lint/lint_rtl_enhanced
   Top Module         :      core
---------------------------------------------------------------------------------------------------
   Reports Directory: 
   /home/raid7_2/user12/r2k41036/NTU_CVSD2024/HW3/01_RTL/spyglass-1/consolidated_reports/core_lint_lint_rtl_enhanced/ 

   SpyGlass LogFile: 
    /home/raid7_2/user12/r2k41036/NTU_CVSD2024/HW3/01_RTL/spyglass-1/core/lint/lint_rtl_enhanced/spyglass.log 

   Standard Reports: 
     moresimple.rpt          no_msg_reporting_rules.rpt       

   HTML report:
    /home/raid7_2/user12/r2k41036/NTU_CVSD2024/HW3/01_RTL/spyglass-1/html_reports/goals_summary.html
  

   Technology Reports:  
     <Not Available>
   
   
---------------------------------------------------------------------------------------------------
   Goal Violation Summary:
       Waived   Messages:                      0 Errors,      0 Warnings,      0 Infos
       Reported Messages:         0 Fatals,    0 Errors,      1 Warnings,      6 Infos
---------------------------------------------------------------------------------------------------
   
---------------------------------------------------------------------------------------------------
 
run_goal: info: spyglass.log successfully updated with goal summary
0 {Rule-checking completed with warnings}
INFO:    SpyGlass will run goal(s) 'lint/lint_rtl_enhanced'.


RULE-CHECKING IN MIXED MODE
Loading spyglass (SpyGlass_vT-2022.06) ... (picked from /home/raid7_4/raid1_1/linux/synopsys/spyglass/2022.06/SPYGLASS_HOME/policies/spyglass)
Loading openmore (SpyGlass_vT-2022.06) ... (picked from /home/raid7_4/raid1_1/linux/synopsys/spyglass/2022.06/SPYGLASS_HOME/policies/openmore)
Loading starc (SpyGlass_vT-2022.06) ... (picked from /home/raid7_4/raid1_1/linux/synopsys/spyglass/2022.06/SPYGLASS_HOME/policies/starc)
Loading starc2005 (SpyGlass_vT-2022.06) ... (picked from /home/raid7_4/raid1_1/linux/synopsys/spyglass/2022.06/SPYGLASS_HOME/policies/starc2005)
Loading erc (SpyGlass_vT-2022.06) ... (picked from /home/raid7_4/raid1_1/linux/synopsys/spyglass/2022.06/SPYGLASS_HOME/policies/erc)
Loading simulation (SpyGlass_vT-2022.06) ... (picked from /home/raid7_4/raid1_1/linux/synopsys/spyglass/2022.06/SPYGLASS_HOME/policies/simulation)
Loading lint (SpyGlass_vT-2022.06) ... (picked from /home/raid7_4/raid1_1/linux/synopsys/spyglass/2022.06/SPYGLASS_HOME/policies/lint)
Loading latch (SpyGlass_vT-2022.06) ... (picked from /home/raid7_4/raid1_1/linux/synopsys/spyglass/2022.06/SPYGLASS_HOME/policies/latch)
Loading morelint (SpyGlass_vT-2022.06) ... (picked from /home/raid7_4/raid1_1/linux/synopsys/spyglass/2022.06/SPYGLASS_HOME/policies/morelint)
Loading timing (SpyGlass_vT-2022.06) ... (picked from /home/raid7_4/raid1_1/linux/synopsys/spyglass/2022.06/SPYGLASS_HOME/policies/timing)
Loading starc2002 (SpyGlass_vT-2022.06) ... (picked from /home/raid7_4/raid1_1/linux/synopsys/spyglass/2022.06/SPYGLASS_HOME/policies/starc2002)

INFO [326]    SpyGlass Design Database './spyglass-1/core/.SG_SaveRestoreDB' can not be restored because:
              Following design files/directories have been modified since design save
    conv.v
    median.v

              Saving Database again
Loading Audits (SpyGlass_vT-2022.06) ... (picked from /home/raid7_4/raid1_1/linux/synopsys/spyglass/2022.06/SPYGLASS_HOME/policies/Audits)
Loading area (SpyGlass_vT-2022.06) ... (picked from /home/raid7_4/raid1_1/linux/synopsys/spyglass/2022.06/SPYGLASS_HOME/policies/area)
Loading miscellaneous (SpyGlass_vT-2022.06) ... (picked from /home/raid7_4/raid1_1/linux/synopsys/spyglass/2022.06/SPYGLASS_HOME/policies/miscellaneous)
Loading starcad-21 (SpyGlass_vT-2022.06) ... (picked from /home/raid7_4/raid1_1/linux/synopsys/spyglass/2022.06/SPYGLASS_HOME/policies/starcad-21)
Loading txv (SpyGlass_vT-2022.06) ... (picked from /home/raid7_4/raid1_1/linux/synopsys/spyglass/2022.06/SPYGLASS_HOME/policies/txv)

TXV_INFO Parameter txv_extract_domain will be renamed to txv_domain_mode in future!

Loading power_est (SpyGlass_vT-2022.06) ... (picked from /home/raid7_4/raid1_1/linux/synopsys/spyglass/2022.06/SPYGLASS_HOME/policies/power_est)
Loading lowpower (5.6.1) ... (picked from /home/raid7_4/raid1_1/linux/synopsys/spyglass/2022.06/SPYGLASS_HOME/policies/lowpower)
Loading dft_dsm (SpyGlass_vT-2022.06) ... (picked from /home/raid7_4/raid1_1/linux/synopsys/spyglass/2022.06/SPYGLASS_HOME/policies/dft_dsm)
Loading dft (SpyGlass_vT-2022.06) ... (picked from /home/raid7_4/raid1_1/linux/synopsys/spyglass/2022.06/SPYGLASS_HOME/policies/dft)
Loading constraints (SpyGlass_vT-2022.06) ... (picked from /home/raid7_4/raid1_1/linux/synopsys/spyglass/2022.06/SPYGLASS_HOME/policies/constraints)
Loading const_intern1 (SpyGlass_vT-2022.06) ... (picked from /home/raid7_4/raid1_1/linux/synopsys/spyglass/2022.06/SPYGLASS_HOME/policies/constraints)
Loading clock-reset (SpyGlass_vT-2022.06) ... (picked from /home/raid7_4/raid1_1/linux/synopsys/spyglass/2022.06/SPYGLASS_HOME/policies/clock)

INFO [76]    Using './spyglass-1/core/WORK/64' as the Work Directory for 64bit precompiled dump.
Checking Rule SGDC_power_est29 (Rule 1 of total 360) .... done (Time = 0.00s, Memory = -24.0K)
Checking Rule PECHECK04 (Rule 2 of total 360) .... done (Time = 0.02s, Memory = 8.0K)
Checking Rule PECHECK18 (Rule 3 of total 360) .... done (Time = 0.00s, Memory = 0.0K)
Checking Rule PEMVDD01 (Rule 4 of total 360) .... done (Time = 0.00s, Memory = 0.0K)
Checking Rule PrecompileLibCheck01 (Rule 5 of total 360) .... done (Time = 0.00s, Memory = 0.0K)
Checking Rule PrecompileLibCheck02 (Rule 6 of total 360) .... done (Time = 0.00s, Memory = 24.0K)
Checking Rule PrecompileLibCheck03 (Rule 7 of total 360) .... done (Time = 0.00s, Memory = 0.0K)
Checking Rule PrecompileLibCheck04 (Rule 8 of total 360) .... done (Time = 0.00s, Memory = -8.0K)
Checking Rule AbstractInterface (Rule 9 of total 360) .... done (Time = 0.00s, Memory = 8.0K)
Checking Rule SGDC_assume_path01 (Rule 10 of total 360) .... done (Time = 0.00s, Memory = 0.0K)
Checking Rule SGDC_sdcschema02 (Rule 11 of total 360) .... done (Time = 0.01s, Memory = 16.0K)
Checking Rule SGDC_clock05 (Rule 12 of total 360) .... done (Time = 0.00s, Memory = 0.0K)
Checking Rule SGDC_clock09 (Rule 13 of total 360) .... done (Time = 0.00s, Memory = 0.0K)
Checking Rule SGDC_force_ta05 (Rule 14 of total 360) .... done (Time = 0.00s, Memory = 0.0K)
Checking Rule SGDC_require_path03 (Rule 15 of total 360) .... done (Time = 0.00s, Memory = 0.0K)
Checking Rule SGDC_require_value03 (Rule 16 of total 360) .... done (Time = 0.00s, Memory = 0.0K)
Checking Rule SGDC_voltagedomain05 (Rule 17 of total 360) .... done (Time = 0.00s, Memory = 8.0K)
Checking Rule SGDC_voltagedomain06 (Rule 18 of total 360) .... done (Time = 0.00s, Memory = 0.0K)
Checking Rule SGDC_voltagedomain07 (Rule 19 of total 360) .... done (Time = 0.00s, Memory = 16.0K)
Checking Rule SGDC_powerdomainoutputs02 (Rule 20 of total 360) .... done (Time = 0.00s, Memory = 8.0K)
Checking Rule SGDC_supply01 (Rule 21 of total 360) .... done (Time = 0.00s, Memory = 0.0K)
Checking Rule SGDC_waive01 (Rule 22 of total 360) .... done (Time = 0.00s, Memory = 0.0K)
Checking Rule SGDC_waive02 (Rule 23 of total 360) .... done (Time = 0.00s, Memory = 0.0K)
Checking Rule SGDC_waive03 (Rule 24 of total 360) .... done (Time = 0.00s, Memory = 0.0K)
Checking Rule SGDC_waive04 (Rule 25 of total 360) .... done (Time = 0.00s, Memory = 0.0K)
Checking Rule SGDC_waive05 (Rule 26 of total 360) .... done (Time = 0.00s, Memory = -8.0K)
Checking Rule SGDC_waive06 (Rule 27 of total 360) .... done (Time = 0.00s, Memory = 0.0K)
Checking Rule SGDC_waive07 (Rule 28 of total 360) .... done (Time = 0.00s, Memory = 0.0K)
Checking Rule SGDC_waive08 (Rule 29 of total 360) .... done (Time = 0.00s, Memory = 0.0K)
Checking Rule SGDC_waive09 (Rule 30 of total 360) .... done (Time = 0.00s, Memory = 0.0K)
Checking Rule SGDC_waive10 (Rule 31 of total 360) .... done (Time = 0.00s, Memory = 0.0K)
Checking Rule SGDC_waive11 (Rule 32 of total 360) .... done (Time = 0.00s, Memory = 0.0K)
Checking Rule SGDC_waive12 (Rule 33 of total 360) .... done (Time = 0.00s, Memory = 0.0K)
Checking Rule SGDC_waive13 (Rule 34 of total 360) .... done (Time = 0.00s, Memory = 0.0K)
Checking Rule SGDC_waive21 (Rule 35 of total 360) .... done (Time = 0.00s, Memory = -2568.0K)
Checking Rule SGDC_waive22 (Rule 36 of total 360) .... done (Time = 0.00s, Memory = 0.0K)
Checking Rule SGDC_waive30 (Rule 37 of total 360) .... done (Time = 0.00s, Memory = 0.0K)
Checking Rule SGDC_waive32 (Rule 38 of total 360) .... done (Time = 0.00s, Memory = 0.0K)
Checking Rule SGDC_waive33 (Rule 39 of total 360) .... done (Time = 0.00s, Memory = 0.0K)
Checking Rule SGDC_waive36 (Rule 40 of total 360) .... done (Time = 0.00s, Memory = 0.0K)
Checking Rule SGDC_waive38 (Rule 41 of total 360) .... done (Time = 0.00s, Memory = 0.0K)
Checking Rule SGDC_fifo01 (Rule 42 of total 360) .... done (Time = 0.00s, Memory = 0.0K)
Checking Rule SGDC_libgroup01 (Rule 43 of total 360) .... done (Time = 0.00s, Memory = 0.0K)
Checking Rule SGDC_libgroup02 (Rule 44 of total 360) .... done (Time = 0.00s, Memory = 0.0K)
Checking Rule SGDC_libgroup04 (Rule 45 of total 360) .... done (Time = 0.00s, Memory = 0.0K)
Checking Rule SGDC_power_data01 (Rule 46 of total 360) .... done (Time = 0.00s, Memory = 8.0K)
Checking Rule SGDC_ungroup01 (Rule 47 of total 360) .... done (Time = 0.00s, Memory = 0.0K)
Checking Rule SGDC_abstract_port06 (Rule 48 of total 360) .... done (Time = 0.00s, Memory = 8.0K)
Checking Rule SGDC_abstract_port14 (Rule 49 of total 360) .... done (Time = 0.00s, Memory = 8.0K)
Checking Rule SGDC_abstract_port15 (Rule 50 of total 360) .... done (Time = 0.00s, Memory = 0.0K)
Checking Rule SGDC_abstract_port18 (Rule 51 of total 360) .... done (Time = 0.00s, Memory = 8.0K)
Checking Rule sdc_init_rule (Rule 52 of total 360) .... done (Time = 0.00s, Memory = 0.0K)
Checking Rule CMD_ignorelibs01 (Rule 53 of total 360) .... done (Time = 0.00s, Memory = 0.0K)
Checking Rule ReportRuleNotRun (Rule 54 of total 360) .... done (Time = 0.05s, Memory = 0.0K)
Checking Rule ReserveName (Rule 55 of total 360) .... done (Time = 0.00s, Memory = 32.0K)
Checking Rule ReserveName (Rule 56 of total 360) .... done (Time = 0.00s, Memory = 0.0K)
Checking Rule STARC05-2.3.1.2c (Rule 57 of total 360) .... done (Time = 0.00s, Memory = 0.0K)
Checking Rule W442a (Rule 58 of total 360) .... done (Time = 0.00s, Memory = 0.0K)
Checking Rule W442b (Rule 59 of total 360) .... done (Time = 0.00s, Memory = 0.0K)
Checking Rule W442c (Rule 60 of total 360) .... done (Time = 0.00s, Memory = 0.0K)
Checking Rule W442f (Rule 61 of total 360) .... done (Time = 0.00s, Memory = 0.0K)
Checking Rule W561 (Rule 62 of total 360) .... done (Time = 0.00s, Memory = 0.0K)
Checking Rule mixedsenselist (Rule 63 of total 360) .... done (Time = 0.00s, Memory = 0.0K)
Checking Rule badimplicitSM1 (Rule 64 of total 360) .... done (Time = 0.00s, Memory = 0.0K)
Checking Rule badimplicitSM2 (Rule 65 of total 360) .... done (Time = 0.00s, Memory = 0.0K)
Checking Rule badimplicitSM4 (Rule 66 of total 360) .... done (Time = 0.00s, Memory = 0.0K)
Checking Rule bothedges (Rule 67 of total 360) .... done (Time = 0.00s, Memory = 0.0K)
Checking Rule infiniteloop (Rule 68 of total 360) .... done (Time = 0.00s, Memory = 0.0K)
Checking Rule BlockHeader (Rule 69 of total 360) .... done (Time = 0.00s, Memory = 0.0K)
Checking Rule W421 (Rule 70 of total 360) .... done (Time = 0.00s, Memory = 0.0K)
Checking Rule ReserveNameSystemVerilog-ML (Rule 71 of total 360) .... done (Time = 0.00s, Memory = 8.0K)
Checking Rule ReserveNameSystemVerilog-ML (Rule 72 of total 360) .... done (Time = 0.00s, Memory = 0.0K)
Checking Rule STARC05-2.1.6.5 (Rule 73 of total 360) .... done (Time = 0.00s, Memory = 0.0K)
Checking Rule ReportStopSummary (Rule 74 of total 360) .... done (Time = 0.00s, Memory = 0.0K)
Checking Rule ReportIgnoreSummary (Rule 75 of total 360) .... done (Time = 0.00s, Memory = 56.0K)
 Analyzing source file "define.v" ....
 Analyzing source file "core.v" ....
 Analyzing source file "conv.v" ....
 Analyzing source file "median.v" ....
 Elaborating Top Verilog Design Unit 'core' ..... done
Checking Rule ElabSummary (Rule 76 of total 360) .... done (Time = 0.01s, Memory = 0.0K)
Checking Rule ReportCheckDataSummary (Rule 77 of total 360) .... done (Time = 0.00s, Memory = 0.0K)

INFO [38]    Design option 'ignoredu/ignorefile' specified.
             Please refer 'InfoAnalyzeBBox' or ReportIgnoreSummary' rule message for more details.

 Reading waiver file "./spyglass-1/core/lint/lint_rtl_enhanced/spyglass_spysch/constraint/spg_autogenerated_waivers.sgdc" ...
 Generating SGDC file "./spyglass-1/core/lint/lint_rtl_enhanced/spyglass_spysch/constraint/pragma2Constraint.sgdc" from pragmas in HDL source files ....
 Generating WAIVER file "./spyglass-1/core/lint/lint_rtl_enhanced/spyglass_spysch/waiver/pragma2Waiver.swl" from pragmas in HDL source files ....
Checking Rule DetectTopDesignUnits (Rule 78 of total 360)
 Detected 1 top level design units:
     core
 .... done (Time = 0.00s, Memory = 0.0K)
Performing semantic checks on SGDC contents
Checking Rule SGDC_testmode03 (Rule 79 of total 360) .... done (Time = 0.00s, Memory = 0.0K)
Checking Rule PECHECK09 (Rule 80 of total 360) .... done (Time = 0.00s, Memory = 2544.0K)
Checking Rule Ac_multitop01 (Rule 81 of total 360) .... done (Time = 0.00s, Memory = 0.0K)
Checking Rule ReportObsoletePragmas (Rule 82 of total 360) .... done (Time = 0.00s, Memory = 0.0K)
Checking Rule ReportCksum (Rule 83 of total 360) .... done (Time = 0.00s, Memory = -2568.0K)
Checking Rule checkSGDC_01 (Rule 84 of total 360) .... done (Time = 0.00s, Memory = 0.0K)
Checking Rule checkSGDC_03 (Rule 85 of total 360) .... done (Time = 0.00s, Memory = 0.0K)
Checking Rule checkSGDC_08 (Rule 86 of total 360) .... done (Time = 0.00s, Memory = 0.0K)
Checking Rule GenerateConfMap (Rule 87 of total 360) .... done (Time = 0.00s, Memory = 0.0K)
Checking Rule SGDC_memorywritepin04 (Rule 88 of total 360) .... done (Time = 0.00s, Memory = 8.0K)
Checking Rule SGDC_reset02 (Rule 89 of total 360) .... done (Time = 0.00s, Memory = 8.0K)
Checking Rule SGDC_reset03 (Rule 90 of total 360) .... done (Time = 0.00s, Memory = 0.0K)
Checking Rule SGDC_libgroup03 (Rule 91 of total 360) .... done (Time = 0.00s, Memory = 24.0K)
Checking Rule SGDC_ungroup02 (Rule 92 of total 360) .... done (Time = 0.00s, Memory = 0.0K)
Checking Rule HdlLibDuCheck (Rule 93 of total 360) .... done (Time = 0.00s, Memory = 0.0K)
Checking Rule RtlDesignInfo (Rule 94 of total 360) .... done (Time = 0.01s, Memory = -2568.0K)
Checking Rule W339a (Rule 95 of total 360) .... done (Time = 0.00s, Memory = 0.0K)
Checking Rule W416 (Rule 96 of total 360) .... done (Time = 0.00s, Memory = 0.0K)
Checking Rule mixedsenselist (Rule 97 of total 360) .... done (Time = 0.00s, Memory = 0.0K)
Checking Rule W110a (Rule 98 of total 360) .... done (Time = 0.00s, Memory = 0.0K)
Checking Rule Pragma_setupa (Rule 99 of total 360) .... done (Time = 0.00s, Memory = 24.0K)
Checking Rule _deltaDelay (Rule 100 of total 360) .... done (Time = 0.00s, Memory = 0.0K)
Checking Rule _deltaDelay (Rule 101 of total 360) .... done (Time = 0.00s, Memory = 0.0K)
Checking Rule preReq_ConsCase (Rule 102 of total 360) .... done (Time = 0.00s, Memory = 0.0K)
Checking Rule CheckCelldefine (Rule 103 of total 360) .... done (Time = 0.00s, Memory = 0.0K)
Checking Rule SGDC_waive23 (Rule 104 of total 360) .... done (Time = 0.00s, Memory = 0.0K)
Checking Rule SGDC_waive26 (Rule 105 of total 360) .... done (Time = 0.00s, Memory = 0.0K)
Checking Rule SGDC_waive27 (Rule 106 of total 360) .... done (Time = 0.00s, Memory = 0.0K)
Checking Rule SGDC_waive29 (Rule 107 of total 360) .... done (Time = 0.00s, Memory = 0.0K)
Checking Rule STARC05-1.1.1.1 (Rule 108 of total 360) .... done (Time = 0.00s, Memory = 16.0K)
Checking Rule STARC05-2.3.1.5b (Rule 109 of total 360) .... done (Time = 0.00s, Memory = 0.0K)
Checking Rule STARC05-2.8.1.5 (Rule 110 of total 360) .... done (Time = 0.00s, Memory = 0.0K)
Checking Rule STARC05-2.8.5.1 (Rule 111 of total 360) .... done (Time = 0.00s, Memory = 0.0K)
Checking Rule STARC05-2.9.1.2a (Rule 112 of total 360) .... done (Time = 0.00s, Memory = 0.0K)
Checking Rule STARC05-2.9.1.2b (Rule 113 of total 360) .... done (Time = 0.00s, Memory = 0.0K)
Checking Rule STARC05-2.11.3.1 (Rule 114 of total 360) .... done (Time = 0.00s, Memory = 0.0K)
Checking Rule STARC05-1.1.1.1 (Rule 115 of total 360) .... done (Time = 0.00s, Memory = 0.0K)
Checking Rule Prereqs_STARC05-1.6.2.1 (Rule 116 of total 360) .... done (Time = 0.00s, Memory = 0.0K)
Checking Rule Prereqs_STARC-1.6.2.1 (Rule 117 of total 360) .... done (Time = 0.00s, Memory = 8.0K)
Checking Rule STARC05-2.3.4.1 (Rule 118 of total 360) .... done (Time = 0.00s, Memory = 0.0K)
Checking Rule W127 (Rule 119 of total 360) .... done (Time = 0.00s, Memory = 0.0K)
Checking Rule W193 (Rule 120 of total 360) .... done (Time = 0.01s, Memory = 0.0K)
Checking Rule W317 (Rule 121 of total 360) .... done (Time = 0.00s, Memory = 0.0K)
Checking Rule W422 (Rule 122 of total 360) .... done (Time = 0.00s, Memory = 0.0K)
Checking Rule W426 (Rule 123 of total 360) .... done (Time = 0.00s, Memory = 0.0K)
Checking Rule W464 (Rule 124 of total 360) .... done (Time = 0.00s, Memory = 0.0K)
Checking Rule W479 (Rule 125 of total 360) .... done (Time = 0.00s, Memory = 0.0K)
Checking Rule W480 (Rule 126 of total 360) .... done (Time = 0.00s, Memory = 0.0K)
Checking Rule W481a (Rule 127 of total 360) .... done (Time = 0.00s, Memory = 0.0K)
Checking Rule W481b (Rule 128 of total 360) .... done (Time = 0.00s, Memory = 0.0K)
Checking Rule W527 (Rule 129 of total 360) .... done (Time = 0.00s, Memory = 0.0K)
Checking Rule W422 (Rule 130 of total 360) .... done (Time = 0.00s, Memory = 0.0K)
Checking Rule W292 (Rule 131 of total 360) .... done (Time = 0.00s, Memory = 0.0K)
Checking Rule W464 (Rule 132 of total 360) .... done (Time = 0.00s, Memory = 0.0K)
Checking Rule W71 (Rule 133 of total 360) .... done (Time = 0.00s, Memory = 0.0K)
Checking Rule W167 (Rule 134 of total 360) .... done (Time = 0.00s, Memory = 104.0K)
Checking Rule W167 (Rule 135 of total 360) .... done (Time = 0.00s, Memory = 0.0K)
Checking Rule W293 (Rule 136 of total 360) .... done (Time = 0.00s, Memory = 0.0K)
Checking Rule W398 (Rule 137 of total 360) .... done (Time = 0.00s, Memory = 0.0K)
Checking Rule W421 (Rule 138 of total 360) .... done (Time = 0.00s, Memory = 0.0K)
Checking Rule W424 (Rule 139 of total 360) .... done (Time = 0.00s, Memory = 0.0K)
Checking Rule W443 (Rule 140 of total 360) .... done (Time = 0.00s, Memory = 0.0K)
Checking Rule W444 (Rule 141 of total 360) .... done (Time = 0.00s, Memory = 0.0K)
Checking Rule W467 (Rule 142 of total 360) .... done (Time = 0.00s, Memory = 0.0K)
Checking Rule UnrecSynthDir-ML (Rule 143 of total 360) .... done (Time = 0.00s, Memory = 0.0K)
Checking Rule UnrecSynthDir-ML (Rule 144 of total 360) .... done (Time = 0.00s, Memory = 0.0K)
Checking Rule PragmaComments-ML (Rule 145 of total 360) .... done (Time = 0.01s, Memory = 0.0K)
Checking Rule PragmaComments-ML (Rule 146 of total 360) .... done (Time = 0.00s, Memory = 0.0K)
Checking Rule CheckDelayTimescale-ML (Rule 147 of total 360) .... done (Time = 0.01s, Memory = -2536.0K)
Checking Rule Prereqs_CheckTimeUnitandPrecision-ML (Rule 148 of total 360) .... done (Time = 0.00s, Memory = 0.0K)
Checking Rule NoGenLabel-ML (Rule 149 of total 360)
Rule NoGenLabel-ML: Unknown argument 'yes' passed
 .... done (Time = 0.01s, Memory = 0.0K)
Checking Rule SetBeforeRead-ML (Rule 150 of total 360) .... done (Time = 0.00s, Memory = 0.0K)
Checking ELABDU Rules for designUnit core
    Checking Rule Ac_classify_param01 (Rule 151 of total 360) .... done (Time = 0.00s, Memory = 0.0K)
    Checking Rule AcOvlRtl (Rule 152 of total 360) .... done (Time = 0.00s, Memory = 0.0K)
    Checking Rule AcOvlRtl (Rule 153 of total 360) .... done (Time = 0.00s, Memory = 32.0K)
    Checking Rule GenTopLevelBlocksForAutoSoc (Rule 154 of total 360) .... done (Time = 0.00s, Memory = 2544.0K)
    Checking Rule Prereqs_InferLatch (Rule 155 of total 360) .... done (Time = 0.00s, Memory = 0.0K)
    Checking Rule STARC05-2.1.4.5 (Rule 156 of total 360) .... done (Time = 0.00s, Memory = 0.0K)
    Checking Rule STARC05-2.1.5.3 (Rule 157 of total 360) .... done (Time = 0.00s, Memory = 0.0K)
    Checking Rule STARC05-2.2.3.3 (Rule 158 of total 360) .... done (Time = 0.00s, Memory = 0.0K)
    Checking Rule STARC05-2.3.1.6 (Rule 159 of total 360) .... done (Time = 0.00s, Memory = 0.0K)
    Checking Rule STARC05-2.10.2.3 (Rule 160 of total 360) .... done (Time = 0.01s, Memory = 0.0K)
    Checking Rule STARC05-2.10.3.2a (Rule 161 of total 360) .... done (Time = 0.00s, Memory = 0.0K)
    Checking Rule STARC05-2.11.3.1 (Rule 162 of total 360) .... done (Time = 0.01s, Memory = 0.0K)
    Checking Rule STARC05-2.1.1.2 (Rule 163 of total 360) .... done (Time = 0.00s, Memory = 0.0K)
    Checking Rule STARC05-2.1.3.1 (Rule 164 of total 360) .... done (Time = 0.00s, Memory = 0.0K)
    Checking Rule STARC05-2.8.1.3 (Rule 165 of total 360) .... done (Time = 0.00s, Memory = 0.0K)
    Checking Rule STARC05-2.10.1.4a (Rule 166 of total 360) .... done (Time = 0.00s, Memory = 0.0K)
    Checking Rule STARC05-2.10.1.4b (Rule 167 of total 360) .... done (Time = 0.00s, Memory = 8.0K)
    Checking Rule STARC05-2.8.1.3 (Rule 168 of total 360) .... done (Time = 0.00s, Memory = 0.0K)
    Checking Rule sim_race02 (Rule 169 of total 360) .... done (Time = 0.01s, Memory = 8.0K)
    Checking Rule W239 (Rule 170 of total 360) .... done (Time = 0.00s, Memory = 0.0K)
    Checking Rule W110 (Rule 171 of total 360) .... done (Time = 0.00s, Memory = 0.0K)
    Checking Rule W122 (Rule 172 of total 360) .... done (Time = 0.00s, Memory = 8.0K)
    Checking Rule W163 (Rule 173 of total 360) .... done (Time = 0.00s, Memory = 8.0K)
    Checking Rule W552 (Rule 174 of total 360) .... done (Time = 0.00s, Memory = -8.0K)
    Checking Rule W553 (Rule 175 of total 360) .... done (Time = 0.00s, Memory = 0.0K)
    Checking Rule W496a (Rule 176 of total 360) .... done (Time = 0.00s, Memory = 0.0K)
    Checking Rule W496b (Rule 177 of total 360) .... done (Time = 0.00s, Memory = 0.0K)
    Checking Rule W19 (Rule 178 of total 360) .... done (Time = 0.00s, Memory = 0.0K)
    Checking Rule W66 (Rule 179 of total 360) .... done (Time = 0.00s, Memory = 0.0K)
    Checking Rule W116 (Rule 180 of total 360) .... done (Time = 0.00s, Memory = 0.0K)
    Checking Rule W123 (Rule 181 of total 360) .... done (Time = 0.00s, Memory = 24.0K)
    Checking Rule W156 (Rule 182 of total 360) .... done (Time = 0.00s, Memory = 904.0K)
    Checking Rule W188 (Rule 183 of total 360) .... done (Time = 0.00s, Memory = 0.0K)
    Checking Rule W215 (Rule 184 of total 360) .... done (Time = 0.00s, Memory = -8.0K)
    Checking Rule W216 (Rule 185 of total 360) .... done (Time = 0.00s, Memory = 2544.0K)
    Checking Rule W218 (Rule 186 of total 360) .... done (Time = 0.00s, Memory = 16.0K)
    Checking Rule W238 (Rule 187 of total 360) .... done (Time = 0.00s, Memory = 0.0K)
    Checking Rule W245 (Rule 188 of total 360) .... done (Time = 0.00s, Memory = 0.0K)
    Checking Rule W263 (Rule 189 of total 360) .... done (Time = 0.00s, Memory = 0.0K)
    Checking Rule W289 (Rule 190 of total 360) .... done (Time = 0.00s, Memory = 0.0K)
    Checking Rule W314 (Rule 191 of total 360) .... done (Time = 0.00s, Memory = 0.0K)
    Checking Rule W316 (Rule 192 of total 360) .... done (Time = 0.00s, Memory = 0.0K)
    Checking Rule W337 (Rule 193 of total 360) .... done (Time = 0.00s, Memory = 0.0K)
    Checking Rule W342 (Rule 194 of total 360) .... done (Time = 0.00s, Memory = 0.0K)
    Checking Rule W343 (Rule 195 of total 360) .... done (Time = 0.00s, Memory = 0.0K)
    Checking Rule W416 (Rule 196 of total 360) .... done (Time = 0.00s, Memory = 0.0K)
    Checking Rule W352 (Rule 197 of total 360) .... done (Time = 0.00s, Memory = 0.0K)
    Checking Rule W362 (Rule 198 of total 360) .... done (Time = 0.00s, Memory = 0.0K)
    Checking Rule W423 (Rule 199 of total 360) .... done (Time = 0.00s, Memory = 0.0K)
    Checking Rule W486 (Rule 200 of total 360) .... done (Time = 0.00s, Memory = 0.0K)
    Checking Rule W499 (Rule 201 of total 360) .... done (Time = 0.00s, Memory = 0.0K)
    Checking Rule W502 (Rule 202 of total 360) .... done (Time = 0.00s, Memory = 0.0K)
    Checking Rule W575 (Rule 203 of total 360) .... done (Time = 0.00s, Memory = 0.0K)
    Checking Rule W576 (Rule 204 of total 360) .... done (Time = 0.00s, Memory = 0.0K)
    Checking Rule W116 (Rule 205 of total 360) .... done (Time = 0.00s, Memory = 0.0K)
    Checking Rule W122 (Rule 206 of total 360) .... done (Time = 0.00s, Memory = 0.0K)
    Checking Rule W123 (Rule 207 of total 360) .... done (Time = 0.00s, Memory = 0.0K)
    Checking Rule W156 (Rule 208 of total 360) .... done (Time = 0.00s, Memory = 0.0K)
    Checking Rule W71 (Rule 209 of total 360) .... done (Time = 0.00s, Memory = 0.0K)
    Checking Rule W164a (Rule 210 of total 360) .... done (Time = 0.00s, Memory = 0.0K)
    Checking Rule W164a (Rule 211 of total 360) .... done (Time = 0.00s, Memory = 0.0K)
    Checking Rule W164b (Rule 212 of total 360) .... done (Time = 0.00s, Memory = 0.0K)
    Checking Rule W164b (Rule 213 of total 360) .... done (Time = 0.00s, Memory = 0.0K)
    Checking Rule W210 (Rule 214 of total 360) .... done (Time = 0.00s, Memory = 0.0K)
    Checking Rule W210 (Rule 215 of total 360) .... done (Time = 0.00s, Memory = 0.0K)
    Checking Rule W240 (Rule 216 of total 360) .... done (Time = 0.00s, Memory = 0.0K)
    Checking Rule W240 (Rule 217 of total 360) .... done (Time = 0.00s, Memory = 0.0K)
    Checking Rule W241 (Rule 218 of total 360) .... done (Time = 0.00s, Memory = 0.0K)
    Checking Rule W241 (Rule 219 of total 360) .... done (Time = 0.00s, Memory = 0.0K)
    Checking Rule W287a (Rule 220 of total 360) .... done (Time = 0.00s, Memory = 8.0K)
    Checking Rule W287c (Rule 221 of total 360) .... done (Time = 0.00s, Memory = 0.0K)
    Checking Rule W293 (Rule 222 of total 360) .... done (Time = 0.00s, Memory = 0.0K)
    Checking Rule W398 (Rule 223 of total 360) .... done (Time = 0.00s, Memory = 8.0K)
    Checking Rule W424 (Rule 224 of total 360) .... done (Time = 0.00s, Memory = 0.0K)
    Checking Rule W443 (Rule 225 of total 360) .... done (Time = 0.00s, Memory = 8.0K)
    Checking Rule W444 (Rule 226 of total 360) .... done (Time = 0.00s, Memory = 0.0K)
    Checking Rule W467 (Rule 227 of total 360) .... done (Time = 0.00s, Memory = 0.0K)
    Checking Rule W494 (Rule 228 of total 360) .... done (Time = 0.00s, Memory = 0.0K)
    Checking Rule W494 (Rule 229 of total 360) .... done (Time = 0.00s, Memory = 8.0K)
    Checking Rule W505 (Rule 230 of total 360) .... done (Time = 0.00s, Memory = 0.0K)
    Checking Rule W505 (Rule 231 of total 360) .... done (Time = 0.00s, Memory = 0.0K)
    Checking Rule Prereqs_Usage (Rule 232 of total 360) .... done (Time = 0.00s, Memory = -16.0K)
    Checking Rule Prereqs_ConstantInput-ML (Rule 233 of total 360) .... done (Time = 0.00s, Memory = 32.0K)
    Checking Rule ReportPortInfo-ML (Rule 234 of total 360) .... done (Time = 0.00s, Memory = 8.0K)
    Checking Rule Prereqs_ReportPortInfo-ML (Rule 235 of total 360) .... done (Time = 0.00s, Memory = 0.0K)
    Checking Rule Prereqs_ReportPortInfo-ML (Rule 236 of total 360) .... done (Time = 0.00s, Memory = 24.0K)
    Checking Rule DisallowCaseX-ML (Rule 237 of total 360) .... done (Time = 0.00s, Memory = 8.0K)
    Checking Rule NoAssignX-ML (Rule 238 of total 360) .... done (Time = 0.00s, Memory = 0.0K)
    Checking Rule InstPortConnType-ML (Rule 239 of total 360) .... done (Time = 0.00s, Memory = 0.0K)
    Checking Rule ParamWidthMismatch-ML (Rule 240 of total 360) .... done (Time = 0.00s, Memory = 0.0K)
    Checking Rule DuplicateCaseLabel-ML (Rule 241 of total 360) .... done (Time = 0.00s, Memory = -32.0K)
    Checking Rule AutomaticFuncTask-ML (Rule 242 of total 360) .... done (Time = 0.00s, Memory = 0.0K)
    Checking Rule SetBeforeRead-ML (Rule 243 of total 360) .... done (Time = 0.01s, Memory = 0.0K)
    Checking Rule SigAssignZ-ML (Rule 244 of total 360) .... done (Time = 0.00s, Memory = 0.0K)
    Checking Rule Postreqs_Usage_ML (Rule 245 of total 360) .... done (Time = 0.00s, Memory = 0.0K)
    Checking Rule ImproperRangeIndex-ML (Rule 246 of total 360) .... done (Time = 0.00s, Memory = 0.0K)
    Checking Rule NoXInCase-ML (Rule 247 of total 360) .... done (Time = 0.00s, Memory = 0.0K)
    Checking Rule SigAssignZ-ML (Rule 248 of total 360) .... done (Time = 0.00s, Memory = 0.0K)
Checking ELABDU Rules for designUnit conv
    Checking Rule Ac_classify_param01 (Rule 151 of total 360) .... done (Time = 0.00s, Memory = 0.0K)
    Checking Rule AcOvlRtl (Rule 152 of total 360) .... done (Time = 0.00s, Memory = 0.0K)
    Checking Rule AcOvlRtl (Rule 153 of total 360) .... done (Time = 0.00s, Memory = 32.0K)
    Checking Rule GenTopLevelBlocksForAutoSoc (Rule 154 of total 360) .... done (Time = 0.00s, Memory = 0.0K)
    Checking Rule Prereqs_InferLatch (Rule 155 of total 360) .... done (Time = 0.00s, Memory = 0.0K)
    Checking Rule STARC05-2.1.4.5 (Rule 156 of total 360) .... done (Time = 0.00s, Memory = 0.0K)
    Checking Rule STARC05-2.1.5.3 (Rule 157 of total 360) .... done (Time = 0.00s, Memory = 0.0K)
    Checking Rule STARC05-2.2.3.3 (Rule 158 of total 360) .... done (Time = 0.00s, Memory = 0.0K)
    Checking Rule STARC05-2.3.1.6 (Rule 159 of total 360) .... done (Time = 0.00s, Memory = 0.0K)
    Checking Rule STARC05-2.10.2.3 (Rule 160 of total 360) .... done (Time = 0.00s, Memory = 0.0K)
    Checking Rule STARC05-2.10.3.2a (Rule 161 of total 360) .... done (Time = 0.00s, Memory = 0.0K)
    Checking Rule STARC05-2.11.3.1 (Rule 162 of total 360) .... done (Time = 0.00s, Memory = 8.0K)
    Checking Rule STARC05-2.1.1.2 (Rule 163 of total 360) .... done (Time = 0.00s, Memory = 0.0K)
    Checking Rule STARC05-2.1.3.1 (Rule 164 of total 360) .... done (Time = 0.00s, Memory = 0.0K)
    Checking Rule STARC05-2.8.1.3 (Rule 165 of total 360) .... done (Time = 0.00s, Memory = 0.0K)
    Checking Rule STARC05-2.10.1.4a (Rule 166 of total 360) .... done (Time = 0.00s, Memory = 0.0K)
    Checking Rule STARC05-2.10.1.4b (Rule 167 of total 360) .... done (Time = 0.00s, Memory = 0.0K)
    Checking Rule STARC05-2.8.1.3 (Rule 168 of total 360) .... done (Time = 0.00s, Memory = 0.0K)
    Checking Rule sim_race02 (Rule 169 of total 360) .... done (Time = 0.01s, Memory = 0.0K)
    Checking Rule W239 (Rule 170 of total 360) .... done (Time = 0.00s, Memory = 0.0K)
    Checking Rule W110 (Rule 171 of total 360) .... done (Time = 0.00s, Memory = 0.0K)
    Checking Rule W122 (Rule 172 of total 360) .... done (Time = 0.00s, Memory = 0.0K)
    Checking Rule W163 (Rule 173 of total 360) .... done (Time = 0.00s, Memory = 0.0K)
    Checking Rule W552 (Rule 174 of total 360) .... done (Time = 0.00s, Memory = 8.0K)
    Checking Rule W553 (Rule 175 of total 360) .... done (Time = 0.00s, Memory = 0.0K)
    Checking Rule W496a (Rule 176 of total 360) .... done (Time = 0.00s, Memory = 0.0K)
    Checking Rule W496b (Rule 177 of total 360) .... done (Time = 0.00s, Memory = 0.0K)
    Checking Rule W19 (Rule 178 of total 360) .... done (Time = 0.00s, Memory = 0.0K)
    Checking Rule W66 (Rule 179 of total 360) .... done (Time = 0.00s, Memory = 0.0K)
    Checking Rule W116 (Rule 180 of total 360) .... done (Time = 0.00s, Memory = 0.0K)
    Checking Rule W123 (Rule 181 of total 360) .... done (Time = 0.00s, Memory = 16.0K)
    Checking Rule W156 (Rule 182 of total 360) .... done (Time = 0.00s, Memory = 0.0K)
    Checking Rule W188 (Rule 183 of total 360) .... done (Time = 0.00s, Memory = 0.0K)
    Checking Rule W215 (Rule 184 of total 360) .... done (Time = 0.00s, Memory = 0.0K)
    Checking Rule W216 (Rule 185 of total 360) .... done (Time = 0.00s, Memory = 0.0K)
    Checking Rule W218 (Rule 186 of total 360) .... done (Time = 0.00s, Memory = 0.0K)
    Checking Rule W238 (Rule 187 of total 360) .... done (Time = 0.00s, Memory = 0.0K)
    Checking Rule W245 (Rule 188 of total 360) .... done (Time = 0.00s, Memory = 0.0K)
    Checking Rule W263 (Rule 189 of total 360) .... done (Time = 0.00s, Memory = 0.0K)
    Checking Rule W289 (Rule 190 of total 360) .... done (Time = 0.00s, Memory = 0.0K)
    Checking Rule W314 (Rule 191 of total 360) .... done (Time = 0.00s, Memory = 0.0K)
    Checking Rule W316 (Rule 192 of total 360) .... done (Time = 0.00s, Memory = 0.0K)
    Checking Rule W337 (Rule 193 of total 360) .... done (Time = 0.00s, Memory = 0.0K)
    Checking Rule W342 (Rule 194 of total 360) .... done (Time = 0.00s, Memory = 0.0K)
    Checking Rule W343 (Rule 195 of total 360) .... done (Time = 0.00s, Memory = 0.0K)
    Checking Rule W416 (Rule 196 of total 360) .... done (Time = 0.00s, Memory = 0.0K)
    Checking Rule W352 (Rule 197 of total 360) .... done (Time = 0.00s, Memory = 0.0K)
    Checking Rule W362 (Rule 198 of total 360) .... done (Time = 0.00s, Memory = 0.0K)
    Checking Rule W423 (Rule 199 of total 360) .... done (Time = 0.00s, Memory = 0.0K)
    Checking Rule W486 (Rule 200 of total 360) .... done (Time = 0.00s, Memory = 0.0K)
    Checking Rule W499 (Rule 201 of total 360) .... done (Time = 0.00s, Memory = 0.0K)
    Checking Rule W502 (Rule 202 of total 360) .... done (Time = 0.00s, Memory = 0.0K)
    Checking Rule W575 (Rule 203 of total 360) .... done (Time = 0.00s, Memory = 0.0K)
    Checking Rule W576 (Rule 204 of total 360) .... done (Time = 0.00s, Memory = 0.0K)
    Checking Rule W116 (Rule 205 of total 360) .... done (Time = 0.00s, Memory = 0.0K)
    Checking Rule W122 (Rule 206 of total 360) .... done (Time = 0.00s, Memory = 0.0K)
    Checking Rule W123 (Rule 207 of total 360) .... done (Time = 0.00s, Memory = 0.0K)
    Checking Rule W156 (Rule 208 of total 360) .... done (Time = 0.00s, Memory = 0.0K)
    Checking Rule W71 (Rule 209 of total 360) .... done (Time = 0.00s, Memory = 0.0K)
    Checking Rule W164a (Rule 210 of total 360) .... done (Time = 0.00s, Memory = 0.0K)
    Checking Rule W164a (Rule 211 of total 360) .... done (Time = 0.00s, Memory = 0.0K)
    Checking Rule W164b (Rule 212 of total 360) .... done (Time = 0.00s, Memory = 0.0K)
    Checking Rule W164b (Rule 213 of total 360) .... done (Time = 0.00s, Memory = 0.0K)
    Checking Rule W210 (Rule 214 of total 360) .... done (Time = 0.00s, Memory = 0.0K)
    Checking Rule W210 (Rule 215 of total 360) .... done (Time = 0.00s, Memory = 0.0K)
    Checking Rule W240 (Rule 216 of total 360) .... done (Time = 0.00s, Memory = 0.0K)
    Checking Rule W240 (Rule 217 of total 360) .... done (Time = 0.00s, Memory = 0.0K)
    Checking Rule W241 (Rule 218 of total 360) .... done (Time = 0.00s, Memory = 0.0K)
    Checking Rule W241 (Rule 219 of total 360) .... done (Time = 0.00s, Memory = 0.0K)
    Checking Rule W287a (Rule 220 of total 360) .... done (Time = 0.00s, Memory = 0.0K)
    Checking Rule W287c (Rule 221 of total 360) .... done (Time = 0.00s, Memory = 0.0K)
    Checking Rule W293 (Rule 222 of total 360) .... done (Time = 0.00s, Memory = 0.0K)
    Checking Rule W398 (Rule 223 of total 360) .... done (Time = 0.00s, Memory = 0.0K)
    Checking Rule W424 (Rule 224 of total 360) .... done (Time = 0.00s, Memory = 0.0K)
    Checking Rule W443 (Rule 225 of total 360) .... done (Time = 0.00s, Memory = 0.0K)
    Checking Rule W444 (Rule 226 of total 360) .... done (Time = 0.00s, Memory = 0.0K)
    Checking Rule W467 (Rule 227 of total 360) .... done (Time = 0.00s, Memory = 0.0K)
    Checking Rule W494 (Rule 228 of total 360) .... done (Time = 0.00s, Memory = 0.0K)
    Checking Rule W494 (Rule 229 of total 360) .... done (Time = 0.00s, Memory = 8.0K)
    Checking Rule W505 (Rule 230 of total 360) .... done (Time = 0.00s, Memory = 0.0K)
    Checking Rule W505 (Rule 231 of total 360) .... done (Time = 0.00s, Memory = 0.0K)
    Checking Rule Prereqs_Usage (Rule 232 of total 360) .... done (Time = 0.00s, Memory = -16.0K)
    Checking Rule Prereqs_ConstantInput-ML (Rule 233 of total 360) .... done (Time = 0.00s, Memory = 32.0K)
    Checking Rule ReportPortInfo-ML (Rule 234 of total 360) .... done (Time = 0.00s, Memory = 0.0K)
    Checking Rule Prereqs_ReportPortInfo-ML (Rule 235 of total 360) .... done (Time = 0.00s, Memory = 0.0K)
    Checking Rule Prereqs_ReportPortInfo-ML (Rule 236 of total 360) .... done (Time = 0.00s, Memory = 0.0K)
    Checking Rule DisallowCaseX-ML (Rule 237 of total 360) .... done (Time = 0.00s, Memory = 0.0K)
    Checking Rule NoAssignX-ML (Rule 238 of total 360) .... done (Time = 0.00s, Memory = 0.0K)
    Checking Rule InstPortConnType-ML (Rule 239 of total 360) .... done (Time = 0.00s, Memory = 0.0K)
    Checking Rule ParamWidthMismatch-ML (Rule 240 of total 360) .... done (Time = 0.00s, Memory = 0.0K)
    Checking Rule DuplicateCaseLabel-ML (Rule 241 of total 360) .... done (Time = 0.00s, Memory = 0.0K)
    Checking Rule AutomaticFuncTask-ML (Rule 242 of total 360) .... done (Time = 0.00s, Memory = 0.0K)
    Checking Rule SetBeforeRead-ML (Rule 243 of total 360) .... done (Time = 0.00s, Memory = 96.0K)
    Checking Rule SigAssignZ-ML (Rule 244 of total 360) .... done (Time = 0.00s, Memory = 0.0K)
    Checking Rule Postreqs_Usage_ML (Rule 245 of total 360) .... done (Time = 0.00s, Memory = 0.0K)
    Checking Rule ImproperRangeIndex-ML (Rule 246 of total 360) .... done (Time = 0.00s, Memory = 0.0K)
    Checking Rule NoXInCase-ML (Rule 247 of total 360) .... done (Time = 0.00s, Memory = 0.0K)
    Checking Rule SigAssignZ-ML (Rule 248 of total 360) .... done (Time = 0.00s, Memory = 0.0K)
Checking ELABDU Rules for designUnit median
    Checking Rule Ac_classify_param01 (Rule 151 of total 360) .... done (Time = 0.00s, Memory = 0.0K)
    Checking Rule AcOvlRtl (Rule 152 of total 360) .... done (Time = 0.00s, Memory = 0.0K)
    Checking Rule AcOvlRtl (Rule 153 of total 360) .... done (Time = 0.00s, Memory = 32.0K)
    Checking Rule GenTopLevelBlocksForAutoSoc (Rule 154 of total 360) .... done (Time = 0.00s, Memory = 0.0K)
    Checking Rule Prereqs_InferLatch (Rule 155 of total 360) .... done (Time = 0.00s, Memory = 0.0K)
    Checking Rule STARC05-2.1.4.5 (Rule 156 of total 360) .... done (Time = 0.00s, Memory = 0.0K)
    Checking Rule STARC05-2.1.5.3 (Rule 157 of total 360) .... done (Time = 0.00s, Memory = 0.0K)
    Checking Rule STARC05-2.2.3.3 (Rule 158 of total 360) .... done (Time = 0.00s, Memory = 0.0K)
    Checking Rule STARC05-2.3.1.6 (Rule 159 of total 360) .... done (Time = 0.00s, Memory = 0.0K)
    Checking Rule STARC05-2.10.2.3 (Rule 160 of total 360) .... done (Time = 0.00s, Memory = 0.0K)
    Checking Rule STARC05-2.10.3.2a (Rule 161 of total 360) .... done (Time = 0.01s, Memory = 0.0K)
    Checking Rule STARC05-2.11.3.1 (Rule 162 of total 360) .... done (Time = 0.00s, Memory = 40.0K)
    Checking Rule STARC05-2.1.1.2 (Rule 163 of total 360) .... done (Time = 0.00s, Memory = -8.0K)
    Checking Rule STARC05-2.1.3.1 (Rule 164 of total 360) .... done (Time = 0.00s, Memory = -8.0K)
    Checking Rule STARC05-2.8.1.3 (Rule 165 of total 360) .... done (Time = 0.00s, Memory = 0.0K)
    Checking Rule STARC05-2.10.1.4a (Rule 166 of total 360) .... done (Time = 0.00s, Memory = 0.0K)
    Checking Rule STARC05-2.10.1.4b (Rule 167 of total 360) .... done (Time = 0.00s, Memory = 0.0K)
    Checking Rule STARC05-2.8.1.3 (Rule 168 of total 360) .... done (Time = 0.00s, Memory = 0.0K)
    Checking Rule sim_race02 (Rule 169 of total 360) .... done (Time = 0.00s, Memory = 0.0K)
    Checking Rule W239 (Rule 170 of total 360) .... done (Time = 0.00s, Memory = 0.0K)
    Checking Rule W110 (Rule 171 of total 360) .... done (Time = 0.00s, Memory = 0.0K)
    Checking Rule W122 (Rule 172 of total 360) .... done (Time = 0.00s, Memory = 0.0K)
    Checking Rule W163 (Rule 173 of total 360) .... done (Time = 0.00s, Memory = 0.0K)
    Checking Rule W552 (Rule 174 of total 360) .... done (Time = 0.00s, Memory = 0.0K)
    Checking Rule W553 (Rule 175 of total 360) .... done (Time = 0.00s, Memory = 0.0K)
    Checking Rule W496a (Rule 176 of total 360) .... done (Time = 0.00s, Memory = 0.0K)
    Checking Rule W496b (Rule 177 of total 360) .... done (Time = 0.00s, Memory = 0.0K)
    Checking Rule W19 (Rule 178 of total 360) .... done (Time = 0.00s, Memory = 0.0K)
    Checking Rule W66 (Rule 179 of total 360) .... done (Time = 0.00s, Memory = 0.0K)
    Checking Rule W116 (Rule 180 of total 360) .... done (Time = 0.01s, Memory = 0.0K)
    Checking Rule W123 (Rule 181 of total 360) .... done (Time = 0.00s, Memory = 16.0K)
    Checking Rule W156 (Rule 182 of total 360) .... done (Time = 0.00s, Memory = 0.0K)
    Checking Rule W188 (Rule 183 of total 360) .... done (Time = 0.00s, Memory = 0.0K)
    Checking Rule W215 (Rule 184 of total 360) .... done (Time = 0.00s, Memory = 0.0K)
    Checking Rule W216 (Rule 185 of total 360) .... done (Time = 0.00s, Memory = 0.0K)
    Checking Rule W218 (Rule 186 of total 360) .... done (Time = 0.00s, Memory = 0.0K)
    Checking Rule W238 (Rule 187 of total 360) .... done (Time = 0.00s, Memory = 0.0K)
    Checking Rule W245 (Rule 188 of total 360) .... done (Time = 0.00s, Memory = 0.0K)
    Checking Rule W263 (Rule 189 of total 360) .... done (Time = 0.00s, Memory = 0.0K)
    Checking Rule W289 (Rule 190 of total 360) .... done (Time = 0.00s, Memory = 0.0K)
    Checking Rule W314 (Rule 191 of total 360) .... done (Time = 0.00s, Memory = 0.0K)
    Checking Rule W316 (Rule 192 of total 360) .... done (Time = 0.00s, Memory = 0.0K)
    Checking Rule W337 (Rule 193 of total 360) .... done (Time = 0.00s, Memory = 0.0K)
    Checking Rule W342 (Rule 194 of total 360) .... done (Time = 0.00s, Memory = 0.0K)
    Checking Rule W343 (Rule 195 of total 360) .... done (Time = 0.00s, Memory = 0.0K)
    Checking Rule W416 (Rule 196 of total 360) .... done (Time = 0.00s, Memory = 0.0K)
    Checking Rule W352 (Rule 197 of total 360) .... done (Time = 0.00s, Memory = 0.0K)
    Checking Rule W362 (Rule 198 of total 360) .... done (Time = 0.00s, Memory = 0.0K)
    Checking Rule W423 (Rule 199 of total 360) .... done (Time = 0.00s, Memory = 0.0K)
    Checking Rule W486 (Rule 200 of total 360) .... done (Time = 0.00s, Memory = 0.0K)
    Checking Rule W499 (Rule 201 of total 360) .... done (Time = 0.00s, Memory = 0.0K)
    Checking Rule W502 (Rule 202 of total 360) .... done (Time = 0.00s, Memory = 0.0K)
    Checking Rule W575 (Rule 203 of total 360) .... done (Time = 0.00s, Memory = 0.0K)
    Checking Rule W576 (Rule 204 of total 360) .... done (Time = 0.00s, Memory = 0.0K)
    Checking Rule W116 (Rule 205 of total 360) .... done (Time = 0.00s, Memory = 0.0K)
    Checking Rule W122 (Rule 206 of total 360) .... done (Time = 0.00s, Memory = 0.0K)
    Checking Rule W123 (Rule 207 of total 360) .... done (Time = 0.00s, Memory = 0.0K)
    Checking Rule W156 (Rule 208 of total 360) .... done (Time = 0.00s, Memory = 0.0K)
    Checking Rule W71 (Rule 209 of total 360) .... done (Time = 0.00s, Memory = 0.0K)
    Checking Rule W164a (Rule 210 of total 360) .... done (Time = 0.00s, Memory = 0.0K)
    Checking Rule W164a (Rule 211 of total 360) .... done (Time = 0.00s, Memory = 0.0K)
    Checking Rule W164b (Rule 212 of total 360) .... done (Time = 0.00s, Memory = 0.0K)
    Checking Rule W164b (Rule 213 of total 360) .... done (Time = 0.00s, Memory = 0.0K)
    Checking Rule W210 (Rule 214 of total 360) .... done (Time = 0.00s, Memory = 0.0K)
    Checking Rule W210 (Rule 215 of total 360) .... done (Time = 0.00s, Memory = 0.0K)
    Checking Rule W240 (Rule 216 of total 360) .... done (Time = 0.00s, Memory = 0.0K)
    Checking Rule W240 (Rule 217 of total 360) .... done (Time = 0.00s, Memory = 0.0K)
    Checking Rule W241 (Rule 218 of total 360) .... done (Time = 0.00s, Memory = 0.0K)
    Checking Rule W241 (Rule 219 of total 360) .... done (Time = 0.00s, Memory = 0.0K)
    Checking Rule W287a (Rule 220 of total 360) .... done (Time = 0.00s, Memory = -2568.0K)
    Checking Rule W287c (Rule 221 of total 360) .... done (Time = 0.00s, Memory = 0.0K)
    Checking Rule W293 (Rule 222 of total 360) .... done (Time = 0.00s, Memory = 0.0K)
    Checking Rule W398 (Rule 223 of total 360) .... done (Time = 0.00s, Memory = 0.0K)
    Checking Rule W424 (Rule 224 of total 360) .... done (Time = 0.00s, Memory = 0.0K)
    Checking Rule W443 (Rule 225 of total 360) .... done (Time = 0.00s, Memory = 0.0K)
    Checking Rule W444 (Rule 226 of total 360) .... done (Time = 0.00s, Memory = 0.0K)
    Checking Rule W467 (Rule 227 of total 360) .... done (Time = 0.00s, Memory = 0.0K)
    Checking Rule W494 (Rule 228 of total 360) .... done (Time = 0.00s, Memory = 0.0K)
    Checking Rule W494 (Rule 229 of total 360) .... done (Time = 0.00s, Memory = 8.0K)
    Checking Rule W505 (Rule 230 of total 360) .... done (Time = 0.00s, Memory = 0.0K)
    Checking Rule W505 (Rule 231 of total 360) .... done (Time = 0.00s, Memory = 0.0K)
    Checking Rule Prereqs_Usage (Rule 232 of total 360) .... done (Time = 0.00s, Memory = -16.0K)
    Checking Rule Prereqs_ConstantInput-ML (Rule 233 of total 360) .... done (Time = 0.00s, Memory = 32.0K)
    Checking Rule ReportPortInfo-ML (Rule 234 of total 360) .... done (Time = 0.00s, Memory = 0.0K)
    Checking Rule Prereqs_ReportPortInfo-ML (Rule 235 of total 360) .... done (Time = 0.00s, Memory = 0.0K)
    Checking Rule Prereqs_ReportPortInfo-ML (Rule 236 of total 360) .... done (Time = 0.00s, Memory = 0.0K)
    Checking Rule DisallowCaseX-ML (Rule 237 of total 360) .... done (Time = 0.00s, Memory = -32.0K)
    Checking Rule NoAssignX-ML (Rule 238 of total 360) .... done (Time = 0.00s, Memory = 0.0K)
    Checking Rule InstPortConnType-ML (Rule 239 of total 360) .... done (Time = 0.00s, Memory = -8.0K)
    Checking Rule ParamWidthMismatch-ML (Rule 240 of total 360) .... done (Time = 0.00s, Memory = 0.0K)
    Checking Rule DuplicateCaseLabel-ML (Rule 241 of total 360) .... done (Time = 0.00s, Memory = 0.0K)
    Checking Rule AutomaticFuncTask-ML (Rule 242 of total 360) .... done (Time = 0.00s, Memory = 0.0K)
    Checking Rule SetBeforeRead-ML (Rule 243 of total 360) .... done (Time = 0.01s, Memory = 8.0K)
    Checking Rule SigAssignZ-ML (Rule 244 of total 360) .... done (Time = 0.00s, Memory = 0.0K)
    Checking Rule Postreqs_Usage_ML (Rule 245 of total 360) .... done (Time = 0.00s, Memory = 0.0K)
    Checking Rule ImproperRangeIndex-ML (Rule 246 of total 360) .... done (Time = 0.00s, Memory = 0.0K)
    Checking Rule NoXInCase-ML (Rule 247 of total 360) .... done (Time = 0.00s, Memory = 0.0K)
    Checking Rule SigAssignZ-ML (Rule 248 of total 360) .... done (Time = 0.00s, Memory = 0.0K)
Checking ELABDU Rules for designUnit median_filter_submodule
    Checking Rule Ac_classify_param01 (Rule 151 of total 360) .... done (Time = 0.00s, Memory = 0.0K)
    Checking Rule AcOvlRtl (Rule 152 of total 360) .... done (Time = 0.00s, Memory = 0.0K)
    Checking Rule AcOvlRtl (Rule 153 of total 360) .... done (Time = 0.00s, Memory = 32.0K)
    Checking Rule GenTopLevelBlocksForAutoSoc (Rule 154 of total 360) .... done (Time = 0.00s, Memory = 0.0K)
    Checking Rule Prereqs_InferLatch (Rule 155 of total 360) .... done (Time = 0.00s, Memory = 0.0K)
    Checking Rule STARC05-2.1.4.5 (Rule 156 of total 360) .... done (Time = 0.00s, Memory = 0.0K)
    Checking Rule STARC05-2.1.5.3 (Rule 157 of total 360) .... done (Time = 0.00s, Memory = 0.0K)
    Checking Rule STARC05-2.2.3.3 (Rule 158 of total 360) .... done (Time = 0.00s, Memory = 0.0K)
    Checking Rule STARC05-2.3.1.6 (Rule 159 of total 360) .... done (Time = 0.00s, Memory = 0.0K)
    Checking Rule STARC05-2.10.2.3 (Rule 160 of total 360) .... done (Time = 0.00s, Memory = 0.0K)
    Checking Rule STARC05-2.10.3.2a (Rule 161 of total 360) .... done (Time = 0.00s, Memory = 0.0K)
    Checking Rule STARC05-2.11.3.1 (Rule 162 of total 360) .... done (Time = 0.00s, Memory = 0.0K)
    Checking Rule STARC05-2.1.1.2 (Rule 163 of total 360) .... done (Time = 0.00s, Memory = 0.0K)
    Checking Rule STARC05-2.1.3.1 (Rule 164 of total 360) .... done (Time = 0.00s, Memory = 0.0K)
    Checking Rule STARC05-2.8.1.3 (Rule 165 of total 360) .... done (Time = 0.00s, Memory = 0.0K)
    Checking Rule STARC05-2.10.1.4a (Rule 166 of total 360) .... done (Time = 0.00s, Memory = 0.0K)
    Checking Rule STARC05-2.10.1.4b (Rule 167 of total 360) .... done (Time = 0.00s, Memory = 0.0K)
    Checking Rule STARC05-2.8.1.3 (Rule 168 of total 360) .... done (Time = 0.00s, Memory = 0.0K)
    Checking Rule sim_race02 (Rule 169 of total 360) .... done (Time = 0.00s, Memory = 0.0K)
    Checking Rule W239 (Rule 170 of total 360) .... done (Time = 0.00s, Memory = 0.0K)
    Checking Rule W110 (Rule 171 of total 360) .... done (Time = 0.00s, Memory = 0.0K)
    Checking Rule W122 (Rule 172 of total 360) .... done (Time = 0.00s, Memory = 0.0K)
    Checking Rule W163 (Rule 173 of total 360) .... done (Time = 0.00s, Memory = 0.0K)
    Checking Rule W552 (Rule 174 of total 360) .... done (Time = 0.00s, Memory = 8.0K)
    Checking Rule W553 (Rule 175 of total 360) .... done (Time = 0.00s, Memory = 0.0K)
    Checking Rule W496a (Rule 176 of total 360) .... done (Time = 0.00s, Memory = 0.0K)
    Checking Rule W496b (Rule 177 of total 360) .... done (Time = 0.00s, Memory = 0.0K)
    Checking Rule W19 (Rule 178 of total 360) .... done (Time = 0.00s, Memory = 0.0K)
    Checking Rule W66 (Rule 179 of total 360) .... done (Time = 0.00s, Memory = 0.0K)
    Checking Rule W116 (Rule 180 of total 360) .... done (Time = 0.00s, Memory = 0.0K)
    Checking Rule W123 (Rule 181 of total 360) .... done (Time = 0.00s, Memory = 16.0K)
    Checking Rule W156 (Rule 182 of total 360) .... done (Time = 0.00s, Memory = 0.0K)
    Checking Rule W188 (Rule 183 of total 360) .... done (Time = 0.00s, Memory = 0.0K)
    Checking Rule W215 (Rule 184 of total 360) .... done (Time = 0.00s, Memory = 0.0K)
    Checking Rule W216 (Rule 185 of total 360) .... done (Time = 0.00s, Memory = 0.0K)
    Checking Rule W218 (Rule 186 of total 360) .... done (Time = 0.00s, Memory = 0.0K)
    Checking Rule W238 (Rule 187 of total 360) .... done (Time = 0.00s, Memory = 0.0K)
    Checking Rule W245 (Rule 188 of total 360) .... done (Time = 0.00s, Memory = 0.0K)
    Checking Rule W263 (Rule 189 of total 360) .... done (Time = 0.00s, Memory = 0.0K)
    Checking Rule W289 (Rule 190 of total 360) .... done (Time = 0.00s, Memory = 0.0K)
    Checking Rule W314 (Rule 191 of total 360) .... done (Time = 0.00s, Memory = 0.0K)
    Checking Rule W316 (Rule 192 of total 360) .... done (Time = 0.00s, Memory = 0.0K)
    Checking Rule W337 (Rule 193 of total 360) .... done (Time = 0.00s, Memory = 0.0K)
    Checking Rule W342 (Rule 194 of total 360) .... done (Time = 0.00s, Memory = 8.0K)
    Checking Rule W343 (Rule 195 of total 360) .... done (Time = 0.00s, Memory = 0.0K)
    Checking Rule W416 (Rule 196 of total 360) .... done (Time = 0.00s, Memory = 0.0K)
    Checking Rule W352 (Rule 197 of total 360) .... done (Time = 0.00s, Memory = 0.0K)
    Checking Rule W362 (Rule 198 of total 360) .... done (Time = 0.00s, Memory = 0.0K)
    Checking Rule W423 (Rule 199 of total 360) .... done (Time = 0.00s, Memory = 0.0K)
    Checking Rule W486 (Rule 200 of total 360) .... done (Time = 0.00s, Memory = 0.0K)
    Checking Rule W499 (Rule 201 of total 360) .... done (Time = 0.00s, Memory = 0.0K)
    Checking Rule W502 (Rule 202 of total 360) .... done (Time = 0.00s, Memory = 0.0K)
    Checking Rule W575 (Rule 203 of total 360) .... done (Time = 0.00s, Memory = 0.0K)
    Checking Rule W576 (Rule 204 of total 360) .... done (Time = 0.00s, Memory = 0.0K)
    Checking Rule W116 (Rule 205 of total 360) .... done (Time = 0.00s, Memory = 0.0K)
    Checking Rule W122 (Rule 206 of total 360) .... done (Time = 0.00s, Memory = 0.0K)
    Checking Rule W123 (Rule 207 of total 360) .... done (Time = 0.00s, Memory = 0.0K)
    Checking Rule W156 (Rule 208 of total 360) .... done (Time = 0.00s, Memory = 0.0K)
    Checking Rule W71 (Rule 209 of total 360) .... done (Time = 0.00s, Memory = 0.0K)
    Checking Rule W164a (Rule 210 of total 360) .... done (Time = 0.00s, Memory = 0.0K)
    Checking Rule W164a (Rule 211 of total 360) .... done (Time = 0.00s, Memory = 0.0K)
    Checking Rule W164b (Rule 212 of total 360) .... done (Time = 0.00s, Memory = 0.0K)
    Checking Rule W164b (Rule 213 of total 360) .... done (Time = 0.00s, Memory = 0.0K)
    Checking Rule W210 (Rule 214 of total 360) .... done (Time = 0.00s, Memory = 0.0K)
    Checking Rule W210 (Rule 215 of total 360) .... done (Time = 0.00s, Memory = 0.0K)
    Checking Rule W240 (Rule 216 of total 360) .... done (Time = 0.00s, Memory = 0.0K)
    Checking Rule W240 (Rule 217 of total 360) .... done (Time = 0.00s, Memory = 0.0K)
    Checking Rule W241 (Rule 218 of total 360) .... done (Time = 0.00s, Memory = 0.0K)
    Checking Rule W241 (Rule 219 of total 360) .... done (Time = 0.00s, Memory = 0.0K)
    Checking Rule W287a (Rule 220 of total 360) .... done (Time = 0.00s, Memory = 0.0K)
    Checking Rule W287c (Rule 221 of total 360) .... done (Time = 0.00s, Memory = 0.0K)
    Checking Rule W293 (Rule 222 of total 360) .... done (Time = 0.00s, Memory = 0.0K)
    Checking Rule W398 (Rule 223 of total 360) .... done (Time = 0.00s, Memory = 0.0K)
    Checking Rule W424 (Rule 224 of total 360) .... done (Time = 0.00s, Memory = 0.0K)
    Checking Rule W443 (Rule 225 of total 360) .... done (Time = 0.00s, Memory = 8.0K)
    Checking Rule W444 (Rule 226 of total 360) .... done (Time = 0.00s, Memory = 0.0K)
    Checking Rule W467 (Rule 227 of total 360) .... done (Time = 0.00s, Memory = 0.0K)
    Checking Rule W494 (Rule 228 of total 360) .... done (Time = 0.00s, Memory = 0.0K)
    Checking Rule W494 (Rule 229 of total 360) .... done (Time = 0.00s, Memory = 8.0K)
    Checking Rule W505 (Rule 230 of total 360) .... done (Time = 0.01s, Memory = 0.0K)
    Checking Rule W505 (Rule 231 of total 360) .... done (Time = 0.00s, Memory = 0.0K)
    Checking Rule Prereqs_Usage (Rule 232 of total 360) .... done (Time = 0.00s, Memory = -16.0K)
    Checking Rule Prereqs_ConstantInput-ML (Rule 233 of total 360) .... done (Time = 0.00s, Memory = 32.0K)
    Checking Rule ReportPortInfo-ML (Rule 234 of total 360) .... done (Time = 0.00s, Memory = 0.0K)
    Checking Rule Prereqs_ReportPortInfo-ML (Rule 235 of total 360) .... done (Time = 0.00s, Memory = 0.0K)
    Checking Rule Prereqs_ReportPortInfo-ML (Rule 236 of total 360) .... done (Time = 0.00s, Memory = 0.0K)
    Checking Rule DisallowCaseX-ML (Rule 237 of total 360) .... done (Time = 0.00s, Memory = 0.0K)
    Checking Rule NoAssignX-ML (Rule 238 of total 360) .... done (Time = 0.00s, Memory = 0.0K)
    Checking Rule InstPortConnType-ML (Rule 239 of total 360) .... done (Time = 0.00s, Memory = 0.0K)
    Checking Rule ParamWidthMismatch-ML (Rule 240 of total 360) .... done (Time = 0.00s, Memory = 0.0K)
    Checking Rule DuplicateCaseLabel-ML (Rule 241 of total 360) .... done (Time = 0.00s, Memory = -32.0K)
    Checking Rule AutomaticFuncTask-ML (Rule 242 of total 360) .... done (Time = 0.00s, Memory = 0.0K)
    Checking Rule SetBeforeRead-ML (Rule 243 of total 360) .... done (Time = 0.01s, Memory = 0.0K)
    Checking Rule SigAssignZ-ML (Rule 244 of total 360) .... done (Time = 0.00s, Memory = 0.0K)
    Checking Rule Postreqs_Usage_ML (Rule 245 of total 360) .... done (Time = 0.00s, Memory = 0.0K)
    Checking Rule ImproperRangeIndex-ML (Rule 246 of total 360) .... done (Time = 0.00s, Memory = 0.0K)
    Checking Rule NoXInCase-ML (Rule 247 of total 360) .... done (Time = 0.00s, Memory = 0.0K)
    Checking Rule SigAssignZ-ML (Rule 248 of total 360) .... done (Time = 0.00s, Memory = 0.0K)
Checking ELABDU Rules for designUnit sobel_gradient
    Checking Rule Ac_classify_param01 (Rule 151 of total 360) .... done (Time = 0.00s, Memory = 0.0K)
    Checking Rule AcOvlRtl (Rule 152 of total 360) .... done (Time = 0.00s, Memory = 0.0K)
    Checking Rule AcOvlRtl (Rule 153 of total 360) .... done (Time = 0.00s, Memory = 32.0K)
    Checking Rule GenTopLevelBlocksForAutoSoc (Rule 154 of total 360) .... done (Time = 0.00s, Memory = 0.0K)
    Checking Rule Prereqs_InferLatch (Rule 155 of total 360) .... done (Time = 0.00s, Memory = 0.0K)
    Checking Rule STARC05-2.1.4.5 (Rule 156 of total 360) .... done (Time = 0.00s, Memory = 0.0K)
    Checking Rule STARC05-2.1.5.3 (Rule 157 of total 360) .... done (Time = 0.00s, Memory = 0.0K)
    Checking Rule STARC05-2.2.3.3 (Rule 158 of total 360) .... done (Time = 0.00s, Memory = 0.0K)
    Checking Rule STARC05-2.3.1.6 (Rule 159 of total 360) .... done (Time = 0.00s, Memory = 0.0K)
    Checking Rule STARC05-2.10.2.3 (Rule 160 of total 360) .... done (Time = 0.00s, Memory = 0.0K)
    Checking Rule STARC05-2.10.3.2a (Rule 161 of total 360) .... done (Time = 0.00s, Memory = 0.0K)
    Checking Rule STARC05-2.11.3.1 (Rule 162 of total 360) .... done (Time = 0.00s, Memory = 0.0K)
    Checking Rule STARC05-2.1.1.2 (Rule 163 of total 360) .... done (Time = 0.00s, Memory = 0.0K)
    Checking Rule STARC05-2.1.3.1 (Rule 164 of total 360) .... done (Time = 0.00s, Memory = 0.0K)
    Checking Rule STARC05-2.8.1.3 (Rule 165 of total 360) .... done (Time = 0.00s, Memory = 0.0K)
    Checking Rule STARC05-2.10.1.4a (Rule 166 of total 360) .... done (Time = 0.00s, Memory = 0.0K)
    Checking Rule STARC05-2.10.1.4b (Rule 167 of total 360) .... done (Time = 0.00s, Memory = 0.0K)
    Checking Rule STARC05-2.8.1.3 (Rule 168 of total 360) .... done (Time = 0.00s, Memory = 0.0K)
    Checking Rule sim_race02 (Rule 169 of total 360) .... done (Time = 0.00s, Memory = 0.0K)
    Checking Rule W239 (Rule 170 of total 360) .... done (Time = 0.00s, Memory = 0.0K)
    Checking Rule W110 (Rule 171 of total 360) .... done (Time = 0.00s, Memory = 0.0K)
    Checking Rule W122 (Rule 172 of total 360) .... done (Time = 0.00s, Memory = 0.0K)
    Checking Rule W163 (Rule 173 of total 360) .... done (Time = 0.00s, Memory = 0.0K)
    Checking Rule W552 (Rule 174 of total 360) .... done (Time = 0.00s, Memory = 0.0K)
    Checking Rule W553 (Rule 175 of total 360) .... done (Time = 0.00s, Memory = 0.0K)
    Checking Rule W496a (Rule 176 of total 360) .... done (Time = 0.00s, Memory = 0.0K)
    Checking Rule W496b (Rule 177 of total 360) .... done (Time = 0.00s, Memory = 0.0K)
    Checking Rule W19 (Rule 178 of total 360) .... done (Time = 0.00s, Memory = 0.0K)
    Checking Rule W66 (Rule 179 of total 360) .... done (Time = 0.00s, Memory = 0.0K)
    Checking Rule W116 (Rule 180 of total 360) .... done (Time = 0.00s, Memory = 0.0K)
    Checking Rule W123 (Rule 181 of total 360) .... done (Time = 0.00s, Memory = 16.0K)
    Checking Rule W156 (Rule 182 of total 360) .... done (Time = 0.00s, Memory = 0.0K)
    Checking Rule W188 (Rule 183 of total 360) .... done (Time = 0.00s, Memory = 0.0K)
    Checking Rule W215 (Rule 184 of total 360) .... done (Time = 0.00s, Memory = 0.0K)
    Checking Rule W216 (Rule 185 of total 360) .... done (Time = 0.00s, Memory = 0.0K)
    Checking Rule W218 (Rule 186 of total 360) .... done (Time = 0.00s, Memory = 0.0K)
    Checking Rule W238 (Rule 187 of total 360) .... done (Time = 0.00s, Memory = 0.0K)
    Checking Rule W245 (Rule 188 of total 360) .... done (Time = 0.00s, Memory = 0.0K)
    Checking Rule W263 (Rule 189 of total 360) .... done (Time = 0.00s, Memory = 0.0K)
    Checking Rule W289 (Rule 190 of total 360) .... done (Time = 0.01s, Memory = 0.0K)
    Checking Rule W314 (Rule 191 of total 360) .... done (Time = 0.00s, Memory = 0.0K)
    Checking Rule W316 (Rule 192 of total 360) .... done (Time = 0.00s, Memory = 0.0K)
    Checking Rule W337 (Rule 193 of total 360) .... done (Time = 0.00s, Memory = 0.0K)
    Checking Rule W342 (Rule 194 of total 360) .... done (Time = 0.00s, Memory = 0.0K)
    Checking Rule W343 (Rule 195 of total 360) .... done (Time = 0.00s, Memory = 0.0K)
    Checking Rule W416 (Rule 196 of total 360) .... done (Time = 0.00s, Memory = 0.0K)
    Checking Rule W352 (Rule 197 of total 360) .... done (Time = 0.00s, Memory = 0.0K)
    Checking Rule W362 (Rule 198 of total 360) .... done (Time = 0.00s, Memory = 0.0K)
    Checking Rule W423 (Rule 199 of total 360) .... done (Time = 0.00s, Memory = 0.0K)
    Checking Rule W486 (Rule 200 of total 360) .... done (Time = 0.00s, Memory = 0.0K)
    Checking Rule W499 (Rule 201 of total 360) .... done (Time = 0.00s, Memory = 0.0K)
    Checking Rule W502 (Rule 202 of total 360) .... done (Time = 0.00s, Memory = 0.0K)
    Checking Rule W575 (Rule 203 of total 360) .... done (Time = 0.00s, Memory = 0.0K)
    Checking Rule W576 (Rule 204 of total 360) .... done (Time = 0.00s, Memory = 0.0K)
    Checking Rule W116 (Rule 205 of total 360) .... done (Time = 0.00s, Memory = 0.0K)
    Checking Rule W122 (Rule 206 of total 360) .... done (Time = 0.00s, Memory = 0.0K)
    Checking Rule W123 (Rule 207 of total 360) .... done (Time = 0.00s, Memory = 0.0K)
    Checking Rule W156 (Rule 208 of total 360) .... done (Time = 0.00s, Memory = 0.0K)
    Checking Rule W71 (Rule 209 of total 360) .... done (Time = 0.00s, Memory = 0.0K)
    Checking Rule W164a (Rule 210 of total 360) .... done (Time = 0.00s, Memory = 0.0K)
    Checking Rule W164a (Rule 211 of total 360) .... done (Time = 0.00s, Memory = 0.0K)
    Checking Rule W164b (Rule 212 of total 360) .... done (Time = 0.00s, Memory = 0.0K)
    Checking Rule W164b (Rule 213 of total 360) .... done (Time = 0.00s, Memory = 0.0K)
    Checking Rule W210 (Rule 214 of total 360) .... done (Time = 0.00s, Memory = 0.0K)
    Checking Rule W210 (Rule 215 of total 360) .... done (Time = 0.00s, Memory = 0.0K)
    Checking Rule W240 (Rule 216 of total 360) .... done (Time = 0.00s, Memory = 0.0K)
    Checking Rule W240 (Rule 217 of total 360) .... done (Time = 0.00s, Memory = 0.0K)
    Checking Rule W241 (Rule 218 of total 360) .... done (Time = 0.00s, Memory = 0.0K)
    Checking Rule W241 (Rule 219 of total 360) .... done (Time = 0.00s, Memory = 0.0K)
    Checking Rule W287a (Rule 220 of total 360) .... done (Time = 0.00s, Memory = 0.0K)
    Checking Rule W287c (Rule 221 of total 360) .... done (Time = 0.00s, Memory = 0.0K)
    Checking Rule W293 (Rule 222 of total 360) .... done (Time = 0.00s, Memory = 0.0K)
    Checking Rule W398 (Rule 223 of total 360) .... done (Time = 0.00s, Memory = 0.0K)
    Checking Rule W424 (Rule 224 of total 360) .... done (Time = 0.00s, Memory = 0.0K)
    Checking Rule W443 (Rule 225 of total 360) .... done (Time = 0.00s, Memory = 0.0K)
    Checking Rule W444 (Rule 226 of total 360) .... done (Time = 0.00s, Memory = 0.0K)
    Checking Rule W467 (Rule 227 of total 360) .... done (Time = 0.00s, Memory = 0.0K)
    Checking Rule W494 (Rule 228 of total 360) .... done (Time = 0.00s, Memory = 0.0K)
    Checking Rule W494 (Rule 229 of total 360) .... done (Time = 0.00s, Memory = 8.0K)
    Checking Rule W505 (Rule 230 of total 360) .... done (Time = 0.00s, Memory = -2544.0K)
    Checking Rule W505 (Rule 231 of total 360) .... done (Time = 0.00s, Memory = 0.0K)
    Checking Rule Prereqs_Usage (Rule 232 of total 360) .... done (Time = 0.00s, Memory = -16.0K)
    Checking Rule Prereqs_ConstantInput-ML (Rule 233 of total 360) .... done (Time = 0.00s, Memory = 32.0K)
    Checking Rule ReportPortInfo-ML (Rule 234 of total 360) .... done (Time = 0.00s, Memory = 0.0K)
    Checking Rule Prereqs_ReportPortInfo-ML (Rule 235 of total 360) .... done (Time = 0.00s, Memory = 0.0K)
    Checking Rule Prereqs_ReportPortInfo-ML (Rule 236 of total 360) .... done (Time = 0.00s, Memory = 0.0K)
    Checking Rule DisallowCaseX-ML (Rule 237 of total 360) .... done (Time = 0.00s, Memory = 0.0K)
    Checking Rule NoAssignX-ML (Rule 238 of total 360) .... done (Time = 0.00s, Memory = 0.0K)
    Checking Rule InstPortConnType-ML (Rule 239 of total 360) .... done (Time = 0.00s, Memory = 8.0K)
    Checking Rule ParamWidthMismatch-ML (Rule 240 of total 360) .... done (Time = 0.00s, Memory = 0.0K)
    Checking Rule DuplicateCaseLabel-ML (Rule 241 of total 360) .... done (Time = 0.00s, Memory = -24.0K)
    Checking Rule AutomaticFuncTask-ML (Rule 242 of total 360) .... done (Time = 0.00s, Memory = 0.0K)
    Checking Rule SetBeforeRead-ML (Rule 243 of total 360) .... done (Time = 0.00s, Memory = 0.0K)
    Checking Rule SigAssignZ-ML (Rule 244 of total 360) .... done (Time = 0.00s, Memory = 0.0K)
    Checking Rule Postreqs_Usage_ML (Rule 245 of total 360) .... done (Time = 0.00s, Memory = 0.0K)
    Checking Rule ImproperRangeIndex-ML (Rule 246 of total 360) .... done (Time = 0.00s, Memory = -8.0K)
    Checking Rule NoXInCase-ML (Rule 247 of total 360) .... done (Time = 0.00s, Memory = 0.0K)
    Checking Rule SigAssignZ-ML (Rule 248 of total 360) .... done (Time = 0.00s, Memory = 0.0K)
Checking ELABDU Rules for designUnit sober_compare
    Checking Rule Ac_classify_param01 (Rule 151 of total 360) .... done (Time = 0.00s, Memory = 0.0K)
    Checking Rule AcOvlRtl (Rule 152 of total 360) .... done (Time = 0.00s, Memory = 0.0K)
    Checking Rule AcOvlRtl (Rule 153 of total 360) .... done (Time = 0.00s, Memory = 32.0K)
    Checking Rule GenTopLevelBlocksForAutoSoc (Rule 154 of total 360) .... done (Time = 0.00s, Memory = 0.0K)
    Checking Rule Prereqs_InferLatch (Rule 155 of total 360) .... done (Time = 0.00s, Memory = 0.0K)
    Checking Rule STARC05-2.1.4.5 (Rule 156 of total 360) .... done (Time = 0.00s, Memory = 0.0K)
    Checking Rule STARC05-2.1.5.3 (Rule 157 of total 360) .... done (Time = 0.00s, Memory = 0.0K)
    Checking Rule STARC05-2.2.3.3 (Rule 158 of total 360) .... done (Time = 0.00s, Memory = -16.0K)
    Checking Rule STARC05-2.3.1.6 (Rule 159 of total 360) .... done (Time = 0.00s, Memory = 0.0K)
    Checking Rule STARC05-2.10.2.3 (Rule 160 of total 360) .... done (Time = 0.00s, Memory = 0.0K)
    Checking Rule STARC05-2.10.3.2a (Rule 161 of total 360) .... done (Time = 0.00s, Memory = 0.0K)
    Checking Rule STARC05-2.11.3.1 (Rule 162 of total 360) .... done (Time = 0.00s, Memory = 16.0K)
    Checking Rule STARC05-2.1.1.2 (Rule 163 of total 360) .... done (Time = 0.00s, Memory = 8.0K)
    Checking Rule STARC05-2.1.3.1 (Rule 164 of total 360) .... done (Time = 0.00s, Memory = 0.0K)
    Checking Rule STARC05-2.8.1.3 (Rule 165 of total 360) .... done (Time = 0.00s, Memory = -8.0K)
    Checking Rule STARC05-2.10.1.4a (Rule 166 of total 360) .... done (Time = 0.00s, Memory = 0.0K)
    Checking Rule STARC05-2.10.1.4b (Rule 167 of total 360) .... done (Time = 0.00s, Memory = 0.0K)
    Checking Rule STARC05-2.8.1.3 (Rule 168 of total 360) .... done (Time = 0.00s, Memory = 0.0K)
    Checking Rule sim_race02 (Rule 169 of total 360) .... done (Time = 0.00s, Memory = 0.0K)
    Checking Rule W239 (Rule 170 of total 360) .... done (Time = 0.00s, Memory = 0.0K)
    Checking Rule W110 (Rule 171 of total 360) .... done (Time = 0.00s, Memory = 0.0K)
    Checking Rule W122 (Rule 172 of total 360) .... done (Time = 0.00s, Memory = 0.0K)
    Checking Rule W163 (Rule 173 of total 360) .... done (Time = 0.01s, Memory = 0.0K)
    Checking Rule W552 (Rule 174 of total 360) .... done (Time = 0.00s, Memory = 0.0K)
    Checking Rule W553 (Rule 175 of total 360) .... done (Time = 0.00s, Memory = 0.0K)
    Checking Rule W496a (Rule 176 of total 360) .... done (Time = 0.00s, Memory = 0.0K)
    Checking Rule W496b (Rule 177 of total 360) .... done (Time = 0.00s, Memory = 0.0K)
    Checking Rule W19 (Rule 178 of total 360) .... done (Time = 0.00s, Memory = 0.0K)
    Checking Rule W66 (Rule 179 of total 360) .... done (Time = 0.00s, Memory = 0.0K)
    Checking Rule W116 (Rule 180 of total 360) .... done (Time = 0.00s, Memory = 0.0K)
    Checking Rule W123 (Rule 181 of total 360) .... done (Time = 0.00s, Memory = 16.0K)
    Checking Rule W156 (Rule 182 of total 360) .... done (Time = 0.00s, Memory = 0.0K)
    Checking Rule W188 (Rule 183 of total 360) .... done (Time = 0.00s, Memory = 0.0K)
    Checking Rule W215 (Rule 184 of total 360) .... done (Time = 0.00s, Memory = 0.0K)
    Checking Rule W216 (Rule 185 of total 360) .... done (Time = 0.00s, Memory = 0.0K)
    Checking Rule W218 (Rule 186 of total 360) .... done (Time = 0.00s, Memory = 0.0K)
    Checking Rule W238 (Rule 187 of total 360) .... done (Time = 0.00s, Memory = 0.0K)
    Checking Rule W245 (Rule 188 of total 360) .... done (Time = 0.00s, Memory = 0.0K)
    Checking Rule W263 (Rule 189 of total 360) .... done (Time = 0.00s, Memory = 0.0K)
    Checking Rule W289 (Rule 190 of total 360) .... done (Time = 0.00s, Memory = 0.0K)
    Checking Rule W314 (Rule 191 of total 360) .... done (Time = 0.00s, Memory = -8.0K)
    Checking Rule W316 (Rule 192 of total 360) .... done (Time = 0.00s, Memory = -8.0K)
    Checking Rule W337 (Rule 193 of total 360) .... done (Time = 0.00s, Memory = 0.0K)
    Checking Rule W342 (Rule 194 of total 360) .... done (Time = 0.00s, Memory = 0.0K)
    Checking Rule W343 (Rule 195 of total 360) .... done (Time = 0.00s, Memory = 0.0K)
    Checking Rule W416 (Rule 196 of total 360) .... done (Time = 0.00s, Memory = 0.0K)
    Checking Rule W352 (Rule 197 of total 360) .... done (Time = 0.00s, Memory = 0.0K)
    Checking Rule W362 (Rule 198 of total 360) .... done (Time = 0.00s, Memory = 0.0K)
    Checking Rule W423 (Rule 199 of total 360) .... done (Time = 0.00s, Memory = 0.0K)
    Checking Rule W486 (Rule 200 of total 360) .... done (Time = 0.00s, Memory = 0.0K)
    Checking Rule W499 (Rule 201 of total 360) .... done (Time = 0.00s, Memory = 0.0K)
    Checking Rule W502 (Rule 202 of total 360) .... done (Time = 0.00s, Memory = 0.0K)
    Checking Rule W575 (Rule 203 of total 360) .... done (Time = 0.00s, Memory = 0.0K)
    Checking Rule W576 (Rule 204 of total 360) .... done (Time = 0.00s, Memory = 0.0K)
    Checking Rule W116 (Rule 205 of total 360) .... done (Time = 0.00s, Memory = 0.0K)
    Checking Rule W122 (Rule 206 of total 360) .... done (Time = 0.00s, Memory = 0.0K)
    Checking Rule W123 (Rule 207 of total 360) .... done (Time = 0.00s, Memory = 0.0K)
    Checking Rule W156 (Rule 208 of total 360) .... done (Time = 0.00s, Memory = 0.0K)
    Checking Rule W71 (Rule 209 of total 360) .... done (Time = 0.00s, Memory = 0.0K)
    Checking Rule W164a (Rule 210 of total 360) .... done (Time = 0.00s, Memory = -8.0K)
    Checking Rule W164a (Rule 211 of total 360) .... done (Time = 0.00s, Memory = 0.0K)
    Checking Rule W164b (Rule 212 of total 360) .... done (Time = 0.00s, Memory = -8.0K)
    Checking Rule W164b (Rule 213 of total 360) .... done (Time = 0.00s, Memory = 0.0K)
    Checking Rule W210 (Rule 214 of total 360) .... done (Time = 0.00s, Memory = 0.0K)
    Checking Rule W210 (Rule 215 of total 360) .... done (Time = 0.00s, Memory = 0.0K)
    Checking Rule W240 (Rule 216 of total 360) .... done (Time = 0.00s, Memory = 0.0K)
    Checking Rule W240 (Rule 217 of total 360) .... done (Time = 0.00s, Memory = 0.0K)
    Checking Rule W241 (Rule 218 of total 360) .... done (Time = 0.00s, Memory = 0.0K)
    Checking Rule W241 (Rule 219 of total 360) .... done (Time = 0.00s, Memory = 0.0K)
    Checking Rule W287a (Rule 220 of total 360) .... done (Time = 0.00s, Memory = 0.0K)
    Checking Rule W287c (Rule 221 of total 360) .... done (Time = 0.00s, Memory = 0.0K)
    Checking Rule W293 (Rule 222 of total 360) .... done (Time = 0.00s, Memory = 0.0K)
    Checking Rule W398 (Rule 223 of total 360) .... done (Time = 0.00s, Memory = 0.0K)
    Checking Rule W424 (Rule 224 of total 360) .... done (Time = 0.00s, Memory = 0.0K)
    Checking Rule W443 (Rule 225 of total 360) .... done (Time = 0.00s, Memory = 0.0K)
    Checking Rule W444 (Rule 226 of total 360) .... done (Time = 0.00s, Memory = 0.0K)
    Checking Rule W467 (Rule 227 of total 360) .... done (Time = 0.00s, Memory = 0.0K)
    Checking Rule W494 (Rule 228 of total 360) .... done (Time = 0.00s, Memory = 0.0K)
    Checking Rule W494 (Rule 229 of total 360) .... done (Time = 0.00s, Memory = 8.0K)
    Checking Rule W505 (Rule 230 of total 360) .... done (Time = 0.00s, Memory = 0.0K)
    Checking Rule W505 (Rule 231 of total 360) .... done (Time = 0.00s, Memory = 0.0K)
    Checking Rule Prereqs_Usage (Rule 232 of total 360) .... done (Time = 0.00s, Memory = -16.0K)
    Checking Rule Prereqs_ConstantInput-ML (Rule 233 of total 360) .... done (Time = 0.00s, Memory = 32.0K)
    Checking Rule ReportPortInfo-ML (Rule 234 of total 360) .... done (Time = 0.00s, Memory = 0.0K)
    Checking Rule Prereqs_ReportPortInfo-ML (Rule 235 of total 360) .... done (Time = 0.00s, Memory = 0.0K)
    Checking Rule Prereqs_ReportPortInfo-ML (Rule 236 of total 360) .... done (Time = 0.00s, Memory = 0.0K)
    Checking Rule DisallowCaseX-ML (Rule 237 of total 360) .... done (Time = 0.00s, Memory = 0.0K)
    Checking Rule NoAssignX-ML (Rule 238 of total 360) .... done (Time = 0.00s, Memory = 0.0K)
    Checking Rule InstPortConnType-ML (Rule 239 of total 360) .... done (Time = 0.00s, Memory = 0.0K)
    Checking Rule ParamWidthMismatch-ML (Rule 240 of total 360) .... done (Time = 0.00s, Memory = 16.0K)
    Checking Rule DuplicateCaseLabel-ML (Rule 241 of total 360) .... done (Time = 0.00s, Memory = 0.0K)
    Checking Rule AutomaticFuncTask-ML (Rule 242 of total 360) .... done (Time = 0.00s, Memory = 0.0K)
    Checking Rule SetBeforeRead-ML (Rule 243 of total 360) .... done (Time = 0.00s, Memory = 0.0K)
    Checking Rule SigAssignZ-ML (Rule 244 of total 360) .... done (Time = 0.00s, Memory = 0.0K)
    Checking Rule Postreqs_Usage_ML (Rule 245 of total 360) .... done (Time = 0.00s, Memory = 0.0K)
    Checking Rule ImproperRangeIndex-ML (Rule 246 of total 360) .... done (Time = 0.00s, Memory = 0.0K)
    Checking Rule NoXInCase-ML (Rule 247 of total 360) .... done (Time = 0.00s, Memory = 0.0K)
    Checking Rule SigAssignZ-ML (Rule 248 of total 360) .... done (Time = 0.00s, Memory = 0.0K)
Checking ELABDU Rules for designUnit core
Checking ELABDU Rules for designUnit conv
Checking ELABDU Rules for designUnit median
Checking ELABDU Rules for designUnit median_filter_submodule
Checking ELABDU Rules for designUnit sobel_gradient
Checking ELABDU Rules for designUnit sober_compare
Checking Rule PECHECK56 (Rule 249 of total 360) .... done (Time = 0.00s, Memory = 0.0K)
Checking Rule SGDC_meta_design_hier01 (Rule 250 of total 360) .... done (Time = 0.00s, Memory = 0.0K)
Checking Rule SGDC_waive24 (Rule 251 of total 360) .... done (Time = 0.00s, Memory = 0.0K)
Checking Rule SGDC_waive25 (Rule 252 of total 360) .... done (Time = 0.00s, Memory = 0.0K)
Checking Rule SGDC_waive31 (Rule 253 of total 360) .... done (Time = 0.00s, Memory = 0.0K)
Checking Rule SGDC_waive35 (Rule 254 of total 360) .... done (Time = 0.00s, Memory = 0.0K)
 Synthesizing module: sober_compare (elaborated name: sober_compare) ... (Module 1 of total 6)  done 
 Synthesizing module: sobel_gradient (elaborated name: sobel_gradient) ... (Module 2 of total 6)  done 
 Synthesizing module: median_filter_submodule (elaborated name: median_filter_submodule) ... (Module 3 of total 6)  done 
 Synthesizing module: median (elaborated name: median) ... (Module 4 of total 6)  done 
 Synthesizing module: conv (elaborated name: conv) ... (Module 5 of total 6)  done 
 Synthesizing module: core (elaborated name: core) ... (Module 6 of total 6)  done 
 Synthesis completed.
Checking Rule InferBlackBox (Rule 255 of total 360) .... done (Time = 0.01s, Memory = 2568.0K)
Checking Rule checkCMD_mthresh (Rule 256 of total 360) .... done (Time = 0.00s, Memory = 0.0K)

INFO [234]    Saving design database in directory './spyglass-1/core/.SG_SaveRestoreDB/autogenerated__default_snapshot' ...
              done

Checking Rule SGDC_waive37 (Rule 257 of total 360) .... done (Time = 0.00s, Memory = 0.0K)
Checking Rule Txv_SvaSetup01 for module sober_compare (Rule 258 of total 360) .... done (Time = 0.00s, Memory = 0.0K)
Checking Rule PESVASETUP01 for module sober_compare (Rule 259 of total 360) .... done (Time = 0.00s, Memory = 0.0K)
Checking Rule _cdc_save_license01 for module sober_compare (Rule 260 of total 360) .... done (Time = 0.00s, Memory = 0.0K)
Checking Rule _syncResetStyleRTL for module sober_compare (Rule 261 of total 360) .... done (Time = 0.00s, Memory = 0.0K)
Checking Rule _meta_delay01 for module sober_compare (Rule 262 of total 360) .... done (Time = 0.00s, Memory = 0.0K)
Checking Rule Ac_svasetup01 for module sober_compare (Rule 263 of total 360) .... done (Time = 0.00s, Memory = 0.0K)
Checking Rule Prereq_IntClock for module sober_compare (Rule 264 of total 360) .... done (Time = 0.00s, Memory = 0.0K)
Checking Rule STARC05-2.2.3.1 for module sober_compare (Rule 265 of total 360) .... done (Time = 0.00s, Memory = 0.0K)
Checking Rule Prereqs_sim_race07 for module sober_compare (Rule 266 of total 360) .... done (Time = 0.00s, Memory = 0.0K)
Checking Rule W336 for module sober_compare (Rule 267 of total 360) .... done (Time = 0.00s, Memory = 0.0K)
Checking Rule W414 for module sober_compare (Rule 268 of total 360) .... done (Time = 0.00s, Memory = 0.0K)
Checking Rule W438 for module sober_compare (Rule 269 of total 360) .... done (Time = 0.00s, Memory = 0.0K)
Checking Rule W450L for module sober_compare (Rule 270 of total 360) .... done (Time = 0.00s, Memory = 0.0K)
Checking Rule TristatePort-ML for module sober_compare (Rule 271 of total 360) .... done (Time = 0.00s, Memory = 0.0K)
Checking Rule TristateSig-ML for module sober_compare (Rule 272 of total 360) .... done (Time = 0.00s, Memory = 0.0K)
Checking Rule HangingNetPreReq-ML for module sober_compare (Rule 273 of total 360) .... done (Time = 0.00s, Memory = 0.0K)
Checking Rule STARC05-2.5.1.7 for module sober_compare (Rule 274 of total 360) .... done (Time = 0.00s, Memory = 0.0K)
Checking Rule STARC05-2.5.1.9 for module sober_compare (Rule 275 of total 360) .... done (Time = 0.00s, Memory = 0.0K)
Checking Rule Txv_SvaSetup01 for module sobel_gradient (Rule 258 of total 360) .... done (Time = 0.00s, Memory = 0.0K)
Checking Rule PESVASETUP01 for module sobel_gradient (Rule 259 of total 360) .... done (Time = 0.00s, Memory = 0.0K)
Checking Rule _cdc_save_license01 for module sobel_gradient (Rule 260 of total 360) .... done (Time = 0.00s, Memory = 0.0K)
Checking Rule _syncResetStyleRTL for module sobel_gradient (Rule 261 of total 360) .... done (Time = 0.00s, Memory = 0.0K)
Checking Rule _meta_delay01 for module sobel_gradient (Rule 262 of total 360) .... done (Time = 0.00s, Memory = 0.0K)
Checking Rule Ac_svasetup01 for module sobel_gradient (Rule 263 of total 360) .... done (Time = 0.00s, Memory = 0.0K)
Checking Rule Prereq_IntClock for module sobel_gradient (Rule 264 of total 360) .... done (Time = 0.00s, Memory = 0.0K)
Checking Rule STARC05-2.2.3.1 for module sobel_gradient (Rule 265 of total 360) .... done (Time = 0.00s, Memory = 0.0K)
Checking Rule Prereqs_sim_race07 for module sobel_gradient (Rule 266 of total 360) .... done (Time = 0.00s, Memory = 0.0K)
Checking Rule W336 for module sobel_gradient (Rule 267 of total 360) .... done (Time = 0.00s, Memory = 0.0K)
Checking Rule W414 for module sobel_gradient (Rule 268 of total 360) .... done (Time = 0.00s, Memory = 0.0K)
Checking Rule W438 for module sobel_gradient (Rule 269 of total 360) .... done (Time = 0.00s, Memory = 0.0K)
Checking Rule W450L for module sobel_gradient (Rule 270 of total 360) .... done (Time = 0.00s, Memory = 0.0K)
Checking Rule TristatePort-ML for module sobel_gradient (Rule 271 of total 360) .... done (Time = 0.00s, Memory = 0.0K)
Checking Rule TristateSig-ML for module sobel_gradient (Rule 272 of total 360) .... done (Time = 0.00s, Memory = 0.0K)
Checking Rule HangingNetPreReq-ML for module sobel_gradient (Rule 273 of total 360) .... done (Time = 0.00s, Memory = 0.0K)
Checking Rule STARC05-2.5.1.7 for module sobel_gradient (Rule 274 of total 360) .... done (Time = 0.00s, Memory = 0.0K)
Checking Rule STARC05-2.5.1.9 for module sobel_gradient (Rule 275 of total 360) .... done (Time = 0.00s, Memory = 0.0K)
Checking Rule Txv_SvaSetup01 for module median_filter_submodule (Rule 258 of total 360) .... done (Time = 0.00s, Memory = 0.0K)
Checking Rule PESVASETUP01 for module median_filter_submodule (Rule 259 of total 360) .... done (Time = 0.00s, Memory = 0.0K)
Checking Rule _cdc_save_license01 for module median_filter_submodule (Rule 260 of total 360) .... done (Time = 0.00s, Memory = 0.0K)
Checking Rule _syncResetStyleRTL for module median_filter_submodule (Rule 261 of total 360) .... done (Time = 0.00s, Memory = 0.0K)
Checking Rule _meta_delay01 for module median_filter_submodule (Rule 262 of total 360) .... done (Time = 0.00s, Memory = 0.0K)
Checking Rule Ac_svasetup01 for module median_filter_submodule (Rule 263 of total 360) .... done (Time = 0.00s, Memory = 0.0K)
Checking Rule Prereq_IntClock for module median_filter_submodule (Rule 264 of total 360) .... done (Time = 0.00s, Memory = 0.0K)
Checking Rule STARC05-2.2.3.1 for module median_filter_submodule (Rule 265 of total 360) .... done (Time = 0.00s, Memory = 0.0K)
Checking Rule Prereqs_sim_race07 for module median_filter_submodule (Rule 266 of total 360) .... done (Time = 0.00s, Memory = 0.0K)
Checking Rule W336 for module median_filter_submodule (Rule 267 of total 360) .... done (Time = 0.00s, Memory = 0.0K)
Checking Rule W414 for module median_filter_submodule (Rule 268 of total 360) .... done (Time = 0.00s, Memory = 0.0K)
Checking Rule W438 for module median_filter_submodule (Rule 269 of total 360) .... done (Time = 0.00s, Memory = 0.0K)
Checking Rule W450L for module median_filter_submodule (Rule 270 of total 360) .... done (Time = 0.00s, Memory = 0.0K)
Checking Rule TristatePort-ML for module median_filter_submodule (Rule 271 of total 360) .... done (Time = 0.00s, Memory = 0.0K)
Checking Rule TristateSig-ML for module median_filter_submodule (Rule 272 of total 360) .... done (Time = 0.00s, Memory = 0.0K)
Checking Rule HangingNetPreReq-ML for module median_filter_submodule (Rule 273 of total 360) .... done (Time = 0.00s, Memory = 0.0K)
Checking Rule STARC05-2.5.1.7 for module median_filter_submodule (Rule 274 of total 360) .... done (Time = 0.00s, Memory = 0.0K)
Checking Rule STARC05-2.5.1.9 for module median_filter_submodule (Rule 275 of total 360) .... done (Time = 0.00s, Memory = 0.0K)
Checking Rule Txv_SvaSetup01 for module median (Rule 258 of total 360) .... done (Time = 0.00s, Memory = 0.0K)
Checking Rule PESVASETUP01 for module median (Rule 259 of total 360) .... done (Time = 0.00s, Memory = 0.0K)
Checking Rule _cdc_save_license01 for module median (Rule 260 of total 360) .... done (Time = 0.00s, Memory = 0.0K)
Checking Rule _syncResetStyleRTL for module median (Rule 261 of total 360) .... done (Time = 0.00s, Memory = 0.0K)
Checking Rule _meta_delay01 for module median (Rule 262 of total 360) .... done (Time = 0.00s, Memory = 0.0K)
Checking Rule Ac_svasetup01 for module median (Rule 263 of total 360) .... done (Time = 0.00s, Memory = 0.0K)
Checking Rule Prereq_IntClock for module median (Rule 264 of total 360) .... done (Time = 0.00s, Memory = 0.0K)
Checking Rule STARC05-2.2.3.1 for module median (Rule 265 of total 360) .... done (Time = 0.00s, Memory = 0.0K)
Checking Rule Prereqs_sim_race07 for module median (Rule 266 of total 360) .... done (Time = 0.00s, Memory = 0.0K)
Checking Rule W336 for module median (Rule 267 of total 360) .... done (Time = 0.00s, Memory = 0.0K)
Checking Rule W414 for module median (Rule 268 of total 360) .... done (Time = 0.00s, Memory = 0.0K)
Checking Rule W438 for module median (Rule 269 of total 360) .... done (Time = 0.00s, Memory = 0.0K)
Checking Rule W450L for module median (Rule 270 of total 360) .... done (Time = 0.00s, Memory = 0.0K)
Checking Rule TristatePort-ML for module median (Rule 271 of total 360) .... done (Time = 0.00s, Memory = 0.0K)
Checking Rule TristateSig-ML for module median (Rule 272 of total 360) .... done (Time = 0.00s, Memory = 0.0K)
Checking Rule HangingNetPreReq-ML for module median (Rule 273 of total 360) .... done (Time = 0.00s, Memory = 0.0K)
Checking Rule STARC05-2.5.1.7 for module median (Rule 274 of total 360) .... done (Time = 0.00s, Memory = 0.0K)
Checking Rule STARC05-2.5.1.9 for module median (Rule 275 of total 360) .... done (Time = 0.00s, Memory = 0.0K)
Checking Rule Txv_SvaSetup01 for module conv (Rule 258 of total 360) .... done (Time = 0.00s, Memory = 0.0K)
Checking Rule PESVASETUP01 for module conv (Rule 259 of total 360) .... done (Time = 0.00s, Memory = 0.0K)
Checking Rule _cdc_save_license01 for module conv (Rule 260 of total 360) .... done (Time = 0.00s, Memory = 0.0K)
Checking Rule _syncResetStyleRTL for module conv (Rule 261 of total 360) .... done (Time = 0.00s, Memory = 0.0K)
Checking Rule _meta_delay01 for module conv (Rule 262 of total 360) .... done (Time = 0.00s, Memory = 0.0K)
Checking Rule Ac_svasetup01 for module conv (Rule 263 of total 360) .... done (Time = 0.00s, Memory = 0.0K)
Checking Rule Prereq_IntClock for module conv (Rule 264 of total 360) .... done (Time = 0.00s, Memory = 0.0K)
Checking Rule STARC05-2.2.3.1 for module conv (Rule 265 of total 360) .... done (Time = 0.00s, Memory = 0.0K)
Checking Rule Prereqs_sim_race07 for module conv (Rule 266 of total 360) .... done (Time = 0.00s, Memory = 0.0K)
Checking Rule W336 for module conv (Rule 267 of total 360) .... done (Time = 0.00s, Memory = 0.0K)
Checking Rule W414 for module conv (Rule 268 of total 360) .... done (Time = 0.00s, Memory = 0.0K)
Checking Rule W438 for module conv (Rule 269 of total 360) .... done (Time = 0.00s, Memory = 0.0K)
Checking Rule W450L for module conv (Rule 270 of total 360) .... done (Time = 0.00s, Memory = 0.0K)
Checking Rule TristatePort-ML for module conv (Rule 271 of total 360) .... done (Time = 0.00s, Memory = 0.0K)
Checking Rule TristateSig-ML for module conv (Rule 272 of total 360) .... done (Time = 0.00s, Memory = 0.0K)
Checking Rule HangingNetPreReq-ML for module conv (Rule 273 of total 360) .... done (Time = 0.00s, Memory = 0.0K)
Checking Rule STARC05-2.5.1.7 for module conv (Rule 274 of total 360) .... done (Time = 0.00s, Memory = 0.0K)
Checking Rule STARC05-2.5.1.9 for module conv (Rule 275 of total 360) .... done (Time = 0.00s, Memory = 0.0K)
Checking Rule Txv_SvaSetup01 for module core (Rule 258 of total 360) .... done (Time = 0.00s, Memory = 0.0K)
Checking Rule PESVASETUP01 for module core (Rule 259 of total 360) .... done (Time = 0.00s, Memory = 0.0K)
Checking Rule _cdc_save_license01 for module core (Rule 260 of total 360) .... done (Time = 0.00s, Memory = 0.0K)
Checking Rule _syncResetStyleRTL for module core (Rule 261 of total 360) .... done (Time = 0.00s, Memory = 0.0K)
Checking Rule _meta_delay01 for module core (Rule 262 of total 360) .... done (Time = 0.00s, Memory = 0.0K)
Checking Rule Ac_svasetup01 for module core (Rule 263 of total 360) .... done (Time = 0.00s, Memory = 0.0K)
Checking Rule Prereq_IntClock for module core (Rule 264 of total 360) .... done (Time = 0.00s, Memory = 0.0K)
Checking Rule STARC05-2.2.3.1 for module core (Rule 265 of total 360) .... done (Time = 0.00s, Memory = 0.0K)
Checking Rule Prereqs_sim_race07 for module core (Rule 266 of total 360) .... done (Time = 0.00s, Memory = 0.0K)
Checking Rule W336 for module core (Rule 267 of total 360) .... done (Time = 0.00s, Memory = 0.0K)
Checking Rule W414 for module core (Rule 268 of total 360) .... done (Time = 0.00s, Memory = 0.0K)
Checking Rule W438 for module core (Rule 269 of total 360) .... done (Time = 0.00s, Memory = 0.0K)
Checking Rule W450L for module core (Rule 270 of total 360) .... done (Time = 0.00s, Memory = 0.0K)
Checking Rule TristatePort-ML for module core (Rule 271 of total 360) .... done (Time = 0.00s, Memory = 0.0K)
Checking Rule TristateSig-ML for module core (Rule 272 of total 360) .... done (Time = 0.00s, Memory = 0.0K)
Checking Rule HangingNetPreReq-ML for module core (Rule 273 of total 360) .... done (Time = 0.00s, Memory = 0.0K)
Checking Rule STARC05-2.5.1.7 for module core (Rule 274 of total 360) .... done (Time = 0.00s, Memory = 0.0K)
Checking Rule STARC05-2.5.1.9 for module core (Rule 275 of total 360) .... done (Time = 0.00s, Memory = 0.0K)
Performing semantic checks on SGDC contents
Checking Rule SGDC_testmode03 (Rule 79 of total 360) .... done (Time = 0.00s, Memory = 0.0K)
Checking Rule _abstractPortSGDC (Rule 276 of total 360) .... done (Time = 0.00s, Memory = 0.0K)
Checking Rule SGDC_abstract_port03 (Rule 277 of total 360) .... done (Time = 0.00s, Memory = 0.0K)
Checking Rule SGDC_abstract_port04 (Rule 278 of total 360) .... done (Time = 0.00s, Memory = 0.0K)
Checking Rule SGDC_abstract_port05 (Rule 279 of total 360) .... done (Time = 0.00s, Memory = 8.0K)
Checking Rule SGDC_abstract_port07 (Rule 280 of total 360) .... done (Time = 0.00s, Memory = 0.0K)
Checking Rule SGDC_abstract_port08 (Rule 281 of total 360) .... done (Time = 0.00s, Memory = 0.0K)
Checking Rule SGDC_abstract_port10 (Rule 282 of total 360) .... done (Time = 0.00s, Memory = 0.0K)
Checking Rule SGDC_abstract_port11 (Rule 283 of total 360) .... done (Time = 0.00s, Memory = 0.0K)
Checking Rule SGDC_abstract_port12 (Rule 284 of total 360) .... done (Time = 0.00s, Memory = 0.0K)
Checking Rule SGDC_abstract_port13 (Rule 285 of total 360) .... done (Time = 0.00s, Memory = 0.0K)
Checking Rule ReportUngroup (Rule 286 of total 360) .... done (Time = 0.00s, Memory = 0.0K)
Checking Rule LINT_portReten (Rule 287 of total 360) .... done (Time = 0.00s, Memory = 0.0K)
Checking Rule SGDC_abstract_port21 (Rule 288 of total 360) .... done (Time = 0.00s, Memory = 0.0K)
Checking Rule InferLatch (Rule 289 of total 360) .... done (Time = 0.00s, Memory = 32.0K)
Checking Rule UndrivenOutPort-ML (Rule 290 of total 360) .... done (Time = 0.02s, Memory = 0.0K)
Checking Rule UndrivenInTerm-ML (Rule 291 of total 360) .... done (Time = 0.05s, Memory = 40.0K)
Checking Rule UndrivenNet-ML (Rule 292 of total 360) .... done (Time = 0.01s, Memory = 0.0K)
Checking Rule NoFeedThrus-ML (Rule 293 of total 360) .... done (Time = 0.00s, Memory = 0.0K)
Checking Rule SGDC_assume_path05 (Rule 294 of total 360) .... done (Time = 0.00s, Memory = 0.0K)
 Flattening core (.lib instances separately flattened) ....
 Flattening completed
Checking Rule SGDC_set_case_analysis_LC (Rule 295 of total 360) .... done (Time = 0.00s, Memory = 0.0K)
Checking Rule BufClock (Rule 296 of total 360) .... done (Time = 0.03s, Memory = 4136.0K)
Checking Rule CombLoop (Rule 297 of total 360) .... done (Time = 0.02s, Memory = 816.0K)
Checking Rule STARC05-2.5.1.2 (Rule 298 of total 360) .... done (Time = 0.00s, Memory = 0.0K)
Checking Rule STARC05-1.3.1.3 (Rule 299 of total 360) .... done (Time = 0.00s, Memory = 0.0K)
Checking Rule STARC05-1.4.3.2 (Rule 300 of total 360) .... done (Time = 0.00s, Memory = 0.0K)
Checking Rule STARC05-1.4.3.4 (Rule 301 of total 360) .... done (Time = 0.00s, Memory = 8.0K)
Checking Rule STARC-2.3.4.3 (Rule 302 of total 360) .... done (Time = 0.00s, Memory = 0.0K)
Checking Rule FlopClockConstant (Rule 303 of total 360) .... done (Time = 0.02s, Memory = 120.0K)
Checking Rule FlopSRConst (Rule 304 of total 360) .... done (Time = 0.00s, Memory = 0.0K)
Checking Rule checkPinConnectedToSupply (Rule 305 of total 360) .... done (Time = 0.00s, Memory = 0.0K)
Checking Rule sim_race07 (Rule 306 of total 360) .... done (Time = 0.01s, Memory = -2472.0K)
Checking Rule W402b (Rule 307 of total 360) .... done (Time = 0.02s, Memory = 2744.0K)
Checking Rule W392 (Rule 308 of total 360) .... done (Time = 0.00s, Memory = 48.0K)
Checking Rule W415 (Rule 309 of total 360) .... done (Time = 0.01s, Memory = 0.0K)
Checking Rule W391 (Rule 310 of total 360) .... done (Time = 0.00s, Memory = 0.0K)
Checking Rule W401 (Rule 311 of total 360) .... done (Time = 0.01s, Memory = 176.0K)
Checking Rule LatchFeedback (Rule 312 of total 360) .... done (Time = 0.01s, Memory = -2560.0K)
Checking Rule SameControlNDataNet-ML (Rule 313 of total 360) .... done (Time = 0.02s, Memory = 2568.0K)
Checking Rule STARC05-2.4.1.5 (Rule 314 of total 360) .... done (Time = 0.00s, Memory = 0.0K)
Checking Rule STARC05-1.2.1.2 (Rule 315 of total 360) .... done (Time = 0.00s, Memory = 16.0K)
Checking Rule AnalyzeBBox (Rule 316 of total 360) .... done (Time = 0.00s, Memory = 0.0K)
Checking Rule ReportCheckDataSummary (Rule 77 of total 360) .... done (Time = 0.00s, Memory = 0.0K)

Generating data for Console...

SpyGlass Rule Checking Complete.

Generating moresimple report from './spyglass-1/core/lint/lint_rtl_enhanced/spyglass.vdb' to './spyglass-1/core/lint/lint_rtl_enhanced/spyglass_reports/moresimple.rpt' ....

Generating runsummary report from './spyglass-1/core/lint/lint_rtl_enhanced/spyglass.vdb' ....

Generating no_msg_reporting_rules report from './spyglass-1/core/lint/lint_rtl_enhanced/spyglass.vdb' to './spyglass-1/core/lint/lint_rtl_enhanced/spyglass_reports/no_msg_reporting_rules.rpt' ....

Generating W415_Report report from './spyglass-1/core/lint/lint_rtl_enhanced/spyglass.vdb' to './spyglass-1/core/lint/lint_rtl_enhanced/spyglass_reports/lint/W415_Report.rpt' ....

Policy specific data (reports) are present in the directory './spyglass-1/core/lint/lint_rtl_enhanced/spyglass_reports'.

SpyGlass critical reports for the current run are present in directory './spyglass-1/consolidated_reports/core_lint_lint_rtl_enhanced/'.

---------------------------------------------------------------------------------------------
Results Summary:
---------------------------------------------------------------------------------------------
   Goal Run           :      lint/lint_rtl_enhanced
   Command-line read  :      0 error,      1 warning,      0 information message 
   Design Read        :      0 error,      0 warning,      4 information messages
      Found 1 top module:
         core   (file: core.v)

   Blackbox Resolution:      0 error,      0 warning,      1 information message 
   SGDC Checks        :      0 error,      0 warning,      0 information message 
** Policy morelint    :      2 errors,     0 warning,      1 information message 
   Policy lint        :      2 errors,     0 warning,      0 information message 
   -------------------------------------------------------------------------------------
   Total              :      4 errors,     1 warning,      6 information messages

  Total Number of Generated Messages     :        11 (4 errors, 1 warning, 6 Infos)
  Number of Reported Messages            :        11 (4 errors, 1 warning, 6 Infos)

  NOTE: It is recommended to first fix/reconcile fatals/errors reported on
        lines starting with ** as subsequent issues might be related to it.
        Please re-run SpyGlass once ** prefixed lines are fatal/error clean.

---------------------------------------------------------------------------------------------


run_goal: info: updating spyglass.log with goal summary
---------------------------------------------------------------------------------------------------
Results Summary:
---------------------------------------------------------------------------------------------------
   Goal Run           :      lint/lint_rtl_enhanced
   Top Module         :      core
---------------------------------------------------------------------------------------------------
   Reports Directory: 
   /home/raid7_2/user12/r2k41036/NTU_CVSD2024/HW3/01_RTL/spyglass-1/consolidated_reports/core_lint_lint_rtl_enhanced/ 

   SpyGlass LogFile: 
    /home/raid7_2/user12/r2k41036/NTU_CVSD2024/HW3/01_RTL/spyglass-1/core/lint/lint_rtl_enhanced/spyglass.log 

   Standard Reports: 
     moresimple.rpt          no_msg_reporting_rules.rpt       

   HTML report:
    /home/raid7_2/user12/r2k41036/NTU_CVSD2024/HW3/01_RTL/spyglass-1/html_reports/goals_summary.html
  

   Technology Reports:  
     <Not Available>
   
   
---------------------------------------------------------------------------------------------------
   Goal Violation Summary:
       Waived   Messages:                      0 Errors,      0 Warnings,      0 Infos
       Reported Messages:         0 Fatals,    4 Errors,      1 Warnings,      6 Infos
---------------------------------------------------------------------------------------------------
   
---------------------------------------------------------------------------------------------------
 
run_goal: info: spyglass.log successfully updated with goal summary
0 {Rule-checking completed with errors}
INFO:    SpyGlass will run goal(s) 'lint/lint_rtl_enhanced'.


RULE-CHECKING IN MIXED MODE
Loading spyglass (SpyGlass_vT-2022.06) ... (picked from /home/raid7_4/raid1_1/linux/synopsys/spyglass/2022.06/SPYGLASS_HOME/policies/spyglass)
Loading openmore (SpyGlass_vT-2022.06) ... (picked from /home/raid7_4/raid1_1/linux/synopsys/spyglass/2022.06/SPYGLASS_HOME/policies/openmore)
Loading starc (SpyGlass_vT-2022.06) ... (picked from /home/raid7_4/raid1_1/linux/synopsys/spyglass/2022.06/SPYGLASS_HOME/policies/starc)
Loading starc2005 (SpyGlass_vT-2022.06) ... (picked from /home/raid7_4/raid1_1/linux/synopsys/spyglass/2022.06/SPYGLASS_HOME/policies/starc2005)
Loading erc (SpyGlass_vT-2022.06) ... (picked from /home/raid7_4/raid1_1/linux/synopsys/spyglass/2022.06/SPYGLASS_HOME/policies/erc)
Loading simulation (SpyGlass_vT-2022.06) ... (picked from /home/raid7_4/raid1_1/linux/synopsys/spyglass/2022.06/SPYGLASS_HOME/policies/simulation)
Loading lint (SpyGlass_vT-2022.06) ... (picked from /home/raid7_4/raid1_1/linux/synopsys/spyglass/2022.06/SPYGLASS_HOME/policies/lint)
Loading latch (SpyGlass_vT-2022.06) ... (picked from /home/raid7_4/raid1_1/linux/synopsys/spyglass/2022.06/SPYGLASS_HOME/policies/latch)
Loading morelint (SpyGlass_vT-2022.06) ... (picked from /home/raid7_4/raid1_1/linux/synopsys/spyglass/2022.06/SPYGLASS_HOME/policies/morelint)
Loading timing (SpyGlass_vT-2022.06) ... (picked from /home/raid7_4/raid1_1/linux/synopsys/spyglass/2022.06/SPYGLASS_HOME/policies/timing)
Loading starc2002 (SpyGlass_vT-2022.06) ... (picked from /home/raid7_4/raid1_1/linux/synopsys/spyglass/2022.06/SPYGLASS_HOME/policies/starc2002)

INFO [326]    SpyGlass Design Database './spyglass-1/core/.SG_SaveRestoreDB' can not be restored because:
              Following design files/directories have been modified since design save
    median.v

              Saving Database again
Loading Audits (SpyGlass_vT-2022.06) ... (picked from /home/raid7_4/raid1_1/linux/synopsys/spyglass/2022.06/SPYGLASS_HOME/policies/Audits)
Loading area (SpyGlass_vT-2022.06) ... (picked from /home/raid7_4/raid1_1/linux/synopsys/spyglass/2022.06/SPYGLASS_HOME/policies/area)
Loading miscellaneous (SpyGlass_vT-2022.06) ... (picked from /home/raid7_4/raid1_1/linux/synopsys/spyglass/2022.06/SPYGLASS_HOME/policies/miscellaneous)
Loading starcad-21 (SpyGlass_vT-2022.06) ... (picked from /home/raid7_4/raid1_1/linux/synopsys/spyglass/2022.06/SPYGLASS_HOME/policies/starcad-21)
Loading txv (SpyGlass_vT-2022.06) ... (picked from /home/raid7_4/raid1_1/linux/synopsys/spyglass/2022.06/SPYGLASS_HOME/policies/txv)

TXV_INFO Parameter txv_extract_domain will be renamed to txv_domain_mode in future!

Loading power_est (SpyGlass_vT-2022.06) ... (picked from /home/raid7_4/raid1_1/linux/synopsys/spyglass/2022.06/SPYGLASS_HOME/policies/power_est)
Loading lowpower (5.6.1) ... (picked from /home/raid7_4/raid1_1/linux/synopsys/spyglass/2022.06/SPYGLASS_HOME/policies/lowpower)
Loading dft_dsm (SpyGlass_vT-2022.06) ... (picked from /home/raid7_4/raid1_1/linux/synopsys/spyglass/2022.06/SPYGLASS_HOME/policies/dft_dsm)
Loading dft (SpyGlass_vT-2022.06) ... (picked from /home/raid7_4/raid1_1/linux/synopsys/spyglass/2022.06/SPYGLASS_HOME/policies/dft)
Loading constraints (SpyGlass_vT-2022.06) ... (picked from /home/raid7_4/raid1_1/linux/synopsys/spyglass/2022.06/SPYGLASS_HOME/policies/constraints)
Loading const_intern1 (SpyGlass_vT-2022.06) ... (picked from /home/raid7_4/raid1_1/linux/synopsys/spyglass/2022.06/SPYGLASS_HOME/policies/constraints)
Loading clock-reset (SpyGlass_vT-2022.06) ... (picked from /home/raid7_4/raid1_1/linux/synopsys/spyglass/2022.06/SPYGLASS_HOME/policies/clock)

INFO [76]    Using './spyglass-1/core/WORK/64' as the Work Directory for 64bit precompiled dump.
Checking Rule SGDC_power_est29 (Rule 1 of total 360) .... done (Time = 0.00s, Memory = 0.0K)
Checking Rule PECHECK04 (Rule 2 of total 360) .... done (Time = 0.03s, Memory = 8.0K)
Checking Rule PECHECK18 (Rule 3 of total 360) .... done (Time = 0.00s, Memory = 0.0K)
Checking Rule PEMVDD01 (Rule 4 of total 360) .... done (Time = 0.00s, Memory = 0.0K)
Checking Rule PrecompileLibCheck01 (Rule 5 of total 360) .... done (Time = 0.00s, Memory = 0.0K)
Checking Rule PrecompileLibCheck02 (Rule 6 of total 360) .... done (Time = 0.00s, Memory = 0.0K)
Checking Rule PrecompileLibCheck03 (Rule 7 of total 360) .... done (Time = 0.00s, Memory = 0.0K)
Checking Rule PrecompileLibCheck04 (Rule 8 of total 360) .... done (Time = 0.00s, Memory = 0.0K)
Checking Rule AbstractInterface (Rule 9 of total 360) .... done (Time = 0.00s, Memory = 0.0K)
Checking Rule SGDC_assume_path01 (Rule 10 of total 360) .... done (Time = 0.00s, Memory = 8.0K)
Checking Rule SGDC_sdcschema02 (Rule 11 of total 360) .... done (Time = 0.00s, Memory = 8.0K)
Checking Rule SGDC_clock05 (Rule 12 of total 360) .... done (Time = 0.00s, Memory = 0.0K)
Checking Rule SGDC_clock09 (Rule 13 of total 360) .... done (Time = 0.00s, Memory = 0.0K)
Checking Rule SGDC_force_ta05 (Rule 14 of total 360) .... done (Time = 0.00s, Memory = 0.0K)
Checking Rule SGDC_require_path03 (Rule 15 of total 360) .... done (Time = 0.00s, Memory = 0.0K)
Checking Rule SGDC_require_value03 (Rule 16 of total 360) .... done (Time = 0.00s, Memory = 8.0K)
Checking Rule SGDC_voltagedomain05 (Rule 17 of total 360) .... done (Time = 0.00s, Memory = 8.0K)
Checking Rule SGDC_voltagedomain06 (Rule 18 of total 360) .... done (Time = 0.00s, Memory = 8.0K)
Checking Rule SGDC_voltagedomain07 (Rule 19 of total 360) .... done (Time = 0.00s, Memory = 8.0K)
Checking Rule SGDC_powerdomainoutputs02 (Rule 20 of total 360) .... done (Time = 0.00s, Memory = 8.0K)
Checking Rule SGDC_supply01 (Rule 21 of total 360) .... done (Time = 0.00s, Memory = 8.0K)
Checking Rule SGDC_waive01 (Rule 22 of total 360) .... done (Time = 0.00s, Memory = 0.0K)
Checking Rule SGDC_waive02 (Rule 23 of total 360) .... done (Time = 0.00s, Memory = 0.0K)
Checking Rule SGDC_waive03 (Rule 24 of total 360) .... done (Time = 0.00s, Memory = 0.0K)
Checking Rule SGDC_waive04 (Rule 25 of total 360) .... done (Time = 0.00s, Memory = 0.0K)
Checking Rule SGDC_waive05 (Rule 26 of total 360) .... done (Time = 0.00s, Memory = 0.0K)
Checking Rule SGDC_waive06 (Rule 27 of total 360) .... done (Time = 0.00s, Memory = 0.0K)
Checking Rule SGDC_waive07 (Rule 28 of total 360) .... done (Time = 0.00s, Memory = 0.0K)
Checking Rule SGDC_waive08 (Rule 29 of total 360) .... done (Time = 0.00s, Memory = 0.0K)
Checking Rule SGDC_waive09 (Rule 30 of total 360) .... done (Time = 0.00s, Memory = 0.0K)
Checking Rule SGDC_waive10 (Rule 31 of total 360) .... done (Time = 0.00s, Memory = 0.0K)
Checking Rule SGDC_waive11 (Rule 32 of total 360) .... done (Time = 0.00s, Memory = 0.0K)
Checking Rule SGDC_waive12 (Rule 33 of total 360) .... done (Time = 0.00s, Memory = 0.0K)
Checking Rule SGDC_waive13 (Rule 34 of total 360) .... done (Time = 0.00s, Memory = 0.0K)
Checking Rule SGDC_waive21 (Rule 35 of total 360) .... done (Time = 0.00s, Memory = 0.0K)
Checking Rule SGDC_waive22 (Rule 36 of total 360) .... done (Time = 0.00s, Memory = 0.0K)
Checking Rule SGDC_waive30 (Rule 37 of total 360) .... done (Time = 0.00s, Memory = 24.0K)
Checking Rule SGDC_waive32 (Rule 38 of total 360) .... done (Time = 0.00s, Memory = 0.0K)
Checking Rule SGDC_waive33 (Rule 39 of total 360) .... done (Time = 0.00s, Memory = 0.0K)
Checking Rule SGDC_waive36 (Rule 40 of total 360) .... done (Time = 0.00s, Memory = -8.0K)
Checking Rule SGDC_waive38 (Rule 41 of total 360) .... done (Time = 0.00s, Memory = 0.0K)
Checking Rule SGDC_fifo01 (Rule 42 of total 360) .... done (Time = 0.00s, Memory = 8.0K)
Checking Rule SGDC_libgroup01 (Rule 43 of total 360) .... done (Time = 0.00s, Memory = 0.0K)
Checking Rule SGDC_libgroup02 (Rule 44 of total 360) .... done (Time = 0.00s, Memory = 0.0K)
Checking Rule SGDC_libgroup04 (Rule 45 of total 360) .... done (Time = 0.00s, Memory = -2568.0K)
Checking Rule SGDC_power_data01 (Rule 46 of total 360) .... done (Time = 0.00s, Memory = 0.0K)
Checking Rule SGDC_ungroup01 (Rule 47 of total 360) .... done (Time = 0.00s, Memory = 8.0K)
Checking Rule SGDC_abstract_port06 (Rule 48 of total 360) .... done (Time = 0.00s, Memory = 0.0K)
Checking Rule SGDC_abstract_port14 (Rule 49 of total 360) .... done (Time = 0.00s, Memory = 24.0K)
Checking Rule SGDC_abstract_port15 (Rule 50 of total 360) .... done (Time = 0.00s, Memory = 0.0K)
Checking Rule SGDC_abstract_port18 (Rule 51 of total 360) .... done (Time = 0.00s, Memory = 8.0K)
Checking Rule sdc_init_rule (Rule 52 of total 360) .... done (Time = 0.00s, Memory = 0.0K)
Checking Rule CMD_ignorelibs01 (Rule 53 of total 360) .... done (Time = 0.00s, Memory = 0.0K)
Checking Rule ReportRuleNotRun (Rule 54 of total 360) .... done (Time = 0.07s, Memory = 2568.0K)
Checking Rule ReserveName (Rule 55 of total 360) .... done (Time = 0.00s, Memory = 0.0K)
Checking Rule ReserveName (Rule 56 of total 360) .... done (Time = 0.00s, Memory = 0.0K)
Checking Rule STARC05-2.3.1.2c (Rule 57 of total 360) .... done (Time = 0.00s, Memory = 0.0K)
Checking Rule W442a (Rule 58 of total 360) .... done (Time = 0.00s, Memory = 0.0K)
Checking Rule W442b (Rule 59 of total 360) .... done (Time = 0.00s, Memory = 0.0K)
Checking Rule W442c (Rule 60 of total 360) .... done (Time = 0.00s, Memory = 0.0K)
Checking Rule W442f (Rule 61 of total 360) .... done (Time = 0.00s, Memory = 0.0K)
Checking Rule W561 (Rule 62 of total 360) .... done (Time = 0.00s, Memory = 0.0K)
Checking Rule mixedsenselist (Rule 63 of total 360) .... done (Time = 0.00s, Memory = 0.0K)
Checking Rule badimplicitSM1 (Rule 64 of total 360) .... done (Time = 0.00s, Memory = 0.0K)
Checking Rule badimplicitSM2 (Rule 65 of total 360) .... done (Time = 0.00s, Memory = 0.0K)
Checking Rule badimplicitSM4 (Rule 66 of total 360) .... done (Time = 0.00s, Memory = 0.0K)
Checking Rule bothedges (Rule 67 of total 360) .... done (Time = 0.00s, Memory = 0.0K)
Checking Rule infiniteloop (Rule 68 of total 360) .... done (Time = 0.00s, Memory = 0.0K)
Checking Rule BlockHeader (Rule 69 of total 360) .... done (Time = 0.00s, Memory = 0.0K)
Checking Rule W421 (Rule 70 of total 360) .... done (Time = 0.00s, Memory = 0.0K)
Checking Rule ReserveNameSystemVerilog-ML (Rule 71 of total 360) .... done (Time = 0.00s, Memory = 0.0K)
Checking Rule ReserveNameSystemVerilog-ML (Rule 72 of total 360) .... done (Time = 0.00s, Memory = 0.0K)
Checking Rule STARC05-2.1.6.5 (Rule 73 of total 360) .... done (Time = 0.00s, Memory = 0.0K)
Checking Rule ReportStopSummary (Rule 74 of total 360) .... done (Time = 0.00s, Memory = 0.0K)
Checking Rule ReportIgnoreSummary (Rule 75 of total 360) .... done (Time = 0.00s, Memory = 32.0K)
 Analyzing source file "define.v" ....
 Analyzing source file "core.v" ....
 Analyzing source file "conv.v" ....
 Analyzing source file "median.v" ....
 Elaborating Top Verilog Design Unit 'core' ..... done
Checking Rule ElabSummary (Rule 76 of total 360) .... done (Time = 0.01s, Memory = 0.0K)
Checking Rule ReportCheckDataSummary (Rule 77 of total 360) .... done (Time = 0.00s, Memory = 0.0K)

INFO [38]    Design option 'ignoredu/ignorefile' specified.
             Please refer 'InfoAnalyzeBBox' or ReportIgnoreSummary' rule message for more details.

 Reading waiver file "./spyglass-1/core/lint/lint_rtl_enhanced/spyglass_spysch/constraint/spg_autogenerated_waivers.sgdc" ...
 Generating SGDC file "./spyglass-1/core/lint/lint_rtl_enhanced/spyglass_spysch/constraint/pragma2Constraint.sgdc" from pragmas in HDL source files ....
 Generating WAIVER file "./spyglass-1/core/lint/lint_rtl_enhanced/spyglass_spysch/waiver/pragma2Waiver.swl" from pragmas in HDL source files ....
Checking Rule DetectTopDesignUnits (Rule 78 of total 360)
 Detected 1 top level design units:
     core
 .... done (Time = 0.01s, Memory = 0.0K)
Performing semantic checks on SGDC contents
Checking Rule SGDC_testmode03 (Rule 79 of total 360) .... done (Time = 0.00s, Memory = 0.0K)
Checking Rule PECHECK09 (Rule 80 of total 360) .... done (Time = 0.00s, Memory = 0.0K)
Checking Rule Ac_multitop01 (Rule 81 of total 360) .... done (Time = 0.00s, Memory = 0.0K)
Checking Rule ReportObsoletePragmas (Rule 82 of total 360) .... done (Time = 0.00s, Memory = 0.0K)
Checking Rule ReportCksum (Rule 83 of total 360) .... done (Time = 0.00s, Memory = 0.0K)
Checking Rule checkSGDC_01 (Rule 84 of total 360) .... done (Time = 0.00s, Memory = 0.0K)
Checking Rule checkSGDC_03 (Rule 85 of total 360) .... done (Time = 0.00s, Memory = 0.0K)
Checking Rule checkSGDC_08 (Rule 86 of total 360) .... done (Time = 0.00s, Memory = 0.0K)
Checking Rule GenerateConfMap (Rule 87 of total 360) .... done (Time = 0.00s, Memory = 0.0K)
Checking Rule SGDC_memorywritepin04 (Rule 88 of total 360) .... done (Time = 0.00s, Memory = 0.0K)
Checking Rule SGDC_reset02 (Rule 89 of total 360) .... done (Time = 0.00s, Memory = 0.0K)
Checking Rule SGDC_reset03 (Rule 90 of total 360) .... done (Time = 0.00s, Memory = 16.0K)
Checking Rule SGDC_libgroup03 (Rule 91 of total 360) .... done (Time = 0.00s, Memory = 0.0K)
Checking Rule SGDC_ungroup02 (Rule 92 of total 360) .... done (Time = 0.00s, Memory = 0.0K)
Checking Rule HdlLibDuCheck (Rule 93 of total 360) .... done (Time = 0.00s, Memory = 0.0K)
Checking Rule RtlDesignInfo (Rule 94 of total 360) .... done (Time = 0.00s, Memory = 0.0K)
Checking Rule W339a (Rule 95 of total 360) .... done (Time = 0.00s, Memory = 16.0K)
Checking Rule W416 (Rule 96 of total 360) .... done (Time = 0.00s, Memory = 0.0K)
Checking Rule mixedsenselist (Rule 97 of total 360) .... done (Time = 0.00s, Memory = 0.0K)
Checking Rule W110a (Rule 98 of total 360) .... done (Time = 0.00s, Memory = 0.0K)
Checking Rule Pragma_setupa (Rule 99 of total 360) .... done (Time = 0.00s, Memory = 0.0K)
Checking Rule _deltaDelay (Rule 100 of total 360) .... done (Time = 0.00s, Memory = 0.0K)
Checking Rule _deltaDelay (Rule 101 of total 360) .... done (Time = 0.00s, Memory = 0.0K)
Checking Rule preReq_ConsCase (Rule 102 of total 360) .... done (Time = 0.00s, Memory = 0.0K)
Checking Rule CheckCelldefine (Rule 103 of total 360) .... done (Time = 0.00s, Memory = 0.0K)
Checking Rule SGDC_waive23 (Rule 104 of total 360) .... done (Time = 0.00s, Memory = 0.0K)
Checking Rule SGDC_waive26 (Rule 105 of total 360) .... done (Time = 0.00s, Memory = 0.0K)
Checking Rule SGDC_waive27 (Rule 106 of total 360) .... done (Time = 0.00s, Memory = 0.0K)
Checking Rule SGDC_waive29 (Rule 107 of total 360) .... done (Time = 0.00s, Memory = 0.0K)
Checking Rule STARC05-1.1.1.1 (Rule 108 of total 360) .... done (Time = 0.00s, Memory = 0.0K)
Checking Rule STARC05-2.3.1.5b (Rule 109 of total 360) .... done (Time = 0.01s, Memory = 2536.0K)
Checking Rule STARC05-2.8.1.5 (Rule 110 of total 360) .... done (Time = 0.00s, Memory = 0.0K)
Checking Rule STARC05-2.8.5.1 (Rule 111 of total 360) .... done (Time = 0.00s, Memory = -2568.0K)
Checking Rule STARC05-2.9.1.2a (Rule 112 of total 360) .... done (Time = 0.00s, Memory = 0.0K)
Checking Rule STARC05-2.9.1.2b (Rule 113 of total 360) .... done (Time = 0.00s, Memory = 0.0K)
Checking Rule STARC05-2.11.3.1 (Rule 114 of total 360) .... done (Time = 0.00s, Memory = 0.0K)
Checking Rule STARC05-1.1.1.1 (Rule 115 of total 360) .... done (Time = 0.00s, Memory = 0.0K)
Checking Rule Prereqs_STARC05-1.6.2.1 (Rule 116 of total 360) .... done (Time = 0.00s, Memory = 0.0K)
Checking Rule Prereqs_STARC-1.6.2.1 (Rule 117 of total 360) .... done (Time = 0.00s, Memory = 0.0K)
Checking Rule STARC05-2.3.4.1 (Rule 118 of total 360) .... done (Time = 0.00s, Memory = 0.0K)
Checking Rule W127 (Rule 119 of total 360) .... done (Time = 0.00s, Memory = 0.0K)
Checking Rule W193 (Rule 120 of total 360) .... done (Time = 0.01s, Memory = 0.0K)
Checking Rule W317 (Rule 121 of total 360) .... done (Time = 0.00s, Memory = 0.0K)
Checking Rule W422 (Rule 122 of total 360) .... done (Time = 0.00s, Memory = 8.0K)
Checking Rule W426 (Rule 123 of total 360) .... done (Time = 0.00s, Memory = 0.0K)
Checking Rule W464 (Rule 124 of total 360) .... done (Time = 0.00s, Memory = 0.0K)
Checking Rule W479 (Rule 125 of total 360) .... done (Time = 0.00s, Memory = 0.0K)
Checking Rule W480 (Rule 126 of total 360) .... done (Time = 0.00s, Memory = 0.0K)
Checking Rule W481a (Rule 127 of total 360) .... done (Time = 0.00s, Memory = 0.0K)
Checking Rule W481b (Rule 128 of total 360) .... done (Time = 0.00s, Memory = 0.0K)
Checking Rule W527 (Rule 129 of total 360) .... done (Time = 0.00s, Memory = 0.0K)
Checking Rule W422 (Rule 130 of total 360) .... done (Time = 0.00s, Memory = 0.0K)
Checking Rule W292 (Rule 131 of total 360) .... done (Time = 0.00s, Memory = 0.0K)
Checking Rule W464 (Rule 132 of total 360) .... done (Time = 0.00s, Memory = 0.0K)
Checking Rule W71 (Rule 133 of total 360) .... done (Time = 0.00s, Memory = 0.0K)
Checking Rule W167 (Rule 134 of total 360) .... done (Time = 0.00s, Memory = 104.0K)
Checking Rule W167 (Rule 135 of total 360) .... done (Time = 0.00s, Memory = 0.0K)
Checking Rule W293 (Rule 136 of total 360) .... done (Time = 0.00s, Memory = 0.0K)
Checking Rule W398 (Rule 137 of total 360) .... done (Time = 0.00s, Memory = 0.0K)
Checking Rule W421 (Rule 138 of total 360) .... done (Time = 0.00s, Memory = 0.0K)
Checking Rule W424 (Rule 139 of total 360) .... done (Time = 0.00s, Memory = 0.0K)
Checking Rule W443 (Rule 140 of total 360) .... done (Time = 0.00s, Memory = 0.0K)
Checking Rule W444 (Rule 141 of total 360) .... done (Time = 0.00s, Memory = 0.0K)
Checking Rule W467 (Rule 142 of total 360) .... done (Time = 0.00s, Memory = 0.0K)
Checking Rule UnrecSynthDir-ML (Rule 143 of total 360) .... done (Time = 0.00s, Memory = 0.0K)
Checking Rule UnrecSynthDir-ML (Rule 144 of total 360) .... done (Time = 0.00s, Memory = 0.0K)
Checking Rule PragmaComments-ML (Rule 145 of total 360) .... done (Time = 0.00s, Memory = 0.0K)
Checking Rule PragmaComments-ML (Rule 146 of total 360) .... done (Time = 0.00s, Memory = 0.0K)
Checking Rule CheckDelayTimescale-ML (Rule 147 of total 360) .... done (Time = 0.00s, Memory = 0.0K)
Checking Rule Prereqs_CheckTimeUnitandPrecision-ML (Rule 148 of total 360) .... done (Time = 0.00s, Memory = 0.0K)
Checking Rule NoGenLabel-ML (Rule 149 of total 360)
Rule NoGenLabel-ML: Unknown argument 'yes' passed
 .... done (Time = 0.00s, Memory = 0.0K)
Checking Rule SetBeforeRead-ML (Rule 150 of total 360) .... done (Time = 0.00s, Memory = 0.0K)
Checking ELABDU Rules for designUnit core
    Checking Rule Ac_classify_param01 (Rule 151 of total 360) .... done (Time = 0.00s, Memory = 0.0K)
    Checking Rule AcOvlRtl (Rule 152 of total 360) .... done (Time = 0.00s, Memory = 0.0K)
    Checking Rule AcOvlRtl (Rule 153 of total 360) .... done (Time = 0.00s, Memory = 32.0K)
    Checking Rule GenTopLevelBlocksForAutoSoc (Rule 154 of total 360) .... done (Time = 0.00s, Memory = 0.0K)
    Checking Rule Prereqs_InferLatch (Rule 155 of total 360) .... done (Time = 0.00s, Memory = 0.0K)
    Checking Rule STARC05-2.1.4.5 (Rule 156 of total 360) .... done (Time = 0.00s, Memory = 0.0K)
    Checking Rule STARC05-2.1.5.3 (Rule 157 of total 360) .... done (Time = 0.00s, Memory = 0.0K)
    Checking Rule STARC05-2.2.3.3 (Rule 158 of total 360) .... done (Time = 0.00s, Memory = 8.0K)
    Checking Rule STARC05-2.3.1.6 (Rule 159 of total 360) .... done (Time = 0.00s, Memory = 0.0K)
    Checking Rule STARC05-2.10.2.3 (Rule 160 of total 360) .... done (Time = 0.01s, Memory = 0.0K)
    Checking Rule STARC05-2.10.3.2a (Rule 161 of total 360) .... done (Time = 0.00s, Memory = 0.0K)
    Checking Rule STARC05-2.11.3.1 (Rule 162 of total 360) .... done (Time = 0.01s, Memory = -2528.0K)
    Checking Rule STARC05-2.1.1.2 (Rule 163 of total 360) .... done (Time = 0.00s, Memory = 0.0K)
    Checking Rule STARC05-2.1.3.1 (Rule 164 of total 360) .... done (Time = 0.00s, Memory = 0.0K)
    Checking Rule STARC05-2.8.1.3 (Rule 165 of total 360) .... done (Time = 0.00s, Memory = 0.0K)
    Checking Rule STARC05-2.10.1.4a (Rule 166 of total 360) .... done (Time = 0.00s, Memory = 0.0K)
    Checking Rule STARC05-2.10.1.4b (Rule 167 of total 360) .... done (Time = 0.00s, Memory = 0.0K)
    Checking Rule STARC05-2.8.1.3 (Rule 168 of total 360) .... done (Time = 0.00s, Memory = 0.0K)
    Checking Rule sim_race02 (Rule 169 of total 360) .... done (Time = 0.00s, Memory = 0.0K)
    Checking Rule W239 (Rule 170 of total 360) .... done (Time = 0.00s, Memory = 0.0K)
    Checking Rule W110 (Rule 171 of total 360) .... done (Time = 0.00s, Memory = 0.0K)
    Checking Rule W122 (Rule 172 of total 360) .... done (Time = 0.01s, Memory = 0.0K)
    Checking Rule W163 (Rule 173 of total 360) .... done (Time = 0.00s, Memory = 0.0K)
    Checking Rule W552 (Rule 174 of total 360) .... done (Time = 0.00s, Memory = -32.0K)
    Checking Rule W553 (Rule 175 of total 360) .... done (Time = 0.00s, Memory = 0.0K)
    Checking Rule W496a (Rule 176 of total 360) .... done (Time = 0.00s, Memory = 0.0K)
    Checking Rule W496b (Rule 177 of total 360) .... done (Time = 0.00s, Memory = 0.0K)
    Checking Rule W19 (Rule 178 of total 360) .... done (Time = 0.00s, Memory = 0.0K)
    Checking Rule W66 (Rule 179 of total 360) .... done (Time = 0.00s, Memory = 0.0K)
    Checking Rule W116 (Rule 180 of total 360) .... done (Time = 0.00s, Memory = 0.0K)
    Checking Rule W123 (Rule 181 of total 360) .... done (Time = 0.01s, Memory = 16.0K)
    Checking Rule W156 (Rule 182 of total 360) .... done (Time = 0.01s, Memory = 904.0K)
    Checking Rule W188 (Rule 183 of total 360) .... done (Time = 0.00s, Memory = 0.0K)
    Checking Rule W215 (Rule 184 of total 360) .... done (Time = 0.00s, Memory = 0.0K)
    Checking Rule W216 (Rule 185 of total 360) .... done (Time = 0.00s, Memory = 0.0K)
    Checking Rule W218 (Rule 186 of total 360) .... done (Time = 0.00s, Memory = 0.0K)
    Checking Rule W238 (Rule 187 of total 360) .... done (Time = 0.00s, Memory = 0.0K)
    Checking Rule W245 (Rule 188 of total 360) .... done (Time = 0.00s, Memory = 0.0K)
    Checking Rule W263 (Rule 189 of total 360) .... done (Time = 0.01s, Memory = 8.0K)
    Checking Rule W289 (Rule 190 of total 360) .... done (Time = 0.00s, Memory = 0.0K)
    Checking Rule W314 (Rule 191 of total 360) .... done (Time = 0.00s, Memory = 0.0K)
    Checking Rule W316 (Rule 192 of total 360) .... done (Time = 0.00s, Memory = 0.0K)
    Checking Rule W337 (Rule 193 of total 360) .... done (Time = 0.00s, Memory = 0.0K)
    Checking Rule W342 (Rule 194 of total 360) .... done (Time = 0.00s, Memory = 0.0K)
    Checking Rule W343 (Rule 195 of total 360) .... done (Time = 0.00s, Memory = 0.0K)
    Checking Rule W416 (Rule 196 of total 360) .... done (Time = 0.00s, Memory = 0.0K)
    Checking Rule W352 (Rule 197 of total 360) .... done (Time = 0.00s, Memory = 0.0K)
    Checking Rule W362 (Rule 198 of total 360) .... done (Time = 0.00s, Memory = 0.0K)
    Checking Rule W423 (Rule 199 of total 360) .... done (Time = 0.00s, Memory = 0.0K)
    Checking Rule W486 (Rule 200 of total 360) .... done (Time = 0.00s, Memory = 0.0K)
    Checking Rule W499 (Rule 201 of total 360) .... done (Time = 0.00s, Memory = 0.0K)
    Checking Rule W502 (Rule 202 of total 360) .... done (Time = 0.00s, Memory = 0.0K)
    Checking Rule W575 (Rule 203 of total 360) .... done (Time = 0.00s, Memory = 0.0K)
    Checking Rule W576 (Rule 204 of total 360) .... done (Time = 0.00s, Memory = 0.0K)
    Checking Rule W116 (Rule 205 of total 360) .... done (Time = 0.00s, Memory = 0.0K)
    Checking Rule W122 (Rule 206 of total 360) .... done (Time = 0.00s, Memory = 0.0K)
    Checking Rule W123 (Rule 207 of total 360) .... done (Time = 0.00s, Memory = 0.0K)
    Checking Rule W156 (Rule 208 of total 360) .... done (Time = 0.00s, Memory = 0.0K)
    Checking Rule W71 (Rule 209 of total 360) .... done (Time = 0.01s, Memory = 0.0K)
    Checking Rule W164a (Rule 210 of total 360) .... done (Time = 0.00s, Memory = 0.0K)
    Checking Rule W164a (Rule 211 of total 360) .... done (Time = 0.00s, Memory = 0.0K)
    Checking Rule W164b (Rule 212 of total 360) .... done (Time = 0.00s, Memory = -2536.0K)
    Checking Rule W164b (Rule 213 of total 360) .... done (Time = 0.00s, Memory = 0.0K)
    Checking Rule W210 (Rule 214 of total 360) .... done (Time = 0.00s, Memory = 0.0K)
    Checking Rule W210 (Rule 215 of total 360) .... done (Time = 0.00s, Memory = 0.0K)
    Checking Rule W240 (Rule 216 of total 360) .... done (Time = 0.00s, Memory = 0.0K)
    Checking Rule W240 (Rule 217 of total 360) .... done (Time = 0.00s, Memory = 0.0K)
    Checking Rule W241 (Rule 218 of total 360) .... done (Time = 0.00s, Memory = 0.0K)
    Checking Rule W241 (Rule 219 of total 360) .... done (Time = 0.00s, Memory = 0.0K)
    Checking Rule W287a (Rule 220 of total 360) .... done (Time = 0.01s, Memory = 8.0K)
    Checking Rule W287c (Rule 221 of total 360) .... done (Time = 0.00s, Memory = 0.0K)
    Checking Rule W293 (Rule 222 of total 360) .... done (Time = 0.00s, Memory = 0.0K)
    Checking Rule W398 (Rule 223 of total 360) .... done (Time = 0.00s, Memory = 0.0K)
    Checking Rule W424 (Rule 224 of total 360) .... done (Time = 0.00s, Memory = 0.0K)
    Checking Rule W443 (Rule 225 of total 360) .... done (Time = 0.00s, Memory = 0.0K)
    Checking Rule W444 (Rule 226 of total 360) .... done (Time = 0.00s, Memory = 0.0K)
    Checking Rule W467 (Rule 227 of total 360) .... done (Time = 0.00s, Memory = 0.0K)
    Checking Rule W494 (Rule 228 of total 360) .... done (Time = 0.01s, Memory = 0.0K)
    Checking Rule W494 (Rule 229 of total 360) .... done (Time = 0.00s, Memory = 0.0K)
    Checking Rule W505 (Rule 230 of total 360) .... done (Time = 0.00s, Memory = 24.0K)
    Checking Rule W505 (Rule 231 of total 360) .... done (Time = 0.00s, Memory = 0.0K)
    Checking Rule Prereqs_Usage (Rule 232 of total 360) .... done (Time = 0.00s, Memory = -16.0K)
    Checking Rule Prereqs_ConstantInput-ML (Rule 233 of total 360) .... done (Time = 0.00s, Memory = 32.0K)
    Checking Rule ReportPortInfo-ML (Rule 234 of total 360) .... done (Time = 0.01s, Memory = 2544.0K)
    Checking Rule Prereqs_ReportPortInfo-ML (Rule 235 of total 360) .... done (Time = 0.00s, Memory = 0.0K)
    Checking Rule Prereqs_ReportPortInfo-ML (Rule 236 of total 360) .... done (Time = 0.00s, Memory = 0.0K)
    Checking Rule DisallowCaseX-ML (Rule 237 of total 360) .... done (Time = 0.00s, Memory = 0.0K)
    Checking Rule NoAssignX-ML (Rule 238 of total 360) .... done (Time = 0.00s, Memory = 0.0K)
    Checking Rule InstPortConnType-ML (Rule 239 of total 360) .... done (Time = 0.00s, Memory = 8.0K)
    Checking Rule ParamWidthMismatch-ML (Rule 240 of total 360) .... done (Time = 0.00s, Memory = 0.0K)
    Checking Rule DuplicateCaseLabel-ML (Rule 241 of total 360) .... done (Time = 0.00s, Memory = 0.0K)
    Checking Rule AutomaticFuncTask-ML (Rule 242 of total 360) .... done (Time = 0.00s, Memory = 8.0K)
    Checking Rule SetBeforeRead-ML (Rule 243 of total 360) .... done (Time = 0.00s, Memory = 8.0K)
    Checking Rule SigAssignZ-ML (Rule 244 of total 360) .... done (Time = 0.00s, Memory = 0.0K)
    Checking Rule Postreqs_Usage_ML (Rule 245 of total 360) .... done (Time = 0.00s, Memory = 0.0K)
    Checking Rule ImproperRangeIndex-ML (Rule 246 of total 360) .... done (Time = 0.01s, Memory = 0.0K)
    Checking Rule NoXInCase-ML (Rule 247 of total 360) .... done (Time = 0.00s, Memory = 0.0K)
    Checking Rule SigAssignZ-ML (Rule 248 of total 360) .... done (Time = 0.00s, Memory = 0.0K)
Checking ELABDU Rules for designUnit conv
    Checking Rule Ac_classify_param01 (Rule 151 of total 360) .... done (Time = 0.00s, Memory = 0.0K)
    Checking Rule AcOvlRtl (Rule 152 of total 360) .... done (Time = 0.00s, Memory = 0.0K)
    Checking Rule AcOvlRtl (Rule 153 of total 360) .... done (Time = 0.00s, Memory = 32.0K)
    Checking Rule GenTopLevelBlocksForAutoSoc (Rule 154 of total 360) .... done (Time = 0.00s, Memory = 0.0K)
    Checking Rule Prereqs_InferLatch (Rule 155 of total 360) .... done (Time = 0.00s, Memory = 0.0K)
    Checking Rule STARC05-2.1.4.5 (Rule 156 of total 360) .... done (Time = 0.00s, Memory = 0.0K)
    Checking Rule STARC05-2.1.5.3 (Rule 157 of total 360) .... done (Time = 0.00s, Memory = 0.0K)
    Checking Rule STARC05-2.2.3.3 (Rule 158 of total 360) .... done (Time = 0.00s, Memory = 0.0K)
    Checking Rule STARC05-2.3.1.6 (Rule 159 of total 360) .... done (Time = 0.00s, Memory = 0.0K)
    Checking Rule STARC05-2.10.2.3 (Rule 160 of total 360) .... done (Time = 0.00s, Memory = 0.0K)
    Checking Rule STARC05-2.10.3.2a (Rule 161 of total 360) .... done (Time = 0.00s, Memory = 0.0K)
    Checking Rule STARC05-2.11.3.1 (Rule 162 of total 360) .... done (Time = 0.00s, Memory = 0.0K)
    Checking Rule STARC05-2.1.1.2 (Rule 163 of total 360) .... done (Time = 0.00s, Memory = 0.0K)
    Checking Rule STARC05-2.1.3.1 (Rule 164 of total 360) .... done (Time = 0.00s, Memory = 8.0K)
    Checking Rule STARC05-2.8.1.3 (Rule 165 of total 360) .... done (Time = 0.00s, Memory = 0.0K)
    Checking Rule STARC05-2.10.1.4a (Rule 166 of total 360) .... done (Time = 0.00s, Memory = 0.0K)
    Checking Rule STARC05-2.10.1.4b (Rule 167 of total 360) .... done (Time = 0.00s, Memory = 0.0K)
    Checking Rule STARC05-2.8.1.3 (Rule 168 of total 360) .... done (Time = 0.00s, Memory = 0.0K)
    Checking Rule sim_race02 (Rule 169 of total 360) .... done (Time = 0.00s, Memory = 0.0K)
    Checking Rule W239 (Rule 170 of total 360) .... done (Time = 0.00s, Memory = 0.0K)
    Checking Rule W110 (Rule 171 of total 360) .... done (Time = 0.00s, Memory = 0.0K)
    Checking Rule W122 (Rule 172 of total 360) .... done (Time = 0.00s, Memory = 0.0K)
    Checking Rule W163 (Rule 173 of total 360) .... done (Time = 0.00s, Memory = 0.0K)
    Checking Rule W552 (Rule 174 of total 360) .... done (Time = 0.00s, Memory = 0.0K)
    Checking Rule W553 (Rule 175 of total 360) .... done (Time = 0.00s, Memory = 0.0K)
    Checking Rule W496a (Rule 176 of total 360) .... done (Time = 0.00s, Memory = 0.0K)
    Checking Rule W496b (Rule 177 of total 360) .... done (Time = 0.00s, Memory = 0.0K)
    Checking Rule W19 (Rule 178 of total 360) .... done (Time = 0.01s, Memory = 0.0K)
    Checking Rule W66 (Rule 179 of total 360) .... done (Time = 0.00s, Memory = 0.0K)
    Checking Rule W116 (Rule 180 of total 360) .... done (Time = 0.00s, Memory = 0.0K)
    Checking Rule W123 (Rule 181 of total 360) .... done (Time = 0.00s, Memory = 16.0K)
    Checking Rule W156 (Rule 182 of total 360) .... done (Time = 0.00s, Memory = 0.0K)
    Checking Rule W188 (Rule 183 of total 360) .... done (Time = 0.00s, Memory = 0.0K)
    Checking Rule W215 (Rule 184 of total 360) .... done (Time = 0.00s, Memory = 0.0K)
    Checking Rule W216 (Rule 185 of total 360) .... done (Time = 0.01s, Memory = 0.0K)
    Checking Rule W218 (Rule 186 of total 360) .... done (Time = 0.00s, Memory = 0.0K)
    Checking Rule W238 (Rule 187 of total 360) .... done (Time = 0.00s, Memory = 0.0K)
    Checking Rule W245 (Rule 188 of total 360) .... done (Time = 0.00s, Memory = 0.0K)
    Checking Rule W263 (Rule 189 of total 360) .... done (Time = 0.00s, Memory = 0.0K)
    Checking Rule W289 (Rule 190 of total 360) .... done (Time = 0.00s, Memory = 0.0K)
    Checking Rule W314 (Rule 191 of total 360) .... done (Time = 0.00s, Memory = 0.0K)
    Checking Rule W316 (Rule 192 of total 360) .... done (Time = 0.00s, Memory = 0.0K)
    Checking Rule W337 (Rule 193 of total 360) .... done (Time = 0.00s, Memory = 0.0K)
    Checking Rule W342 (Rule 194 of total 360) .... done (Time = 0.00s, Memory = 0.0K)
    Checking Rule W343 (Rule 195 of total 360) .... done (Time = 0.00s, Memory = 0.0K)
    Checking Rule W416 (Rule 196 of total 360) .... done (Time = 0.00s, Memory = 0.0K)
    Checking Rule W352 (Rule 197 of total 360) .... done (Time = 0.00s, Memory = 0.0K)
    Checking Rule W362 (Rule 198 of total 360) .... done (Time = 0.00s, Memory = 0.0K)
    Checking Rule W423 (Rule 199 of total 360) .... done (Time = 0.00s, Memory = 0.0K)
    Checking Rule W486 (Rule 200 of total 360) .... done (Time = 0.00s, Memory = 0.0K)
    Checking Rule W499 (Rule 201 of total 360) .... done (Time = 0.00s, Memory = 0.0K)
    Checking Rule W502 (Rule 202 of total 360) .... done (Time = 0.00s, Memory = 0.0K)
    Checking Rule W575 (Rule 203 of total 360) .... done (Time = 0.00s, Memory = 0.0K)
    Checking Rule W576 (Rule 204 of total 360) .... done (Time = 0.00s, Memory = 0.0K)
    Checking Rule W116 (Rule 205 of total 360) .... done (Time = 0.00s, Memory = 0.0K)
    Checking Rule W122 (Rule 206 of total 360) .... done (Time = 0.00s, Memory = 0.0K)
    Checking Rule W123 (Rule 207 of total 360) .... done (Time = 0.00s, Memory = 0.0K)
    Checking Rule W156 (Rule 208 of total 360) .... done (Time = 0.00s, Memory = 0.0K)
    Checking Rule W71 (Rule 209 of total 360) .... done (Time = 0.00s, Memory = 0.0K)
    Checking Rule W164a (Rule 210 of total 360) .... done (Time = 0.00s, Memory = 0.0K)
    Checking Rule W164a (Rule 211 of total 360) .... done (Time = 0.00s, Memory = 0.0K)
    Checking Rule W164b (Rule 212 of total 360) .... done (Time = 0.00s, Memory = 0.0K)
    Checking Rule W164b (Rule 213 of total 360) .... done (Time = 0.00s, Memory = 0.0K)
    Checking Rule W210 (Rule 214 of total 360) .... done (Time = 0.00s, Memory = 0.0K)
    Checking Rule W210 (Rule 215 of total 360) .... done (Time = 0.00s, Memory = 0.0K)
    Checking Rule W240 (Rule 216 of total 360) .... done (Time = 0.00s, Memory = 0.0K)
    Checking Rule W240 (Rule 217 of total 360) .... done (Time = 0.00s, Memory = 0.0K)
    Checking Rule W241 (Rule 218 of total 360) .... done (Time = 0.00s, Memory = 0.0K)
    Checking Rule W241 (Rule 219 of total 360) .... done (Time = 0.00s, Memory = 0.0K)
    Checking Rule W287a (Rule 220 of total 360) .... done (Time = 0.00s, Memory = 0.0K)
    Checking Rule W287c (Rule 221 of total 360) .... done (Time = 0.00s, Memory = 0.0K)
    Checking Rule W293 (Rule 222 of total 360) .... done (Time = 0.00s, Memory = 0.0K)
    Checking Rule W398 (Rule 223 of total 360) .... done (Time = 0.00s, Memory = 0.0K)
    Checking Rule W424 (Rule 224 of total 360) .... done (Time = 0.00s, Memory = 0.0K)
    Checking Rule W443 (Rule 225 of total 360) .... done (Time = 0.00s, Memory = 0.0K)
    Checking Rule W444 (Rule 226 of total 360) .... done (Time = 0.00s, Memory = 0.0K)
    Checking Rule W467 (Rule 227 of total 360) .... done (Time = 0.00s, Memory = 0.0K)
    Checking Rule W494 (Rule 228 of total 360) .... done (Time = 0.00s, Memory = 0.0K)
    Checking Rule W494 (Rule 229 of total 360) .... done (Time = 0.00s, Memory = 0.0K)
    Checking Rule W505 (Rule 230 of total 360) .... done (Time = 0.00s, Memory = 0.0K)
    Checking Rule W505 (Rule 231 of total 360) .... done (Time = 0.00s, Memory = 0.0K)
    Checking Rule Prereqs_Usage (Rule 232 of total 360) .... done (Time = 0.00s, Memory = -16.0K)
    Checking Rule Prereqs_ConstantInput-ML (Rule 233 of total 360) .... done (Time = 0.00s, Memory = 32.0K)
    Checking Rule ReportPortInfo-ML (Rule 234 of total 360) .... done (Time = 0.00s, Memory = 0.0K)
    Checking Rule Prereqs_ReportPortInfo-ML (Rule 235 of total 360) .... done (Time = 0.00s, Memory = 0.0K)
    Checking Rule Prereqs_ReportPortInfo-ML (Rule 236 of total 360) .... done (Time = 0.00s, Memory = 0.0K)
    Checking Rule DisallowCaseX-ML (Rule 237 of total 360) .... done (Time = 0.01s, Memory = 0.0K)
    Checking Rule NoAssignX-ML (Rule 238 of total 360) .... done (Time = 0.00s, Memory = 0.0K)
    Checking Rule InstPortConnType-ML (Rule 239 of total 360) .... done (Time = 0.00s, Memory = 0.0K)
    Checking Rule ParamWidthMismatch-ML (Rule 240 of total 360) .... done (Time = 0.01s, Memory = 40.0K)
    Checking Rule DuplicateCaseLabel-ML (Rule 241 of total 360) .... done (Time = 0.00s, Memory = 96.0K)
    Checking Rule AutomaticFuncTask-ML (Rule 242 of total 360) .... done (Time = 0.00s, Memory = 0.0K)
    Checking Rule SetBeforeRead-ML (Rule 243 of total 360) .... done (Time = 0.00s, Memory = 1024.0K)
    Checking Rule SigAssignZ-ML (Rule 244 of total 360) .... done (Time = 0.00s, Memory = 0.0K)
    Checking Rule Postreqs_Usage_ML (Rule 245 of total 360) .... done (Time = 0.00s, Memory = 0.0K)
    Checking Rule ImproperRangeIndex-ML (Rule 246 of total 360) .... done (Time = 0.00s, Memory = 0.0K)
    Checking Rule NoXInCase-ML (Rule 247 of total 360) .... done (Time = 0.00s, Memory = 0.0K)
    Checking Rule SigAssignZ-ML (Rule 248 of total 360) .... done (Time = 0.00s, Memory = 0.0K)
Checking ELABDU Rules for designUnit median
    Checking Rule Ac_classify_param01 (Rule 151 of total 360) .... done (Time = 0.00s, Memory = 0.0K)
    Checking Rule AcOvlRtl (Rule 152 of total 360) .... done (Time = 0.00s, Memory = 0.0K)
    Checking Rule AcOvlRtl (Rule 153 of total 360) .... done (Time = 0.00s, Memory = 32.0K)
    Checking Rule GenTopLevelBlocksForAutoSoc (Rule 154 of total 360) .... done (Time = 0.00s, Memory = 8.0K)
    Checking Rule Prereqs_InferLatch (Rule 155 of total 360) .... done (Time = 0.00s, Memory = 0.0K)
    Checking Rule STARC05-2.1.4.5 (Rule 156 of total 360) .... done (Time = 0.00s, Memory = 0.0K)
    Checking Rule STARC05-2.1.5.3 (Rule 157 of total 360) .... done (Time = 0.00s, Memory = 0.0K)
    Checking Rule STARC05-2.2.3.3 (Rule 158 of total 360) .... done (Time = 0.00s, Memory = 0.0K)
    Checking Rule STARC05-2.3.1.6 (Rule 159 of total 360) .... done (Time = 0.00s, Memory = 32.0K)
    Checking Rule STARC05-2.10.2.3 (Rule 160 of total 360) .... done (Time = 0.01s, Memory = 0.0K)
    Checking Rule STARC05-2.10.3.2a (Rule 161 of total 360) .... done (Time = 0.00s, Memory = 0.0K)
    Checking Rule STARC05-2.11.3.1 (Rule 162 of total 360) .... done (Time = 0.00s, Memory = -8.0K)
    Checking Rule STARC05-2.1.1.2 (Rule 163 of total 360) .... done (Time = 0.00s, Memory = 0.0K)
    Checking Rule STARC05-2.1.3.1 (Rule 164 of total 360) .... done (Time = 0.00s, Memory = 0.0K)
    Checking Rule STARC05-2.8.1.3 (Rule 165 of total 360) .... done (Time = 0.00s, Memory = 0.0K)
    Checking Rule STARC05-2.10.1.4a (Rule 166 of total 360) .... done (Time = 0.00s, Memory = 0.0K)
    Checking Rule STARC05-2.10.1.4b (Rule 167 of total 360) .... done (Time = 0.00s, Memory = 0.0K)
    Checking Rule STARC05-2.8.1.3 (Rule 168 of total 360) .... done (Time = 0.00s, Memory = 0.0K)
    Checking Rule sim_race02 (Rule 169 of total 360) .... done (Time = 0.00s, Memory = 0.0K)
    Checking Rule W239 (Rule 170 of total 360) .... done (Time = 0.00s, Memory = 0.0K)
    Checking Rule W110 (Rule 171 of total 360) .... done (Time = 0.00s, Memory = 32.0K)
    Checking Rule W122 (Rule 172 of total 360) .... done (Time = 0.00s, Memory = 2544.0K)
    Checking Rule W163 (Rule 173 of total 360) .... done (Time = 0.00s, Memory = 0.0K)
    Checking Rule W552 (Rule 174 of total 360) .... done (Time = 0.01s, Memory = 0.0K)
    Checking Rule W553 (Rule 175 of total 360) .... done (Time = 0.00s, Memory = 0.0K)
    Checking Rule W496a (Rule 176 of total 360) .... done (Time = 0.00s, Memory = 0.0K)
    Checking Rule W496b (Rule 177 of total 360) .... done (Time = 0.00s, Memory = 0.0K)
    Checking Rule W19 (Rule 178 of total 360) .... done (Time = 0.00s, Memory = 0.0K)
    Checking Rule W66 (Rule 179 of total 360) .... done (Time = 0.00s, Memory = 0.0K)
    Checking Rule W116 (Rule 180 of total 360) .... done (Time = 0.00s, Memory = 0.0K)
    Checking Rule W123 (Rule 181 of total 360) .... done (Time = 0.00s, Memory = 16.0K)
    Checking Rule W156 (Rule 182 of total 360) .... done (Time = 0.00s, Memory = 0.0K)
    Checking Rule W188 (Rule 183 of total 360) .... done (Time = 0.00s, Memory = 0.0K)
    Checking Rule W215 (Rule 184 of total 360) .... done (Time = 0.00s, Memory = 0.0K)
    Checking Rule W216 (Rule 185 of total 360) .... done (Time = 0.00s, Memory = 0.0K)
    Checking Rule W218 (Rule 186 of total 360) .... done (Time = 0.00s, Memory = 0.0K)
    Checking Rule W238 (Rule 187 of total 360) .... done (Time = 0.00s, Memory = 0.0K)
    Checking Rule W245 (Rule 188 of total 360) .... done (Time = 0.00s, Memory = 0.0K)
    Checking Rule W263 (Rule 189 of total 360) .... done (Time = 0.00s, Memory = 0.0K)
    Checking Rule W289 (Rule 190 of total 360) .... done (Time = 0.00s, Memory = 0.0K)
    Checking Rule W314 (Rule 191 of total 360) .... done (Time = 0.00s, Memory = 0.0K)
    Checking Rule W316 (Rule 192 of total 360) .... done (Time = 0.00s, Memory = 0.0K)
    Checking Rule W337 (Rule 193 of total 360) .... done (Time = 0.01s, Memory = 0.0K)
    Checking Rule W342 (Rule 194 of total 360) .... done (Time = 0.00s, Memory = 0.0K)
    Checking Rule W343 (Rule 195 of total 360) .... done (Time = 0.00s, Memory = 0.0K)
    Checking Rule W416 (Rule 196 of total 360) .... done (Time = 0.00s, Memory = 0.0K)
    Checking Rule W352 (Rule 197 of total 360) .... done (Time = 0.00s, Memory = 0.0K)
    Checking Rule W362 (Rule 198 of total 360) .... done (Time = 0.00s, Memory = 0.0K)
    Checking Rule W423 (Rule 199 of total 360) .... done (Time = 0.00s, Memory = 0.0K)
    Checking Rule W486 (Rule 200 of total 360) .... done (Time = 0.00s, Memory = 0.0K)
    Checking Rule W499 (Rule 201 of total 360) .... done (Time = 0.00s, Memory = 0.0K)
    Checking Rule W502 (Rule 202 of total 360) .... done (Time = 0.00s, Memory = 0.0K)
    Checking Rule W575 (Rule 203 of total 360) .... done (Time = 0.00s, Memory = 0.0K)
    Checking Rule W576 (Rule 204 of total 360) .... done (Time = 0.00s, Memory = 0.0K)
    Checking Rule W116 (Rule 205 of total 360) .... done (Time = 0.00s, Memory = 0.0K)
    Checking Rule W122 (Rule 206 of total 360) .... done (Time = 0.00s, Memory = 0.0K)
    Checking Rule W123 (Rule 207 of total 360) .... done (Time = 0.00s, Memory = 0.0K)
    Checking Rule W156 (Rule 208 of total 360) .... done (Time = 0.00s, Memory = 0.0K)
    Checking Rule W71 (Rule 209 of total 360) .... done (Time = 0.00s, Memory = 0.0K)
    Checking Rule W164a (Rule 210 of total 360) .... done (Time = 0.00s, Memory = 0.0K)
    Checking Rule W164a (Rule 211 of total 360) .... done (Time = 0.00s, Memory = 0.0K)
    Checking Rule W164b (Rule 212 of total 360) .... done (Time = 0.00s, Memory = 0.0K)
    Checking Rule W164b (Rule 213 of total 360) .... done (Time = 0.00s, Memory = 0.0K)
    Checking Rule W210 (Rule 214 of total 360) .... done (Time = 0.00s, Memory = 0.0K)
    Checking Rule W210 (Rule 215 of total 360) .... done (Time = 0.00s, Memory = 0.0K)
    Checking Rule W240 (Rule 216 of total 360) .... done (Time = 0.00s, Memory = 0.0K)
    Checking Rule W240 (Rule 217 of total 360) .... done (Time = 0.00s, Memory = 0.0K)
    Checking Rule W241 (Rule 218 of total 360) .... done (Time = 0.00s, Memory = -2568.0K)
    Checking Rule W241 (Rule 219 of total 360) .... done (Time = 0.00s, Memory = 0.0K)
    Checking Rule W287a (Rule 220 of total 360) .... done (Time = 0.01s, Memory = 0.0K)
    Checking Rule W287c (Rule 221 of total 360) .... done (Time = 0.00s, Memory = 0.0K)
    Checking Rule W293 (Rule 222 of total 360) .... done (Time = 0.00s, Memory = 16.0K)
    Checking Rule W398 (Rule 223 of total 360) .... done (Time = 0.00s, Memory = 0.0K)
    Checking Rule W424 (Rule 224 of total 360) .... done (Time = 0.00s, Memory = -8.0K)
    Checking Rule W443 (Rule 225 of total 360) .... done (Time = 0.00s, Memory = 16.0K)
    Checking Rule W444 (Rule 226 of total 360) .... done (Time = 0.00s, Memory = 0.0K)
    Checking Rule W467 (Rule 227 of total 360) .... done (Time = 0.00s, Memory = 0.0K)
    Checking Rule W494 (Rule 228 of total 360) .... done (Time = 0.00s, Memory = 0.0K)
    Checking Rule W494 (Rule 229 of total 360) .... done (Time = 0.00s, Memory = 0.0K)
    Checking Rule W505 (Rule 230 of total 360) .... done (Time = 0.00s, Memory = -32.0K)
    Checking Rule W505 (Rule 231 of total 360) .... done (Time = 0.00s, Memory = 0.0K)
    Checking Rule Prereqs_Usage (Rule 232 of total 360) .... done (Time = 0.00s, Memory = -16.0K)
    Checking Rule Prereqs_ConstantInput-ML (Rule 233 of total 360) .... done (Time = 0.00s, Memory = 32.0K)
    Checking Rule ReportPortInfo-ML (Rule 234 of total 360) .... done (Time = 0.00s, Memory = 8.0K)
    Checking Rule Prereqs_ReportPortInfo-ML (Rule 235 of total 360) .... done (Time = 0.00s, Memory = 0.0K)
    Checking Rule Prereqs_ReportPortInfo-ML (Rule 236 of total 360) .... done (Time = 0.00s, Memory = 0.0K)
    Checking Rule DisallowCaseX-ML (Rule 237 of total 360) .... done (Time = 0.00s, Memory = 0.0K)
    Checking Rule NoAssignX-ML (Rule 238 of total 360) .... done (Time = 0.00s, Memory = 8.0K)
    Checking Rule InstPortConnType-ML (Rule 239 of total 360) .... done (Time = 0.00s, Memory = 32.0K)
    Checking Rule ParamWidthMismatch-ML (Rule 240 of total 360) .... done (Time = 0.00s, Memory = 0.0K)
    Checking Rule DuplicateCaseLabel-ML (Rule 241 of total 360) .... done (Time = 0.00s, Memory = 0.0K)
    Checking Rule AutomaticFuncTask-ML (Rule 242 of total 360) .... done (Time = 0.00s, Memory = 0.0K)
    Checking Rule SetBeforeRead-ML (Rule 243 of total 360) .... done (Time = 0.01s, Memory = 0.0K)
    Checking Rule SigAssignZ-ML (Rule 244 of total 360) .... done (Time = 0.00s, Memory = 0.0K)
    Checking Rule Postreqs_Usage_ML (Rule 245 of total 360) .... done (Time = 0.00s, Memory = 0.0K)
    Checking Rule ImproperRangeIndex-ML (Rule 246 of total 360) .... done (Time = 0.00s, Memory = 0.0K)
    Checking Rule NoXInCase-ML (Rule 247 of total 360) .... done (Time = 0.00s, Memory = 0.0K)
    Checking Rule SigAssignZ-ML (Rule 248 of total 360) .... done (Time = 0.00s, Memory = 0.0K)
Checking ELABDU Rules for designUnit median_filter_submodule
    Checking Rule Ac_classify_param01 (Rule 151 of total 360) .... done (Time = 0.00s, Memory = 0.0K)
    Checking Rule AcOvlRtl (Rule 152 of total 360) .... done (Time = 0.00s, Memory = 0.0K)
    Checking Rule AcOvlRtl (Rule 153 of total 360) .... done (Time = 0.00s, Memory = 32.0K)
    Checking Rule GenTopLevelBlocksForAutoSoc (Rule 154 of total 360) .... done (Time = 0.00s, Memory = 0.0K)
    Checking Rule Prereqs_InferLatch (Rule 155 of total 360) .... done (Time = 0.00s, Memory = 0.0K)
    Checking Rule STARC05-2.1.4.5 (Rule 156 of total 360) .... done (Time = 0.00s, Memory = 0.0K)
    Checking Rule STARC05-2.1.5.3 (Rule 157 of total 360) .... done (Time = 0.00s, Memory = 0.0K)
    Checking Rule STARC05-2.2.3.3 (Rule 158 of total 360) .... done (Time = 0.00s, Memory = 0.0K)
    Checking Rule STARC05-2.3.1.6 (Rule 159 of total 360) .... done (Time = 0.00s, Memory = 0.0K)
    Checking Rule STARC05-2.10.2.3 (Rule 160 of total 360) .... done (Time = 0.00s, Memory = 0.0K)
    Checking Rule STARC05-2.10.3.2a (Rule 161 of total 360) .... done (Time = 0.00s, Memory = 0.0K)
    Checking Rule STARC05-2.11.3.1 (Rule 162 of total 360) .... done (Time = 0.00s, Memory = 0.0K)
    Checking Rule STARC05-2.1.1.2 (Rule 163 of total 360) .... done (Time = 0.00s, Memory = 0.0K)
    Checking Rule STARC05-2.1.3.1 (Rule 164 of total 360) .... done (Time = 0.00s, Memory = 0.0K)
    Checking Rule STARC05-2.8.1.3 (Rule 165 of total 360) .... done (Time = 0.00s, Memory = 0.0K)
    Checking Rule STARC05-2.10.1.4a (Rule 166 of total 360) .... done (Time = 0.00s, Memory = 0.0K)
    Checking Rule STARC05-2.10.1.4b (Rule 167 of total 360) .... done (Time = 0.00s, Memory = 0.0K)
    Checking Rule STARC05-2.8.1.3 (Rule 168 of total 360) .... done (Time = 0.00s, Memory = 0.0K)
    Checking Rule sim_race02 (Rule 169 of total 360) .... done (Time = 0.00s, Memory = 0.0K)
    Checking Rule W239 (Rule 170 of total 360) .... done (Time = 0.00s, Memory = 0.0K)
    Checking Rule W110 (Rule 171 of total 360) .... done (Time = 0.00s, Memory = 0.0K)
    Checking Rule W122 (Rule 172 of total 360) .... done (Time = 0.00s, Memory = 0.0K)
    Checking Rule W163 (Rule 173 of total 360) .... done (Time = 0.00s, Memory = 0.0K)
    Checking Rule W552 (Rule 174 of total 360) .... done (Time = 0.00s, Memory = 0.0K)
    Checking Rule W553 (Rule 175 of total 360) .... done (Time = 0.00s, Memory = 0.0K)
    Checking Rule W496a (Rule 176 of total 360) .... done (Time = 0.00s, Memory = 0.0K)
    Checking Rule W496b (Rule 177 of total 360) .... done (Time = 0.00s, Memory = 0.0K)
    Checking Rule W19 (Rule 178 of total 360) .... done (Time = 0.00s, Memory = 0.0K)
    Checking Rule W66 (Rule 179 of total 360) .... done (Time = 0.00s, Memory = 0.0K)
    Checking Rule W116 (Rule 180 of total 360) .... done (Time = 0.00s, Memory = 0.0K)
    Checking Rule W123 (Rule 181 of total 360) .... done (Time = 0.00s, Memory = 24.0K)
    Checking Rule W156 (Rule 182 of total 360) .... done (Time = 0.00s, Memory = 0.0K)
    Checking Rule W188 (Rule 183 of total 360) .... done (Time = 0.00s, Memory = 0.0K)
    Checking Rule W215 (Rule 184 of total 360) .... done (Time = 0.00s, Memory = 0.0K)
    Checking Rule W216 (Rule 185 of total 360) .... done (Time = 0.00s, Memory = 0.0K)
    Checking Rule W218 (Rule 186 of total 360) .... done (Time = 0.00s, Memory = 0.0K)
    Checking Rule W238 (Rule 187 of total 360) .... done (Time = 0.00s, Memory = 0.0K)
    Checking Rule W245 (Rule 188 of total 360) .... done (Time = 0.00s, Memory = 0.0K)
    Checking Rule W263 (Rule 189 of total 360) .... done (Time = 0.00s, Memory = 0.0K)
    Checking Rule W289 (Rule 190 of total 360) .... done (Time = 0.00s, Memory = 0.0K)
    Checking Rule W314 (Rule 191 of total 360) .... done (Time = 0.00s, Memory = 0.0K)
    Checking Rule W316 (Rule 192 of total 360) .... done (Time = 0.00s, Memory = 0.0K)
    Checking Rule W337 (Rule 193 of total 360) .... done (Time = 0.00s, Memory = 0.0K)
    Checking Rule W342 (Rule 194 of total 360) .... done (Time = 0.00s, Memory = 0.0K)
    Checking Rule W343 (Rule 195 of total 360) .... done (Time = 0.00s, Memory = 0.0K)
    Checking Rule W416 (Rule 196 of total 360) .... done (Time = 0.00s, Memory = 0.0K)
    Checking Rule W352 (Rule 197 of total 360) .... done (Time = 0.00s, Memory = 0.0K)
    Checking Rule W362 (Rule 198 of total 360) .... done (Time = 0.00s, Memory = 0.0K)
    Checking Rule W423 (Rule 199 of total 360) .... done (Time = 0.00s, Memory = 0.0K)
    Checking Rule W486 (Rule 200 of total 360) .... done (Time = 0.00s, Memory = 0.0K)
    Checking Rule W499 (Rule 201 of total 360) .... done (Time = 0.00s, Memory = 0.0K)
    Checking Rule W502 (Rule 202 of total 360) .... done (Time = 0.00s, Memory = 0.0K)
    Checking Rule W575 (Rule 203 of total 360) .... done (Time = 0.00s, Memory = 0.0K)
    Checking Rule W576 (Rule 204 of total 360) .... done (Time = 0.00s, Memory = 0.0K)
    Checking Rule W116 (Rule 205 of total 360) .... done (Time = 0.00s, Memory = 0.0K)
    Checking Rule W122 (Rule 206 of total 360) .... done (Time = 0.00s, Memory = 0.0K)
    Checking Rule W123 (Rule 207 of total 360) .... done (Time = 0.00s, Memory = 0.0K)
    Checking Rule W156 (Rule 208 of total 360) .... done (Time = 0.00s, Memory = 0.0K)
    Checking Rule W71 (Rule 209 of total 360) .... done (Time = 0.01s, Memory = 0.0K)
    Checking Rule W164a (Rule 210 of total 360) .... done (Time = 0.00s, Memory = 0.0K)
    Checking Rule W164a (Rule 211 of total 360) .... done (Time = 0.00s, Memory = 0.0K)
    Checking Rule W164b (Rule 212 of total 360) .... done (Time = 0.00s, Memory = 0.0K)
    Checking Rule W164b (Rule 213 of total 360) .... done (Time = 0.00s, Memory = 0.0K)
    Checking Rule W210 (Rule 214 of total 360) .... done (Time = 0.00s, Memory = 0.0K)
    Checking Rule W210 (Rule 215 of total 360) .... done (Time = 0.00s, Memory = 0.0K)
    Checking Rule W240 (Rule 216 of total 360) .... done (Time = 0.00s, Memory = 0.0K)
    Checking Rule W240 (Rule 217 of total 360) .... done (Time = 0.00s, Memory = 0.0K)
    Checking Rule W241 (Rule 218 of total 360) .... done (Time = 0.00s, Memory = 0.0K)
    Checking Rule W241 (Rule 219 of total 360) .... done (Time = 0.00s, Memory = 0.0K)
    Checking Rule W287a (Rule 220 of total 360) .... done (Time = 0.00s, Memory = 0.0K)
    Checking Rule W287c (Rule 221 of total 360) .... done (Time = 0.00s, Memory = 0.0K)
    Checking Rule W293 (Rule 222 of total 360) .... done (Time = 0.00s, Memory = 0.0K)
    Checking Rule W398 (Rule 223 of total 360) .... done (Time = 0.00s, Memory = 0.0K)
    Checking Rule W424 (Rule 224 of total 360) .... done (Time = 0.00s, Memory = 0.0K)
    Checking Rule W443 (Rule 225 of total 360) .... done (Time = 0.00s, Memory = 8.0K)
    Checking Rule W444 (Rule 226 of total 360) .... done (Time = 0.00s, Memory = 0.0K)
    Checking Rule W467 (Rule 227 of total 360) .... done (Time = 0.00s, Memory = 0.0K)
    Checking Rule W494 (Rule 228 of total 360) .... done (Time = 0.00s, Memory = 0.0K)
    Checking Rule W494 (Rule 229 of total 360) .... done (Time = 0.00s, Memory = 0.0K)
    Checking Rule W505 (Rule 230 of total 360) .... done (Time = 0.00s, Memory = 0.0K)
    Checking Rule W505 (Rule 231 of total 360) .... done (Time = 0.00s, Memory = 0.0K)
    Checking Rule Prereqs_Usage (Rule 232 of total 360) .... done (Time = 0.00s, Memory = -16.0K)
    Checking Rule Prereqs_ConstantInput-ML (Rule 233 of total 360) .... done (Time = 0.00s, Memory = 32.0K)
    Checking Rule ReportPortInfo-ML (Rule 234 of total 360) .... done (Time = 0.00s, Memory = 0.0K)
    Checking Rule Prereqs_ReportPortInfo-ML (Rule 235 of total 360) .... done (Time = 0.00s, Memory = 0.0K)
    Checking Rule Prereqs_ReportPortInfo-ML (Rule 236 of total 360) .... done (Time = 0.00s, Memory = 0.0K)
    Checking Rule DisallowCaseX-ML (Rule 237 of total 360) .... done (Time = 0.00s, Memory = 0.0K)
    Checking Rule NoAssignX-ML (Rule 238 of total 360) .... done (Time = 0.00s, Memory = 0.0K)
    Checking Rule InstPortConnType-ML (Rule 239 of total 360) .... done (Time = 0.00s, Memory = 0.0K)
    Checking Rule ParamWidthMismatch-ML (Rule 240 of total 360) .... done (Time = 0.00s, Memory = 0.0K)
    Checking Rule DuplicateCaseLabel-ML (Rule 241 of total 360) .... done (Time = 0.00s, Memory = 0.0K)
    Checking Rule AutomaticFuncTask-ML (Rule 242 of total 360) .... done (Time = 0.00s, Memory = 0.0K)
    Checking Rule SetBeforeRead-ML (Rule 243 of total 360) .... done (Time = 0.00s, Memory = 0.0K)
    Checking Rule SigAssignZ-ML (Rule 244 of total 360) .... done (Time = 0.00s, Memory = 0.0K)
    Checking Rule Postreqs_Usage_ML (Rule 245 of total 360) .... done (Time = 0.00s, Memory = 0.0K)
    Checking Rule ImproperRangeIndex-ML (Rule 246 of total 360) .... done (Time = 0.00s, Memory = 0.0K)
    Checking Rule NoXInCase-ML (Rule 247 of total 360) .... done (Time = 0.00s, Memory = 0.0K)
    Checking Rule SigAssignZ-ML (Rule 248 of total 360) .... done (Time = 0.00s, Memory = 0.0K)
Checking ELABDU Rules for designUnit sobel_gradient
    Checking Rule Ac_classify_param01 (Rule 151 of total 360) .... done (Time = 0.00s, Memory = 0.0K)
    Checking Rule AcOvlRtl (Rule 152 of total 360) .... done (Time = 0.00s, Memory = 0.0K)
    Checking Rule AcOvlRtl (Rule 153 of total 360) .... done (Time = 0.00s, Memory = 32.0K)
    Checking Rule GenTopLevelBlocksForAutoSoc (Rule 154 of total 360) .... done (Time = 0.00s, Memory = 0.0K)
    Checking Rule Prereqs_InferLatch (Rule 155 of total 360) .... done (Time = 0.00s, Memory = 0.0K)
    Checking Rule STARC05-2.1.4.5 (Rule 156 of total 360) .... done (Time = 0.00s, Memory = 0.0K)
    Checking Rule STARC05-2.1.5.3 (Rule 157 of total 360) .... done (Time = 0.00s, Memory = 8.0K)
    Checking Rule STARC05-2.2.3.3 (Rule 158 of total 360) .... done (Time = 0.01s, Memory = -8.0K)
    Checking Rule STARC05-2.3.1.6 (Rule 159 of total 360) .... done (Time = 0.00s, Memory = 0.0K)
    Checking Rule STARC05-2.10.2.3 (Rule 160 of total 360) .... done (Time = 0.00s, Memory = 0.0K)
    Checking Rule STARC05-2.10.3.2a (Rule 161 of total 360) .... done (Time = 0.00s, Memory = 0.0K)
    Checking Rule STARC05-2.11.3.1 (Rule 162 of total 360) .... done (Time = 0.00s, Memory = 0.0K)
    Checking Rule STARC05-2.1.1.2 (Rule 163 of total 360) .... done (Time = 0.00s, Memory = 0.0K)
    Checking Rule STARC05-2.1.3.1 (Rule 164 of total 360) .... done (Time = 0.00s, Memory = 8.0K)
    Checking Rule STARC05-2.8.1.3 (Rule 165 of total 360) .... done (Time = 0.00s, Memory = -8.0K)
    Checking Rule STARC05-2.10.1.4a (Rule 166 of total 360) .... done (Time = 0.00s, Memory = 0.0K)
    Checking Rule STARC05-2.10.1.4b (Rule 167 of total 360) .... done (Time = 0.00s, Memory = 0.0K)
    Checking Rule STARC05-2.8.1.3 (Rule 168 of total 360) .... done (Time = 0.00s, Memory = 0.0K)
    Checking Rule sim_race02 (Rule 169 of total 360) .... done (Time = 0.00s, Memory = 8.0K)
    Checking Rule W239 (Rule 170 of total 360) .... done (Time = 0.00s, Memory = 8.0K)
    Checking Rule W110 (Rule 171 of total 360) .... done (Time = 0.00s, Memory = 0.0K)
    Checking Rule W122 (Rule 172 of total 360) .... done (Time = 0.00s, Memory = 0.0K)
    Checking Rule W163 (Rule 173 of total 360) .... done (Time = 0.00s, Memory = 0.0K)
    Checking Rule W552 (Rule 174 of total 360) .... done (Time = 0.00s, Memory = 0.0K)
    Checking Rule W553 (Rule 175 of total 360) .... done (Time = 0.00s, Memory = 0.0K)
    Checking Rule W496a (Rule 176 of total 360) .... done (Time = 0.01s, Memory = 8.0K)
    Checking Rule W496b (Rule 177 of total 360) .... done (Time = 0.00s, Memory = 0.0K)
    Checking Rule W19 (Rule 178 of total 360) .... done (Time = 0.00s, Memory = 0.0K)
    Checking Rule W66 (Rule 179 of total 360) .... done (Time = 0.00s, Memory = 0.0K)
    Checking Rule W116 (Rule 180 of total 360) .... done (Time = 0.00s, Memory = 0.0K)
    Checking Rule W123 (Rule 181 of total 360) .... done (Time = 0.00s, Memory = 16.0K)
    Checking Rule W156 (Rule 182 of total 360) .... done (Time = 0.00s, Memory = 0.0K)
    Checking Rule W188 (Rule 183 of total 360) .... done (Time = 0.00s, Memory = 0.0K)
    Checking Rule W215 (Rule 184 of total 360) .... done (Time = 0.00s, Memory = 0.0K)
    Checking Rule W216 (Rule 185 of total 360) .... done (Time = 0.00s, Memory = 0.0K)
    Checking Rule W218 (Rule 186 of total 360) .... done (Time = 0.00s, Memory = 0.0K)
    Checking Rule W238 (Rule 187 of total 360) .... done (Time = 0.00s, Memory = 0.0K)
    Checking Rule W245 (Rule 188 of total 360) .... done (Time = 0.00s, Memory = 0.0K)
    Checking Rule W263 (Rule 189 of total 360) .... done (Time = 0.00s, Memory = 0.0K)
    Checking Rule W289 (Rule 190 of total 360) .... done (Time = 0.00s, Memory = 0.0K)
    Checking Rule W314 (Rule 191 of total 360) .... done (Time = 0.00s, Memory = 0.0K)
    Checking Rule W316 (Rule 192 of total 360) .... done (Time = 0.00s, Memory = 0.0K)
    Checking Rule W337 (Rule 193 of total 360) .... done (Time = 0.00s, Memory = 0.0K)
    Checking Rule W342 (Rule 194 of total 360) .... done (Time = 0.00s, Memory = 0.0K)
    Checking Rule W343 (Rule 195 of total 360) .... done (Time = 0.00s, Memory = 0.0K)
    Checking Rule W416 (Rule 196 of total 360) .... done (Time = 0.00s, Memory = 2544.0K)
    Checking Rule W352 (Rule 197 of total 360) .... done (Time = 0.00s, Memory = 0.0K)
    Checking Rule W362 (Rule 198 of total 360) .... done (Time = 0.00s, Memory = 0.0K)
    Checking Rule W423 (Rule 199 of total 360) .... done (Time = 0.00s, Memory = 0.0K)
    Checking Rule W486 (Rule 200 of total 360) .... done (Time = 0.00s, Memory = 0.0K)
    Checking Rule W499 (Rule 201 of total 360) .... done (Time = 0.00s, Memory = 0.0K)
    Checking Rule W502 (Rule 202 of total 360) .... done (Time = 0.00s, Memory = 0.0K)
    Checking Rule W575 (Rule 203 of total 360) .... done (Time = 0.00s, Memory = 0.0K)
    Checking Rule W576 (Rule 204 of total 360) .... done (Time = 0.00s, Memory = 0.0K)
    Checking Rule W116 (Rule 205 of total 360) .... done (Time = 0.00s, Memory = 0.0K)
    Checking Rule W122 (Rule 206 of total 360) .... done (Time = 0.00s, Memory = 0.0K)
    Checking Rule W123 (Rule 207 of total 360) .... done (Time = 0.00s, Memory = 0.0K)
    Checking Rule W156 (Rule 208 of total 360) .... done (Time = 0.00s, Memory = 0.0K)
    Checking Rule W71 (Rule 209 of total 360) .... done (Time = 0.00s, Memory = 0.0K)
    Checking Rule W164a (Rule 210 of total 360) .... done (Time = 0.00s, Memory = 0.0K)
    Checking Rule W164a (Rule 211 of total 360) .... done (Time = 0.00s, Memory = 0.0K)
    Checking Rule W164b (Rule 212 of total 360) .... done (Time = 0.00s, Memory = 0.0K)
    Checking Rule W164b (Rule 213 of total 360) .... done (Time = 0.00s, Memory = 0.0K)
    Checking Rule W210 (Rule 214 of total 360) .... done (Time = 0.00s, Memory = 0.0K)
    Checking Rule W210 (Rule 215 of total 360) .... done (Time = 0.00s, Memory = 0.0K)
    Checking Rule W240 (Rule 216 of total 360) .... done (Time = 0.00s, Memory = 0.0K)
    Checking Rule W240 (Rule 217 of total 360) .... done (Time = 0.00s, Memory = 0.0K)
    Checking Rule W241 (Rule 218 of total 360) .... done (Time = 0.00s, Memory = 0.0K)
    Checking Rule W241 (Rule 219 of total 360) .... done (Time = 0.00s, Memory = 0.0K)
    Checking Rule W287a (Rule 220 of total 360) .... done (Time = 0.00s, Memory = 0.0K)
    Checking Rule W287c (Rule 221 of total 360) .... done (Time = 0.00s, Memory = 0.0K)
    Checking Rule W293 (Rule 222 of total 360) .... done (Time = 0.00s, Memory = 0.0K)
    Checking Rule W398 (Rule 223 of total 360) .... done (Time = 0.00s, Memory = 0.0K)
    Checking Rule W424 (Rule 224 of total 360) .... done (Time = 0.00s, Memory = 0.0K)
    Checking Rule W443 (Rule 225 of total 360) .... done (Time = 0.00s, Memory = 0.0K)
    Checking Rule W444 (Rule 226 of total 360) .... done (Time = 0.00s, Memory = 0.0K)
    Checking Rule W467 (Rule 227 of total 360) .... done (Time = 0.00s, Memory = 0.0K)
    Checking Rule W494 (Rule 228 of total 360) .... done (Time = 0.00s, Memory = 8.0K)
    Checking Rule W494 (Rule 229 of total 360) .... done (Time = 0.00s, Memory = 0.0K)
    Checking Rule W505 (Rule 230 of total 360) .... done (Time = 0.00s, Memory = 0.0K)
    Checking Rule W505 (Rule 231 of total 360) .... done (Time = 0.00s, Memory = 0.0K)
    Checking Rule Prereqs_Usage (Rule 232 of total 360) .... done (Time = 0.00s, Memory = -16.0K)
    Checking Rule Prereqs_ConstantInput-ML (Rule 233 of total 360) .... done (Time = 0.00s, Memory = 32.0K)
    Checking Rule ReportPortInfo-ML (Rule 234 of total 360) .... done (Time = 0.00s, Memory = 0.0K)
    Checking Rule Prereqs_ReportPortInfo-ML (Rule 235 of total 360) .... done (Time = 0.00s, Memory = 0.0K)
    Checking Rule Prereqs_ReportPortInfo-ML (Rule 236 of total 360) .... done (Time = 0.00s, Memory = 0.0K)
    Checking Rule DisallowCaseX-ML (Rule 237 of total 360) .... done (Time = 0.00s, Memory = 0.0K)
    Checking Rule NoAssignX-ML (Rule 238 of total 360) .... done (Time = 0.00s, Memory = 0.0K)
    Checking Rule InstPortConnType-ML (Rule 239 of total 360) .... done (Time = 0.00s, Memory = 0.0K)
    Checking Rule ParamWidthMismatch-ML (Rule 240 of total 360) .... done (Time = 0.00s, Memory = 0.0K)
    Checking Rule DuplicateCaseLabel-ML (Rule 241 of total 360) .... done (Time = 0.00s, Memory = 0.0K)
    Checking Rule AutomaticFuncTask-ML (Rule 242 of total 360) .... done (Time = 0.00s, Memory = 0.0K)
    Checking Rule SetBeforeRead-ML (Rule 243 of total 360) .... done (Time = 0.00s, Memory = 0.0K)
    Checking Rule SigAssignZ-ML (Rule 244 of total 360) .... done (Time = 0.00s, Memory = 0.0K)
    Checking Rule Postreqs_Usage_ML (Rule 245 of total 360) .... done (Time = 0.00s, Memory = 0.0K)
    Checking Rule ImproperRangeIndex-ML (Rule 246 of total 360) .... done (Time = 0.00s, Memory = 0.0K)
    Checking Rule NoXInCase-ML (Rule 247 of total 360) .... done (Time = 0.00s, Memory = 0.0K)
    Checking Rule SigAssignZ-ML (Rule 248 of total 360) .... done (Time = 0.00s, Memory = 0.0K)
Checking ELABDU Rules for designUnit sober_compare
    Checking Rule Ac_classify_param01 (Rule 151 of total 360) .... done (Time = 0.00s, Memory = 0.0K)
    Checking Rule AcOvlRtl (Rule 152 of total 360) .... done (Time = 0.00s, Memory = 0.0K)
    Checking Rule AcOvlRtl (Rule 153 of total 360) .... done (Time = 0.00s, Memory = 32.0K)
    Checking Rule GenTopLevelBlocksForAutoSoc (Rule 154 of total 360) .... done (Time = 0.00s, Memory = 0.0K)
    Checking Rule Prereqs_InferLatch (Rule 155 of total 360) .... done (Time = 0.00s, Memory = 0.0K)
    Checking Rule STARC05-2.1.4.5 (Rule 156 of total 360) .... done (Time = 0.00s, Memory = 0.0K)
    Checking Rule STARC05-2.1.5.3 (Rule 157 of total 360) .... done (Time = 0.00s, Memory = 0.0K)
    Checking Rule STARC05-2.2.3.3 (Rule 158 of total 360) .... done (Time = 0.00s, Memory = -16.0K)
    Checking Rule STARC05-2.3.1.6 (Rule 159 of total 360) .... done (Time = 0.00s, Memory = 0.0K)
    Checking Rule STARC05-2.10.2.3 (Rule 160 of total 360) .... done (Time = 0.00s, Memory = 0.0K)
    Checking Rule STARC05-2.10.3.2a (Rule 161 of total 360) .... done (Time = 0.00s, Memory = 0.0K)
    Checking Rule STARC05-2.11.3.1 (Rule 162 of total 360) .... done (Time = 0.00s, Memory = 0.0K)
    Checking Rule STARC05-2.1.1.2 (Rule 163 of total 360) .... done (Time = 0.00s, Memory = 0.0K)
    Checking Rule STARC05-2.1.3.1 (Rule 164 of total 360) .... done (Time = 0.00s, Memory = 0.0K)
    Checking Rule STARC05-2.8.1.3 (Rule 165 of total 360) .... done (Time = 0.00s, Memory = 0.0K)
    Checking Rule STARC05-2.10.1.4a (Rule 166 of total 360) .... done (Time = 0.00s, Memory = 0.0K)
    Checking Rule STARC05-2.10.1.4b (Rule 167 of total 360) .... done (Time = 0.00s, Memory = 0.0K)
    Checking Rule STARC05-2.8.1.3 (Rule 168 of total 360) .... done (Time = 0.00s, Memory = 0.0K)
    Checking Rule sim_race02 (Rule 169 of total 360) .... done (Time = 0.00s, Memory = 0.0K)
    Checking Rule W239 (Rule 170 of total 360) .... done (Time = 0.00s, Memory = 0.0K)
    Checking Rule W110 (Rule 171 of total 360) .... done (Time = 0.00s, Memory = 0.0K)
    Checking Rule W122 (Rule 172 of total 360) .... done (Time = 0.00s, Memory = 0.0K)
    Checking Rule W163 (Rule 173 of total 360) .... done (Time = 0.00s, Memory = 0.0K)
    Checking Rule W552 (Rule 174 of total 360) .... done (Time = 0.00s, Memory = 0.0K)
    Checking Rule W553 (Rule 175 of total 360) .... done (Time = 0.00s, Memory = 0.0K)
    Checking Rule W496a (Rule 176 of total 360) .... done (Time = 0.00s, Memory = 0.0K)
    Checking Rule W496b (Rule 177 of total 360) .... done (Time = 0.00s, Memory = 0.0K)
    Checking Rule W19 (Rule 178 of total 360) .... done (Time = 0.00s, Memory = 0.0K)
    Checking Rule W66 (Rule 179 of total 360) .... done (Time = 0.00s, Memory = 0.0K)
    Checking Rule W116 (Rule 180 of total 360) .... done (Time = 0.00s, Memory = 0.0K)
    Checking Rule W123 (Rule 181 of total 360) .... done (Time = 0.00s, Memory = 16.0K)
    Checking Rule W156 (Rule 182 of total 360) .... done (Time = 0.00s, Memory = 0.0K)
    Checking Rule W188 (Rule 183 of total 360) .... done (Time = 0.00s, Memory = 0.0K)
    Checking Rule W215 (Rule 184 of total 360) .... done (Time = 0.00s, Memory = 0.0K)
    Checking Rule W216 (Rule 185 of total 360) .... done (Time = 0.00s, Memory = 0.0K)
    Checking Rule W218 (Rule 186 of total 360) .... done (Time = 0.00s, Memory = 0.0K)
    Checking Rule W238 (Rule 187 of total 360) .... done (Time = 0.00s, Memory = 0.0K)
    Checking Rule W245 (Rule 188 of total 360) .... done (Time = 0.00s, Memory = 0.0K)
    Checking Rule W263 (Rule 189 of total 360) .... done (Time = 0.00s, Memory = 0.0K)
    Checking Rule W289 (Rule 190 of total 360) .... done (Time = 0.00s, Memory = 0.0K)
    Checking Rule W314 (Rule 191 of total 360) .... done (Time = 0.00s, Memory = -8.0K)
    Checking Rule W316 (Rule 192 of total 360) .... done (Time = 0.00s, Memory = -8.0K)
    Checking Rule W337 (Rule 193 of total 360) .... done (Time = 0.00s, Memory = 0.0K)
    Checking Rule W342 (Rule 194 of total 360) .... done (Time = 0.00s, Memory = 0.0K)
    Checking Rule W343 (Rule 195 of total 360) .... done (Time = 0.00s, Memory = 0.0K)
    Checking Rule W416 (Rule 196 of total 360) .... done (Time = 0.00s, Memory = 0.0K)
    Checking Rule W352 (Rule 197 of total 360) .... done (Time = 0.00s, Memory = 0.0K)
    Checking Rule W362 (Rule 198 of total 360) .... done (Time = 0.00s, Memory = 0.0K)
    Checking Rule W423 (Rule 199 of total 360) .... done (Time = 0.00s, Memory = 0.0K)
    Checking Rule W486 (Rule 200 of total 360) .... done (Time = 0.00s, Memory = 0.0K)
    Checking Rule W499 (Rule 201 of total 360) .... done (Time = 0.00s, Memory = 0.0K)
    Checking Rule W502 (Rule 202 of total 360) .... done (Time = 0.00s, Memory = 0.0K)
    Checking Rule W575 (Rule 203 of total 360) .... done (Time = 0.00s, Memory = 0.0K)
    Checking Rule W576 (Rule 204 of total 360) .... done (Time = 0.00s, Memory = 0.0K)
    Checking Rule W116 (Rule 205 of total 360) .... done (Time = 0.00s, Memory = 0.0K)
    Checking Rule W122 (Rule 206 of total 360) .... done (Time = 0.00s, Memory = 0.0K)
    Checking Rule W123 (Rule 207 of total 360) .... done (Time = 0.00s, Memory = 0.0K)
    Checking Rule W156 (Rule 208 of total 360) .... done (Time = 0.00s, Memory = 0.0K)
    Checking Rule W71 (Rule 209 of total 360) .... done (Time = 0.00s, Memory = 0.0K)
    Checking Rule W164a (Rule 210 of total 360) .... done (Time = 0.00s, Memory = -8.0K)
    Checking Rule W164a (Rule 211 of total 360) .... done (Time = 0.00s, Memory = 0.0K)
    Checking Rule W164b (Rule 212 of total 360) .... done (Time = 0.00s, Memory = -8.0K)
    Checking Rule W164b (Rule 213 of total 360) .... done (Time = 0.00s, Memory = 0.0K)
    Checking Rule W210 (Rule 214 of total 360) .... done (Time = 0.00s, Memory = 0.0K)
    Checking Rule W210 (Rule 215 of total 360) .... done (Time = 0.00s, Memory = 0.0K)
    Checking Rule W240 (Rule 216 of total 360) .... done (Time = 0.00s, Memory = 0.0K)
    Checking Rule W240 (Rule 217 of total 360) .... done (Time = 0.00s, Memory = 0.0K)
    Checking Rule W241 (Rule 218 of total 360) .... done (Time = 0.00s, Memory = 0.0K)
    Checking Rule W241 (Rule 219 of total 360) .... done (Time = 0.00s, Memory = 0.0K)
    Checking Rule W287a (Rule 220 of total 360) .... done (Time = 0.00s, Memory = 0.0K)
    Checking Rule W287c (Rule 221 of total 360) .... done (Time = 0.00s, Memory = 0.0K)
    Checking Rule W293 (Rule 222 of total 360) .... done (Time = 0.00s, Memory = 0.0K)
    Checking Rule W398 (Rule 223 of total 360) .... done (Time = 0.00s, Memory = 0.0K)
    Checking Rule W424 (Rule 224 of total 360) .... done (Time = 0.00s, Memory = 0.0K)
    Checking Rule W443 (Rule 225 of total 360) .... done (Time = 0.00s, Memory = 8.0K)
    Checking Rule W444 (Rule 226 of total 360) .... done (Time = 0.00s, Memory = 0.0K)
    Checking Rule W467 (Rule 227 of total 360) .... done (Time = 0.00s, Memory = 0.0K)
    Checking Rule W494 (Rule 228 of total 360) .... done (Time = 0.00s, Memory = 0.0K)
    Checking Rule W494 (Rule 229 of total 360) .... done (Time = 0.00s, Memory = 0.0K)
    Checking Rule W505 (Rule 230 of total 360) .... done (Time = 0.00s, Memory = 240.0K)
    Checking Rule W505 (Rule 231 of total 360) .... done (Time = 0.00s, Memory = 0.0K)
    Checking Rule Prereqs_Usage (Rule 232 of total 360) .... done (Time = 0.00s, Memory = -16.0K)
    Checking Rule Prereqs_ConstantInput-ML (Rule 233 of total 360) .... done (Time = 0.00s, Memory = 32.0K)
    Checking Rule ReportPortInfo-ML (Rule 234 of total 360) .... done (Time = 0.00s, Memory = 0.0K)
    Checking Rule Prereqs_ReportPortInfo-ML (Rule 235 of total 360) .... done (Time = 0.00s, Memory = 0.0K)
    Checking Rule Prereqs_ReportPortInfo-ML (Rule 236 of total 360) .... done (Time = 0.00s, Memory = 0.0K)
    Checking Rule DisallowCaseX-ML (Rule 237 of total 360) .... done (Time = 0.00s, Memory = 0.0K)
    Checking Rule NoAssignX-ML (Rule 238 of total 360) .... done (Time = 0.00s, Memory = 8.0K)
    Checking Rule InstPortConnType-ML (Rule 239 of total 360) .... done (Time = 0.00s, Memory = 0.0K)
    Checking Rule ParamWidthMismatch-ML (Rule 240 of total 360) .... done (Time = 0.00s, Memory = 0.0K)
    Checking Rule DuplicateCaseLabel-ML (Rule 241 of total 360) .... done (Time = 0.00s, Memory = 8.0K)
    Checking Rule AutomaticFuncTask-ML (Rule 242 of total 360) .... done (Time = 0.00s, Memory = 8.0K)
    Checking Rule SetBeforeRead-ML (Rule 243 of total 360) .... done (Time = 0.00s, Memory = -64.0K)
    Checking Rule SigAssignZ-ML (Rule 244 of total 360) .... done (Time = 0.00s, Memory = 0.0K)
    Checking Rule Postreqs_Usage_ML (Rule 245 of total 360) .... done (Time = 0.00s, Memory = 0.0K)
    Checking Rule ImproperRangeIndex-ML (Rule 246 of total 360) .... done (Time = 0.00s, Memory = 0.0K)
    Checking Rule NoXInCase-ML (Rule 247 of total 360) .... done (Time = 0.00s, Memory = 0.0K)
    Checking Rule SigAssignZ-ML (Rule 248 of total 360) .... done (Time = 0.00s, Memory = 0.0K)
Checking ELABDU Rules for designUnit core
Checking ELABDU Rules for designUnit conv
Checking ELABDU Rules for designUnit median
Checking ELABDU Rules for designUnit median_filter_submodule
Checking ELABDU Rules for designUnit sobel_gradient
Checking ELABDU Rules for designUnit sober_compare
Checking Rule PECHECK56 (Rule 249 of total 360) .... done (Time = 0.00s, Memory = 0.0K)
Checking Rule SGDC_meta_design_hier01 (Rule 250 of total 360) .... done (Time = 0.00s, Memory = 0.0K)
Checking Rule SGDC_waive24 (Rule 251 of total 360) .... done (Time = 0.00s, Memory = 0.0K)
Checking Rule SGDC_waive25 (Rule 252 of total 360) .... done (Time = 0.00s, Memory = 0.0K)
Checking Rule SGDC_waive31 (Rule 253 of total 360) .... done (Time = 0.00s, Memory = 0.0K)
Checking Rule SGDC_waive35 (Rule 254 of total 360) .... done (Time = 0.00s, Memory = 0.0K)
 Synthesizing module: sober_compare (elaborated name: sober_compare) ... (Module 1 of total 6)  done 
 Synthesizing module: sobel_gradient (elaborated name: sobel_gradient) ... (Module 2 of total 6)  done 
 Synthesizing module: median_filter_submodule (elaborated name: median_filter_submodule) ... (Module 3 of total 6)  done 
 Synthesizing module: median (elaborated name: median) ... (Module 4 of total 6)  done 
 Synthesizing module: conv (elaborated name: conv) ... (Module 5 of total 6)  done 
 Synthesizing module: core (elaborated name: core) ... (Module 6 of total 6)  done 
 Synthesis completed.
Checking Rule InferBlackBox (Rule 255 of total 360) .... done (Time = 0.02s, Memory = -8.0K)
Checking Rule checkCMD_mthresh (Rule 256 of total 360) .... done (Time = 0.00s, Memory = 0.0K)

INFO [234]    Saving design database in directory './spyglass-1/core/.SG_SaveRestoreDB/autogenerated__default_snapshot' ...
              done

Checking Rule SGDC_waive37 (Rule 257 of total 360) .... done (Time = 0.00s, Memory = 0.0K)
Checking Rule Txv_SvaSetup01 for module sober_compare (Rule 258 of total 360) .... done (Time = 0.00s, Memory = 0.0K)
Checking Rule PESVASETUP01 for module sober_compare (Rule 259 of total 360) .... done (Time = 0.00s, Memory = 0.0K)
Checking Rule _cdc_save_license01 for module sober_compare (Rule 260 of total 360) .... done (Time = 0.00s, Memory = 0.0K)
Checking Rule _syncResetStyleRTL for module sober_compare (Rule 261 of total 360) .... done (Time = 0.00s, Memory = 0.0K)
Checking Rule _meta_delay01 for module sober_compare (Rule 262 of total 360) .... done (Time = 0.00s, Memory = 0.0K)
Checking Rule Ac_svasetup01 for module sober_compare (Rule 263 of total 360) .... done (Time = 0.00s, Memory = 0.0K)
Checking Rule Prereq_IntClock for module sober_compare (Rule 264 of total 360) .... done (Time = 0.00s, Memory = 0.0K)
Checking Rule STARC05-2.2.3.1 for module sober_compare (Rule 265 of total 360) .... done (Time = 0.00s, Memory = 0.0K)
Checking Rule Prereqs_sim_race07 for module sober_compare (Rule 266 of total 360) .... done (Time = 0.00s, Memory = 0.0K)
Checking Rule W336 for module sober_compare (Rule 267 of total 360) .... done (Time = 0.00s, Memory = 0.0K)
Checking Rule W414 for module sober_compare (Rule 268 of total 360) .... done (Time = 0.00s, Memory = 0.0K)
Checking Rule W438 for module sober_compare (Rule 269 of total 360) .... done (Time = 0.00s, Memory = 0.0K)
Checking Rule W450L for module sober_compare (Rule 270 of total 360) .... done (Time = 0.00s, Memory = 0.0K)
Checking Rule TristatePort-ML for module sober_compare (Rule 271 of total 360) .... done (Time = 0.00s, Memory = 0.0K)
Checking Rule TristateSig-ML for module sober_compare (Rule 272 of total 360) .... done (Time = 0.00s, Memory = 0.0K)
Checking Rule HangingNetPreReq-ML for module sober_compare (Rule 273 of total 360) .... done (Time = 0.00s, Memory = 0.0K)
Checking Rule STARC05-2.5.1.7 for module sober_compare (Rule 274 of total 360) .... done (Time = 0.00s, Memory = 0.0K)
Checking Rule STARC05-2.5.1.9 for module sober_compare (Rule 275 of total 360) .... done (Time = 0.00s, Memory = 0.0K)
Checking Rule Txv_SvaSetup01 for module sobel_gradient (Rule 258 of total 360) .... done (Time = 0.00s, Memory = 0.0K)
Checking Rule PESVASETUP01 for module sobel_gradient (Rule 259 of total 360) .... done (Time = 0.00s, Memory = 0.0K)
Checking Rule _cdc_save_license01 for module sobel_gradient (Rule 260 of total 360) .... done (Time = 0.00s, Memory = 0.0K)
Checking Rule _syncResetStyleRTL for module sobel_gradient (Rule 261 of total 360) .... done (Time = 0.00s, Memory = 0.0K)
Checking Rule _meta_delay01 for module sobel_gradient (Rule 262 of total 360) .... done (Time = 0.00s, Memory = 0.0K)
Checking Rule Ac_svasetup01 for module sobel_gradient (Rule 263 of total 360) .... done (Time = 0.00s, Memory = 0.0K)
Checking Rule Prereq_IntClock for module sobel_gradient (Rule 264 of total 360) .... done (Time = 0.00s, Memory = 0.0K)
Checking Rule STARC05-2.2.3.1 for module sobel_gradient (Rule 265 of total 360) .... done (Time = 0.00s, Memory = 0.0K)
Checking Rule Prereqs_sim_race07 for module sobel_gradient (Rule 266 of total 360) .... done (Time = 0.00s, Memory = 0.0K)
Checking Rule W336 for module sobel_gradient (Rule 267 of total 360) .... done (Time = 0.00s, Memory = 0.0K)
Checking Rule W414 for module sobel_gradient (Rule 268 of total 360) .... done (Time = 0.00s, Memory = 0.0K)
Checking Rule W438 for module sobel_gradient (Rule 269 of total 360) .... done (Time = 0.00s, Memory = 0.0K)
Checking Rule W450L for module sobel_gradient (Rule 270 of total 360) .... done (Time = 0.00s, Memory = 0.0K)
Checking Rule TristatePort-ML for module sobel_gradient (Rule 271 of total 360) .... done (Time = 0.00s, Memory = 0.0K)
Checking Rule TristateSig-ML for module sobel_gradient (Rule 272 of total 360) .... done (Time = 0.00s, Memory = 0.0K)
Checking Rule HangingNetPreReq-ML for module sobel_gradient (Rule 273 of total 360) .... done (Time = 0.00s, Memory = 0.0K)
Checking Rule STARC05-2.5.1.7 for module sobel_gradient (Rule 274 of total 360) .... done (Time = 0.00s, Memory = 0.0K)
Checking Rule STARC05-2.5.1.9 for module sobel_gradient (Rule 275 of total 360) .... done (Time = 0.00s, Memory = 0.0K)
Checking Rule Txv_SvaSetup01 for module median_filter_submodule (Rule 258 of total 360) .... done (Time = 0.00s, Memory = 0.0K)
Checking Rule PESVASETUP01 for module median_filter_submodule (Rule 259 of total 360) .... done (Time = 0.00s, Memory = 0.0K)
Checking Rule _cdc_save_license01 for module median_filter_submodule (Rule 260 of total 360) .... done (Time = 0.00s, Memory = 0.0K)
Checking Rule _syncResetStyleRTL for module median_filter_submodule (Rule 261 of total 360) .... done (Time = 0.00s, Memory = 0.0K)
Checking Rule _meta_delay01 for module median_filter_submodule (Rule 262 of total 360) .... done (Time = 0.00s, Memory = 0.0K)
Checking Rule Ac_svasetup01 for module median_filter_submodule (Rule 263 of total 360) .... done (Time = 0.00s, Memory = 0.0K)
Checking Rule Prereq_IntClock for module median_filter_submodule (Rule 264 of total 360) .... done (Time = 0.00s, Memory = 0.0K)
Checking Rule STARC05-2.2.3.1 for module median_filter_submodule (Rule 265 of total 360) .... done (Time = 0.00s, Memory = 0.0K)
Checking Rule Prereqs_sim_race07 for module median_filter_submodule (Rule 266 of total 360) .... done (Time = 0.00s, Memory = 0.0K)
Checking Rule W336 for module median_filter_submodule (Rule 267 of total 360) .... done (Time = 0.00s, Memory = 0.0K)
Checking Rule W414 for module median_filter_submodule (Rule 268 of total 360) .... done (Time = 0.00s, Memory = 0.0K)
Checking Rule W438 for module median_filter_submodule (Rule 269 of total 360) .... done (Time = 0.00s, Memory = 0.0K)
Checking Rule W450L for module median_filter_submodule (Rule 270 of total 360) .... done (Time = 0.00s, Memory = 0.0K)
Checking Rule TristatePort-ML for module median_filter_submodule (Rule 271 of total 360) .... done (Time = 0.00s, Memory = 0.0K)
Checking Rule TristateSig-ML for module median_filter_submodule (Rule 272 of total 360) .... done (Time = 0.00s, Memory = 0.0K)
Checking Rule HangingNetPreReq-ML for module median_filter_submodule (Rule 273 of total 360) .... done (Time = 0.00s, Memory = 0.0K)
Checking Rule STARC05-2.5.1.7 for module median_filter_submodule (Rule 274 of total 360) .... done (Time = 0.00s, Memory = 0.0K)
Checking Rule STARC05-2.5.1.9 for module median_filter_submodule (Rule 275 of total 360) .... done (Time = 0.00s, Memory = 0.0K)
Checking Rule Txv_SvaSetup01 for module median (Rule 258 of total 360) .... done (Time = 0.00s, Memory = 0.0K)
Checking Rule PESVASETUP01 for module median (Rule 259 of total 360) .... done (Time = 0.00s, Memory = 0.0K)
Checking Rule _cdc_save_license01 for module median (Rule 260 of total 360) .... done (Time = 0.00s, Memory = 0.0K)
Checking Rule _syncResetStyleRTL for module median (Rule 261 of total 360) .... done (Time = 0.00s, Memory = 0.0K)
Checking Rule _meta_delay01 for module median (Rule 262 of total 360) .... done (Time = 0.00s, Memory = 0.0K)
Checking Rule Ac_svasetup01 for module median (Rule 263 of total 360) .... done (Time = 0.00s, Memory = 0.0K)
Checking Rule Prereq_IntClock for module median (Rule 264 of total 360) .... done (Time = 0.00s, Memory = 0.0K)
Checking Rule STARC05-2.2.3.1 for module median (Rule 265 of total 360) .... done (Time = 0.00s, Memory = 0.0K)
Checking Rule Prereqs_sim_race07 for module median (Rule 266 of total 360) .... done (Time = 0.00s, Memory = 0.0K)
Checking Rule W336 for module median (Rule 267 of total 360) .... done (Time = 0.00s, Memory = 0.0K)
Checking Rule W414 for module median (Rule 268 of total 360) .... done (Time = 0.00s, Memory = 0.0K)
Checking Rule W438 for module median (Rule 269 of total 360) .... done (Time = 0.00s, Memory = 0.0K)
Checking Rule W450L for module median (Rule 270 of total 360) .... done (Time = 0.00s, Memory = 0.0K)
Checking Rule TristatePort-ML for module median (Rule 271 of total 360) .... done (Time = 0.00s, Memory = 0.0K)
Checking Rule TristateSig-ML for module median (Rule 272 of total 360) .... done (Time = 0.00s, Memory = 0.0K)
Checking Rule HangingNetPreReq-ML for module median (Rule 273 of total 360) .... done (Time = 0.00s, Memory = 0.0K)
Checking Rule STARC05-2.5.1.7 for module median (Rule 274 of total 360) .... done (Time = 0.00s, Memory = 0.0K)
Checking Rule STARC05-2.5.1.9 for module median (Rule 275 of total 360) .... done (Time = 0.00s, Memory = 0.0K)
Checking Rule Txv_SvaSetup01 for module conv (Rule 258 of total 360) .... done (Time = 0.00s, Memory = 0.0K)
Checking Rule PESVASETUP01 for module conv (Rule 259 of total 360) .... done (Time = 0.00s, Memory = 0.0K)
Checking Rule _cdc_save_license01 for module conv (Rule 260 of total 360) .... done (Time = 0.00s, Memory = 0.0K)
Checking Rule _syncResetStyleRTL for module conv (Rule 261 of total 360) .... done (Time = 0.00s, Memory = 0.0K)
Checking Rule _meta_delay01 for module conv (Rule 262 of total 360) .... done (Time = 0.00s, Memory = 0.0K)
Checking Rule Ac_svasetup01 for module conv (Rule 263 of total 360) .... done (Time = 0.00s, Memory = 0.0K)
Checking Rule Prereq_IntClock for module conv (Rule 264 of total 360) .... done (Time = 0.00s, Memory = 0.0K)
Checking Rule STARC05-2.2.3.1 for module conv (Rule 265 of total 360) .... done (Time = 0.00s, Memory = 0.0K)
Checking Rule Prereqs_sim_race07 for module conv (Rule 266 of total 360) .... done (Time = 0.00s, Memory = 0.0K)
Checking Rule W336 for module conv (Rule 267 of total 360) .... done (Time = 0.00s, Memory = 0.0K)
Checking Rule W414 for module conv (Rule 268 of total 360) .... done (Time = 0.00s, Memory = 0.0K)
Checking Rule W438 for module conv (Rule 269 of total 360) .... done (Time = 0.00s, Memory = 0.0K)
Checking Rule W450L for module conv (Rule 270 of total 360) .... done (Time = 0.00s, Memory = 0.0K)
Checking Rule TristatePort-ML for module conv (Rule 271 of total 360) .... done (Time = 0.00s, Memory = 0.0K)
Checking Rule TristateSig-ML for module conv (Rule 272 of total 360) .... done (Time = 0.00s, Memory = 0.0K)
Checking Rule HangingNetPreReq-ML for module conv (Rule 273 of total 360) .... done (Time = 0.00s, Memory = 0.0K)
Checking Rule STARC05-2.5.1.7 for module conv (Rule 274 of total 360) .... done (Time = 0.00s, Memory = 0.0K)
Checking Rule STARC05-2.5.1.9 for module conv (Rule 275 of total 360) .... done (Time = 0.00s, Memory = 0.0K)
Checking Rule Txv_SvaSetup01 for module core (Rule 258 of total 360) .... done (Time = 0.00s, Memory = 0.0K)
Checking Rule PESVASETUP01 for module core (Rule 259 of total 360) .... done (Time = 0.00s, Memory = 0.0K)
Checking Rule _cdc_save_license01 for module core (Rule 260 of total 360) .... done (Time = 0.00s, Memory = 0.0K)
Checking Rule _syncResetStyleRTL for module core (Rule 261 of total 360) .... done (Time = 0.00s, Memory = 0.0K)
Checking Rule _meta_delay01 for module core (Rule 262 of total 360) .... done (Time = 0.00s, Memory = 0.0K)
Checking Rule Ac_svasetup01 for module core (Rule 263 of total 360) .... done (Time = 0.00s, Memory = 0.0K)
Checking Rule Prereq_IntClock for module core (Rule 264 of total 360) .... done (Time = 0.00s, Memory = 0.0K)
Checking Rule STARC05-2.2.3.1 for module core (Rule 265 of total 360) .... done (Time = 0.00s, Memory = 0.0K)
Checking Rule Prereqs_sim_race07 for module core (Rule 266 of total 360) .... done (Time = 0.00s, Memory = 0.0K)
Checking Rule W336 for module core (Rule 267 of total 360) .... done (Time = 0.00s, Memory = 0.0K)
Checking Rule W414 for module core (Rule 268 of total 360) .... done (Time = 0.00s, Memory = 0.0K)
Checking Rule W438 for module core (Rule 269 of total 360) .... done (Time = 0.00s, Memory = 0.0K)
Checking Rule W450L for module core (Rule 270 of total 360) .... done (Time = 0.00s, Memory = 0.0K)
Checking Rule TristatePort-ML for module core (Rule 271 of total 360) .... done (Time = 0.00s, Memory = 0.0K)
Checking Rule TristateSig-ML for module core (Rule 272 of total 360) .... done (Time = 0.00s, Memory = 0.0K)
Checking Rule HangingNetPreReq-ML for module core (Rule 273 of total 360) .... done (Time = 0.00s, Memory = 0.0K)
Checking Rule STARC05-2.5.1.7 for module core (Rule 274 of total 360) .... done (Time = 0.00s, Memory = 0.0K)
Checking Rule STARC05-2.5.1.9 for module core (Rule 275 of total 360) .... done (Time = 0.00s, Memory = 0.0K)
Performing semantic checks on SGDC contents
Checking Rule SGDC_testmode03 (Rule 79 of total 360) .... done (Time = 0.00s, Memory = 0.0K)
Checking Rule _abstractPortSGDC (Rule 276 of total 360) .... done (Time = 0.01s, Memory = 0.0K)
Checking Rule SGDC_abstract_port03 (Rule 277 of total 360) .... done (Time = 0.00s, Memory = 0.0K)
Checking Rule SGDC_abstract_port04 (Rule 278 of total 360) .... done (Time = 0.00s, Memory = 0.0K)
Checking Rule SGDC_abstract_port05 (Rule 279 of total 360) .... done (Time = 0.00s, Memory = 0.0K)
Checking Rule SGDC_abstract_port07 (Rule 280 of total 360) .... done (Time = 0.00s, Memory = 0.0K)
Checking Rule SGDC_abstract_port08 (Rule 281 of total 360) .... done (Time = 0.00s, Memory = 0.0K)
Checking Rule SGDC_abstract_port10 (Rule 282 of total 360) .... done (Time = 0.00s, Memory = 0.0K)
Checking Rule SGDC_abstract_port11 (Rule 283 of total 360) .... done (Time = 0.00s, Memory = 0.0K)
Checking Rule SGDC_abstract_port12 (Rule 284 of total 360) .... done (Time = 0.00s, Memory = 0.0K)
Checking Rule SGDC_abstract_port13 (Rule 285 of total 360) .... done (Time = 0.00s, Memory = 0.0K)
Checking Rule ReportUngroup (Rule 286 of total 360) .... done (Time = 0.00s, Memory = 0.0K)
Checking Rule LINT_portReten (Rule 287 of total 360) .... done (Time = 0.00s, Memory = 0.0K)
Checking Rule SGDC_abstract_port21 (Rule 288 of total 360) .... done (Time = 0.00s, Memory = 0.0K)
Checking Rule InferLatch (Rule 289 of total 360) .... done (Time = 0.00s, Memory = 32.0K)
Checking Rule UndrivenOutPort-ML (Rule 290 of total 360) .... done (Time = 0.01s, Memory = 0.0K)
Checking Rule UndrivenInTerm-ML (Rule 291 of total 360) .... done (Time = 0.06s, Memory = 0.0K)
Checking Rule UndrivenNet-ML (Rule 292 of total 360) .... done (Time = 0.00s, Memory = 0.0K)
Checking Rule NoFeedThrus-ML (Rule 293 of total 360) .... done (Time = 0.00s, Memory = 0.0K)
Checking Rule SGDC_assume_path05 (Rule 294 of total 360) .... done (Time = 0.00s, Memory = 0.0K)
 Flattening core (.lib instances separately flattened) ....
 Flattening completed
Checking Rule SGDC_set_case_analysis_LC (Rule 295 of total 360) .... done (Time = 0.00s, Memory = 0.0K)
Checking Rule BufClock (Rule 296 of total 360) .... done (Time = 0.02s, Memory = -1000.0K)
Checking Rule CombLoop (Rule 297 of total 360) .... done (Time = 0.02s, Memory = 3384.0K)
Checking Rule STARC05-2.5.1.2 (Rule 298 of total 360) .... done (Time = 0.00s, Memory = 0.0K)
Checking Rule STARC05-1.3.1.3 (Rule 299 of total 360) .... done (Time = 0.00s, Memory = 0.0K)
Checking Rule STARC05-1.4.3.2 (Rule 300 of total 360) .... done (Time = 0.01s, Memory = 0.0K)
Checking Rule STARC05-1.4.3.4 (Rule 301 of total 360) .... done (Time = 0.00s, Memory = 8.0K)
Checking Rule STARC-2.3.4.3 (Rule 302 of total 360) .... done (Time = 0.00s, Memory = 0.0K)
Checking Rule FlopClockConstant (Rule 303 of total 360) .... done (Time = 0.01s, Memory = 136.0K)
Checking Rule FlopSRConst (Rule 304 of total 360) .... done (Time = 0.00s, Memory = 0.0K)
Checking Rule checkPinConnectedToSupply (Rule 305 of total 360) .... done (Time = 0.00s, Memory = 0.0K)
Checking Rule sim_race07 (Rule 306 of total 360) .... done (Time = 0.01s, Memory = 104.0K)
Checking Rule W402b (Rule 307 of total 360) .... done (Time = 0.01s, Memory = -2376.0K)
Checking Rule W392 (Rule 308 of total 360) .... done (Time = 0.01s, Memory = 72.0K)
Checking Rule W415 (Rule 309 of total 360) .... done (Time = 0.00s, Memory = 2544.0K)
Checking Rule W391 (Rule 310 of total 360) .... done (Time = 0.00s, Memory = 0.0K)
Checking Rule W401 (Rule 311 of total 360) .... done (Time = 0.01s, Memory = 160.0K)
Checking Rule LatchFeedback (Rule 312 of total 360) .... done (Time = 0.01s, Memory = 0.0K)
Checking Rule SameControlNDataNet-ML (Rule 313 of total 360) .... done (Time = 0.01s, Memory = 0.0K)
Checking Rule STARC05-2.4.1.5 (Rule 314 of total 360) .... done (Time = 0.00s, Memory = 0.0K)
Checking Rule STARC05-1.2.1.2 (Rule 315 of total 360) .... done (Time = 0.00s, Memory = 16.0K)
Checking Rule AnalyzeBBox (Rule 316 of total 360) .... done (Time = 0.00s, Memory = 32.0K)
Checking Rule ReportCheckDataSummary (Rule 77 of total 360) .... done (Time = 0.00s, Memory = 0.0K)

Generating data for Console...

SpyGlass Rule Checking Complete.

Generating moresimple report from './spyglass-1/core/lint/lint_rtl_enhanced/spyglass.vdb' to './spyglass-1/core/lint/lint_rtl_enhanced/spyglass_reports/moresimple.rpt' ....

Generating runsummary report from './spyglass-1/core/lint/lint_rtl_enhanced/spyglass.vdb' ....

Generating no_msg_reporting_rules report from './spyglass-1/core/lint/lint_rtl_enhanced/spyglass.vdb' to './spyglass-1/core/lint/lint_rtl_enhanced/spyglass_reports/no_msg_reporting_rules.rpt' ....

Generating W415_Report report from './spyglass-1/core/lint/lint_rtl_enhanced/spyglass.vdb' to './spyglass-1/core/lint/lint_rtl_enhanced/spyglass_reports/lint/W415_Report.rpt' ....

Policy specific data (reports) are present in the directory './spyglass-1/core/lint/lint_rtl_enhanced/spyglass_reports'.

SpyGlass critical reports for the current run are present in directory './spyglass-1/consolidated_reports/core_lint_lint_rtl_enhanced/'.

---------------------------------------------------------------------------------------------
Results Summary:
---------------------------------------------------------------------------------------------
   Goal Run           :      lint/lint_rtl_enhanced
   Command-line read  :      0 error,      1 warning,      0 information message 
   Design Read        :      0 error,      0 warning,      4 information messages
      Found 1 top module:
         core   (file: core.v)

   Blackbox Resolution:      0 error,      0 warning,      1 information message 
   SGDC Checks        :      0 error,      0 warning,      0 information message 
   Policy morelint    :      0 error,      0 warning,      1 information message 
   -------------------------------------------------------------------------------------
   Total              :      0 error,      1 warning,      6 information messages

  Total Number of Generated Messages     :         7 (0 error, 1 warning, 6 Infos)
  Number of Reported Messages            :         7 (0 error, 1 warning, 6 Infos)

---------------------------------------------------------------------------------------------


run_goal: info: updating spyglass.log with goal summary
---------------------------------------------------------------------------------------------------
Results Summary:
---------------------------------------------------------------------------------------------------
   Goal Run           :      lint/lint_rtl_enhanced
   Top Module         :      core
---------------------------------------------------------------------------------------------------
   Reports Directory: 
   /home/raid7_2/user12/r2k41036/NTU_CVSD2024/HW3/01_RTL/spyglass-1/consolidated_reports/core_lint_lint_rtl_enhanced/ 

   SpyGlass LogFile: 
    /home/raid7_2/user12/r2k41036/NTU_CVSD2024/HW3/01_RTL/spyglass-1/core/lint/lint_rtl_enhanced/spyglass.log 

   Standard Reports: 
     moresimple.rpt          no_msg_reporting_rules.rpt       

   HTML report:
    /home/raid7_2/user12/r2k41036/NTU_CVSD2024/HW3/01_RTL/spyglass-1/html_reports/goals_summary.html
  

   Technology Reports:  
     <Not Available>
   
   
---------------------------------------------------------------------------------------------------
   Goal Violation Summary:
       Waived   Messages:                      0 Errors,      0 Warnings,      0 Infos
       Reported Messages:         0 Fatals,    0 Errors,      1 Warnings,      6 Infos
---------------------------------------------------------------------------------------------------
   
---------------------------------------------------------------------------------------------------
 
run_goal: info: spyglass.log successfully updated with goal summary
0 {Rule-checking completed with warnings}current_goal: warning: design query data not saved for last active goal `lint/lint_rtl_enhanced'
                       (use `save_goal' command or enable `auto_save' option to save design query data for subsequent goals)
current_goal: info: loading goal `lint/lint_rtl' with top `core' (in progress)
current_goal: info: finished loading goal `lint/lint_rtl' (ok)
 Reading waiver file "./spyglass-1/core/lint/lint_rtl/spyglass_spysch/waiver/pragma2Waiver.swl" ...

INFO:    SpyGlass will run goal(s) 'lint/lint_rtl'.


RULE-CHECKING IN MIXED MODE
Loading spyglass (SpyGlass_vT-2022.06) ... (picked from /home/raid7_4/raid1_1/linux/synopsys/spyglass/2022.06/SPYGLASS_HOME/policies/spyglass)
Loading openmore (SpyGlass_vT-2022.06) ... (picked from /home/raid7_4/raid1_1/linux/synopsys/spyglass/2022.06/SPYGLASS_HOME/policies/openmore)
Loading starc (SpyGlass_vT-2022.06) ... (picked from /home/raid7_4/raid1_1/linux/synopsys/spyglass/2022.06/SPYGLASS_HOME/policies/starc)
Loading starc2005 (SpyGlass_vT-2022.06) ... (picked from /home/raid7_4/raid1_1/linux/synopsys/spyglass/2022.06/SPYGLASS_HOME/policies/starc2005)
Loading erc (SpyGlass_vT-2022.06) ... (picked from /home/raid7_4/raid1_1/linux/synopsys/spyglass/2022.06/SPYGLASS_HOME/policies/erc)
Loading simulation (SpyGlass_vT-2022.06) ... (picked from /home/raid7_4/raid1_1/linux/synopsys/spyglass/2022.06/SPYGLASS_HOME/policies/simulation)
Loading lint (SpyGlass_vT-2022.06) ... (picked from /home/raid7_4/raid1_1/linux/synopsys/spyglass/2022.06/SPYGLASS_HOME/policies/lint)
Loading latch (SpyGlass_vT-2022.06) ... (picked from /home/raid7_4/raid1_1/linux/synopsys/spyglass/2022.06/SPYGLASS_HOME/policies/latch)
Loading morelint (SpyGlass_vT-2022.06) ... (picked from /home/raid7_4/raid1_1/linux/synopsys/spyglass/2022.06/SPYGLASS_HOME/policies/morelint)
Loading timing (SpyGlass_vT-2022.06) ... (picked from /home/raid7_4/raid1_1/linux/synopsys/spyglass/2022.06/SPYGLASS_HOME/policies/timing)
Loading starc2002 (SpyGlass_vT-2022.06) ... (picked from /home/raid7_4/raid1_1/linux/synopsys/spyglass/2022.06/SPYGLASS_HOME/policies/starc2002)

WARNING [237]    Following rules can not run on restored design database. Hence, HDL being re-read:
                 STARC05-2.1.4.5
                 STARC05-2.1.5.3
                 STARC05-2.2.3.3
                 STARC05-2.3.1.5b
                 STARC05-2.3.1.6
                 STARC05-2.3.3.1
                 STARC05-2.10.2.3
                 STARC05-2.10.3.2a
                 STARC05-2.11.3.1
                 STARC05-2.1.3.1
                 STARC05-2.3.1.2c
                 STARC05-2.10.1.4a
                 STARC05-2.10.1.4b
                 STARC05-2.3.4.1v
                 sim_race02
                 W339a
                 W442a
                 W442b
                 W442c
                 W442f
                 mixedsenselist
                 badimplicitSM1
                 badimplicitSM2
                 badimplicitSM4
                 bothedges
                 W110
                 W122
                 W496a
                 W496b
                 W19
                 W66
                 W116
                 W123
                 W156
                 W215
                 W216
                 W218
                 W224
                 W263
                 W289
                 W317
                 W337
                 W416
                 W352
                 W362
                 W415a
                 W422
                 W426
                 W480
                 W481a
                 W481b
                 W486
                 W499
                 W502
                 W336
                 W414
                 BlockHeader
                 W292
                 W110a
                 W71
                 W240
                 W287a
                 W287b
                 W293
                 W398
                 W421
                 W424
                 W467
                 W505
                 W528
                 W392
                 W450L
                 RegInputOutput-ML
                 ReportPortInfo-ML
                 PragmaComments-ML
                 NoAssignX-ML
                 ParamWidthMismatch-ML
                 CheckDelayTimescale-ML
                 NoXInCase-ML
                 STARC05-2.5.1.7
                 STARC05-2.1.6.5
                 STARC05-2.5.1.9

INFO [76]    Using './spyglass-1/core/WORK/64' as the Work Directory for 64bit precompiled dump.
Checking Rule PrecompileLibCheck01 (Rule 1 of total 267) .... done (Time = 0.00s, Memory = 0.0K)
Checking Rule PrecompileLibCheck02 (Rule 2 of total 267) .... done (Time = 0.00s, Memory = 0.0K)
Checking Rule PrecompileLibCheck03 (Rule 3 of total 267) .... done (Time = 0.00s, Memory = 0.0K)
Checking Rule PrecompileLibCheck04 (Rule 4 of total 267) .... done (Time = 0.00s, Memory = 0.0K)
Checking Rule AbstractInterface (Rule 5 of total 267) .... done (Time = 0.00s, Memory = 0.0K)
Checking Rule SGDC_assume_path01 (Rule 6 of total 267) .... done (Time = 0.00s, Memory = 0.0K)
Checking Rule SGDC_sdcschema02 (Rule 7 of total 267) .... done (Time = 0.01s, Memory = 32.0K)
Checking Rule SGDC_clock05 (Rule 8 of total 267) .... done (Time = 0.00s, Memory = 0.0K)
Checking Rule SGDC_clock09 (Rule 9 of total 267) .... done (Time = 0.00s, Memory = 0.0K)
Checking Rule SGDC_force_ta05 (Rule 10 of total 267) .... done (Time = 0.00s, Memory = 0.0K)
Checking Rule SGDC_require_path03 (Rule 11 of total 267) .... done (Time = 0.00s, Memory = 0.0K)
Checking Rule SGDC_require_value03 (Rule 12 of total 267) .... done (Time = 0.00s, Memory = 0.0K)
Checking Rule SGDC_voltagedomain05 (Rule 13 of total 267) .... done (Time = 0.00s, Memory = 8.0K)
Checking Rule SGDC_voltagedomain06 (Rule 14 of total 267) .... done (Time = 0.00s, Memory = 0.0K)
Checking Rule SGDC_voltagedomain07 (Rule 15 of total 267) .... done (Time = 0.00s, Memory = 8.0K)
Checking Rule SGDC_powerdomainoutputs02 (Rule 16 of total 267) .... done (Time = 0.00s, Memory = 8.0K)
Checking Rule SGDC_supply01 (Rule 17 of total 267) .... done (Time = 0.00s, Memory = 0.0K)
Checking Rule SGDC_waive01 (Rule 18 of total 267) .... done (Time = 0.00s, Memory = 0.0K)
Checking Rule SGDC_waive02 (Rule 19 of total 267) .... done (Time = 0.00s, Memory = 24.0K)
Checking Rule SGDC_waive03 (Rule 20 of total 267) .... done (Time = 0.00s, Memory = 0.0K)
Checking Rule SGDC_waive04 (Rule 21 of total 267) .... done (Time = 0.00s, Memory = 0.0K)
Checking Rule SGDC_waive05 (Rule 22 of total 267) .... done (Time = 0.00s, Memory = 2544.0K)
Checking Rule SGDC_waive06 (Rule 23 of total 267) .... done (Time = 0.00s, Memory = 0.0K)
Checking Rule SGDC_waive07 (Rule 24 of total 267) .... done (Time = 0.00s, Memory = 0.0K)
Checking Rule SGDC_waive08 (Rule 25 of total 267) .... done (Time = 0.00s, Memory = 0.0K)
Checking Rule SGDC_waive09 (Rule 26 of total 267) .... done (Time = 0.00s, Memory = 0.0K)
Checking Rule SGDC_waive10 (Rule 27 of total 267) .... done (Time = 0.00s, Memory = 0.0K)
Checking Rule SGDC_waive11 (Rule 28 of total 267) .... done (Time = 0.00s, Memory = 0.0K)
Checking Rule SGDC_waive12 (Rule 29 of total 267) .... done (Time = 0.00s, Memory = 8.0K)
Checking Rule SGDC_waive13 (Rule 30 of total 267) .... done (Time = 0.00s, Memory = 8.0K)
Checking Rule SGDC_waive21 (Rule 31 of total 267) .... done (Time = 0.00s, Memory = 0.0K)
Checking Rule SGDC_waive22 (Rule 32 of total 267) .... done (Time = 0.00s, Memory = 8.0K)
Checking Rule SGDC_waive30 (Rule 33 of total 267) .... done (Time = 0.00s, Memory = 0.0K)
Checking Rule SGDC_waive32 (Rule 34 of total 267) .... done (Time = 0.00s, Memory = -16.0K)
Checking Rule SGDC_waive33 (Rule 35 of total 267) .... done (Time = 0.00s, Memory = 0.0K)
Checking Rule SGDC_waive36 (Rule 36 of total 267) .... done (Time = 0.00s, Memory = 0.0K)
Checking Rule SGDC_waive38 (Rule 37 of total 267) .... done (Time = 0.00s, Memory = 0.0K)
Checking Rule SGDC_fifo01 (Rule 38 of total 267) .... done (Time = 0.00s, Memory = 0.0K)
Checking Rule SGDC_libgroup01 (Rule 39 of total 267) .... done (Time = 0.00s, Memory = 0.0K)
Checking Rule SGDC_libgroup02 (Rule 40 of total 267) .... done (Time = 0.00s, Memory = 0.0K)
Checking Rule SGDC_libgroup04 (Rule 41 of total 267) .... done (Time = 0.00s, Memory = 0.0K)
Checking Rule SGDC_power_data01 (Rule 42 of total 267) .... done (Time = 0.00s, Memory = 8.0K)
Checking Rule SGDC_ungroup01 (Rule 43 of total 267) .... done (Time = 0.00s, Memory = 32.0K)
Checking Rule SGDC_abstract_port06 (Rule 44 of total 267) .... done (Time = 0.00s, Memory = 16.0K)
Checking Rule SGDC_abstract_port14 (Rule 45 of total 267) .... done (Time = 0.00s, Memory = 0.0K)
Checking Rule SGDC_abstract_port15 (Rule 46 of total 267) .... done (Time = 0.00s, Memory = 0.0K)
Checking Rule SGDC_abstract_port18 (Rule 47 of total 267) .... done (Time = 0.00s, Memory = 0.0K)
Checking Rule sdc_init_rule (Rule 48 of total 267) .... done (Time = 0.00s, Memory = 0.0K)
Checking Rule CMD_ignorelibs01 (Rule 49 of total 267) .... done (Time = 0.00s, Memory = 0.0K)
Checking Rule ReportRuleNotRun (Rule 50 of total 267) .... done (Time = 0.02s, Memory = 0.0K)
Checking Rule STARC05-2.3.1.2c (Rule 51 of total 267) .... done (Time = 0.00s, Memory = 0.0K)
Checking Rule W442a (Rule 52 of total 267) .... done (Time = 0.00s, Memory = 0.0K)
Checking Rule W442b (Rule 53 of total 267) .... done (Time = 0.00s, Memory = 0.0K)
Checking Rule W442c (Rule 54 of total 267) .... done (Time = 0.00s, Memory = 0.0K)
Checking Rule W442f (Rule 55 of total 267) .... done (Time = 0.00s, Memory = 0.0K)
Checking Rule mixedsenselist (Rule 56 of total 267) .... done (Time = 0.00s, Memory = 0.0K)
Checking Rule badimplicitSM1 (Rule 57 of total 267) .... done (Time = 0.00s, Memory = 0.0K)
Checking Rule badimplicitSM2 (Rule 58 of total 267) .... done (Time = 0.00s, Memory = 0.0K)
Checking Rule badimplicitSM4 (Rule 59 of total 267) .... done (Time = 0.00s, Memory = 0.0K)
Checking Rule bothedges (Rule 60 of total 267) .... done (Time = 0.00s, Memory = 0.0K)
Checking Rule BlockHeader (Rule 61 of total 267) .... done (Time = 0.00s, Memory = 0.0K)
Checking Rule W421 (Rule 62 of total 267) .... done (Time = 0.00s, Memory = 0.0K)
Checking Rule STARC05-2.1.6.5 (Rule 63 of total 267) .... done (Time = 0.00s, Memory = 0.0K)
Checking Rule ReportStopSummary (Rule 64 of total 267) .... done (Time = 0.00s, Memory = 0.0K)
Checking Rule ReportIgnoreSummary (Rule 65 of total 267) .... done (Time = 0.00s, Memory = 2576.0K)
 Analyzing source file "define.v" ....
 Analyzing source file "core.v" ....
 Analyzing source file "conv.v" ....
 Analyzing source file "median.v" ....
 Elaborating Top Verilog Design Unit 'core' ..... done
Checking Rule ElabSummary (Rule 66 of total 267) .... done (Time = 0.01s, Memory = -2560.0K)
Checking Rule ReportCheckDataSummary (Rule 67 of total 267) .... done (Time = 0.00s, Memory = 0.0K)

INFO [38]    Design option 'ignoredu/ignorefile' specified.
             Please refer 'InfoAnalyzeBBox' or ReportIgnoreSummary' rule message for more details.

 Reading waiver file "./spyglass-1/core/lint/lint_rtl/spyglass_spysch/constraint/spg_autogenerated_waivers.sgdc" ...
 Generating SGDC file "./spyglass-1/core/lint/lint_rtl/spyglass_spysch/constraint/pragma2Constraint.sgdc" from pragmas in HDL source files ....
 Generating WAIVER file "./spyglass-1/core/lint/lint_rtl/spyglass_spysch/waiver/pragma2Waiver.swl" from pragmas in HDL source files ....
Checking Rule DetectTopDesignUnits (Rule 68 of total 267)
 Detected 1 top level design units:
     core
 .... done (Time = 0.00s, Memory = 0.0K)
Performing semantic checks on SGDC contents
Checking Rule SGDC_testmode03 (Rule 69 of total 267) .... done (Time = 0.00s, Memory = 0.0K)
Checking Rule ReportObsoletePragmas (Rule 70 of total 267) .... done (Time = 0.00s, Memory = 0.0K)
Checking Rule checkSGDC_01 (Rule 71 of total 267) .... done (Time = 0.00s, Memory = 0.0K)
Checking Rule checkSGDC_03 (Rule 72 of total 267) .... done (Time = 0.00s, Memory = 0.0K)
Checking Rule checkSGDC_08 (Rule 73 of total 267) .... done (Time = 0.00s, Memory = 0.0K)
Checking Rule GenerateConfMap (Rule 74 of total 267) .... done (Time = 0.00s, Memory = 0.0K)
Checking Rule SGDC_memorywritepin04 (Rule 75 of total 267) .... done (Time = 0.00s, Memory = 8.0K)
Checking Rule SGDC_reset02 (Rule 76 of total 267) .... done (Time = 0.00s, Memory = 8.0K)
Checking Rule SGDC_reset03 (Rule 77 of total 267) .... done (Time = 0.00s, Memory = 0.0K)
Checking Rule SGDC_libgroup03 (Rule 78 of total 267) .... done (Time = 0.00s, Memory = 0.0K)
Checking Rule SGDC_ungroup02 (Rule 79 of total 267) .... done (Time = 0.00s, Memory = 0.0K)
Checking Rule HdlLibDuCheck (Rule 80 of total 267) .... done (Time = 0.00s, Memory = 0.0K)
Checking Rule RtlDesignInfo (Rule 81 of total 267) .... done (Time = 0.00s, Memory = 0.0K)
Checking Rule W339a (Rule 82 of total 267) .... done (Time = 0.00s, Memory = 0.0K)
Checking Rule W416 (Rule 83 of total 267) .... done (Time = 0.00s, Memory = 0.0K)
Checking Rule mixedsenselist (Rule 84 of total 267) .... done (Time = 0.00s, Memory = 0.0K)
Checking Rule W110a (Rule 85 of total 267) .... done (Time = 0.00s, Memory = 0.0K)
Checking Rule preReq_ConsCase (Rule 86 of total 267) .... done (Time = 0.00s, Memory = 0.0K)
Checking Rule CheckCelldefine (Rule 87 of total 267) .... done (Time = 0.00s, Memory = 0.0K)
Checking Rule SGDC_waive23 (Rule 88 of total 267) .... done (Time = 0.00s, Memory = 0.0K)
Checking Rule SGDC_waive26 (Rule 89 of total 267) .... done (Time = 0.00s, Memory = 0.0K)
Checking Rule SGDC_waive27 (Rule 90 of total 267) .... done (Time = 0.00s, Memory = 0.0K)
Checking Rule SGDC_waive29 (Rule 91 of total 267) .... done (Time = 0.00s, Memory = 0.0K)
Checking Rule STARC05-2.3.1.5b (Rule 92 of total 267) .... done (Time = 0.00s, Memory = 8.0K)
Checking Rule STARC05-2.3.3.1 (Rule 93 of total 267) .... done (Time = 0.00s, Memory = 24.0K)
Checking Rule STARC05-2.3.3.1 (Rule 94 of total 267) .... done (Time = 0.00s, Memory = 0.0K)
Checking Rule STARC05-2.11.3.1 (Rule 95 of total 267) .... done (Time = 0.00s, Memory = 0.0K)
Checking Rule W317 (Rule 96 of total 267) .... done (Time = 0.00s, Memory = 2544.0K)
Checking Rule W422 (Rule 97 of total 267) .... done (Time = 0.01s, Memory = 0.0K)
Checking Rule W426 (Rule 98 of total 267) .... done (Time = 0.00s, Memory = 0.0K)
Checking Rule W480 (Rule 99 of total 267) .... done (Time = 0.00s, Memory = 0.0K)
Checking Rule W481a (Rule 100 of total 267) .... done (Time = 0.00s, Memory = 0.0K)
Checking Rule W481b (Rule 101 of total 267) .... done (Time = 0.00s, Memory = 0.0K)
Checking Rule W422 (Rule 102 of total 267) .... done (Time = 0.00s, Memory = 0.0K)
Checking Rule W292 (Rule 103 of total 267) .... done (Time = 0.00s, Memory = 0.0K)
Checking Rule W71 (Rule 104 of total 267) .... done (Time = 0.00s, Memory = 0.0K)
Checking Rule W287b (Rule 105 of total 267) .... done (Time = 0.00s, Memory = 904.0K)
Checking Rule W293 (Rule 106 of total 267) .... done (Time = 0.00s, Memory = 0.0K)
Checking Rule W398 (Rule 107 of total 267) .... done (Time = 0.00s, Memory = 0.0K)
Checking Rule W421 (Rule 108 of total 267) .... done (Time = 0.00s, Memory = 8.0K)
Checking Rule W424 (Rule 109 of total 267) .... done (Time = 0.00s, Memory = 0.0K)
Checking Rule W467 (Rule 110 of total 267) .... done (Time = 0.00s, Memory = 0.0K)
Checking Rule Prereqs_RegInputOutputs (Rule 111 of total 267) .... done (Time = 0.00s, Memory = 0.0K)
Checking Rule PragmaComments-ML (Rule 112 of total 267) .... done (Time = 0.01s, Memory = 8.0K)
Checking Rule PragmaComments-ML (Rule 113 of total 267) .... done (Time = 0.00s, Memory = 0.0K)
Checking Rule CheckDelayTimescale-ML (Rule 114 of total 267) .... done (Time = 0.00s, Memory = 2568.0K)
Checking Rule Prereqs_CheckTimeUnitandPrecision-ML (Rule 115 of total 267) .... done (Time = 0.00s, Memory = 0.0K)
Checking ELABDU Rules for designUnit core
    Checking Rule Prereqs_InferLatch (Rule 116 of total 267) .... done (Time = 0.00s, Memory = 0.0K)
    Checking Rule STARC05-2.1.4.5 (Rule 117 of total 267) .... done (Time = 0.00s, Memory = 8.0K)
    Checking Rule STARC05-2.1.5.3 (Rule 118 of total 267) .... done (Time = 0.00s, Memory = 0.0K)
    Checking Rule STARC05-2.2.3.3 (Rule 119 of total 267) .... done (Time = 0.00s, Memory = 0.0K)
    Checking Rule STARC05-2.3.1.6 (Rule 120 of total 267) .... done (Time = 0.00s, Memory = 0.0K)
    Checking Rule STARC05-2.10.2.3 (Rule 121 of total 267) .... done (Time = 0.00s, Memory = 0.0K)
    Checking Rule STARC05-2.10.3.2a (Rule 122 of total 267) .... done (Time = 0.00s, Memory = 0.0K)
    Checking Rule STARC05-2.11.3.1 (Rule 123 of total 267) .... done (Time = 0.01s, Memory = -2576.0K)
    Checking Rule STARC05-2.1.3.1 (Rule 124 of total 267) .... done (Time = 0.00s, Memory = 0.0K)
    Checking Rule STARC05-2.10.1.4a (Rule 125 of total 267) .... done (Time = 0.00s, Memory = 0.0K)
    Checking Rule STARC05-2.10.1.4b (Rule 126 of total 267) .... done (Time = 0.00s, Memory = 0.0K)
    Checking Rule sim_race02 (Rule 127 of total 267) .... done (Time = 0.00s, Memory = 0.0K)
    Checking Rule W110 (Rule 128 of total 267) .... done (Time = 0.00s, Memory = 0.0K)
    Checking Rule W122 (Rule 129 of total 267) .... done (Time = 0.00s, Memory = 24.0K)
    Checking Rule W496a (Rule 130 of total 267) .... done (Time = 0.00s, Memory = 8.0K)
    Checking Rule W496b (Rule 131 of total 267) .... done (Time = 0.00s, Memory = -8.0K)
    Checking Rule W19 (Rule 132 of total 267) .... done (Time = 0.00s, Memory = 2536.0K)
    Checking Rule W66 (Rule 133 of total 267) .... done (Time = 0.00s, Memory = 0.0K)
    Checking Rule W116 (Rule 134 of total 267) .... done (Time = 0.00s, Memory = 0.0K)
    Checking Rule W123 (Rule 135 of total 267) .... done (Time = 0.00s, Memory = 24.0K)
    Checking Rule W156 (Rule 136 of total 267) .... done (Time = 0.00s, Memory = 0.0K)
    Checking Rule W215 (Rule 137 of total 267) .... done (Time = 0.00s, Memory = 0.0K)
    Checking Rule W216 (Rule 138 of total 267) .... done (Time = 0.00s, Memory = 0.0K)
    Checking Rule W218 (Rule 139 of total 267) .... done (Time = 0.00s, Memory = 0.0K)
    Checking Rule W224 (Rule 140 of total 267) .... done (Time = 0.00s, Memory = 0.0K)
    Checking Rule W263 (Rule 141 of total 267) .... done (Time = 0.00s, Memory = 0.0K)
    Checking Rule W289 (Rule 142 of total 267) .... done (Time = 0.00s, Memory = 0.0K)
    Checking Rule W337 (Rule 143 of total 267) .... done (Time = 0.00s, Memory = 0.0K)
    Checking Rule W416 (Rule 144 of total 267) .... done (Time = 0.00s, Memory = 0.0K)
    Checking Rule W352 (Rule 145 of total 267) .... done (Time = 0.00s, Memory = 0.0K)
    Checking Rule W362 (Rule 146 of total 267) .... done (Time = 0.00s, Memory = 8.0K)
    Checking Rule W415a (Rule 147 of total 267) .... done (Time = 0.00s, Memory = 0.0K)
    Checking Rule W486 (Rule 148 of total 267) .... done (Time = 0.00s, Memory = 0.0K)
    Checking Rule W499 (Rule 149 of total 267) .... done (Time = 0.00s, Memory = 0.0K)
    Checking Rule W502 (Rule 150 of total 267) .... done (Time = 0.00s, Memory = 0.0K)
    Checking Rule W116 (Rule 151 of total 267) .... done (Time = 0.00s, Memory = 0.0K)
    Checking Rule W122 (Rule 152 of total 267) .... done (Time = 0.00s, Memory = 0.0K)
    Checking Rule W123 (Rule 153 of total 267) .... done (Time = 0.00s, Memory = 0.0K)
    Checking Rule W156 (Rule 154 of total 267) .... done (Time = 0.00s, Memory = 0.0K)
    Checking Rule W71 (Rule 155 of total 267) .... done (Time = 0.01s, Memory = 0.0K)
    Checking Rule W240 (Rule 156 of total 267) .... done (Time = 0.00s, Memory = 0.0K)
    Checking Rule W240 (Rule 157 of total 267) .... done (Time = 0.00s, Memory = 0.0K)
    Checking Rule W287a (Rule 158 of total 267) .... done (Time = 0.00s, Memory = 0.0K)
    Checking Rule W293 (Rule 159 of total 267) .... done (Time = 0.00s, Memory = 0.0K)
    Checking Rule W398 (Rule 160 of total 267) .... done (Time = 0.00s, Memory = 0.0K)
    Checking Rule W424 (Rule 161 of total 267) .... done (Time = 0.00s, Memory = 0.0K)
    Checking Rule W467 (Rule 162 of total 267) .... done (Time = 0.00s, Memory = 0.0K)
    Checking Rule W505 (Rule 163 of total 267) .... done (Time = 0.00s, Memory = 0.0K)
    Checking Rule W505 (Rule 164 of total 267) .... done (Time = 0.00s, Memory = 0.0K)
    Checking Rule W528 (Rule 165 of total 267) .... done (Time = 0.00s, Memory = 0.0K)
    Checking Rule W528 (Rule 166 of total 267) .... done (Time = 0.00s, Memory = 544.0K)
    Checking Rule Prereqs_Usage (Rule 167 of total 267) .... done (Time = 0.00s, Memory = -16.0K)
    Checking Rule Prereqs_ConstantInput-ML (Rule 168 of total 267) .... done (Time = 0.00s, Memory = 0.0K)
    Checking Rule ReportPortInfo-ML (Rule 169 of total 267) .... done (Time = 0.00s, Memory = 8.0K)
    Checking Rule Prereqs_ReportPortInfo-ML (Rule 170 of total 267) .... done (Time = 0.00s, Memory = 0.0K)
    Checking Rule Prereqs_ReportPortInfo-ML (Rule 171 of total 267) .... done (Time = 0.00s, Memory = 0.0K)
    Checking Rule NoAssignX-ML (Rule 172 of total 267) .... done (Time = 0.00s, Memory = 0.0K)
    Checking Rule ParamWidthMismatch-ML (Rule 173 of total 267) .... done (Time = 0.00s, Memory = 0.0K)
    Checking Rule Postreqs_Usage_ML (Rule 174 of total 267) .... done (Time = 0.00s, Memory = 0.0K)
    Checking Rule NoXInCase-ML (Rule 175 of total 267) .... done (Time = 0.00s, Memory = 0.0K)
Checking ELABDU Rules for designUnit conv
    Checking Rule Prereqs_InferLatch (Rule 116 of total 267) .... done (Time = 0.00s, Memory = 0.0K)
    Checking Rule STARC05-2.1.4.5 (Rule 117 of total 267) .... done (Time = 0.00s, Memory = 0.0K)
    Checking Rule STARC05-2.1.5.3 (Rule 118 of total 267) .... done (Time = 0.00s, Memory = 0.0K)
    Checking Rule STARC05-2.2.3.3 (Rule 119 of total 267) .... done (Time = 0.00s, Memory = 0.0K)
    Checking Rule STARC05-2.3.1.6 (Rule 120 of total 267) .... done (Time = 0.00s, Memory = 0.0K)
    Checking Rule STARC05-2.10.2.3 (Rule 121 of total 267) .... done (Time = 0.01s, Memory = 0.0K)
    Checking Rule STARC05-2.10.3.2a (Rule 122 of total 267) .... done (Time = 0.00s, Memory = 0.0K)
    Checking Rule STARC05-2.11.3.1 (Rule 123 of total 267) .... done (Time = 0.00s, Memory = 0.0K)
    Checking Rule STARC05-2.1.3.1 (Rule 124 of total 267) .... done (Time = 0.00s, Memory = 0.0K)
    Checking Rule STARC05-2.10.1.4a (Rule 125 of total 267) .... done (Time = 0.00s, Memory = 0.0K)
    Checking Rule STARC05-2.10.1.4b (Rule 126 of total 267) .... done (Time = 0.00s, Memory = 0.0K)
    Checking Rule sim_race02 (Rule 127 of total 267) .... done (Time = 0.00s, Memory = 0.0K)
    Checking Rule W110 (Rule 128 of total 267) .... done (Time = 0.00s, Memory = 0.0K)
    Checking Rule W122 (Rule 129 of total 267) .... done (Time = 0.00s, Memory = 0.0K)
    Checking Rule W496a (Rule 130 of total 267) .... done (Time = 0.00s, Memory = 0.0K)
    Checking Rule W496b (Rule 131 of total 267) .... done (Time = 0.00s, Memory = 0.0K)
    Checking Rule W19 (Rule 132 of total 267) .... done (Time = 0.00s, Memory = 0.0K)
    Checking Rule W66 (Rule 133 of total 267) .... done (Time = 0.00s, Memory = 0.0K)
    Checking Rule W116 (Rule 134 of total 267) .... done (Time = 0.00s, Memory = 0.0K)
    Checking Rule W123 (Rule 135 of total 267) .... done (Time = 0.00s, Memory = 16.0K)
    Checking Rule W156 (Rule 136 of total 267) .... done (Time = 0.00s, Memory = 0.0K)
    Checking Rule W215 (Rule 137 of total 267) .... done (Time = 0.00s, Memory = 0.0K)
    Checking Rule W216 (Rule 138 of total 267) .... done (Time = 0.00s, Memory = 0.0K)
    Checking Rule W218 (Rule 139 of total 267) .... done (Time = 0.00s, Memory = 0.0K)
    Checking Rule W224 (Rule 140 of total 267) .... done (Time = 0.00s, Memory = 0.0K)
    Checking Rule W263 (Rule 141 of total 267) .... done (Time = 0.00s, Memory = 0.0K)
    Checking Rule W289 (Rule 142 of total 267) .... done (Time = 0.00s, Memory = 0.0K)
    Checking Rule W337 (Rule 143 of total 267) .... done (Time = 0.00s, Memory = 0.0K)
    Checking Rule W416 (Rule 144 of total 267) .... done (Time = 0.00s, Memory = 0.0K)
    Checking Rule W352 (Rule 145 of total 267) .... done (Time = 0.00s, Memory = 0.0K)
    Checking Rule W362 (Rule 146 of total 267) .... done (Time = 0.00s, Memory = 0.0K)
    Checking Rule W415a (Rule 147 of total 267) .... done (Time = 0.00s, Memory = 0.0K)
    Checking Rule W486 (Rule 148 of total 267) .... done (Time = 0.00s, Memory = 0.0K)
    Checking Rule W499 (Rule 149 of total 267) .... done (Time = 0.00s, Memory = 0.0K)
    Checking Rule W502 (Rule 150 of total 267) .... done (Time = 0.00s, Memory = 0.0K)
    Checking Rule W116 (Rule 151 of total 267) .... done (Time = 0.00s, Memory = 0.0K)
    Checking Rule W122 (Rule 152 of total 267) .... done (Time = 0.00s, Memory = 0.0K)
    Checking Rule W123 (Rule 153 of total 267) .... done (Time = 0.00s, Memory = 0.0K)
    Checking Rule W156 (Rule 154 of total 267) .... done (Time = 0.00s, Memory = 0.0K)
    Checking Rule W71 (Rule 155 of total 267) .... done (Time = 0.00s, Memory = 0.0K)
    Checking Rule W240 (Rule 156 of total 267) .... done (Time = 0.00s, Memory = 0.0K)
    Checking Rule W240 (Rule 157 of total 267) .... done (Time = 0.00s, Memory = 0.0K)
    Checking Rule W287a (Rule 158 of total 267) .... done (Time = 0.00s, Memory = 0.0K)
    Checking Rule W293 (Rule 159 of total 267) .... done (Time = 0.00s, Memory = 0.0K)
    Checking Rule W398 (Rule 160 of total 267) .... done (Time = 0.00s, Memory = 0.0K)
    Checking Rule W424 (Rule 161 of total 267) .... done (Time = 0.00s, Memory = 0.0K)
    Checking Rule W467 (Rule 162 of total 267) .... done (Time = 0.00s, Memory = 0.0K)
    Checking Rule W505 (Rule 163 of total 267) .... done (Time = 0.00s, Memory = 0.0K)
    Checking Rule W505 (Rule 164 of total 267) .... done (Time = 0.00s, Memory = 0.0K)
    Checking Rule W528 (Rule 165 of total 267) .... done (Time = 0.00s, Memory = 0.0K)
    Checking Rule W528 (Rule 166 of total 267) .... done (Time = 0.00s, Memory = 544.0K)
    Checking Rule Prereqs_Usage (Rule 167 of total 267) .... done (Time = 0.00s, Memory = -16.0K)
    Checking Rule Prereqs_ConstantInput-ML (Rule 168 of total 267) .... done (Time = 0.00s, Memory = 0.0K)
    Checking Rule ReportPortInfo-ML (Rule 169 of total 267) .... done (Time = 0.00s, Memory = 0.0K)
    Checking Rule Prereqs_ReportPortInfo-ML (Rule 170 of total 267) .... done (Time = 0.00s, Memory = 0.0K)
    Checking Rule Prereqs_ReportPortInfo-ML (Rule 171 of total 267) .... done (Time = 0.00s, Memory = 0.0K)
    Checking Rule NoAssignX-ML (Rule 172 of total 267) .... done (Time = 0.00s, Memory = 0.0K)
    Checking Rule ParamWidthMismatch-ML (Rule 173 of total 267) .... done (Time = 0.00s, Memory = 0.0K)
    Checking Rule Postreqs_Usage_ML (Rule 174 of total 267) .... done (Time = 0.00s, Memory = 0.0K)
    Checking Rule NoXInCase-ML (Rule 175 of total 267) .... done (Time = 0.00s, Memory = 0.0K)
Checking ELABDU Rules for designUnit median
    Checking Rule Prereqs_InferLatch (Rule 116 of total 267) .... done (Time = 0.00s, Memory = 0.0K)
    Checking Rule STARC05-2.1.4.5 (Rule 117 of total 267) .... done (Time = 0.00s, Memory = 0.0K)
    Checking Rule STARC05-2.1.5.3 (Rule 118 of total 267) .... done (Time = 0.00s, Memory = 0.0K)
    Checking Rule STARC05-2.2.3.3 (Rule 119 of total 267) .... done (Time = 0.00s, Memory = 0.0K)
    Checking Rule STARC05-2.3.1.6 (Rule 120 of total 267) .... done (Time = 0.00s, Memory = 0.0K)
    Checking Rule STARC05-2.10.2.3 (Rule 121 of total 267) .... done (Time = 0.00s, Memory = 0.0K)
    Checking Rule STARC05-2.10.3.2a (Rule 122 of total 267) .... done (Time = 0.00s, Memory = 0.0K)
    Checking Rule STARC05-2.11.3.1 (Rule 123 of total 267) .... done (Time = 0.00s, Memory = 0.0K)
    Checking Rule STARC05-2.1.3.1 (Rule 124 of total 267) .... done (Time = 0.00s, Memory = 0.0K)
    Checking Rule STARC05-2.10.1.4a (Rule 125 of total 267) .... done (Time = 0.00s, Memory = 0.0K)
    Checking Rule STARC05-2.10.1.4b (Rule 126 of total 267) .... done (Time = 0.00s, Memory = 0.0K)
    Checking Rule sim_race02 (Rule 127 of total 267) .... done (Time = 0.00s, Memory = 0.0K)
    Checking Rule W110 (Rule 128 of total 267) .... done (Time = 0.00s, Memory = 24.0K)
    Checking Rule W122 (Rule 129 of total 267) .... done (Time = 0.00s, Memory = 0.0K)
    Checking Rule W496a (Rule 130 of total 267) .... done (Time = 0.00s, Memory = 0.0K)
    Checking Rule W496b (Rule 131 of total 267) .... done (Time = 0.00s, Memory = 0.0K)
    Checking Rule W19 (Rule 132 of total 267) .... done (Time = 0.00s, Memory = 0.0K)
    Checking Rule W66 (Rule 133 of total 267) .... done (Time = 0.00s, Memory = 8.0K)
    Checking Rule W116 (Rule 134 of total 267) .... done (Time = 0.01s, Memory = 0.0K)
    Checking Rule W123 (Rule 135 of total 267) .... done (Time = 0.01s, Memory = -40.0K)
    Checking Rule W156 (Rule 136 of total 267) .... done (Time = 0.00s, Memory = 0.0K)
    Checking Rule W215 (Rule 137 of total 267) .... done (Time = 0.00s, Memory = 0.0K)
    Checking Rule W216 (Rule 138 of total 267) .... done (Time = 0.00s, Memory = 0.0K)
    Checking Rule W218 (Rule 139 of total 267) .... done (Time = 0.00s, Memory = 0.0K)
    Checking Rule W224 (Rule 140 of total 267) .... done (Time = 0.00s, Memory = 0.0K)
    Checking Rule W263 (Rule 141 of total 267) .... done (Time = 0.00s, Memory = 0.0K)
    Checking Rule W289 (Rule 142 of total 267) .... done (Time = 0.00s, Memory = 0.0K)
    Checking Rule W337 (Rule 143 of total 267) .... done (Time = 0.00s, Memory = 0.0K)
    Checking Rule W416 (Rule 144 of total 267) .... done (Time = 0.00s, Memory = 0.0K)
    Checking Rule W352 (Rule 145 of total 267) .... done (Time = 0.01s, Memory = 0.0K)
    Checking Rule W362 (Rule 146 of total 267) .... done (Time = 0.00s, Memory = 0.0K)
    Checking Rule W415a (Rule 147 of total 267) .... done (Time = 0.00s, Memory = 0.0K)
    Checking Rule W486 (Rule 148 of total 267) .... done (Time = 0.00s, Memory = 0.0K)
    Checking Rule W499 (Rule 149 of total 267) .... done (Time = 0.00s, Memory = 0.0K)
    Checking Rule W502 (Rule 150 of total 267) .... done (Time = 0.01s, Memory = 0.0K)
    Checking Rule W116 (Rule 151 of total 267) .... done (Time = 0.00s, Memory = 0.0K)
    Checking Rule W122 (Rule 152 of total 267) .... done (Time = 0.00s, Memory = 0.0K)
    Checking Rule W123 (Rule 153 of total 267) .... done (Time = 0.00s, Memory = 0.0K)
    Checking Rule W156 (Rule 154 of total 267) .... done (Time = 0.00s, Memory = 0.0K)
    Checking Rule W71 (Rule 155 of total 267) .... done (Time = 0.00s, Memory = 0.0K)
    Checking Rule W240 (Rule 156 of total 267) .... done (Time = 0.00s, Memory = 0.0K)
    Checking Rule W240 (Rule 157 of total 267) .... done (Time = 0.00s, Memory = 0.0K)
    Checking Rule W287a (Rule 158 of total 267) .... done (Time = 0.00s, Memory = 24.0K)
    Checking Rule W293 (Rule 159 of total 267) .... done (Time = 0.00s, Memory = 0.0K)
    Checking Rule W398 (Rule 160 of total 267) .... done (Time = 0.00s, Memory = 2568.0K)
    Checking Rule W424 (Rule 161 of total 267) .... done (Time = 0.00s, Memory = 0.0K)
    Checking Rule W467 (Rule 162 of total 267) .... done (Time = 0.00s, Memory = 0.0K)
    Checking Rule W505 (Rule 163 of total 267) .... done (Time = 0.00s, Memory = 0.0K)
    Checking Rule W505 (Rule 164 of total 267) .... done (Time = 0.00s, Memory = 0.0K)
    Checking Rule W528 (Rule 165 of total 267) .... done (Time = 0.00s, Memory = 0.0K)
    Checking Rule W528 (Rule 166 of total 267) .... done (Time = 0.00s, Memory = 544.0K)
    Checking Rule Prereqs_Usage (Rule 167 of total 267) .... done (Time = 0.00s, Memory = -16.0K)
    Checking Rule Prereqs_ConstantInput-ML (Rule 168 of total 267) .... done (Time = 0.00s, Memory = 0.0K)
    Checking Rule ReportPortInfo-ML (Rule 169 of total 267) .... done (Time = 0.00s, Memory = 0.0K)
    Checking Rule Prereqs_ReportPortInfo-ML (Rule 170 of total 267) .... done (Time = 0.00s, Memory = 0.0K)
    Checking Rule Prereqs_ReportPortInfo-ML (Rule 171 of total 267) .... done (Time = 0.00s, Memory = 0.0K)
    Checking Rule NoAssignX-ML (Rule 172 of total 267) .... done (Time = 0.00s, Memory = 0.0K)
    Checking Rule ParamWidthMismatch-ML (Rule 173 of total 267) .... done (Time = 0.00s, Memory = 0.0K)
    Checking Rule Postreqs_Usage_ML (Rule 174 of total 267) .... done (Time = 0.00s, Memory = 0.0K)
    Checking Rule NoXInCase-ML (Rule 175 of total 267) .... done (Time = 0.00s, Memory = 0.0K)
Checking ELABDU Rules for designUnit median_filter_submodule
    Checking Rule Prereqs_InferLatch (Rule 116 of total 267) .... done (Time = 0.00s, Memory = 0.0K)
    Checking Rule STARC05-2.1.4.5 (Rule 117 of total 267) .... done (Time = 0.00s, Memory = 0.0K)
    Checking Rule STARC05-2.1.5.3 (Rule 118 of total 267) .... done (Time = 0.00s, Memory = 0.0K)
    Checking Rule STARC05-2.2.3.3 (Rule 119 of total 267) .... done (Time = 0.00s, Memory = 0.0K)
    Checking Rule STARC05-2.3.1.6 (Rule 120 of total 267) .... done (Time = 0.00s, Memory = 0.0K)
    Checking Rule STARC05-2.10.2.3 (Rule 121 of total 267) .... done (Time = 0.00s, Memory = 0.0K)
    Checking Rule STARC05-2.10.3.2a (Rule 122 of total 267) .... done (Time = 0.00s, Memory = 0.0K)
    Checking Rule STARC05-2.11.3.1 (Rule 123 of total 267) .... done (Time = 0.00s, Memory = 0.0K)
    Checking Rule STARC05-2.1.3.1 (Rule 124 of total 267) .... done (Time = 0.00s, Memory = 0.0K)
    Checking Rule STARC05-2.10.1.4a (Rule 125 of total 267) .... done (Time = 0.00s, Memory = 0.0K)
    Checking Rule STARC05-2.10.1.4b (Rule 126 of total 267) .... done (Time = 0.00s, Memory = 0.0K)
    Checking Rule sim_race02 (Rule 127 of total 267) .... done (Time = 0.00s, Memory = 0.0K)
    Checking Rule W110 (Rule 128 of total 267) .... done (Time = 0.00s, Memory = 0.0K)
    Checking Rule W122 (Rule 129 of total 267) .... done (Time = 0.00s, Memory = 0.0K)
    Checking Rule W496a (Rule 130 of total 267) .... done (Time = 0.00s, Memory = 0.0K)
    Checking Rule W496b (Rule 131 of total 267) .... done (Time = 0.00s, Memory = 0.0K)
    Checking Rule W19 (Rule 132 of total 267) .... done (Time = 0.00s, Memory = 0.0K)
    Checking Rule W66 (Rule 133 of total 267) .... done (Time = 0.00s, Memory = 0.0K)
    Checking Rule W116 (Rule 134 of total 267) .... done (Time = 0.00s, Memory = 0.0K)
    Checking Rule W123 (Rule 135 of total 267) .... done (Time = 0.00s, Memory = 16.0K)
    Checking Rule W156 (Rule 136 of total 267) .... done (Time = 0.00s, Memory = 0.0K)
    Checking Rule W215 (Rule 137 of total 267) .... done (Time = 0.00s, Memory = 0.0K)
    Checking Rule W216 (Rule 138 of total 267) .... done (Time = 0.00s, Memory = 0.0K)
    Checking Rule W218 (Rule 139 of total 267) .... done (Time = 0.00s, Memory = 0.0K)
    Checking Rule W224 (Rule 140 of total 267) .... done (Time = 0.00s, Memory = 0.0K)
    Checking Rule W263 (Rule 141 of total 267) .... done (Time = 0.00s, Memory = 0.0K)
    Checking Rule W289 (Rule 142 of total 267) .... done (Time = 0.00s, Memory = 0.0K)
    Checking Rule W337 (Rule 143 of total 267) .... done (Time = 0.00s, Memory = 0.0K)
    Checking Rule W416 (Rule 144 of total 267) .... done (Time = 0.00s, Memory = 0.0K)
    Checking Rule W352 (Rule 145 of total 267) .... done (Time = 0.00s, Memory = 0.0K)
    Checking Rule W362 (Rule 146 of total 267) .... done (Time = 0.00s, Memory = 0.0K)
    Checking Rule W415a (Rule 147 of total 267) .... done (Time = 0.00s, Memory = 0.0K)
    Checking Rule W486 (Rule 148 of total 267) .... done (Time = 0.00s, Memory = -24.0K)
    Checking Rule W499 (Rule 149 of total 267) .... done (Time = 0.00s, Memory = -64.0K)
    Checking Rule W502 (Rule 150 of total 267) .... done (Time = 0.00s, Memory = 0.0K)
    Checking Rule W116 (Rule 151 of total 267) .... done (Time = 0.00s, Memory = 0.0K)
    Checking Rule W122 (Rule 152 of total 267) .... done (Time = 0.00s, Memory = 0.0K)
    Checking Rule W123 (Rule 153 of total 267) .... done (Time = 0.00s, Memory = 0.0K)
    Checking Rule W156 (Rule 154 of total 267) .... done (Time = 0.00s, Memory = 0.0K)
    Checking Rule W71 (Rule 155 of total 267) .... done (Time = 0.00s, Memory = 16.0K)
    Checking Rule W240 (Rule 156 of total 267) .... done (Time = 0.00s, Memory = 0.0K)
    Checking Rule W240 (Rule 157 of total 267) .... done (Time = 0.00s, Memory = 0.0K)
    Checking Rule W287a (Rule 158 of total 267) .... done (Time = 0.00s, Memory = 0.0K)
    Checking Rule W293 (Rule 159 of total 267) .... done (Time = 0.00s, Memory = 0.0K)
    Checking Rule W398 (Rule 160 of total 267) .... done (Time = 0.00s, Memory = 8.0K)
    Checking Rule W424 (Rule 161 of total 267) .... done (Time = 0.00s, Memory = 0.0K)
    Checking Rule W467 (Rule 162 of total 267) .... done (Time = 0.00s, Memory = 0.0K)
    Checking Rule W505 (Rule 163 of total 267) .... done (Time = 0.00s, Memory = 0.0K)
    Checking Rule W505 (Rule 164 of total 267) .... done (Time = 0.00s, Memory = 0.0K)
    Checking Rule W528 (Rule 165 of total 267) .... done (Time = 0.00s, Memory = 0.0K)
    Checking Rule W528 (Rule 166 of total 267) .... done (Time = 0.00s, Memory = 544.0K)
    Checking Rule Prereqs_Usage (Rule 167 of total 267) .... done (Time = 0.00s, Memory = -16.0K)
    Checking Rule Prereqs_ConstantInput-ML (Rule 168 of total 267) .... done (Time = 0.00s, Memory = 0.0K)
    Checking Rule ReportPortInfo-ML (Rule 169 of total 267) .... done (Time = 0.00s, Memory = 0.0K)
    Checking Rule Prereqs_ReportPortInfo-ML (Rule 170 of total 267) .... done (Time = 0.00s, Memory = 0.0K)
    Checking Rule Prereqs_ReportPortInfo-ML (Rule 171 of total 267) .... done (Time = 0.00s, Memory = 0.0K)
    Checking Rule NoAssignX-ML (Rule 172 of total 267) .... done (Time = 0.00s, Memory = 0.0K)
    Checking Rule ParamWidthMismatch-ML (Rule 173 of total 267) .... done (Time = 0.00s, Memory = 0.0K)
    Checking Rule Postreqs_Usage_ML (Rule 174 of total 267) .... done (Time = 0.00s, Memory = -8.0K)
    Checking Rule NoXInCase-ML (Rule 175 of total 267) .... done (Time = 0.00s, Memory = 0.0K)
Checking ELABDU Rules for designUnit sobel_gradient
    Checking Rule Prereqs_InferLatch (Rule 116 of total 267) .... done (Time = 0.00s, Memory = 0.0K)
    Checking Rule STARC05-2.1.4.5 (Rule 117 of total 267) .... done (Time = 0.00s, Memory = 0.0K)
    Checking Rule STARC05-2.1.5.3 (Rule 118 of total 267) .... done (Time = 0.00s, Memory = 0.0K)
    Checking Rule STARC05-2.2.3.3 (Rule 119 of total 267) .... done (Time = 0.00s, Memory = 0.0K)
    Checking Rule STARC05-2.3.1.6 (Rule 120 of total 267) .... done (Time = 0.00s, Memory = 0.0K)
    Checking Rule STARC05-2.10.2.3 (Rule 121 of total 267) .... done (Time = 0.00s, Memory = 0.0K)
    Checking Rule STARC05-2.10.3.2a (Rule 122 of total 267) .... done (Time = 0.00s, Memory = 0.0K)
    Checking Rule STARC05-2.11.3.1 (Rule 123 of total 267) .... done (Time = 0.00s, Memory = 0.0K)
    Checking Rule STARC05-2.1.3.1 (Rule 124 of total 267) .... done (Time = 0.00s, Memory = 0.0K)
    Checking Rule STARC05-2.10.1.4a (Rule 125 of total 267) .... done (Time = 0.00s, Memory = 0.0K)
    Checking Rule STARC05-2.10.1.4b (Rule 126 of total 267) .... done (Time = 0.00s, Memory = 0.0K)
    Checking Rule sim_race02 (Rule 127 of total 267) .... done (Time = 0.00s, Memory = 32.0K)
    Checking Rule W110 (Rule 128 of total 267) .... done (Time = 0.00s, Memory = 8.0K)
    Checking Rule W122 (Rule 129 of total 267) .... done (Time = 0.00s, Memory = 2544.0K)
    Checking Rule W496a (Rule 130 of total 267) .... done (Time = 0.00s, Memory = 0.0K)
    Checking Rule W496b (Rule 131 of total 267) .... done (Time = 0.00s, Memory = 0.0K)
    Checking Rule W19 (Rule 132 of total 267) .... done (Time = 0.00s, Memory = 0.0K)
    Checking Rule W66 (Rule 133 of total 267) .... done (Time = 0.00s, Memory = 0.0K)
    Checking Rule W116 (Rule 134 of total 267) .... done (Time = 0.00s, Memory = 0.0K)
    Checking Rule W123 (Rule 135 of total 267) .... done (Time = 0.01s, Memory = 16.0K)
    Checking Rule W156 (Rule 136 of total 267) .... done (Time = 0.00s, Memory = 0.0K)
    Checking Rule W215 (Rule 137 of total 267) .... done (Time = 0.00s, Memory = 8.0K)
    Checking Rule W216 (Rule 138 of total 267) .... done (Time = 0.00s, Memory = 0.0K)
    Checking Rule W218 (Rule 139 of total 267) .... done (Time = 0.00s, Memory = 0.0K)
    Checking Rule W224 (Rule 140 of total 267) .... done (Time = 0.00s, Memory = 0.0K)
    Checking Rule W263 (Rule 141 of total 267) .... done (Time = 0.00s, Memory = 0.0K)
    Checking Rule W289 (Rule 142 of total 267) .... done (Time = 0.00s, Memory = 0.0K)
    Checking Rule W337 (Rule 143 of total 267) .... done (Time = 0.00s, Memory = 0.0K)
    Checking Rule W416 (Rule 144 of total 267) .... done (Time = 0.00s, Memory = 0.0K)
    Checking Rule W352 (Rule 145 of total 267) .... done (Time = 0.00s, Memory = 0.0K)
    Checking Rule W362 (Rule 146 of total 267) .... done (Time = 0.00s, Memory = 0.0K)
    Checking Rule W415a (Rule 147 of total 267) .... done (Time = 0.00s, Memory = 0.0K)
    Checking Rule W486 (Rule 148 of total 267) .... done (Time = 0.00s, Memory = 0.0K)
    Checking Rule W499 (Rule 149 of total 267) .... done (Time = 0.00s, Memory = 0.0K)
    Checking Rule W502 (Rule 150 of total 267) .... done (Time = 0.00s, Memory = 0.0K)
    Checking Rule W116 (Rule 151 of total 267) .... done (Time = 0.00s, Memory = 0.0K)
    Checking Rule W122 (Rule 152 of total 267) .... done (Time = 0.00s, Memory = 0.0K)
    Checking Rule W123 (Rule 153 of total 267) .... done (Time = 0.00s, Memory = 0.0K)
    Checking Rule W156 (Rule 154 of total 267) .... done (Time = 0.00s, Memory = 0.0K)
    Checking Rule W71 (Rule 155 of total 267) .... done (Time = 0.00s, Memory = 0.0K)
    Checking Rule W240 (Rule 156 of total 267) .... done (Time = 0.00s, Memory = 0.0K)
    Checking Rule W240 (Rule 157 of total 267) .... done (Time = 0.00s, Memory = 0.0K)
    Checking Rule W287a (Rule 158 of total 267) .... done (Time = 0.00s, Memory = 0.0K)
    Checking Rule W293 (Rule 159 of total 267) .... done (Time = 0.00s, Memory = 0.0K)
    Checking Rule W398 (Rule 160 of total 267) .... done (Time = 0.00s, Memory = 0.0K)
    Checking Rule W424 (Rule 161 of total 267) .... done (Time = 0.00s, Memory = 0.0K)
    Checking Rule W467 (Rule 162 of total 267) .... done (Time = 0.00s, Memory = 0.0K)
    Checking Rule W505 (Rule 163 of total 267) .... done (Time = 0.00s, Memory = 0.0K)
    Checking Rule W505 (Rule 164 of total 267) .... done (Time = 0.00s, Memory = 0.0K)
    Checking Rule W528 (Rule 165 of total 267) .... done (Time = 0.00s, Memory = 0.0K)
    Checking Rule W528 (Rule 166 of total 267) .... done (Time = 0.00s, Memory = 544.0K)
    Checking Rule Prereqs_Usage (Rule 167 of total 267) .... done (Time = 0.00s, Memory = -16.0K)
    Checking Rule Prereqs_ConstantInput-ML (Rule 168 of total 267) .... done (Time = 0.00s, Memory = 0.0K)
    Checking Rule ReportPortInfo-ML (Rule 169 of total 267) .... done (Time = 0.00s, Memory = 0.0K)
    Checking Rule Prereqs_ReportPortInfo-ML (Rule 170 of total 267) .... done (Time = 0.00s, Memory = 0.0K)
    Checking Rule Prereqs_ReportPortInfo-ML (Rule 171 of total 267) .... done (Time = 0.00s, Memory = 0.0K)
    Checking Rule NoAssignX-ML (Rule 172 of total 267) .... done (Time = 0.00s, Memory = 0.0K)
    Checking Rule ParamWidthMismatch-ML (Rule 173 of total 267) .... done (Time = 0.00s, Memory = 0.0K)
    Checking Rule Postreqs_Usage_ML (Rule 174 of total 267) .... done (Time = 0.00s, Memory = 0.0K)
    Checking Rule NoXInCase-ML (Rule 175 of total 267) .... done (Time = 0.00s, Memory = 0.0K)
Checking ELABDU Rules for designUnit sober_compare
    Checking Rule Prereqs_InferLatch (Rule 116 of total 267) .... done (Time = 0.00s, Memory = 0.0K)
    Checking Rule STARC05-2.1.4.5 (Rule 117 of total 267) .... done (Time = 0.00s, Memory = 0.0K)
    Checking Rule STARC05-2.1.5.3 (Rule 118 of total 267) .... done (Time = 0.00s, Memory = 0.0K)
    Checking Rule STARC05-2.2.3.3 (Rule 119 of total 267) .... done (Time = 0.00s, Memory = -16.0K)
    Checking Rule STARC05-2.3.1.6 (Rule 120 of total 267) .... done (Time = 0.00s, Memory = 0.0K)
    Checking Rule STARC05-2.10.2.3 (Rule 121 of total 267) .... done (Time = 0.00s, Memory = 0.0K)
    Checking Rule STARC05-2.10.3.2a (Rule 122 of total 267) .... done (Time = 0.00s, Memory = 0.0K)
    Checking Rule STARC05-2.11.3.1 (Rule 123 of total 267) .... done (Time = 0.00s, Memory = 0.0K)
    Checking Rule STARC05-2.1.3.1 (Rule 124 of total 267) .... done (Time = 0.00s, Memory = 0.0K)
    Checking Rule STARC05-2.10.1.4a (Rule 125 of total 267) .... done (Time = 0.01s, Memory = 0.0K)
    Checking Rule STARC05-2.10.1.4b (Rule 126 of total 267) .... done (Time = 0.00s, Memory = 0.0K)
    Checking Rule sim_race02 (Rule 127 of total 267) .... done (Time = 0.00s, Memory = 0.0K)
    Checking Rule W110 (Rule 128 of total 267) .... done (Time = 0.00s, Memory = 0.0K)
    Checking Rule W122 (Rule 129 of total 267) .... done (Time = 0.00s, Memory = 0.0K)
    Checking Rule W496a (Rule 130 of total 267) .... done (Time = 0.00s, Memory = 0.0K)
    Checking Rule W496b (Rule 131 of total 267) .... done (Time = 0.00s, Memory = 0.0K)
    Checking Rule W19 (Rule 132 of total 267) .... done (Time = 0.00s, Memory = 0.0K)
    Checking Rule W66 (Rule 133 of total 267) .... done (Time = 0.00s, Memory = 0.0K)
    Checking Rule W116 (Rule 134 of total 267) .... done (Time = 0.00s, Memory = 0.0K)
    Checking Rule W123 (Rule 135 of total 267) .... done (Time = 0.00s, Memory = 16.0K)
    Checking Rule W156 (Rule 136 of total 267) .... done (Time = 0.00s, Memory = 0.0K)
    Checking Rule W215 (Rule 137 of total 267) .... done (Time = 0.00s, Memory = 0.0K)
    Checking Rule W216 (Rule 138 of total 267) .... done (Time = 0.00s, Memory = 0.0K)
    Checking Rule W218 (Rule 139 of total 267) .... done (Time = 0.00s, Memory = 0.0K)
    Checking Rule W224 (Rule 140 of total 267) .... done (Time = 0.00s, Memory = 0.0K)
    Checking Rule W263 (Rule 141 of total 267) .... done (Time = 0.00s, Memory = 0.0K)
    Checking Rule W289 (Rule 142 of total 267) .... done (Time = 0.00s, Memory = 0.0K)
    Checking Rule W337 (Rule 143 of total 267) .... done (Time = 0.00s, Memory = 0.0K)
    Checking Rule W416 (Rule 144 of total 267) .... done (Time = 0.00s, Memory = 0.0K)
    Checking Rule W352 (Rule 145 of total 267) .... done (Time = 0.00s, Memory = 0.0K)
    Checking Rule W362 (Rule 146 of total 267) .... done (Time = 0.00s, Memory = 0.0K)
    Checking Rule W415a (Rule 147 of total 267) .... done (Time = 0.00s, Memory = 0.0K)
    Checking Rule W486 (Rule 148 of total 267) .... done (Time = 0.00s, Memory = 0.0K)
    Checking Rule W499 (Rule 149 of total 267) .... done (Time = 0.00s, Memory = 0.0K)
    Checking Rule W502 (Rule 150 of total 267) .... done (Time = 0.00s, Memory = 0.0K)
    Checking Rule W116 (Rule 151 of total 267) .... done (Time = 0.00s, Memory = 0.0K)
    Checking Rule W122 (Rule 152 of total 267) .... done (Time = 0.00s, Memory = 0.0K)
    Checking Rule W123 (Rule 153 of total 267) .... done (Time = 0.00s, Memory = 0.0K)
    Checking Rule W156 (Rule 154 of total 267) .... done (Time = 0.00s, Memory = 0.0K)
    Checking Rule W71 (Rule 155 of total 267) .... done (Time = 0.00s, Memory = 0.0K)
    Checking Rule W240 (Rule 156 of total 267) .... done (Time = 0.00s, Memory = 24.0K)
    Checking Rule W240 (Rule 157 of total 267) .... done (Time = 0.00s, Memory = 0.0K)
    Checking Rule W287a (Rule 158 of total 267) .... done (Time = 0.00s, Memory = 0.0K)
    Checking Rule W293 (Rule 159 of total 267) .... done (Time = 0.00s, Memory = 0.0K)
    Checking Rule W398 (Rule 160 of total 267) .... done (Time = 0.00s, Memory = 0.0K)
    Checking Rule W424 (Rule 161 of total 267) .... done (Time = 0.00s, Memory = 8.0K)
    Checking Rule W467 (Rule 162 of total 267) .... done (Time = 0.01s, Memory = 0.0K)
    Checking Rule W505 (Rule 163 of total 267) .... done (Time = 0.00s, Memory = 8.0K)
    Checking Rule W505 (Rule 164 of total 267) .... done (Time = 0.00s, Memory = 0.0K)
    Checking Rule W528 (Rule 165 of total 267) .... done (Time = 0.00s, Memory = 0.0K)
    Checking Rule W528 (Rule 166 of total 267) .... done (Time = 0.00s, Memory = 544.0K)
    Checking Rule Prereqs_Usage (Rule 167 of total 267) .... done (Time = 0.00s, Memory = -24.0K)
    Checking Rule Prereqs_ConstantInput-ML (Rule 168 of total 267) .... done (Time = 0.00s, Memory = 0.0K)
    Checking Rule ReportPortInfo-ML (Rule 169 of total 267) .... done (Time = 0.00s, Memory = 0.0K)
    Checking Rule Prereqs_ReportPortInfo-ML (Rule 170 of total 267) .... done (Time = 0.00s, Memory = 0.0K)
    Checking Rule Prereqs_ReportPortInfo-ML (Rule 171 of total 267) .... done (Time = 0.00s, Memory = 0.0K)
    Checking Rule NoAssignX-ML (Rule 172 of total 267) .... done (Time = 0.00s, Memory = 0.0K)
    Checking Rule ParamWidthMismatch-ML (Rule 173 of total 267) .... done (Time = 0.00s, Memory = 0.0K)
    Checking Rule Postreqs_Usage_ML (Rule 174 of total 267) .... done (Time = 0.00s, Memory = -32.0K)
    Checking Rule NoXInCase-ML (Rule 175 of total 267) .... done (Time = 0.00s, Memory = 0.0K)
Checking ELABDU Rules for designUnit core
Checking ELABDU Rules for designUnit conv
Checking ELABDU Rules for designUnit median
Checking ELABDU Rules for designUnit median_filter_submodule
Checking ELABDU Rules for designUnit sobel_gradient
Checking ELABDU Rules for designUnit sober_compare

INFO [235]    Restoring design database from directory './spyglass-1/core/.SG_SaveRestoreDB/autogenerated__default_snapshot' ...
              done

Checking Rule InferBlackBox (Rule 176 of total 267) .... done (Time = 0.00s, Memory = 0.0K)
Checking Rule checkCMD_mthresh (Rule 177 of total 267) .... done (Time = 0.00s, Memory = 0.0K)
Checking Rule SGDC_waive37 (Rule 178 of total 267) .... done (Time = 0.00s, Memory = 0.0K)
Checking Rule Prereq_IntClock for module sober_compare (Rule 179 of total 267) .... done (Time = 0.00s, Memory = 0.0K)
Checking Rule W336 for module sober_compare (Rule 180 of total 267) .... done (Time = 0.00s, Memory = 0.0K)
Checking Rule W414 for module sober_compare (Rule 181 of total 267) .... done (Time = 0.00s, Memory = 0.0K)
Checking Rule W450L for module sober_compare (Rule 182 of total 267) .... done (Time = 0.00s, Memory = 0.0K)
Checking Rule RegInputOutput-ML for module sober_compare (Rule 183 of total 267) .... done (Time = 0.00s, Memory = 0.0K)
Checking Rule STARC05-2.5.1.7 for module sober_compare (Rule 184 of total 267) .... done (Time = 0.00s, Memory = 0.0K)
Checking Rule STARC05-2.5.1.9 for module sober_compare (Rule 185 of total 267) .... done (Time = 0.00s, Memory = 0.0K)
Checking Rule Prereq_IntClock for module sobel_gradient (Rule 179 of total 267) .... done (Time = 0.00s, Memory = 0.0K)
Checking Rule W336 for module sobel_gradient (Rule 180 of total 267) .... done (Time = 0.00s, Memory = 0.0K)
Checking Rule W414 for module sobel_gradient (Rule 181 of total 267) .... done (Time = 0.00s, Memory = 0.0K)
Checking Rule W450L for module sobel_gradient (Rule 182 of total 267) .... done (Time = 0.00s, Memory = 0.0K)
Checking Rule RegInputOutput-ML for module sobel_gradient (Rule 183 of total 267) .... done (Time = 0.00s, Memory = 0.0K)
Checking Rule STARC05-2.5.1.7 for module sobel_gradient (Rule 184 of total 267) .... done (Time = 0.00s, Memory = 0.0K)
Checking Rule STARC05-2.5.1.9 for module sobel_gradient (Rule 185 of total 267) .... done (Time = 0.00s, Memory = 0.0K)
Checking Rule Prereq_IntClock for module median_filter_submodule (Rule 179 of total 267) .... done (Time = 0.00s, Memory = 0.0K)
Checking Rule W336 for module median_filter_submodule (Rule 180 of total 267) .... done (Time = 0.00s, Memory = 0.0K)
Checking Rule W414 for module median_filter_submodule (Rule 181 of total 267) .... done (Time = 0.00s, Memory = 0.0K)
Checking Rule W450L for module median_filter_submodule (Rule 182 of total 267) .... done (Time = 0.00s, Memory = 0.0K)
Checking Rule RegInputOutput-ML for module median_filter_submodule (Rule 183 of total 267) .... done (Time = 0.00s, Memory = 0.0K)
Checking Rule STARC05-2.5.1.7 for module median_filter_submodule (Rule 184 of total 267) .... done (Time = 0.00s, Memory = 0.0K)
Checking Rule STARC05-2.5.1.9 for module median_filter_submodule (Rule 185 of total 267) .... done (Time = 0.00s, Memory = 0.0K)
Checking Rule Prereq_IntClock for module median (Rule 179 of total 267) .... done (Time = 0.00s, Memory = 0.0K)
Checking Rule W336 for module median (Rule 180 of total 267) .... done (Time = 0.00s, Memory = 0.0K)
Checking Rule W414 for module median (Rule 181 of total 267) .... done (Time = 0.00s, Memory = 0.0K)
Checking Rule W450L for module median (Rule 182 of total 267) .... done (Time = 0.00s, Memory = 0.0K)
Checking Rule RegInputOutput-ML for module median (Rule 183 of total 267) .... done (Time = 0.00s, Memory = 0.0K)
Checking Rule STARC05-2.5.1.7 for module median (Rule 184 of total 267) .... done (Time = 0.00s, Memory = 0.0K)
Checking Rule STARC05-2.5.1.9 for module median (Rule 185 of total 267) .... done (Time = 0.00s, Memory = 0.0K)
Checking Rule Prereq_IntClock for module conv (Rule 179 of total 267) .... done (Time = 0.00s, Memory = 0.0K)
Checking Rule W336 for module conv (Rule 180 of total 267) .... done (Time = 0.00s, Memory = 0.0K)
Checking Rule W414 for module conv (Rule 181 of total 267) .... done (Time = 0.00s, Memory = 0.0K)
Checking Rule W450L for module conv (Rule 182 of total 267) .... done (Time = 0.00s, Memory = 0.0K)
Checking Rule RegInputOutput-ML for module conv (Rule 183 of total 267) .... done (Time = 0.00s, Memory = 0.0K)
Checking Rule STARC05-2.5.1.7 for module conv (Rule 184 of total 267) .... done (Time = 0.00s, Memory = 0.0K)
Checking Rule STARC05-2.5.1.9 for module conv (Rule 185 of total 267) .... done (Time = 0.00s, Memory = 0.0K)
Checking Rule Prereq_IntClock for module core (Rule 179 of total 267) .... done (Time = 0.00s, Memory = 0.0K)
Checking Rule W336 for module core (Rule 180 of total 267) .... done (Time = 0.00s, Memory = 0.0K)
Checking Rule W414 for module core (Rule 181 of total 267) .... done (Time = 0.00s, Memory = 0.0K)
Checking Rule W450L for module core (Rule 182 of total 267) .... done (Time = 0.00s, Memory = 0.0K)
Checking Rule RegInputOutput-ML for module core (Rule 183 of total 267) .... done (Time = 0.00s, Memory = 0.0K)
Checking Rule STARC05-2.5.1.7 for module core (Rule 184 of total 267) .... done (Time = 0.00s, Memory = 0.0K)
Checking Rule STARC05-2.5.1.9 for module core (Rule 185 of total 267) .... done (Time = 0.00s, Memory = 0.0K)
Performing semantic checks on SGDC contents
Checking Rule SGDC_testmode03 (Rule 69 of total 267) .... done (Time = 0.00s, Memory = 0.0K)
Checking Rule _abstractPortSGDC (Rule 186 of total 267) .... done (Time = 0.00s, Memory = 0.0K)
Checking Rule SGDC_abstract_port03 (Rule 187 of total 267) .... done (Time = 0.00s, Memory = 0.0K)
Checking Rule SGDC_abstract_port04 (Rule 188 of total 267) .... done (Time = 0.00s, Memory = 0.0K)
Checking Rule SGDC_abstract_port05 (Rule 189 of total 267) .... done (Time = 0.00s, Memory = 0.0K)
Checking Rule SGDC_abstract_port07 (Rule 190 of total 267) .... done (Time = 0.00s, Memory = 0.0K)
Checking Rule SGDC_abstract_port08 (Rule 191 of total 267) .... done (Time = 0.00s, Memory = 0.0K)
Checking Rule SGDC_abstract_port10 (Rule 192 of total 267) .... done (Time = 0.00s, Memory = 0.0K)
Checking Rule SGDC_abstract_port11 (Rule 193 of total 267) .... done (Time = 0.00s, Memory = 0.0K)
Checking Rule SGDC_abstract_port12 (Rule 194 of total 267) .... done (Time = 0.00s, Memory = -2568.0K)
Checking Rule SGDC_abstract_port13 (Rule 195 of total 267) .... done (Time = 0.00s, Memory = 0.0K)
Checking Rule HangingNetPreReq-ML (Rule 196 of total 267) .... done (Time = 0.00s, Memory = 8.0K)
Checking Rule ReportUngroup (Rule 197 of total 267) .... done (Time = 0.00s, Memory = 0.0K)
Checking Rule LINT_portReten (Rule 198 of total 267) .... done (Time = 0.00s, Memory = 0.0K)
Checking Rule SGDC_abstract_port21 (Rule 199 of total 267) .... done (Time = 0.00s, Memory = 0.0K)
Checking Rule InferLatch (Rule 200 of total 267) .... done (Time = 0.00s, Memory = 32.0K)
Checking Rule UndrivenInTerm-ML (Rule 201 of total 267) .... done (Time = 0.06s, Memory = 0.0K)
Checking Rule SGDC_assume_path05 (Rule 202 of total 267) .... done (Time = 0.00s, Memory = 0.0K)
 Flattening core (.lib instances separately flattened) ....
 Flattening completed
Checking Rule SGDC_set_case_analysis_LC (Rule 203 of total 267) .... done (Time = 0.00s, Memory = 0.0K)
Checking Rule BufClock (Rule 204 of total 267) .... done (Time = 0.02s, Memory = 1560.0K)
Checking Rule CombLoop (Rule 205 of total 267) .... done (Time = 0.01s, Memory = 800.0K)
Checking Rule STARC05-2.5.1.2 (Rule 206 of total 267) .... done (Time = 0.00s, Memory = 0.0K)
Checking Rule STARC05-1.3.1.3 (Rule 207 of total 267) .... done (Time = 0.01s, Memory = 0.0K)
Checking Rule STARC05-1.4.3.4 (Rule 208 of total 267) .... done (Time = 0.00s, Memory = 0.0K)
Checking Rule FlopClockConstant (Rule 209 of total 267) .... done (Time = 0.01s, Memory = -2536.0K)
Checking Rule FlopSRConst (Rule 210 of total 267) .... done (Time = 0.00s, Memory = 0.0K)
Checking Rule FlopEConst (Rule 211 of total 267) .... done (Time = 0.00s, Memory = 0.0K)
Checking Rule checkPinConnectedToSupply (Rule 212 of total 267) .... done (Time = 0.01s, Memory = 0.0K)
Checking Rule W392 (Rule 213 of total 267) .... done (Time = 0.00s, Memory = 24.0K)
Checking Rule W415 (Rule 214 of total 267) .... done (Time = 0.01s, Memory = 2568.0K)
Checking Rule LatchFeedback (Rule 215 of total 267) .... done (Time = 0.01s, Memory = 0.0K)
Checking Rule STARC05-2.4.1.5 (Rule 216 of total 267) .... done (Time = 0.01s, Memory = 0.0K)
Checking Rule STARC05-1.2.1.2 (Rule 217 of total 267) .... done (Time = 0.00s, Memory = 16.0K)
Checking Rule AnalyzeBBox (Rule 218 of total 267) .... done (Time = 0.00s, Memory = 8.0K)
Checking Rule ReportCheckDataSummary (Rule 67 of total 267) .... done (Time = 0.00s, Memory = 0.0K)

Generating data for Console...

SpyGlass Rule Checking Complete.

Generating moresimple report from './spyglass-1/core/lint/lint_rtl/spyglass.vdb' to './spyglass-1/core/lint/lint_rtl/spyglass_reports/moresimple.rpt' ....

Generating runsummary report from './spyglass-1/core/lint/lint_rtl/spyglass.vdb' ....

Generating no_msg_reporting_rules report from './spyglass-1/core/lint/lint_rtl/spyglass.vdb' to './spyglass-1/core/lint/lint_rtl/spyglass_reports/no_msg_reporting_rules.rpt' ....

Generating W415_Report report from './spyglass-1/core/lint/lint_rtl/spyglass.vdb' to './spyglass-1/core/lint/lint_rtl/spyglass_reports/lint/W415_Report.rpt' ....

Policy specific data (reports) are present in the directory './spyglass-1/core/lint/lint_rtl/spyglass_reports'.

SpyGlass critical reports for the current run are present in directory './spyglass-1/consolidated_reports/core_lint_lint_rtl/'.

---------------------------------------------------------------------------------------------
Results Summary:
---------------------------------------------------------------------------------------------
   Goal Run           :      lint/lint_rtl
   Command-line read  :      0 error,      0 warning,      0 information message 
   Design Read        :      0 error,      0 warning,      3 information messages
      Found 1 top module:
         core   (file: core.v)

   Blackbox Resolution:      0 error,      0 warning,      1 information message 
   SGDC Checks        :      0 error,      0 warning,      0 information message 
   -------------------------------------------------------------------------------------
   Total              :      0 error,      0 warning,      4 information messages

  Total Number of Generated Messages     :         4 (0 error, 0 warning, 4 Infos)
  Number of Reported Messages            :         4 (0 error, 0 warning, 4 Infos)

---------------------------------------------------------------------------------------------


run_goal: info: updating spyglass.log with goal summary
---------------------------------------------------------------------------------------------------
Results Summary:
---------------------------------------------------------------------------------------------------
   Goal Run           :      lint/lint_rtl
   Top Module         :      core
---------------------------------------------------------------------------------------------------
   Reports Directory: 
   /home/raid7_2/user12/r2k41036/NTU_CVSD2024/HW3/01_RTL/spyglass-1/consolidated_reports/core_lint_lint_rtl/ 

   SpyGlass LogFile: 
    /home/raid7_2/user12/r2k41036/NTU_CVSD2024/HW3/01_RTL/spyglass-1/core/lint/lint_rtl/spyglass.log 

   Standard Reports: 
     moresimple.rpt          no_msg_reporting_rules.rpt       

   HTML report:
    /home/raid7_2/user12/r2k41036/NTU_CVSD2024/HW3/01_RTL/spyglass-1/html_reports/goals_summary.html
  

   Technology Reports:  
     <Not Available>
   
   
---------------------------------------------------------------------------------------------------
   Goal Violation Summary:
       Waived   Messages:                      0 Errors,      0 Warnings,      0 Infos
       Reported Messages:         0 Fatals,    0 Errors,      0 Warnings,      4 Infos
---------------------------------------------------------------------------------------------------
   
---------------------------------------------------------------------------------------------------
 
run_goal: info: spyglass.log successfully updated with goal summary
0 {Rule-checking completed with warnings}current_goal: warning: design query data not saved for last active goal `lint/lint_rtl'
                       (use `save_goal' command or enable `auto_save' option to save design query data for subsequent goals)
current_goal: info: loading goal `Design_Read' with top `core' (in progress)
current_goal: info: finished loading goal `Design_Read' (ok)

INFO:    SpyGlass will run goal(s) 'Design_Read'.


RULE-CHECKING IN MIXED MODE
Loading spyglass (SpyGlass_vT-2022.06) ... (picked from /home/raid7_4/raid1_1/linux/synopsys/spyglass/2022.06/SPYGLASS_HOME/policies/spyglass)

INFO [76]    Using './spyglass-1/core/WORK/64' as the Work Directory for 64bit precompiled dump.
Checking Rule ZeroSizeFile (Rule 1 of total 123) .... done (Time = 0.00s, Memory = -32.0K)
Checking Rule PrecompileLibCheck01 (Rule 2 of total 123) .... done (Time = 0.00s, Memory = 0.0K)
Checking Rule PrecompileLibCheck02 (Rule 3 of total 123) .... done (Time = 0.00s, Memory = 0.0K)
Checking Rule PrecompileLibCheck03 (Rule 4 of total 123) .... done (Time = 0.00s, Memory = 0.0K)
Checking Rule PrecompileLibCheck04 (Rule 5 of total 123) .... done (Time = 0.00s, Memory = 0.0K)
Checking Rule AbstractInterface (Rule 6 of total 123) .... done (Time = 0.00s, Memory = -32.0K)
Checking Rule ReportObsoleteRules (Rule 7 of total 123) .... done (Time = 0.00s, Memory = 0.0K)
Checking Rule ReportDeprecatedRules (Rule 8 of total 123) .... done (Time = 0.00s, Memory = 0.0K)
Checking Rule SGDC_assume_path01 (Rule 9 of total 123) .... done (Time = 0.00s, Memory = 0.0K)
Checking Rule SGDC_sdcschema02 (Rule 10 of total 123) .... done (Time = 0.00s, Memory = 32.0K)
Checking Rule SGDC_clock05 (Rule 11 of total 123) .... done (Time = 0.00s, Memory = 0.0K)
Checking Rule SGDC_clock09 (Rule 12 of total 123) .... done (Time = 0.00s, Memory = 0.0K)
Checking Rule SGDC_force_ta05 (Rule 13 of total 123) .... done (Time = 0.00s, Memory = 0.0K)
Checking Rule SGDC_require_path03 (Rule 14 of total 123) .... done (Time = 0.00s, Memory = 8.0K)
Checking Rule SGDC_require_value03 (Rule 15 of total 123) .... done (Time = 0.00s, Memory = 0.0K)
Checking Rule SGDC_voltagedomain05 (Rule 16 of total 123) .... done (Time = 0.00s, Memory = 0.0K)
Checking Rule SGDC_voltagedomain06 (Rule 17 of total 123) .... done (Time = 0.00s, Memory = 8.0K)
Checking Rule SGDC_voltagedomain07 (Rule 18 of total 123) .... done (Time = 0.00s, Memory = 8.0K)
Checking Rule SGDC_powerdomainoutputs02 (Rule 19 of total 123) .... done (Time = 0.00s, Memory = 0.0K)
Checking Rule SGDC_supply01 (Rule 20 of total 123) .... done (Time = 0.00s, Memory = 0.0K)
Checking Rule SGDC_waive01 (Rule 21 of total 123) .... done (Time = 0.00s, Memory = 0.0K)
Checking Rule SGDC_waive02 (Rule 22 of total 123) .... done (Time = 0.00s, Memory = 0.0K)
Checking Rule SGDC_waive03 (Rule 23 of total 123) .... done (Time = 0.00s, Memory = 0.0K)
Checking Rule SGDC_waive04 (Rule 24 of total 123) .... done (Time = 0.00s, Memory = 0.0K)
Checking Rule SGDC_waive05 (Rule 25 of total 123) .... done (Time = 0.00s, Memory = 0.0K)
Checking Rule SGDC_waive06 (Rule 26 of total 123) .... done (Time = 0.00s, Memory = 0.0K)
Checking Rule SGDC_waive07 (Rule 27 of total 123) .... done (Time = 0.00s, Memory = 0.0K)
Checking Rule SGDC_waive08 (Rule 28 of total 123) .... done (Time = 0.00s, Memory = 0.0K)
Checking Rule SGDC_waive09 (Rule 29 of total 123) .... done (Time = 0.00s, Memory = 8.0K)
Checking Rule SGDC_waive10 (Rule 30 of total 123) .... done (Time = 0.00s, Memory = 0.0K)
Checking Rule SGDC_waive11 (Rule 31 of total 123) .... done (Time = 0.00s, Memory = 0.0K)
Checking Rule SGDC_waive12 (Rule 32 of total 123) .... done (Time = 0.00s, Memory = 0.0K)
Checking Rule SGDC_waive13 (Rule 33 of total 123) .... done (Time = 0.00s, Memory = 0.0K)
Checking Rule SGDC_waive21 (Rule 34 of total 123) .... done (Time = 0.00s, Memory = 0.0K)
Checking Rule SGDC_waive22 (Rule 35 of total 123) .... done (Time = 0.00s, Memory = 0.0K)
Checking Rule SGDC_waive30 (Rule 36 of total 123) .... done (Time = 0.00s, Memory = 0.0K)
Checking Rule SGDC_waive32 (Rule 37 of total 123) .... done (Time = 0.00s, Memory = 0.0K)
Checking Rule SGDC_waive33 (Rule 38 of total 123) .... done (Time = 0.00s, Memory = -8.0K)
Checking Rule SGDC_waive36 (Rule 39 of total 123) .... done (Time = 0.00s, Memory = 0.0K)
Checking Rule SGDC_waive38 (Rule 40 of total 123) .... done (Time = 0.00s, Memory = -8.0K)
Checking Rule SGDC_fifo01 (Rule 41 of total 123) .... done (Time = 0.00s, Memory = 0.0K)
Checking Rule SGDC_libgroup01 (Rule 42 of total 123) .... done (Time = 0.00s, Memory = 0.0K)
Checking Rule SGDC_libgroup02 (Rule 43 of total 123) .... done (Time = 0.00s, Memory = 0.0K)
Checking Rule SGDC_libgroup04 (Rule 44 of total 123) .... done (Time = 0.00s, Memory = 0.0K)
Checking Rule SGDC_power_data01 (Rule 45 of total 123) .... done (Time = 0.00s, Memory = 0.0K)
Checking Rule SGDC_ungroup01 (Rule 46 of total 123) .... done (Time = 0.00s, Memory = 0.0K)
Checking Rule SGDC_abstract_port06 (Rule 47 of total 123) .... done (Time = 0.00s, Memory = 0.0K)
Checking Rule SGDC_abstract_port14 (Rule 48 of total 123) .... done (Time = 0.00s, Memory = 8.0K)
Checking Rule SGDC_abstract_port15 (Rule 49 of total 123) .... done (Time = 0.00s, Memory = 8.0K)
Checking Rule SGDC_abstract_port18 (Rule 50 of total 123) .... done (Time = 0.00s, Memory = 0.0K)
Checking Rule sdc_init_rule (Rule 51 of total 123) .... done (Time = 0.00s, Memory = 88.0K)
Checking Rule CMD_ignorelibs01 (Rule 52 of total 123) .... done (Time = 0.00s, Memory = 0.0K)
Checking Rule ReportRuleNotRun (Rule 53 of total 123) .... done (Time = 0.00s, Memory = 0.0K)
Checking Rule ReportStopSummary (Rule 54 of total 123) .... done (Time = 0.00s, Memory = 0.0K)
Checking Rule ReportIgnoreSummary (Rule 55 of total 123) .... done (Time = 0.00s, Memory = 40.0K)
 Analyzing source file "define.v" ....
 Analyzing source file "core.v" ....
 Analyzing source file "conv.v" ....
 Analyzing source file "median.v" ....
 Elaborating Top Verilog Design Unit 'core' ..... done
Checking Rule ElabSummary (Rule 56 of total 123) .... done (Time = 0.00s, Memory = 0.0K)
Checking Rule ReportCheckDataSummary (Rule 57 of total 123) .... done (Time = 0.00s, Memory = 0.0K)

INFO [38]    Design option 'ignoredu/ignorefile' specified.
             Please refer 'InfoAnalyzeBBox' or ReportIgnoreSummary' rule message for more details.

 Reading waiver file "./spyglass-1/core/Design_Read/spyglass_spysch/constraint/spg_autogenerated_waivers.sgdc" ...
 Generating SGDC file "./spyglass-1/core/Design_Read/spyglass_spysch/constraint/pragma2Constraint.sgdc" from pragmas in HDL source files ....
 Generating WAIVER file "./spyglass-1/core/Design_Read/spyglass_spysch/waiver/pragma2Waiver.swl" from pragmas in HDL source files ....
Checking Rule SGDC_waive37 (Rule 58 of total 123) .... done (Time = 0.00s, Memory = 0.0K)
Checking Rule DetectTopDesignUnits (Rule 59 of total 123)
 Detected 1 top level design units:
     core
 .... done (Time = 0.00s, Memory = 0.0K)
Performing semantic checks on SGDC contents
Checking Rule SGDC_testmode03 (Rule 60 of total 123) .... done (Time = 0.00s, Memory = 0.0K)
Checking Rule ReportObsoletePragmas (Rule 61 of total 123) .... done (Time = 0.00s, Memory = 0.0K)
Checking Rule GenerateConfMap (Rule 62 of total 123) .... done (Time = 0.00s, Memory = 0.0K)
Checking Rule HdlLibDuCheck (Rule 63 of total 123) .... done (Time = 0.00s, Memory = 0.0K)
Checking Rule RtlDesignInfo (Rule 64 of total 123) .... done (Time = 0.00s, Memory = 0.0K)
Checking Rule CheckCelldefine (Rule 65 of total 123) .... done (Time = 0.00s, Memory = 0.0K)
Checking Rule SGDC_waive23 (Rule 66 of total 123) .... done (Time = 0.00s, Memory = 0.0K)
Checking Rule SGDC_waive26 (Rule 67 of total 123) .... done (Time = 0.00s, Memory = 0.0K)
Checking Rule SGDC_waive27 (Rule 68 of total 123) .... done (Time = 0.00s, Memory = 0.0K)
Checking Rule SGDC_waive29 (Rule 69 of total 123) .... done (Time = 0.00s, Memory = 0.0K)
Checking Rule SGDC_waive24 (Rule 70 of total 123) .... done (Time = 0.00s, Memory = 0.0K)
Checking Rule SGDC_waive25 (Rule 71 of total 123) .... done (Time = 0.00s, Memory = 0.0K)
Checking Rule SGDC_waive31 (Rule 72 of total 123) .... done (Time = 0.00s, Memory = 0.0K)
Checking Rule SGDC_waive35 (Rule 73 of total 123) .... done (Time = 0.00s, Memory = 0.0K)
Checking Rule checkCMD_mthresh (Rule 74 of total 123) .... done (Time = 0.00s, Memory = 0.0K)
Checking Rule AnalyzeBBox (Rule 75 of total 123) .... done (Time = 0.00s, Memory = 0.0K)
Checking Rule ReportCheckDataSummary (Rule 57 of total 123) .... done (Time = 0.00s, Memory = 0.0K)

Generating data for Console...

SpyGlass Rule Checking Complete.

Generating moresimple report from './spyglass-1/core/Design_Read/spyglass.vdb' to './spyglass-1/core/Design_Read/spyglass_reports/moresimple.rpt' ....

Generating runsummary report from './spyglass-1/core/Design_Read/spyglass.vdb' ....

Generating no_msg_reporting_rules report from './spyglass-1/core/Design_Read/spyglass.vdb' to './spyglass-1/core/Design_Read/spyglass_reports/no_msg_reporting_rules.rpt' ....

Policy specific data (reports) are present in the directory './spyglass-1/core/Design_Read/spyglass_reports'.

SpyGlass critical reports for the current run are present in directory './spyglass-1/consolidated_reports/core_Design_Read/'.

---------------------------------------------------------------------------------------------
Results Summary:
---------------------------------------------------------------------------------------------
   Goal Run           :      Design_Read
   Command-line read  :      0 error,      0 warning,      0 information message 
   Design Read        :      0 error,      0 warning,      3 information messages
      Found 1 top module:
         core   (file: core.v)

   Blackbox Resolution:      0 error,      0 warning,      1 information message 
   SGDC Checks        :      0 error,      0 warning,      0 information message 
   -------------------------------------------------------------------------------------
   Total              :      0 error,      0 warning,      4 information messages

  Total Number of Generated Messages     :         4 (0 error, 0 warning, 4 Infos)
  Number of Reported Messages            :         4 (0 error, 0 warning, 4 Infos)

---------------------------------------------------------------------------------------------


run_goal: info: updating spyglass.log with goal summary
run_goal: info: spyglass.log successfully updated with goal summary
0 {Rule-checking completed without errors or warnings}