SpyGlass run started at 07:26:15 PM on Sep 23 2024 

SpyGlass Predictive Analyzer(R) - Version SpyGlass_vT-2022.06
Synopsys TestMAX(TM)
Last compiled on May 30 2022

All Rights Reserved. Use, disclosure or duplication
without prior written permission of Synopsys Inc. is prohibited.
Technical support: email spyglass_support@synopsys.com.


Running SpyGlass 64-bit Executable: /home/raid7_4/raid1_1/linux/synopsys/spyglass/2022.06/SPYGLASS_HOME/obj/check.Linux4

RULE-CHECKING IN MIXED MODE
Loading Policy: spyglass (Version: SpyGlass_vT-2022.06) from path: /home/raid7_4/raid1_1/linux/synopsys/spyglass/2022.06/SPYGLASS_HOME/policies/spyglass
Loading Shared library libspyglassrules-Linux4.spyso from /home/raid7_4/raid1_1/linux/synopsys/spyglass/2022.06/SPYGLASS_HOME/lib/libspyglassrules-Linux4.spyso 
Loading Shared library libsdcInitRules-Linux4.spyso from /home/raid7_4/raid1_1/linux/synopsys/spyglass/2022.06/SPYGLASS_HOME/lib/libsdcInitRules-Linux4.spyso 
Loading Shared library librmerules-Linux4.spyso from /home/raid7_4/raid1_1/linux/synopsys/spyglass/2022.06/SPYGLASS_HOME/lib/librmerules-Linux4.spyso 
Version of Policy 'openmore': SpyGlass_vT-2022.06
Loading Shared library libCoreRules-Linux4.spyso from /home/raid7_4/raid1_1/linux/synopsys/spyglass/2022.06/SPYGLASS_HOME/lib/libCoreRules-Linux4.spyso 
Loading Shared library libLexRules-Linux4.spyso from /home/raid7_4/raid1_1/linux/synopsys/spyglass/2022.06/SPYGLASS_HOME/lib/libLexRules-Linux4.spyso 
Loading Shared library libVeLint-Linux4.spyso from /home/raid7_4/raid1_1/linux/synopsys/spyglass/2022.06/SPYGLASS_HOME/lib/libVeLint-Linux4.spyso 
Loading Shared library libVhLint-Linux4.spyso from /home/raid7_4/raid1_1/linux/synopsys/spyglass/2022.06/SPYGLASS_HOME/lib/libVhLint-Linux4.spyso 
Version of Policy 'starc': SpyGlass_vT-2022.06
Loading Shared library libVeStarc-Linux4.spyso from /home/raid7_4/raid1_1/linux/synopsys/spyglass/2022.06/SPYGLASS_HOME/policies/starc/libVeStarc-Linux4.spyso 
Loading Shared library libVhStarc-Linux4.spyso from /home/raid7_4/raid1_1/linux/synopsys/spyglass/2022.06/SPYGLASS_HOME/policies/starc/libVhStarc-Linux4.spyso 
Version of Policy 'starc2005': SpyGlass_vT-2022.06
Loading Shared library libVeStarc2002-Linux4.spyso from /home/raid7_4/raid1_1/linux/synopsys/spyglass/2022.06/SPYGLASS_HOME/policies/starc2002/libVeStarc2002-Linux4.spyso 
Loading Shared library libVhStarc2002-Linux4.spyso from /home/raid7_4/raid1_1/linux/synopsys/spyglass/2022.06/SPYGLASS_HOME/policies/starc2002/libVhStarc2002-Linux4.spyso 
Loading Shared library libVmixedStarc2002-Linux4.spyso from /home/raid7_4/raid1_1/linux/synopsys/spyglass/2022.06/SPYGLASS_HOME/policies/starc2002/libVmixedStarc2002-Linux4.spyso 
Loading Shared library libVeStarc2005-Linux4.spyso from /home/raid7_4/raid1_1/linux/synopsys/spyglass/2022.06/SPYGLASS_HOME/policies/starc2005/libVeStarc2005-Linux4.spyso 
Loading Shared library libVmixedStarc2005-Linux4.spyso from /home/raid7_4/raid1_1/linux/synopsys/spyglass/2022.06/SPYGLASS_HOME/policies/starc2005/libVmixedStarc2005-Linux4.spyso 
Loading Shared library libVhStarc2005-Linux4.spyso from /home/raid7_4/raid1_1/linux/synopsys/spyglass/2022.06/SPYGLASS_HOME/policies/starc2005/libVhStarc2005-Linux4.spyso 
Version of Policy 'erc': SpyGlass_vT-2022.06
Loading Shared library liberc-Linux4.spyso from /home/raid7_4/raid1_1/linux/synopsys/spyglass/2022.06/SPYGLASS_HOME/policies/erc/liberc-Linux4.spyso 
Version of Policy 'simulation': SpyGlass_vT-2022.06
Loading Shared library libvcs-Linux4.spyso from /home/raid7_4/raid1_1/linux/synopsys/spyglass/2022.06/SPYGLASS_HOME/policies/simulation/libvcs-Linux4.spyso 
Version of Policy 'lint': SpyGlass_vT-2022.06
Version of Policy 'latch': SpyGlass_vT-2022.06
Loading Shared library liblatch-Linux4.spyso from /home/raid7_4/raid1_1/linux/synopsys/spyglass/2022.06/SPYGLASS_HOME/policies/latch/liblatch-Linux4.spyso 
Version of Policy 'morelint': SpyGlass_vT-2022.06
Loading Shared library libVeMoreLint-Linux4.spyso from /home/raid7_4/raid1_1/linux/synopsys/spyglass/2022.06/SPYGLASS_HOME/policies/morelint/libVeMoreLint-Linux4.spyso 
Loading Shared library libVhMoreLint-Linux4.spyso from /home/raid7_4/raid1_1/linux/synopsys/spyglass/2022.06/SPYGLASS_HOME/policies/morelint/libVhMoreLint-Linux4.spyso 
Version of Policy 'timing': SpyGlass_vT-2022.06
Loading Shared library libtiming-Linux4.spyso from /home/raid7_4/raid1_1/linux/synopsys/spyglass/2022.06/SPYGLASS_HOME/policies/timing/libtiming-Linux4.spyso 
Version of Policy 'starc2002': SpyGlass_vT-2022.06

------------------------------------------------------
      Table of Successfully Overloaded Rules
  RuleName            Language          PolicyName
   FieldName    Original Value/Overloaded Value
------------------------------------------------------
  STARC05-1.1.1.1     Verilog           starc2005
   SEVERITY:    NULL/Error

  STARC05-1.1.1.1     VHDL              starc2005
   SEVERITY:    NULL/Error

  STARC05-1.1.1.2     Verilog           starc2005
   SEVERITY:    NULL/Mandatory

  STARC05-1.1.1.2     VHDL              starc2005
   SEVERITY:    NULL/Mandatory

  STARC05-1.1.1.5     Verilog           starc2005
   SEVERITY:    NULL/Mandatory

  STARC05-1.1.1.5     VHDL              starc2005
   SEVERITY:    NULL/Mandatory

  STARC05-1.1.1.10    Verilog           starc2005
   SEVERITY:    NULL/Mandatory
   ORDER:       1/1

  STARC05-1.1.1.10    VHDL              starc2005
   SEVERITY:    NULL/Mandatory
   ORDER:       1/1

  STARC05-1.1.2.2     Verilog           starc2005
   SEVERITY:    NULL/Recommended3

  STARC05-1.1.2.2     VHDL              starc2005
   SEVERITY:    NULL/Recommended3

  STARC05-1.1.2.3     Verilog           starc2005
   SEVERITY:    NULL/Recommended3

  STARC05-1.1.2.3     VHDL              starc2005
   SEVERITY:    NULL/Recommended3

  STARC05-1.1.2.4     Verilog           starc2005
   SEVERITY:    NULL/Recommended3

  STARC05-1.1.2.4     VHDL              starc2005
   SEVERITY:    NULL/Recommended3

  STARC05-1.1.2.5     Verilog           starc2005
   SEVERITY:    NULL/Reference

  STARC05-1.1.2.5     VHDL              starc2005
   SEVERITY:    NULL/Reference

  STARC05-1.1.2.6a    Verilog           starc2005
   SEVERITY:    NULL/Recommended2

  STARC05-1.1.2.6a    VHDL              starc2005
   SEVERITY:    NULL/Recommended2

  STARC05-1.1.2.6b    Verilog           starc2005
   SEVERITY:    NULL/Recommended2

  STARC05-1.1.2.6b    VHDL              starc2005
   SEVERITY:    NULL/Recommended2

  STARC05-1.1.3.1     Verilog           starc2005
   SEVERITY:    NULL/Reference

  STARC05-1.1.3.1     VHDL              starc2005
   SEVERITY:    NULL/Reference

  STARC05-1.1.4.7     Verilog           starc2005
   SEVERITY:    NULL/Recommended3

  STARC05-1.1.4.7     VHDL              starc2005
   SEVERITY:    NULL/Recommended3

  STARC05-1.1.5.2a    Verilog           starc2005
   SEVERITY:    Recommended/Recommended3

  STARC05-1.1.5.2a    VHDL              starc2005
   SEVERITY:    Recommended/Recommended3

  STARC05-1.1.5.2c    Verilog           starc2005
   SEVERITY:    Recommended/Recommended3

  STARC05-1.1.5.2c    VHDL              starc2005
   SEVERITY:    Recommended/Recommended3

  STARC05-1.1.5.3     Verilog           starc2005
   SEVERITY:    Reference/Reference

  STARC05-1.1.5.3     VHDL              starc2005
   SEVERITY:    Reference/Reference

  STARC05-1.2.1.1a    Verilog+VHDL      starc2005
   SEVERITY:    NULL/Recommended1

  STARC05-1.2.1.1b    Verilog+VHDL      starc2005
   SEVERITY:    Recommended/Recommended1

  STARC05-1.2.1.2     Verilog+VHDL      starc2005
   SEVERITY:    NULL/Error

  STARC05-1.2.1.3     Verilog+VHDL      starc2005
   SEVERITY:    NULL/Mandatory

  STARC05-1.3.1.2     Verilog           starc2005
   SEVERITY:    NULL/Recommended3
   ORDER:       1/0

  STARC05-1.3.1.2     VHDL              starc2005
   SEVERITY:    NULL/Recommended3
   ORDER:       1/0

  STARC05-1.3.1.3     Verilog+VHDL      starc2005
   SEVERITY:    NULL/Error

  STARC05-1.3.1.5a    Verilog           starc2005
   SEVERITY:    NULL/Recommended3
   ORDER:       1/0

  STARC05-1.3.1.5a    VHDL              starc2005
   SEVERITY:    NULL/Recommended3
   ORDER:       1/1

  STARC05-1.3.1.5b    Verilog           starc2005
   SEVERITY:    NULL/Recommended3
   ORDER:       1/0

  STARC05-1.3.1.5b    VHDL              starc2005
   SEVERITY:    NULL/Recommended3
   ORDER:       1/1

  STARC05-1.3.1.6     Verilog+VHDL      starc2005
   SEVERITY:    NULL/Mandatory

  STARC05-1.3.2.1a    Verilog+VHDL      starc2005
   SEVERITY:    NULL/Recommended1

  STARC05-1.3.2.2     Verilog+VHDL      starc2005
   SEVERITY:    NULL/Recommended1

  STARC05-1.4.1.1     Verilog+VHDL      starc2005
   SEVERITY:    NULL/Recommended1

  STARC05-1.4.3.1c    Verilog+VHDL      starc2005
   SEVERITY:    NULL/Recommended2

  STARC05-1.4.3.2     Verilog+VHDL      starc2005
   SEVERITY:    NULL/Error

  STARC05-1.4.3.4     Verilog+VHDL      starc2005
   SEVERITY:    NULL/Error

  STARC05-1.4.3.6     Verilog           starc2005
   SEVERITY:    NULL/Recommended1

  STARC05-1.4.3.6     VHDL              starc2005
   SEVERITY:    NULL/Recommended1

  STARC05-1.5.1.1     Verilog+VHDL      starc2005
   SEVERITY:    Mandatory/Mandatory

  STARC05-1.5.1.2     Verilog+VHDL      starc2005
   SEVERITY:    Recommended/Recommended1

  STARC05-1.6.1.4     Verilog           starc2005
   SEVERITY:    NULL/Mandatory
   ORDER:       0/1

  STARC05-1.6.1.4     VHDL              starc2005
   SEVERITY:    NULL/Mandatory
   ORDER:       0/1

  Prereqs_STARC05-1.6.2.1  Verilog+VHDL      starc2005
   SEVERITY:    Data/Data

  STARC05-1.6.2.1     Verilog+VHDL      starc2005
   SEVERITY:    NULL/Recommended3
   ORDER:       1/0

  STARC05-1.6.2.2     Verilog+VHDL      starc2005
   SEVERITY:    NULL/Recommended1
   ORDER:       1/0

  STARC05-2.1.6.2     Verilog           starc2005
   SEVERITY:    NULL/Recommended3

  STARC05-2.1.6.2     VHDL              starc2005
   SEVERITY:    NULL/Recommended3

  STARC05-2.1.6.3     Verilog           starc2005
   SEVERITY:    NULL/Recommended3

  STARC05-2.1.6.3     VHDL              starc2005
   SEVERITY:    NULL/Recommended3

  STARC05-2.2.2.1     Verilog           starc2005
   SEVERITY:    NULL/Mandatory

  STARC05-2.2.2.1     VHDL              starc2005
   SEVERITY:    NULL/Mandatory

  STARC05-2.2.2.2a    Verilog           starc2005
   SEVERITY:    NULL/Recommended2

  STARC05-2.2.2.2a    VHDL              starc2005
   SEVERITY:    NULL/Recommended2

  STARC05-2.3.1.1     Verilog           starc2005
   SEVERITY:    Mandatory/Mandatory

  STARC05-2.3.1.1     VHDL              starc2005
   SEVERITY:    Mandatory/Mandatory

  STARC05-2.3.1.3     Verilog           starc2005
   SEVERITY:    Recommended/Recommended3
   ORDER:       1/0

  STARC05-2.3.1.3     VHDL              starc2005
   SEVERITY:    Recommended/Recommended3
   ORDER:       1/0

  STARC05-2.3.1.4     Verilog           starc2005
   SEVERITY:    Recommended1/Recommended1

  STARC05-2.3.1.4     VHDL              starc2005
   SEVERITY:    Recommended1/Recommended1

  STARC05-2.3.1.5a    Verilog           starc2005
   SEVERITY:    NULL/Mandatory

  STARC05-2.3.1.5a    VHDL              starc2005
   SEVERITY:    NULL/Mandatory

  STARC05-2.3.3.1     Verilog           starc2005
   SEVERITY:    NULL/Mandatory

  STARC05-2.3.3.1     VHDL              starc2005
   SEVERITY:    NULL/Mandatory

  STARC05-2.3.3.2a    Verilog           starc2005
   SEVERITY:    NULL/Mandatory

  STARC05-2.3.3.2a    VHDL              starc2005
   SEVERITY:    NULL/Mandatory

  STARC05-2.3.3.2b    Verilog           starc2005
   SEVERITY:    NULL/Reference

  STARC05-2.3.3.2b    VHDL              starc2005
   SEVERITY:    NULL/Reference

  STARC05-2.3.5.1     Verilog+VHDL      starc2005
   SEVERITY:    NULL/Recommended1

  STARC05-2.3.6.1     Verilog+VHDL      starc2005
   SEVERITY:    NULL/Recommended1

  STARC05-2.4.1.2     Verilog+VHDL      starc2005
   SEVERITY:    NULL/Recommended3

  STARC05-2.4.1.3     Verilog           starc2005
   SEVERITY:    NULL/Recommended1

  STARC05-2.4.1.3     VHDL              starc2005
   SEVERITY:    NULL/Recommended1

  STARC05-2.4.1.4     Verilog+VHDL      starc2005
   SEVERITY:    NULL/Mandatory

  STARC05-2.4.1.5     Verilog+VHDL      starc2005
   SEVERITY:    NULL/Error

  STARC05-2.5.1.2     Verilog+VHDL      starc2005
   SEVERITY:    NULL/Error
   ORDER:       1/0

  STARC05-2.5.1.4     Verilog+VHDL      starc2005
   SEVERITY:    NULL/Recommended2

  STARC05-2.5.1.6     Verilog+VHDL      starc2005
   SEVERITY:    Mandatory/Mandatory

  STARC05-2.5.1.7     Verilog           starc2005
   SEVERITY:    NULL/Error
   ORDER:       1/0

  STARC05-2.5.1.7     VHDL              starc2005
   SEVERITY:    NULL/Error
   ORDER:       1/0

  STARC05-2.5.1.8     Verilog           starc2005
   SEVERITY:    Recommended2/Recommended2
   ORDER:       1/0

  STARC05-2.5.1.8     VHDL              starc2005
   SEVERITY:    Recommended2/Recommended2
   ORDER:       1/0

  STARC05-2.5.2.1     Verilog+VHDL      starc2005
   SEVERITY:    Recommended/Recommended2

  STARC05-2.6.1.3     Verilog           starc2005
   SEVERITY:    NULL/Recommended3

  STARC05-2.6.1.3     VHDL              starc2005
   SEVERITY:    NULL/Recommended3

  STARC05-2.6.2.1     Verilog           starc2005
   SEVERITY:    Caution/Mandatory

  STARC05-2.6.2.1     VHDL              starc2005
   SEVERITY:    Caution/Mandatory

  STARC05-2.7.1.3a    Verilog           starc2005
   SEVERITY:    NULL/Recommended1

  STARC05-2.7.1.3a    VHDL              starc2005
   SEVERITY:    Mandatory/Recommended1

  STARC05-2.7.1.3b    Verilog           starc2005
   SEVERITY:    NULL/Recommended3
   ORDER:       1/0

  STARC05-2.7.1.3b    VHDL              starc2005
   SEVERITY:    Reference/Recommended3
   ORDER:       1/1

  STARC05-2.7.2.1     Verilog           starc2005
   SEVERITY:    NULL/Recommended1

  STARC05-2.7.2.1     VHDL              starc2005
   SEVERITY:    NULL/Recommended1

  STARC05-2.7.3.4     Verilog           starc2005
   SEVERITY:    NULL/Recommended3

  STARC05-2.7.3.4     VHDL              starc2005
   SEVERITY:    NULL/Recommended3

  STARC05-2.8.1.4     Verilog           starc2005
   SEVERITY:    NULL/Recommended1

  STARC05-2.8.1.4     VHDL              starc2005
   SEVERITY:    NULL/Mandatory

  STARC05-2.8.3.1     Verilog           starc2005
   SEVERITY:    NULL/Recommended3
   ORDER:       1/0

  STARC05-2.8.3.1     VHDL              starc2005
   SEVERITY:    NULL/Recommended3
   ORDER:       1/1

  STARC05-2.9.1.1     Verilog           starc2005
   SEVERITY:    NULL/Recommended2

  STARC05-2.9.1.1     VHDL              starc2005
   SEVERITY:    NULL/Recommended2

  STARC05-2.9.2.1     Verilog           starc2005
   SEVERITY:    NULL/Mandatory

  STARC05-2.9.2.1     VHDL              starc2005
   SEVERITY:    NULL/Mandatory

  STARC05-2.9.2.2     Verilog           starc2005
   SEVERITY:    Recommended/Recommended3
   ORDER:       0/0

  STARC05-2.9.2.2     VHDL              starc2005
   SEVERITY:    NULL/Recommended3
   ORDER:       1/0

  STARC05-2.9.2.4     Verilog           starc2005
   SEVERITY:    NULL/Mandatory

  STARC05-2.9.2.4     VHDL              starc2005
   SEVERITY:    Mandatory/Mandatory

  STARC05-2.10.6.6    Verilog           starc2005
   SEVERITY:    NULL/Recommended3
   ORDER:       1/0

  STARC05-2.10.6.6    VHDL              starc2005
   SEVERITY:    NULL/Recommended3
   ORDER:       1/1

  STARC05-2.10.7.1    Verilog           starc2005
   SEVERITY:    Recommended1/Recommended1

  STARC05-2.10.7.1    VHDL              starc2005
   SEVERITY:    Recommended1/Recommended1

  STARC05-2.11.2.1    Verilog           starc2005
   SEVERITY:    NULL/Recommended3
   ORDER:       1/0

  STARC05-2.11.2.1    VHDL              starc2005
   SEVERITY:    NULL/Recommended3
   ORDER:       1/0

  STARC05-2.11.3.1    Verilog           starc2005
   SEVERITY:    NULL/Error
   ORDER:       1/0

  STARC05-2.11.3.1    VHDL              starc2005
   SEVERITY:    Recommended/Error
   ORDER:       1/1

  STARC05-2.11.4.1    Verilog           starc2005
   SEVERITY:    NULL/Recommended3

  STARC05-2.11.4.1    VHDL              starc2005
   SEVERITY:    NULL/Recommended3

  STARC05-3.1.2.7     Verilog           starc2005
   SEVERITY:    NULL/Mandatory
   ORDER:       0/1

  STARC05-3.1.2.7     VHDL              starc2005
   SEVERITY:    NULL/Mandatory
   ORDER:       0/1

  STARC05-3.1.4.3     Verilog           starc2005
   SEVERITY:    Recommended/Recommended3

  STARC05-3.1.4.3     VHDL              starc2005
   SEVERITY:    Recommended/Recommended3

  STARC05-3.1.4.4     Verilog           starc2005
   SEVERITY:    Recommended/Recommended3

  STARC05-3.1.4.4     VHDL              starc2005
   SEVERITY:    Recommended/Recommended3

  STARC05-3.1.4.5     Verilog           starc2005
   SEVERITY:    NULL/Recommended3

  STARC05-3.1.4.5     VHDL              starc2005
   SEVERITY:    NULL/Recommended3

  STARC05-3.3.1.1     Verilog+VHDL      starc2005
   SEVERITY:    NULL/Mandatory

  STARC05-3.3.1.4a    Verilog+VHDL      starc2005
   SEVERITY:    Mandatory/Mandatory

  STARC05-3.3.2.2     Verilog+VHDL      starc2005
   SEVERITY:    Recommended3/Recommended3
   ORDER:       1/0

  STARC05-3.3.2.3     Verilog+VHDL      starc2005
   SEVERITY:    Mandatory/Mandatory

  STARC05-3.3.3.1     Verilog+VHDL      starc2005
   SEVERITY:    NULL/Mandatory

  STARC05-3.3.6.2     Verilog+VHDL      starc2005
   SEVERITY:    NULL/Mandatory

  STARC05-3.5.3.1     Verilog           starc2005
   SEVERITY:    NULL/Recommended1

  STARC05-3.5.3.1     VHDL              starc2005
   SEVERITY:    NULL/Recommended1

  STARC05-3.5.6.4     Verilog           starc2005
   SEVERITY:    Recommended/Recommended2

  STARC05-3.5.6.4     VHDL              starc2005
   SEVERITY:    Recommended/Recommended2

  STARC05-1.1.4.5     Verilog           starc2005
   SEVERITY:    NULL/Reference

  STARC05-1.4.4.2     Verilog           starc2005
   SEVERITY:    NULL/Reference

  STARC05-2.1.3.2     Verilog           starc2005
   SEVERITY:    NULL/Mandatory

  STARC05-2.1.3.5     Verilog           starc2005
   SEVERITY:    NULL/Mandatory

  STARC05-2.1.4.1     Verilog           starc2005
   SEVERITY:    NULL/Reference

  STARC05-2.1.4.5     Verilog           starc2005
   SEVERITY:    NULL/Error

  STARC05-2.1.4.6a    Verilog           starc2005
   SEVERITY:    NULL/Recommended3

  STARC05-2.1.4.6b    Verilog           starc2005
   SEVERITY:    NULL/Recommended3

  STARC05-2.1.5.3     Verilog           starc2005
   SEVERITY:    NULL/Error
   ORDER:       1/0

  STARC05-2.1.6.4     Verilog           starc2005
   SEVERITY:    NULL/Recommended2
   ORDER:       1/0

  STARC05-2.1.6.5     Verilog           starc2005
   SEVERITY:    Mandatory/Error

  STARC05-2.2.2.2b    Verilog           starc2005
   SEVERITY:    NULL/Recommended2

  STARC05-2.2.3.1     Verilog           starc2005
   SEVERITY:    NULL/Error

  STARC05-2.2.3.2     Verilog           starc2005
   SEVERITY:    NULL/Mandatory

  STARC05-2.2.3.3     Verilog           starc2005
   SEVERITY:    NULL/Error

  STARC05-2.3.1.5b    Verilog           starc2005
   SEVERITY:    NULL/Error

  STARC05-2.3.1.6     Verilog           starc2005
   SEVERITY:    NULL/Error

  STARC05-2.3.2.1     Verilog           starc2005
   SEVERITY:    Caution/Reference

  STARC05-2.3.4.2     Verilog           starc2005
   SEVERITY:    Caution/Mandatory

  STARC05-2.5.1.9     Verilog           starc2005
   SEVERITY:    NULL/Error
   ORDER:       1/0

  STARC05-2.7.4.3     Verilog           starc2005
   SEVERITY:    Prohibited/Mandatory

  STARC05-2.8.1.5     Verilog           starc2005
   SEVERITY:    Prohibited/Error

  STARC05-2.8.1.6     Verilog           starc2005
   SEVERITY:    NULL/Recommended2
   ORDER:       1/0

  STARC05-2.8.3.5     Verilog           starc2005
   SEVERITY:    Mandatory/Mandatory

  STARC05-2.8.3.7     Verilog           starc2005
   SEVERITY:    NULL/Recommended1

  STARC05-2.8.4.1a    Verilog           starc2005
   SEVERITY:    NULL/Reference
   ORDER:       1/0

  STARC05-2.8.4.1b    Verilog           starc2005
   SEVERITY:    Caution/Reference
   ORDER:       1/0

  STARC05-2.8.4.3     Verilog           starc2005
   SEVERITY:    NULL/Recommended3
   ORDER:       1/0

  STARC05-2.8.4.4     Verilog           starc2005
   SEVERITY:    NULL/Recommended1

  STARC05-2.8.5.1     Verilog           starc2005
   SEVERITY:    Prohibited/Error

  STARC05-2.8.5.2     Verilog           starc2005
   SEVERITY:    Prohibited/Recommended1

  STARC05-2.8.5.3     Verilog           starc2005
   SEVERITY:    Prohibited/Mandatory

  STARC05-2.8.5.4     Verilog           starc2005
   SEVERITY:    Recommended/Recommended2

  STARC05-2.9.1.2a    Verilog           starc2005
   SEVERITY:    Mandatory/Error

  STARC05-2.9.1.2b    Verilog           starc2005
   SEVERITY:    Mandatory/Error

  STARC05-2.9.1.2c    Verilog           starc2005
   SEVERITY:    Mandatory/Mandatory

  STARC05-2.9.1.2d    Verilog           starc2005
   SEVERITY:    Mandatory/Mandatory

  STARC05-2.10.1.7    Verilog           starc2005
   SEVERITY:    Recommended1/Recommended1

  STARC05-2.10.2.3    Verilog           starc2005
   SEVERITY:    NULL/Error

  STARC05-2.10.3.2a   Verilog           starc2005
   SEVERITY:    NULL/Error

  STARC05-2.10.3.2b   Verilog           starc2005
   SEVERITY:    NULL/Recommended1

  STARC05-2.10.3.2c   Verilog           starc2005
   SEVERITY:    NULL/Recommended1

  STARC05-2.10.3.5    Verilog           starc2005
   SEVERITY:    NULL/Recommended2
   ORDER:       1/0

  STARC05-2.10.3.6    Verilog           starc2005
   SEVERITY:    NULL/Mandatory
   ORDER:       0/1

  STARC05-2.10.5.5    Verilog           starc2005
   SEVERITY:    Recommended2/Recommended2
   ORDER:       1/0

  STARC05-2.10.6.1    Verilog           starc2005
   SEVERITY:    NULL/Recommended3
   ORDER:       1/0

  STARC05-2.11.4.2    Verilog           starc2005
   SEVERITY:    Recommended/Recommended3

  STARC05-3.1.3.1     Verilog           starc2005
   SEVERITY:    NULL/Recommended3

  STARC05-3.1.3.4a    Verilog           starc2005
   SEVERITY:    Recommended/Recommended3

  STARC05-3.1.3.4b    Verilog           starc2005
   SEVERITY:    Recommended/Recommended3

  STARC05-3.2.2.3     Verilog           starc2005
   SEVERITY:    Recommended/Recommended3

  STARC05-3.2.2.5     Verilog           starc2005
   SEVERITY:    NULL/Recommended2

  STARC05-3.2.2.7     Verilog           starc2005
   SEVERITY:    NULL/Recommended3

  STARC05-3.2.3.2     Verilog           starc2005
   SEVERITY:    NULL/Mandatory

  STARC05-3.2.4.3     Verilog           starc2005
   SEVERITY:    NULL/Recommended1

  STARC05-3.5.6.7     Verilog           starc2005
   SEVERITY:    Recommended3/Recommended3

  STARC05-2.10.3.7    Verilog           starc2005
   SEVERITY:    NULL/Recommended2

  STARC05-1.1.1.3vb   VHDL              starc2005
   SEVERITY:    NULL/Mandatory

  STARC05-1.1.4.1vb   VHDL              starc2005
   SEVERITY:    NULL/Recommended2

  STARC05-1.1.6.4     VHDL              starc2005
   SEVERITY:    NULL/Recommended1

  STARC05-2.1.1.3     VHDL              starc2005
   SEVERITY:    NULL/Recommended2

  STARC05-2.1.2.6     VHDL              starc2005
   SEVERITY:    Mandatory/Mandatory

  STARC05-2.1.3.3     VHDL              starc2005
   SEVERITY:    NULL/Mandatory

  STARC05-2.1.7.1     VHDL              starc2005
   SEVERITY:    Mandatory/Mandatory
   ORDER:       0/1

  STARC05-2.1.7.3     VHDL              starc2005
   SEVERITY:    Recommended/Reference

  STARC05-2.1.8.1     VHDL              starc2005
   SEVERITY:    NULL/Reference

  STARC05-2.1.8.2     VHDL              starc2005
   SEVERITY:    NULL/Reference
   ORDER:       1/0

  STARC05-2.1.8.4     VHDL              starc2005
   SEVERITY:    NULL/Mandatory

  STARC05-2.1.8.5a    VHDL              starc2005
   SEVERITY:    NULL/Mandatory

  STARC05-2.1.8.5b    VHDL              starc2005
   SEVERITY:    NULL/Mandatory

  STARC05-2.1.8.6     VHDL              starc2005
   SEVERITY:    NULL/Mandatory

  STARC05-2.1.8.9     VHDL              starc2005
   SEVERITY:    NULL/Recommended1

  STARC05-2.1.8.10    VHDL              starc2005
   SEVERITY:    NULL/Recommended2

  STARC05-2.1.9.4     VHDL              starc2005
   SEVERITY:    NULL/Mandatory

  STARC05-2.1.9.5     VHDL              starc2005
   SEVERITY:    NULL/Mandatory
   ORDER:       0/1

  STARC05-2.1.10.1    VHDL              starc2005
   SEVERITY:    NULL/Recommended1

  STARC05-2.1.10.2    VHDL              starc2005
   SEVERITY:    NULL/Recommended1

  STARC05-2.1.10.3    VHDL              starc2005
   SEVERITY:    NULL/Recommended1

  STARC05-2.1.10.4    VHDL              starc2005
   SEVERITY:    Prohibited/Recommended1

  STARC05-2.1.10.5    VHDL              starc2005
   SEVERITY:    NULL/Recommended1

  STARC05-2.1.10.6    VHDL              starc2005
   SEVERITY:    Prohibited/Recommended1

  STARC05-2.1.10.8    VHDL              starc2005
   SEVERITY:    NULL/Recommended2
   ORDER:       1/0

  STARC05-2.1.10.9    VHDL              starc2005
   SEVERITY:    NULL/Mandatory

  STARC05-2.1.10.10   VHDL              starc2005
   SEVERITY:    NULL/Recommended1

  STARC05-2.1.10.11   VHDL              starc2005
   SEVERITY:    NULL/Recommended1

  STARC05-2.1.10.12   VHDL              starc2005
   SEVERITY:    NULL/Mandatory

  STARC05-2.1.10.13   VHDL              starc2005
   SEVERITY:    Mandatory/Mandatory

  STARC05-2.3.1.8     VHDL              starc2005
   SEVERITY:    Prohibited/Mandatory

  STARC05-2.3.1.9     VHDL              starc2005
   SEVERITY:    NULL/Reference

  STARC05-2.3.2.4     VHDL              starc2005
   SEVERITY:    NULL/Mandatory

  STARC05-2.9.3.1     VHDL              starc2005
   SEVERITY:    NULL/Mandatory

  STARC05-2.10.1.2    VHDL              starc2005
   SEVERITY:    NULL/Recommended2

  STARC05-2.10.1.3    VHDL              starc2005
   SEVERITY:    Recommended1/Recommended1

  STARC05-2.10.4.3    VHDL              starc2005
   SEVERITY:    Recommended/Recommended1

  STARC05-2.10.4.7    VHDL              starc2005
   SEVERITY:    Recommended2/Recommended2

  STARC05-2.10.4.8    VHDL              starc2005
   SEVERITY:    NULL/Recommended1

  STARC05-2.10.7.2    VHDL              starc2005
   SEVERITY:    NULL/Recommended2

  STARC05-2.11.5.2    VHDL              starc2005
   SEVERITY:    NULL/Recommended2

  STARC05-3.1.3.5     VHDL              starc2005
   SEVERITY:    NULL/Recommended3
   ORDER:       1/0

  STARC05-3.1.6.1     VHDL              starc2005
   SEVERITY:    Recommended/Reference

  STARC05-3.1.6.2     VHDL              starc2005
   SEVERITY:    Caution/Reference

  STARC05-3.2.3.3     VHDL              starc2005
   SEVERITY:    NULL/Mandatory

  STARC05-3.2.4.1     VHDL              starc2005
   SEVERITY:    NULL/Mandatory

  STARC05-3.5.6.3a    VHDL              starc2005
   SEVERITY:    Recommended/Recommended2

  STARC05-3.5.6.3b    VHDL              starc2005
   SEVERITY:    Recommended/Recommended2

  AutomaticFuncTask-ML  Verilog           morelint
   SEVERITY:    NULL/Error

  badimplicitSM1      Verilog           lint
   SEVERITY:    Error/Error

  badimplicitSM2      Verilog           lint
   SEVERITY:    Error/Error

  badimplicitSM4      Verilog           lint
   SEVERITY:    Error/Error

  BlockHeader         VHDL              lint
   SEVERITY:    Warning/Error

  bothedges           Verilog           lint
   SEVERITY:    NULL/Error

  BufClock            Verilog+VHDL      openmore
   SEVERITY:    NULL/Error

  CheckDelayTimescale-ML  Verilog           morelint
   SEVERITY:    Warning/Warning

  checkPinConnectedToSupply  Verilog+VHDL      erc
   SEVERITY:    NULL/Error

  CombLoop            Verilog+VHDL      openmore
   SEVERITY:    NULL/Error

  DisallowCaseX-ML    Verilog           morelint
   SEVERITY:    NULL/Error

  DuplicateCaseLabel-ML  Verilog           morelint
   SEVERITY:    NULL/Error

  FlopClockConstant   Verilog+VHDL      erc
   SEVERITY:    NULL/Error

  FlopSRConst         Verilog+VHDL      erc
   SEVERITY:    NULL/Error

  HdlLibDuCheck_03    Verilog+VHDL      SpyGlass
   SEVERITY:    NULL/Error

  ImproperRangeIndex-ML  Verilog           morelint
   SEVERITY:    NULL/Error

  InferLatch          Verilog+VHDL      openmore
   SEVERITY:    NULL/Error

  infiniteloop        Verilog           lint
   SEVERITY:    Error/Error

  InstPortConnType-ML  Verilog           morelint
   SEVERITY:    NULL/Error

  LatchFeedback       Verilog+VHDL      latch
   SEVERITY:    NULL/Error

  mixedsenselist      Verilog           lint
   SEVERITY:    Error/Error

  mixedsenselist      VHDL              lint
   SEVERITY:    Warning/Error

  NoAssignX-ML        Verilog           morelint
   SEVERITY:    NULL/Error

  NoFeedThrus-ML      Verilog+VHDL      morelint
   SEVERITY:    NULL/Warning

  NoGenLabel-ML       Verilog           morelint
   SEVERITY:    NULL/Error

  NoXInCase-ML        VHDL              morelint
   SEVERITY:    NULL/Error

  ParamWidthMismatch-ML  Verilog           morelint
   SEVERITY:    NULL/Error

  PragmaComments-ML   Verilog           morelint
   SEVERITY:    NULL/Warning

  PragmaComments-ML   VHDL              morelint
   SEVERITY:    NULL/Warning

  ReserveName         Verilog           openmore
   SEVERITY:    NULL/Error

  ReserveName         VHDL              openmore
   SEVERITY:    NULL/Error

  ReserveNameSystemVerilog-ML  Verilog           morelint
   SEVERITY:    NULL/Error

  ReserveNameSystemVerilog-ML  VHDL              morelint
   SEVERITY:    NULL/Error

  SameControlNDataNet-ML  Verilog+VHDL      morelint
   SEVERITY:    NULL/Error

  SetBeforeRead-ML    Verilog           morelint
   SEVERITY:    NULL/Error

  SetBeforeRead-ML    VHDL              morelint
   SEVERITY:    NULL/Error

  SigAssignZ-ML       Verilog           morelint
   SEVERITY:    NULL/Error

  SigAssignZ-ML       VHDL              morelint
   SEVERITY:    NULL/Error

  sim_race02          Verilog           simulation
   SEVERITY:    NULL/Error

  sim_race07          Verilog           simulation
   SEVERITY:    NULL/Error

  STARC05-2.1.3.1     Verilog           starc2005
   SEVERITY:    NULL/Error

  STARC05-2.10.1.4a   Verilog           starc2005
   SEVERITY:    NULL/Error

  STARC05-2.10.1.4b   Verilog           starc2005
   SEVERITY:    Mandatory/Error

  STARC05-2.3.1.2c    Verilog           starc2005
   SEVERITY:    Mandatory/Error

  STARC05-2.3.4.1     Verilog           starc2005
   SEVERITY:    NULL/Error

  STARC05-2.3.4.1v    VHDL              starc2005
   SEVERITY:    NULL/Error

  STARC05-2.8.1.3     Verilog           starc2005
   SEVERITY:    NULL/Error

  STARC05-2.8.1.3     VHDL              starc2005
   SEVERITY:    NULL/Error

  STARC05-2.1.1.2     Verilog           starc2005
   SEVERITY:    NULL/Error

  STARC-2.3.4.3       Verilog+VHDL      starc
   SEVERITY:    NULL/Error

  TristatePort-ML     Verilog+VHDL      morelint
   SEVERITY:    NULL/Error

  TristateSig-ML      Verilog+VHDL      morelint
   SEVERITY:    NULL/Error

  UndrivenInTerm-ML   Verilog+VHDL      morelint
   SEVERITY:    NULL/Error

  UndrivenNet-ML      Verilog+VHDL      morelint
   SEVERITY:    NULL/Error

  UndrivenOutPort-ML  Verilog+VHDL      morelint
   SEVERITY:    NULL/Warning

  UnrecSynthDir-ML    Verilog           morelint
   SEVERITY:    NULL/Error

  UnrecSynthDir-ML    VHDL              morelint
   SEVERITY:    NULL/Error

  W110                Verilog           lint
   SEVERITY:    NULL/Error

  W110a               VHDL              lint
   SEVERITY:    NULL/Error

  W116                Verilog           lint
   SEVERITY:    NULL/Error

  W116                VHDL              lint
   SEVERITY:    NULL/Error

  W122                Verilog           lint
   SEVERITY:    NULL/Error

  W122                VHDL              lint
   SEVERITY:    NULL/Error

  W123                Verilog           lint
   SEVERITY:    NULL/Error

  W123                VHDL              lint
   SEVERITY:    NULL/Error

  W127                Verilog           lint
   SEVERITY:    NULL/Error

  W156                Verilog           lint
   SEVERITY:    NULL/Error

  W156                VHDL              lint
   SEVERITY:    NULL/Error

  W163                Verilog           lint
   SEVERITY:    NULL/Error

  W164a               Verilog           lint
   SEVERITY:    NULL/Warning

  W164a               VHDL              lint
   SEVERITY:    NULL/Warning

  W164b               Verilog           lint
   SEVERITY:    NULL/Error

  W164b               VHDL              lint
   SEVERITY:    NULL/Error

  W167                Verilog           lint
   SEVERITY:    NULL/Error

  W167                VHDL              lint
   SEVERITY:    Warning/Error

  W188                Verilog           lint
   SEVERITY:    NULL/Error

  W19                 Verilog           lint
   SEVERITY:    NULL/Error

  W193                Verilog           lint
   SEVERITY:    NULL/Error

  W210                Verilog           lint
   SEVERITY:    NULL/Error

  W210                VHDL              lint
   SEVERITY:    NULL/Error

  W215                Verilog           lint
   SEVERITY:    NULL/Error

  W216                Verilog           lint
   SEVERITY:    NULL/Error

  W218                Verilog           lint
   SEVERITY:    NULL/Error

  W238                Verilog           lint
   SEVERITY:    Warning/Error

  W239                Verilog           lint
   SEVERITY:    Warning/Error

  W240                Verilog           lint
   SEVERITY:    NULL/Warning

  W240                VHDL              lint
   SEVERITY:    NULL/Warning

  W241                Verilog           lint
   SEVERITY:    NULL/Warning

  W241                VHDL              lint
   SEVERITY:    NULL/Warning

  W245                Verilog           lint
   SEVERITY:    NULL/Error

  W263                Verilog           lint
   SEVERITY:    NULL/Error

  W287a               Verilog           lint
   SEVERITY:    NULL/Error

  W287a               VHDL              lint
   SEVERITY:    NULL/Error

  W287c               Verilog           lint
   SEVERITY:    NULL/Error

  W287c               VHDL              lint
   SEVERITY:    NULL/Error

  W289                Verilog           lint
   SEVERITY:    NULL/Error

  W292                VHDL              lint
   SEVERITY:    Warning/Error

  W293                Verilog           lint
   SEVERITY:    Warning/Error

  W293                VHDL              lint
   SEVERITY:    NULL/Error

  W314                Verilog           lint
   SEVERITY:    NULL/Error

  W316                Verilog           lint
   SEVERITY:    NULL/Error

  W317                Verilog           lint
   SEVERITY:    Warning/Error

  W336                Verilog           lint
   SEVERITY:    NULL/Error

  W337                Verilog           lint
   SEVERITY:    Warning/Error

  W342                Verilog           lint
   SEVERITY:    NULL/Error

  W343                Verilog           lint
   SEVERITY:    NULL/Error

  W352                Verilog           lint
   SEVERITY:    Warning/Error

  W362                Verilog           lint
   SEVERITY:    NULL/Error

  W391                Verilog+VHDL      lint
   SEVERITY:    NULL/Error

  W392                Verilog+VHDL      lint
   SEVERITY:    NULL/Error

  W398                Verilog           lint
   SEVERITY:    NULL/Error

  W398                VHDL              lint
   SEVERITY:    NULL/Error

  W401                Verilog+VHDL      lint
   SEVERITY:    NULL/Error

  W402b               Verilog           lint
   SEVERITY:    NULL/Warning

  W414                Verilog           lint
   SEVERITY:    Warning/Error

  W415                Verilog+VHDL      lint
   SEVERITY:    NULL/Error

  W416                Verilog           lint
   SEVERITY:    NULL/Error

  W416                VHDL              lint
   SEVERITY:    NULL/Error

  W421                Verilog           lint
   SEVERITY:    Warning/Error

  W421                VHDL              lint
   SEVERITY:    Warning/Error

  W422                Verilog           lint
   SEVERITY:    Warning/Error

  W422                VHDL              lint
   SEVERITY:    NULL/Error

  W423                Verilog           lint
   SEVERITY:    NULL/Error

  W424                Verilog           lint
   SEVERITY:    NULL/Error

  W424                VHDL              lint
   SEVERITY:    NULL/Error

  W426                Verilog           lint
   SEVERITY:    NULL/Error

  W438                Verilog           lint
   SEVERITY:    NULL/Error

  W442a               Verilog           lint
   SEVERITY:    Error/Error

  W442b               Verilog           lint
   SEVERITY:    NULL/Error

  W442c               Verilog           lint
   SEVERITY:    Error/Error

  W442f               Verilog           lint
   SEVERITY:    Error/Error

  W443                Verilog           lint
   SEVERITY:    NULL/Error

  W443                VHDL              lint
   SEVERITY:    NULL/Error

  W444                Verilog           lint
   SEVERITY:    NULL/Error

  W444                VHDL              lint
   SEVERITY:    Warning/Error

  W450L               Verilog           latch
   SEVERITY:    NULL/Error

  W464                Verilog           lint
   SEVERITY:    NULL/Error

  W464                VHDL              lint
   SEVERITY:    NULL/Error

  W467                Verilog           lint
   SEVERITY:    NULL/Error

  W467                VHDL              lint
   SEVERITY:    Warning/Error

  W479                Verilog           lint
   SEVERITY:    NULL/Error

  W480                Verilog           lint
   SEVERITY:    NULL/Error

  W481a               Verilog           lint
   SEVERITY:    NULL/Error

  W481b               Verilog           lint
   SEVERITY:    NULL/Error

  W486                Verilog           lint
   SEVERITY:    NULL/Warning

  W494                Verilog           lint
   SEVERITY:    NULL/Error

  W494                VHDL              lint
   SEVERITY:    NULL/Error

  W496a               Verilog           lint
   SEVERITY:    NULL/Error

  W496b               Verilog           lint
   SEVERITY:    NULL/Error

  W499                Verilog           lint
   SEVERITY:    NULL/Error

  W502                Verilog           lint
   SEVERITY:    NULL/Error

  W505                Verilog           lint
   SEVERITY:    NULL/Error

  W505                VHDL              lint
   SEVERITY:    NULL/Error

  W527                Verilog           lint
   SEVERITY:    NULL/Error

  W552                Verilog           lint
   SEVERITY:    NULL/Warning

  W561                Verilog           lint
   SEVERITY:    NULL/Error

  W575                Verilog           lint
   SEVERITY:    NULL/Error

  W576                Verilog           lint
   SEVERITY:    NULL/Error

  W66                 Verilog           lint
   SEVERITY:    NULL/Error

  W71                 Verilog           lint
   SEVERITY:    NULL/Error

  W71                 VHDL              lint
   SEVERITY:    NULL/Error

  W553                Verilog           lint
   SEVERITY:    NULL/Warning

  STARC02-1.1.5.1     VHDL              ---
   SEVERITY:    Recommended/Recommended3

  STARC02-1.1.5.1     Verilog           ---
   SEVERITY:    Recommended/Recommended3

  STARC02-1.1.5.3     Verilog           ---
   SEVERITY:    Reference/Reference

  STARC02-1.1.5.3     VHDL              ---
   SEVERITY:    Reference/Reference

  STARC02-1.1.5.4     Verilog           ---
   SEVERITY:    Reference/Reference

  STARC02-1.1.5.4     VHDL              ---
   SEVERITY:    Reference/Reference

  Prereqs_STARC02-1.6.2.1  Verilog+VHDL      ---
   SEVERITY:    Data/Data

  STARC02-1.6.2.1     Verilog+VHDL      ---
   SEVERITY:    NULL/Recommended3

  STARC02-2.2.1.2     Verilog+VHDL      ---
   SEVERITY:    Recommended/Reference

  STARC02-2.4.1.2     Verilog+VHDL      ---
   SEVERITY:    NULL/Recommended3

  STARC02-2.5.1.1     Verilog+VHDL      ---
   SEVERITY:    NULL/Recommended3

  STARC02-1.2.1.1a    Verilog+VHDL      ---
   SEVERITY:    NULL/Recommended1

  STARC02-1.2.1.1b    Verilog+VHDL      ---
   SEVERITY:    Recommended/Recommended1

  STARC02-1.2.1.3     Verilog+VHDL      ---
   SEVERITY:    NULL/Mandatory

  STARC02-1.3.1.3     Verilog+VHDL      ---
   SEVERITY:    NULL/Recommended1

  STARC02-1.3.1.6     Verilog+VHDL      ---
   SEVERITY:    NULL/Mandatory

  STARC02-1.3.2.1a    Verilog+VHDL      ---
   SEVERITY:    NULL/Recommended1

  STARC02-1.3.2.1b    Verilog+VHDL      ---
   SEVERITY:    Mandatory/Recommended1

  STARC02-1.3.2.2     Verilog+VHDL      ---
   SEVERITY:    NULL/Recommended1

  STARC02-1.4.1.1     Verilog+VHDL      ---
   SEVERITY:    NULL/Recommended1

  STARC02-1.4.3.1a    Verilog+VHDL      ---
   SEVERITY:    Recommended/Recommended2

  STARC02-1.4.3.1b    Verilog+VHDL      ---
   SEVERITY:    NULL/Recommended2

  STARC02-1.4.3.2     Verilog+VHDL      ---
   SEVERITY:    NULL/Recommended1

  STARC02-1.4.3.4     Verilog+VHDL      ---
   SEVERITY:    NULL/Recommended1

  STARC02-1.5.1.1     Verilog+VHDL      ---
   SEVERITY:    Mandatory/Mandatory

  STARC02-1.5.1.2     Verilog+VHDL      ---
   SEVERITY:    Recommended/Recommended1

  STARC02-1.5.1.5     Verilog+VHDL      ---
   SEVERITY:    Recommended/Reference

  STARC02-1.6.1.1     Verilog+VHDL      ---
   SEVERITY:    Recommended/Recommended2

  STARC02-1.6.1.2     Verilog+VHDL      ---
   SEVERITY:    Mandatory/Recommended1

  STARC02-1.6.2.2     Verilog+VHDL      ---
   SEVERITY:    NULL/Recommended1

  STARC02-1.6.2.2a    Verilog+VHDL      ---
   SEVERITY:    Mandatory/Recommended1

  STARC02-1.6.3.1     Verilog+VHDL      ---
   SEVERITY:    Reference/Reference

  STARC02-1.6.3.2     Verilog+VHDL      ---
   SEVERITY:    Recommended/Recommended3

  STARC02-2.3.5.1     Verilog+VHDL      ---
   SEVERITY:    NULL/Recommended1

  STARC02-2.3.6.1     Verilog+VHDL      ---
   SEVERITY:    NULL/Recommended1

  STARC02-2.5.1.4     Verilog+VHDL      ---
   SEVERITY:    NULL/Recommended2

  STARC02-2.5.2.1     Verilog+VHDL      ---
   SEVERITY:    Recommended/Recommended2

  STARC02-3.1.4.5     Verilog           ---
   SEVERITY:    NULL/Recommended3

  STARC02-3.1.4.5     VHDL              ---
   SEVERITY:    NULL/Recommended3

  STARC02-3.3.1.1     Verilog+VHDL      ---
   SEVERITY:    NULL/Mandatory

  STARC02-3.3.1.4a    Verilog+VHDL      ---
   SEVERITY:    Mandatory/Mandatory

  STARC02-1.1.1.2     Verilog           ---
   SEVERITY:    NULL/Mandatory

  STARC02-1.1.1.2     VHDL              ---
   SEVERITY:    NULL/Mandatory

  STARC02-1.1.1.3a    Verilog           ---
   SEVERITY:    NULL/Mandatory

  STARC02-1.1.1.3a    VHDL              ---
   SEVERITY:    NULL/Mandatory

  STARC02-1.1.1.8     Verilog           ---
   SEVERITY:    NULL/Recommended3

  STARC02-1.1.1.8     VHDL              ---
   SEVERITY:    NULL/Recommended3

  STARC02-1.1.1.10    Verilog           ---
   SEVERITY:    NULL/Mandatory

  STARC02-1.1.1.10    VHDL              ---
   SEVERITY:    NULL/Mandatory

  STARC02-1.1.2.2     Verilog           ---
   SEVERITY:    NULL/Recommended3

  STARC02-1.1.2.2     VHDL              ---
   SEVERITY:    NULL/Recommended3

  STARC02-1.1.2.3     Verilog           ---
   SEVERITY:    NULL/Recommended3

  STARC02-1.1.2.3     VHDL              ---
   SEVERITY:    NULL/Recommended3

  STARC02-1.1.2.4     Verilog           ---
   SEVERITY:    NULL/Recommended3

  STARC02-1.1.2.4     VHDL              ---
   SEVERITY:    NULL/Recommended3

  STARC02-1.1.2.6a    Verilog           ---
   SEVERITY:    NULL/Recommended2

  STARC02-1.1.2.6a    VHDL              ---
   SEVERITY:    NULL/Recommended2

  STARC02-1.1.2.6b    Verilog           ---
   SEVERITY:    NULL/Recommended2

  STARC02-1.1.2.6b    VHDL              ---
   SEVERITY:    NULL/Recommended2

  STARC02-1.1.4.2     Verilog           ---
   SEVERITY:    NULL/Recommended3

  STARC02-1.1.4.2     VHDL              ---
   SEVERITY:    NULL/Recommended3

  STARC02-1.1.4.6     Verilog           ---
   SEVERITY:    NULL/Recommended1

  STARC02-1.1.4.6     VHDL              ---
   SEVERITY:    NULL/Recommended1

  STARC02-1.1.4.7     Verilog           ---
   SEVERITY:    NULL/Recommended3

  STARC02-1.1.4.7     VHDL              ---
   SEVERITY:    NULL/Recommended3

  STARC02-1.1.4.8     Verilog           ---
   SEVERITY:    NULL/Recommended1

  STARC02-1.1.4.8     VHDL              ---
   SEVERITY:    NULL/Recommended3

  STARC02-1.1.4.9     Verilog           ---
   SEVERITY:    NULL/Mandatory

  STARC02-1.1.4.9     VHDL              ---
   SEVERITY:    NULL/Recommended1

  STARC02-1.3.1.2     Verilog           ---
   SEVERITY:    NULL/Recommended3

  STARC02-1.3.1.2     VHDL              ---
   SEVERITY:    NULL/Recommended3

  STARC02-1.6.1.4     Verilog           ---
   SEVERITY:    NULL/Mandatory

  STARC02-1.6.1.4     VHDL              ---
   SEVERITY:    NULL/Mandatory

  STARC02-2.1.1.1     Verilog           ---
   SEVERITY:    NULL/Reference

  STARC02-2.1.1.1     VHDL              ---
   SEVERITY:    NULL/Mandatory

  STARC02-2.1.1.2     Verilog           ---
   SEVERITY:    NULL/Mandatory

  STARC02-2.1.1.2     VHDL              ---
   SEVERITY:    NULL/Recommended1

  STARC02-2.1.3.1     Verilog           ---
   SEVERITY:    NULL/Mandatory

  STARC02-2.1.3.1     VHDL              ---
   SEVERITY:    NULL/Mandatory

  STARC02-2.1.3.4     Verilog           ---
   SEVERITY:    Mandatory/Recommended1

  STARC02-2.1.3.4     VHDL              ---
   SEVERITY:    NULL/Mandatory

  STARC02-2.1.6.1     Verilog           ---
   SEVERITY:    NULL/Recommended2

  STARC02-2.1.6.1     VHDL              ---
   SEVERITY:    NULL/Recommended3

  STARC02-2.1.6.2     Verilog           ---
   SEVERITY:    NULL/Recommended3

  STARC02-2.1.6.2     VHDL              ---
   SEVERITY:    NULL/Recommended3

  STARC02-2.1.6.3     Verilog           ---
   SEVERITY:    NULL/Recommended3

  STARC02-2.1.6.3     VHDL              ---
   SEVERITY:    NULL/Recommended3

  STARC02-2.2.2.1     Verilog           ---
   SEVERITY:    NULL/Mandatory

  STARC02-2.2.2.1     VHDL              ---
   SEVERITY:    NULL/Mandatory

  STARC02-2.3.1.1     Verilog           ---
   SEVERITY:    Mandatory/Mandatory

  STARC02-2.3.1.1     VHDL              ---
   SEVERITY:    Mandatory/Mandatory

  STARC02-2.3.1.2a    Verilog           ---
   SEVERITY:    Prohibited/Mandatory

  STARC02-2.3.1.2a    VHDL              ---
   SEVERITY:    NULL/Mandatory

  STARC02-2.3.1.2b    Verilog           ---
   SEVERITY:    Prohibited/Mandatory

  STARC02-2.3.1.2b    VHDL              ---
   SEVERITY:    NULL/Mandatory

  STARC02-2.3.1.2c    Verilog           ---
   SEVERITY:    Prohibited/Mandatory

  STARC02-2.3.1.2c    VHDL              ---
   SEVERITY:    Prohibited/Mandatory

  STARC02-2.3.1.3     Verilog           ---
   SEVERITY:    Recommended/Recommended3

  STARC02-2.3.1.3     VHDL              ---
   SEVERITY:    Recommended/Recommended3

  STARC02-2.3.2.2     Verilog           ---
   SEVERITY:    Prohibited/Mandatory

  STARC02-2.3.2.2     VHDL              ---
   SEVERITY:    Recommended/Recommended1

  STARC02-2.3.3.1     Verilog           ---
   SEVERITY:    NULL/Mandatory

  STARC02-2.3.3.1     VHDL              ---
   SEVERITY:    NULL/Mandatory

  STARC02-2.3.3.2     Verilog           ---
   SEVERITY:    NULL/Mandatory

  STARC02-2.3.3.2     VHDL              ---
   SEVERITY:    NULL/Mandatory

  STARC02-2.3.6.2a    Verilog           ---
   SEVERITY:    Recommended/Recommended3

  STARC02-2.3.6.2a    VHDL              ---
   SEVERITY:    NULL/Recommended3

  STARC02-2.3.6.2b    Verilog           ---
   SEVERITY:    NULL/Recommended3

  STARC02-2.3.6.2b    VHDL              ---
   SEVERITY:    NULL/Recommended3

  STARC02-2.5.1.5a    Verilog           ---
   SEVERITY:    NULL/Mandatory

  STARC02-2.5.1.5a    VHDL              ---
   SEVERITY:    NULL/Mandatory

  STARC02-2.6.1.3     Verilog           ---
   SEVERITY:    NULL/Recommended3

  STARC02-2.6.1.3     VHDL              ---
   SEVERITY:    NULL/Recommended3

  STARC02-2.6.2.1     Verilog           ---
   SEVERITY:    Caution/Mandatory

  STARC02-2.6.2.1     VHDL              ---
   SEVERITY:    Caution/Mandatory

  STARC02-2.6.2.2     Verilog           ---
   SEVERITY:    NULL/Mandatory

  STARC02-2.6.2.2     VHDL              ---
   SEVERITY:    NULL/Mandatory

  STARC02-2.7.1.3a    Verilog           ---
   SEVERITY:    NULL/Recommended1

  STARC02-2.7.1.3a    VHDL              ---
   SEVERITY:    Mandatory/Recommended1

  STARC02-2.7.1.3b    Verilog           ---
   SEVERITY:    NULL/Recommended1

  STARC02-2.7.1.3b    VHDL              ---
   SEVERITY:    Reference/Recommended1

  STARC02-2.7.2.1     Verilog           ---
   SEVERITY:    NULL/Recommended1

  STARC02-2.7.2.1     VHDL              ---
   SEVERITY:    NULL/Recommended1

  STARC02-2.7.3.1a    Verilog           ---
   SEVERITY:    Recommended/Recommended3

  STARC02-2.7.3.1a    VHDL              ---
   SEVERITY:    Recommended/Recommended3

  STARC02-2.7.3.1b    Verilog           ---
   SEVERITY:    Recommended/Recommended3

  STARC02-2.7.3.1b    VHDL              ---
   SEVERITY:    NULL/Recommended3

  STARC02-2.7.3.3a    Verilog           ---
   SEVERITY:    Mandatory/Recommended1

  STARC02-2.7.3.3a    VHDL              ---
   SEVERITY:    Mandatory/Recommended1

  STARC02-2.7.3.3b    Verilog           ---
   SEVERITY:    Mandatory/Recommended1

  STARC02-2.7.3.3b    VHDL              ---
   SEVERITY:    NULL/Recommended1

  STARC02-2.7.3.3c    Verilog           ---
   SEVERITY:    Mandatory/Recommended1

  STARC02-2.7.3.3c    VHDL              ---
   SEVERITY:    Mandatory/Recommended1

  STARC02-2.8.1.4     Verilog           ---
   SEVERITY:    NULL/Recommended1

  STARC02-2.8.1.4     VHDL              ---
   SEVERITY:    NULL/Mandatory

  STARC02-2.8.3.1     Verilog           ---
   SEVERITY:    NULL/Recommended3

  STARC02-2.8.3.1     VHDL              ---
   SEVERITY:    NULL/Recommended3

  STARC02-2.9.1.1     Verilog           ---
   SEVERITY:    NULL/Recommended2

  STARC02-2.9.1.1     VHDL              ---
   SEVERITY:    NULL/Recommended2

  STARC02-2.9.2.1     Verilog           ---
   SEVERITY:    NULL/Mandatory

  STARC02-2.9.2.1     VHDL              ---
   SEVERITY:    NULL/Mandatory

  STARC02-2.9.2.2     Verilog           ---
   SEVERITY:    Recommended/Recommended3

  STARC02-2.9.2.2     VHDL              ---
   SEVERITY:    NULL/Recommended3

  STARC02-2.9.2.3     Verilog           ---
   SEVERITY:    NULL/Recommended1

  STARC02-2.9.2.3     VHDL              ---
   SEVERITY:    NULL/Recommended1

  STARC02-2.9.2.4     Verilog           ---
   SEVERITY:    NULL/Mandatory

  STARC02-2.9.2.4     VHDL              ---
   SEVERITY:    Mandatory/Mandatory

  STARC02-2.10.3.1    Verilog           ---
   SEVERITY:    NULL/Recommended2

  STARC02-2.10.3.1    VHDL              ---
   SEVERITY:    NULL/Mandatory

  STARC02-2.10.6.5    Verilog           ---
   SEVERITY:    NULL/Recommended1

  STARC02-2.10.6.5    VHDL              ---
   SEVERITY:    NULL/Recommended1

  STARC02-2.11.1.4    Verilog           ---
   SEVERITY:    NULL/Recommended2

  STARC02-2.11.1.4    VHDL              ---
   SEVERITY:    NULL/Recommended2

  STARC02-2.11.2.1    Verilog           ---
   SEVERITY:    NULL/Recommended3

  STARC02-2.11.2.1    VHDL              ---
   SEVERITY:    NULL/Recommended3

  STARC02-2.11.3.1    Verilog           ---
   SEVERITY:    NULL/Recommended3

  STARC02-2.11.3.1    VHDL              ---
   SEVERITY:    Recommended/Recommended3

  STARC02-2.11.4.1    Verilog           ---
   SEVERITY:    NULL/Recommended3

  STARC02-2.11.4.1    VHDL              ---
   SEVERITY:    NULL/Recommended3

  STARC02-3.1.4.4     Verilog           ---
   SEVERITY:    Recommended/Recommended3

  STARC02-3.1.4.4     VHDL              ---
   SEVERITY:    Recommended/Recommended3

  STARC02-3.1.5.2     Verilog           ---
   SEVERITY:    NULL/Reference

  STARC02-3.1.5.2     VHDL              ---
   SEVERITY:    NULL/Reference

  STARC02-3.2.2.1     Verilog           ---
   SEVERITY:    NULL/Recommended3

  STARC02-3.2.2.1     VHDL              ---
   SEVERITY:    NULL/Recommended3

  STARC02-3.2.3.1     Verilog           ---
   SEVERITY:    NULL/Mandatory

  STARC02-3.2.3.1     VHDL              ---
   SEVERITY:    Mandatory/Mandatory

  STARC02-3.5.6.2a    Verilog           ---
   SEVERITY:    Recommended/Recommended2

  STARC02-3.5.6.2a    VHDL              ---
   SEVERITY:    Recommended/Recommended2

  STARC02-3.5.6.4     Verilog           ---
   SEVERITY:    Recommended/Recommended2

  STARC02-3.5.6.4     VHDL              ---
   SEVERITY:    Recommended/Recommended2

  STARC02-2.3.4.1     Verilog           ---
   SEVERITY:    NULL/Mandatory

  STARC02-2.3.4.1     VHDL              ---
   SEVERITY:    Prohibited/Mandatory

  STARC02-2.4.1.3     Verilog           ---
   SEVERITY:    NULL/Recommended1

  STARC02-2.4.1.3     VHDL              ---
   SEVERITY:    NULL/Recommended1

  STARC02-1.1.5.2a    Verilog           ---
   SEVERITY:    Recommended/Recommended3

  STARC02-1.1.5.2a    VHDL              ---
   SEVERITY:    Recommended/Recommended3

  STARC02-1.1.5.2c    Verilog           ---
   SEVERITY:    Recommended/Recommended3

  STARC02-1.1.5.2c    VHDL              ---
   SEVERITY:    Recommended/Recommended3

  STARC02-3.1.3.2a    Verilog+VHDL      ---
   SEVERITY:    Recommended/Recommended2

  STARC02-3.1.3.2b    Verilog+VHDL      ---
   SEVERITY:    Recommended/Recommended2

  STARC02-3.1.3.3     Verilog           ---
   SEVERITY:    Recommended/Recommended3

  STARC02-3.1.3.3     VHDL              ---
   SEVERITY:    Recommended/Recommended3

  STARC02-1.1.1.1     Verilog           ---
   SEVERITY:    NULL/Recommended2

  STARC02-1.1.1.1     VHDL              ---
   SEVERITY:    NULL/Recommended2

  STARC02-1.1.1.5     Verilog           ---
   SEVERITY:    NULL/Mandatory

  STARC02-1.1.1.5     VHDL              ---
   SEVERITY:    NULL/Mandatory

  STARC02-1.3.1.5a    Verilog           ---
   SEVERITY:    NULL/Recommended3

  STARC02-1.3.1.5a    VHDL              ---
   SEVERITY:    NULL/Recommended3

  STARC02-1.3.1.5b    Verilog           ---
   SEVERITY:    NULL/Recommended3

  STARC02-1.3.1.5b    VHDL              ---
   SEVERITY:    NULL/Recommended3

  STARC02-2.6.1.4     Verilog           ---
   SEVERITY:    NULL/Recommended3

  STARC02-2.6.1.4     VHDL              ---
   SEVERITY:    NULL/Recommended3

  STARC02-3.1.2.7     Verilog           ---
   SEVERITY:    NULL/Mandatory

  STARC02-3.1.2.7     VHDL              ---
   SEVERITY:    NULL/Mandatory

  STARC02-3.1.4.3     Verilog           ---
   SEVERITY:    Recommended/Recommended3

  STARC02-3.1.4.3     VHDL              ---
   SEVERITY:    Recommended/Recommended3

  STARC02-3.5.3.1     Verilog           ---
   SEVERITY:    NULL/Recommended1

  STARC02-3.5.3.1     VHDL              ---
   SEVERITY:    NULL/Recommended1

  STARC02-3.2.3.2     Verilog           ---
   SEVERITY:    NULL/Mandatory

  STARC02-3.2.4.3     Verilog           ---
   SEVERITY:    NULL/Recommended1

  STARC02-1.1.1.6     Verilog           ---
   SEVERITY:    NULL/Recommended1

  STARC02-1.1.4.5     Verilog           ---
   SEVERITY:    NULL/Reference

  STARC02-2.1.3.2     Verilog           ---
   SEVERITY:    NULL/Mandatory

  STARC02-2.1.3.5     Verilog           ---
   SEVERITY:    NULL/Mandatory

  STARC02-2.1.4.5     Verilog           ---
   SEVERITY:    NULL/Recommended1

  STARC02-2.1.4.6a    Verilog           ---
   SEVERITY:    NULL/Recommended3

  STARC02-2.1.4.6b    Verilog           ---
   SEVERITY:    NULL/Recommended3

  STARC02-2.1.5.3     Verilog           ---
   SEVERITY:    NULL/Recommended2

  STARC02-2.1.6.4     Verilog           ---
   SEVERITY:    NULL/Recommended2

  STARC02-2.2.3.2     Verilog           ---
   SEVERITY:    NULL/Mandatory

  STARC02-2.2.3.3     Verilog           ---
   SEVERITY:    NULL/Mandatory

  STARC02-2.3.1.5b    Verilog           ---
   SEVERITY:    NULL/Mandatory

  STARC02-2.3.1.6     Verilog           ---
   SEVERITY:    NULL/Mandatory

  STARC02-2.3.4.2     Verilog           ---
   SEVERITY:    Caution/Mandatory

  STARC02-2.7.4.3     Verilog           ---
   SEVERITY:    Prohibited/Mandatory

  STARC02-2.8.1.3     Verilog           ---
   SEVERITY:    NULL/Recommended1

  STARC02-2.8.1.5     Verilog           ---
   SEVERITY:    Prohibited/Mandatory

  STARC02-2.8.1.6     Verilog           ---
   SEVERITY:    NULL/Recommended2

  STARC02-2.8.3.4a    Verilog           ---
   SEVERITY:    NULL/Recommended1

  STARC02-2.8.3.4b    Verilog           ---
   SEVERITY:    NULL/Recommended1

  STARC02-2.8.3.5     Verilog           ---
   SEVERITY:    Mandatory/Mandatory

  STARC02-2.8.4.1a    Verilog           ---
   SEVERITY:    NULL/Reference

  STARC02-2.8.4.1b    Verilog           ---
   SEVERITY:    Caution/Reference

  STARC02-2.8.4.3     Verilog           ---
   SEVERITY:    NULL/Recommended3

  STARC02-2.8.4.4     Verilog           ---
   SEVERITY:    NULL/Recommended1

  STARC02-2.8.5.1     Verilog           ---
   SEVERITY:    Prohibited/Recommended1

  STARC02-2.8.5.2     Verilog           ---
   SEVERITY:    Prohibited/Recommended1

  STARC02-2.8.5.3     Verilog           ---
   SEVERITY:    Prohibited/Mandatory

  STARC02-2.8.5.4     Verilog           ---
   SEVERITY:    Recommended/Recommended2

  STARC02-2.9.1.2a    Verilog           ---
   SEVERITY:    Mandatory/Mandatory

  STARC02-2.9.1.2b    Verilog           ---
   SEVERITY:    Mandatory/Mandatory

  STARC02-2.9.1.2c    Verilog           ---
   SEVERITY:    Mandatory/Mandatory

  STARC02-2.9.1.2d    Verilog           ---
   SEVERITY:    Mandatory/Mandatory

  STARC02-2.10.1.4b   Verilog           ---
   SEVERITY:    Mandatory/Recommended1

  STARC02-2.10.1.4c   Verilog           ---
   SEVERITY:    Mandatory/Recommended1

  STARC02-2.10.2.3    Verilog           ---
   SEVERITY:    NULL/Recommended1

  STARC02-2.10.3.2a   Verilog           ---
   SEVERITY:    NULL/Recommended1

  STARC02-2.10.3.2b   Verilog           ---
   SEVERITY:    NULL/Recommended1

  STARC02-2.10.3.2c   Verilog           ---
   SEVERITY:    NULL/Recommended1

  STARC02-2.10.3.5    Verilog           ---
   SEVERITY:    NULL/Recommended1

  STARC02-2.10.3.6    Verilog           ---
   SEVERITY:    NULL/Mandatory

  STARC02-2.10.4.5    Verilog           ---
   SEVERITY:    NULL/Mandatory

  STARC02-2.10.5.1    Verilog           ---
   SEVERITY:    NULL/Reference

  STARC02-2.10.6.1    Verilog           ---
   SEVERITY:    NULL/Recommended3

  STARC02-2.11.4.2    Verilog           ---
   SEVERITY:    Recommended/Recommended3

  STARC02-3.1.3.1     Verilog           ---
   SEVERITY:    NULL/Recommended3

  STARC02-3.1.3.4a    Verilog           ---
   SEVERITY:    Recommended/Recommended3

  STARC02-3.2.2.4     Verilog           ---
   SEVERITY:    NULL/Recommended1

  STARC02-3.2.2.5     Verilog           ---
   SEVERITY:    NULL/Recommended2

  STARC02-3.5.2.1     Verilog           ---
   SEVERITY:    NULL/Recommended1

  STARC02-2.2.3.1     Verilog           ---
   SEVERITY:    NULL/Mandatory

  STARC02-2.3.2.1     Verilog           ---
   SEVERITY:    Caution/Reference

  STARC02-1.4.4.1     Verilog           ---
   SEVERITY:    NULL/Reference

  STARC02-1.1.4.4     Verilog           ---
   SEVERITY:    NULL/Recommended1

  STARC02-3.1.3.4b    Verilog           ---
   SEVERITY:    Recommended/Recommended3

  STARC02-3.2.2.2     Verilog           ---
   SEVERITY:    Recommended/Recommended3

  STARC02-3.2.2.3     Verilog           ---
   SEVERITY:    Recommended/Recommended3

  STARC02-3.2.2.7     Verilog           ---
   SEVERITY:    NULL/Recommended3

  STARC02-1.1.1.3b    VHDL              ---
   SEVERITY:    NULL/Mandatory

  STARC02-1.1.6.1     VHDL              ---
   SEVERITY:    NULL/Recommended1

  STARC02-1.1.6.4     VHDL              ---
   SEVERITY:    NULL/Recommended1

  STARC02-2.1.3.3     VHDL              ---
   SEVERITY:    NULL/Mandatory

  STARC02-2.1.7.1     VHDL              ---
   SEVERITY:    Mandatory/Mandatory

  STARC02-2.1.7.3     VHDL              ---
   SEVERITY:    Recommended/Reference

  STARC02-2.1.8.1     VHDL              ---
   SEVERITY:    NULL/Reference

  STARC02-2.1.8.2     VHDL              ---
   SEVERITY:    NULL/Reference

  STARC02-2.1.8.4     VHDL              ---
   SEVERITY:    NULL/Mandatory

  STARC02-2.1.8.5a    VHDL              ---
   SEVERITY:    NULL/Mandatory

  STARC02-2.1.8.5b    VHDL              ---
   SEVERITY:    NULL/Mandatory

  STARC02-2.1.8.6     VHDL              ---
   SEVERITY:    NULL/Mandatory

  STARC02-2.1.8.9     VHDL              ---
   SEVERITY:    NULL/Recommended1

  STARC02-2.1.8.10    VHDL              ---
   SEVERITY:    NULL/Recommended2

  STARC02-2.1.9.4     VHDL              ---
   SEVERITY:    NULL/Mandatory

  STARC02-2.1.9.5     VHDL              ---
   SEVERITY:    NULL/Mandatory

  STARC02-2.1.10.1    VHDL              ---
   SEVERITY:    NULL/Recommended1

  STARC02-2.1.10.2    VHDL              ---
   SEVERITY:    NULL/Recommended1

  STARC02-2.1.10.3    VHDL              ---
   SEVERITY:    NULL/Recommended1

  STARC02-2.1.10.4    VHDL              ---
   SEVERITY:    Prohibited/Recommended1

  STARC02-2.1.10.5    VHDL              ---
   SEVERITY:    NULL/Recommended1

  STARC02-2.1.10.6    VHDL              ---
   SEVERITY:    Prohibited/Recommended1

  STARC02-2.1.10.8    VHDL              ---
   SEVERITY:    NULL/Recommended2

  STARC02-2.3.1.8     VHDL              ---
   SEVERITY:    Prohibited/Mandatory

  STARC02-2.3.2.4     VHDL              ---
   SEVERITY:    NULL/Mandatory

  STARC02-2.5.1.5b    VHDL              ---
   SEVERITY:    NULL/Mandatory

  STARC02-2.8.3.3     VHDL              ---
   SEVERITY:    NULL/Recommended1

  STARC02-2.9.3.1     VHDL              ---
   SEVERITY:    NULL/Mandatory

  STARC02-2.10.1.2    VHDL              ---
   SEVERITY:    NULL/Recommended2

  STARC02-2.10.4.3    VHDL              ---
   SEVERITY:    Recommended/Recommended1

  STARC02-2.10.7.2    VHDL              ---
   SEVERITY:    NULL/Recommended2

  STARC02-2.11.1.1    VHDL              ---
   SEVERITY:    NULL/Recommended3

  STARC02-2.11.5.2    VHDL              ---
   SEVERITY:    NULL/Recommended2

  STARC02-3.1.3.2c    VHDL              ---
   SEVERITY:    NULL/Recommended3

  STARC02-3.1.6.1     VHDL              ---
   SEVERITY:    Recommended/Reference

  STARC02-3.1.6.2     VHDL              ---
   SEVERITY:    Caution/Reference

  STARC02-3.2.3.3     VHDL              ---
   SEVERITY:    NULL/Mandatory

  STARC02-3.5.6.2b    VHDL              ---
   SEVERITY:    Recommended/Recommended2

  STARC02-3.5.6.3a    VHDL              ---
   SEVERITY:    Recommended/Recommended2

  STARC02-1.1.4.1b    VHDL              ---
   SEVERITY:    NULL/Recommended2

  STARC02-3.5.6.3b    VHDL              ---
   SEVERITY:    Recommended/Recommended2
------------------------------------------------------

##build_id : T-2022.06
##system   : Linux cad27 3.10.0-1160.el7.x86_64 #1 SMP Mon Oct 19 16:18:59 UTC 2020 x86_64
##cwd      : /home/raid7_2/user12/r2k41036/NTU_CVSD2024/1131_hw1/01_RTL
##lang     : Verilog+VHDL
##args     : -mSpyGlass::Compatibility::v2_7_3 \
             -mSpyGlass::Compatibility::v2_7_3 \
             -mSpyGlass::Compatibility::v2_7_3 \
             -nl \
             -batch \
             -lib WORK ./spyglass-1/WORK \
             -rules='AutomaticFuncTask-ML,badimplicitSM1,badimplicitSM2,badimplicitSM4,BlockHeader,bothedges,BufClock,CheckDelayTimescale-ML,checkPinConnectedToSupply,CombLoop,DisallowCaseX-ML,DuplicateCaseLabel-ML,FlopClockConstant,FlopSRConst,HdlLibDuCheck_03,ImproperRangeIndex-ML,InferLatch,infiniteloop,InstPortConnType-ML,LatchFeedback,mixedsenselist,NoAssignX-ML,NoFeedThrus-ML,NoGenLabel-ML,NoXInCase-ML,ParamWidthMismatch-ML,PragmaComments-ML,ReportPortInfo-ML,ReserveName,ReserveNameSystemVerilog-ML,SameControlNDataNet-ML,SetBeforeRead-ML,SigAssignZ-ML,sim_race02,sim_race07,STARC05-1.1.1.1,STARC05-1.2.1.2,STARC05-1.3.1.3,STARC05-1.4.3.2,STARC05-1.4.3.4,STARC05-2.1.3.1,STARC05-2.1.4.5,STARC05-2.1.5.3,STARC05-2.1.6.5,STARC05-2.10.1.4a,STARC05-2.10.1.4b,STARC05-2.10.2.3,STARC05-2.10.3.2a,STARC05-2.11.3.1,STARC05-2.2.3.1,STARC05-2.2.3.3,STARC05-2.3.1.2c,STARC05-2.3.1.5b,STARC05-2.3.1.6,STARC05-2.3.4.1,STARC05-2.3.4.1v,STARC05-2.4.1.5,STARC05-2.5.1.2,STARC05-2.5.1.7,STARC05-2.5.1.9,STARC05-2.8.1.3,STARC05-2.8.1.5,STARC05-2.8.5.1,STARC05-2.9.1.2a,STARC05-2.9.1.2b,STARC05-2.1.1.2,STARC-2.3.4.3,TristatePort-ML,TristateSig-ML,UndrivenInTerm-ML,UndrivenNet-ML,UndrivenOutPort-ML,UnrecSynthDir-ML,W110,W110a,W116,W122,W123,W127,W156,W163,W164a,W164b,W167,W188,W19,W193,W210,W215,W216,W218,W238,W239,W240,W241,W245,W263,W287a,W287c,W289,W292,W293,W314,W316,W317,W336,W337,W339,W342,W343,W352,W362,W391,W392,W398,W401,W402b,W414,W415,W416,W421,W422,W423,W424,W426,W438,W442a,W442b,W442c,W442f,W443,W444,W450L,W464,W467,W479,W480,W481a,W481b,W486,W494,W496a,W496b,W499,W502,W505,W527,W552,W561,W575,W576,W66,W71,W553' \
             -wdir './spyglass-1/lint/lint_rtl_enhanced' \
             -mixed \
             -policy='openmore,starc,starc2005,erc,simulation,lint,latch,spyglass,morelint,timing' \
             -dbdir './spyglass-1/.SG_SaveRestoreDB' \
             --goal_info 'lint/lint_rtl_enhanced@' \
             -projectwdir './spyglass-1' \
             -overloadrules 'AutomaticFuncTask-ML+severity=Error,badimplicitSM1+severity=Error,badimplicitSM2+severity=Error,badimplicitSM4+severity=Error,BlockHeader+severity=Error,bothedges+severity=Error,BufClock+severity=Error,CheckDelayTimescale-ML+severity=Warning,checkPinConnectedToSupply+severity=Error,CombLoop+severity=Error,DisallowCaseX-ML+severity=Error,DuplicateCaseLabel-ML+severity=Error,FlopClockConstant+severity=Error,FlopSRConst+severity=Error,HdlLibDuCheck_03+severity=Error,ImproperRangeIndex-ML+severity=Error,InferLatch+severity=Error,infiniteloop+severity=Error,InstPortConnType-ML+severity=Error,LatchFeedback+severity=Error,mixedsenselist+severity=Error,NoAssignX-ML+severity=Error,NoFeedThrus-ML+severity=Warning,NoGenLabel-ML+severity=Error,NoXInCase-ML+severity=Error,ParamWidthMismatch-ML+severity=Error,PragmaComments-ML+severity=Warning,ReserveName+severity=Error,ReserveNameSystemVerilog-ML+severity=Error,SameControlNDataNet-ML+severity=Error,SetBeforeRead-ML+severity=Error,SigAssignZ-ML+severity=Error,sim_race02+severity=Error,sim_race07+severity=Error,STARC05-1.1.1.1+severity=Error,STARC05-1.2.1.2+severity=Error,STARC05-1.3.1.3+severity=Error,STARC05-1.4.3.2+severity=Error,STARC05-1.4.3.4+severity=Error,STARC05-2.1.3.1+severity=Error,STARC05-2.1.4.5+severity=Error,STARC05-2.1.5.3+severity=Error,STARC05-2.1.6.5+severity=Error,STARC05-2.10.1.4a+severity=Error,STARC05-2.10.1.4b+severity=Error,STARC05-2.10.2.3+severity=Error,STARC05-2.10.3.2a+severity=Error,STARC05-2.11.3.1+severity=Error,STARC05-2.2.3.1+severity=Error,STARC05-2.2.3.3+severity=Error,STARC05-2.3.1.2c+severity=Error,STARC05-2.3.1.5b+severity=Error,STARC05-2.3.1.6+severity=Error,STARC05-2.3.4.1+severity=Error,STARC05-2.3.4.1v+severity=Error,STARC05-2.4.1.5+severity=Error,STARC05-2.5.1.2+severity=Error,STARC05-2.5.1.7+severity=Error,STARC05-2.5.1.9+severity=Error,STARC05-2.8.1.3+severity=Error,STARC05-2.8.1.5+severity=Error,STARC05-2.8.5.1+severity=Error,STARC05-2.9.1.2a+severity=Error,STARC05-2.9.1.2b+severity=Error,STARC05-2.1.1.2+severity=Error,STARC-2.3.4.3+severity=Error,TristatePort-ML+severity=Error,TristateSig-ML+severity=Error,UndrivenInTerm-ML+severity=Error,UndrivenNet-ML+severity=Error,UndrivenOutPort-ML+severity=Warning,UnrecSynthDir-ML+severity=Error,W110+severity=Error,W110a+severity=Error,W116+severity=Error,W122+severity=Error,W123+severity=Error,W127+severity=Error,W156+severity=Error,W163+severity=Error,W164a+severity=Warning,W164b+severity=Error,W167+severity=Error,W188+severity=Error,W19+severity=Error,W193+severity=Error,W210+severity=Error,W215+severity=Error,W216+severity=Error,W218+severity=Error,W238+severity=Error,W239+severity=Error,W240+severity=Warning,W241+severity=Warning,W245+severity=Error,W263+severity=Error,W287a+severity=Error,W287c+severity=Error,W289+severity=Error,W292+severity=Error,W293+severity=Error,W314+severity=Error,W316+severity=Error,W317+severity=Error,W336+severity=Error,W337+severity=Error,W339+severity=Error,W342+severity=Error,W343+severity=Error,W352+severity=Error,W362+severity=Error,W391+severity=Error,W392+severity=Error,W398+severity=Error,W401+severity=Error,W402b+severity=Warning,W414+severity=Error,W415+severity=Error,W416+severity=Error,W421+severity=Error,W422+severity=Error,W423+severity=Error,W424+severity=Error,W426+severity=Error,W438+severity=Error,W442a+severity=Error,W442b+severity=Error,W442c+severity=Error,W442f+severity=Error,W443+severity=Error,W444+severity=Error,W450L+severity=Error,W464+severity=Error,W467+severity=Error,W479+severity=Error,W480+severity=Error,W481a+severity=Error,W481b+severity=Error,W486+severity=Warning,W494+severity=Error,W496a+severity=Error,W496b+severity=Error,W499+severity=Error,W502+severity=Error,W505+severity=Error,W527+severity=Error,W552+severity=Warning,W561+severity=Error,W575+severity=Error,W576+severity=Error,W66+severity=Error,W71+severity=Error,W553+severity=Warning' \
             -templatedir '/home/raid7_4/raid1_1/linux/synopsys/spyglass/2022.06/SPYGLASS_HOME/GuideWare/latest/block/rtl_handoff' \
             --template_info 'lint/lint_rtl_enhanced' \
             -enable_save_restore \
             -enable_save_restore_builtin 'true' \
             -assume_driver_load=yes \
             -checkInHierarchy=yes \
             -checkRTLCInst=yes \
             -checkTopDu='NoFeedThrus-ML' \
             -check_dup_label=yes \
             -checkconstassign=yes \
             -enableE2Q=yes \
             -genlabeltype=yes \
             -handle_equivalent_drivers=yes \
             -ignoreModuleInstance=yes \
             -nocheckoverflow=W362 \
             -report_flop_reset_loop=yes \
             -strict=CombLoop \
             -treat_latch_as_combinational=yes \
             -64bit  \
             alu.v

##verbosity level   : 2
##exact cmdline arg : -batch -project spyglass-1.prj -goal lint/lint_rtl_enhanced -64bit
##spyglass_run.csh begins :
;	cd /home/raid7_2/user12/r2k41036/NTU_CVSD2024/1131_hw1/01_RTL
;	setenv ATRENTA_LICENSE_FILE 26585@lshc
;	setenv SPYGLASS_LD_PRELOAD /home/raid7_4/raid1_1/linux/synopsys/spyglass/2022.06/SPYGLASS_HOME/lib/libreplacemalloc.so
;	setenv SPYGLASS_DW_PATH /home/raid7_4/raid1_1/linux/synopsys/spyglass/2022.06/SPYGLASS_HOME/dw_support
;	/home/raid7_4/raid1_1/linux/synopsys/spyglass/2022.06/SPYGLASS_HOME/bin/spyglass  -batch -project spyglass-1.prj -goal lint/lint_rtl_enhanced -64bit
##spyglass_run.csh ends
##files    : alu.v 


WARNING [237]    Following rules can not run on restored design database. Hence, HDL being re-read:
                 ReserveName
                 STARC05-1.1.1.1
                 STARC05-2.1.4.5
                 STARC05-2.1.5.3
                 STARC05-2.2.3.3
                 STARC05-2.3.1.5b
                 STARC05-2.3.1.6
                 STARC05-2.8.1.5
                 STARC05-2.8.5.1
                 STARC05-2.9.1.2a
                 STARC05-2.9.1.2b
                 STARC05-2.10.2.3
                 STARC05-2.10.3.2a
                 STARC05-2.11.3.1
                 STARC05-2.2.3.1
                 STARC05-2.1.1.2
                 STARC05-2.1.3.1
                 STARC05-2.3.1.2c
                 STARC05-2.3.4.1
                 STARC05-2.8.1.3
                 STARC05-2.10.1.4a
                 STARC05-2.10.1.4b
                 STARC05-2.3.4.1v
                 sim_race02
                 Prereqs_sim_race07
                 W339a
                 W442a
                 W442b
                 W442c
                 W442f
                 W561
                 mixedsenselist
                 badimplicitSM1
                 badimplicitSM2
                 badimplicitSM4
                 bothedges
                 infiniteloop
                 W239
                 W110
                 W122
                 W163
                 W552
                 W553
                 W496a
                 W496b
                 W19
                 W66
                 W116
                 W123
                 W127
                 W156
                 W188
                 W193
                 W215
                 W216
                 W218
                 W238
                 W245
                 W263
                 W289
                 W314
                 W316
                 W317
                 W337
                 W342
                 W343
                 W416
                 W352
                 W362
                 W422
                 W423
                 W426
                 W464
                 W479
                 W480
                 W481a
                 W481b
                 W486
                 W499
                 W502
                 W527
                 W575
                 W576
                 W336
                 W414
                 W402b
                 BlockHeader
                 W292
                 W110a
                 W71
                 W164a
                 W164b
                 W167
                 W210
                 W240
                 W241
                 W287a
                 W287c
                 W293
                 W398
                 W421
                 W424
                 W443
                 W444
                 W467
                 W494
                 W505
                 W392
                 W450L
                 TristatePort-ML
                 TristateSig-ML
                 UnrecSynthDir-ML
                 ReportPortInfo-ML
                 PragmaComments-ML
                 DisallowCaseX-ML
                 NoAssignX-ML
                 InstPortConnType-ML
                 ParamWidthMismatch-ML
                 CheckDelayTimescale-ML
                 DuplicateCaseLabel-ML
                 AutomaticFuncTask-ML
                 ReserveNameSystemVerilog-ML
                 SetBeforeRead-ML
                 SigAssignZ-ML
                 NoGenLabel-ML
                 ImproperRangeIndex-ML
                 NoXInCase-ML
                 STARC05-2.5.1.7
                 STARC05-2.1.6.5
                 STARC05-2.5.1.9

INFO [76]    Using './spyglass-1/WORK/64' as the Work Directory for 64bit precompiled dump.
Checking Rule PrecompileLibCheck01 (Rule 1 of total 337) .... done (Time = 0.00s, Memory = 0.0K)
Checking Rule PrecompileLibCheck02 (Rule 2 of total 337) .... done (Time = 0.00s, Memory = 0.0K)
Checking Rule PrecompileLibCheck03 (Rule 3 of total 337) .... done (Time = 0.00s, Memory = 8.0K)
Checking Rule PrecompileLibCheck04 (Rule 4 of total 337) .... done (Time = 0.00s, Memory = 0.0K)
Checking Rule AbstractInterface (Rule 5 of total 337) .... done (Time = 0.00s, Memory = 0.0K)
Checking Rule SGDC_assume_path01 (Rule 6 of total 337) .... done (Time = 0.00s, Memory = 0.0K)
Checking Rule SGDC_sdcschema02 (Rule 7 of total 337) .... done (Time = 0.01s, Memory = 32.0K)
Checking Rule SGDC_clock05 (Rule 8 of total 337) .... done (Time = 0.00s, Memory = 0.0K)
Checking Rule SGDC_clock09 (Rule 9 of total 337) .... done (Time = 0.00s, Memory = 0.0K)
Checking Rule SGDC_force_ta05 (Rule 10 of total 337) .... done (Time = 0.00s, Memory = 0.0K)
Checking Rule SGDC_require_path03 (Rule 11 of total 337) .... done (Time = 0.00s, Memory = 0.0K)
Checking Rule SGDC_require_value03 (Rule 12 of total 337) .... done (Time = 0.00s, Memory = 0.0K)
Checking Rule SGDC_voltagedomain05 (Rule 13 of total 337) .... done (Time = 0.00s, Memory = 8.0K)
Checking Rule SGDC_voltagedomain06 (Rule 14 of total 337) .... done (Time = 0.00s, Memory = 24.0K)
Checking Rule SGDC_voltagedomain07 (Rule 15 of total 337) .... done (Time = 0.00s, Memory = 16.0K)
Checking Rule SGDC_powerdomainoutputs02 (Rule 16 of total 337) .... done (Time = 0.00s, Memory = 8.0K)
Checking Rule SGDC_supply01 (Rule 17 of total 337) .... done (Time = 0.00s, Memory = 0.0K)
Checking Rule SGDC_waive01 (Rule 18 of total 337) .... done (Time = 0.00s, Memory = 0.0K)
Checking Rule SGDC_waive02 (Rule 19 of total 337) .... done (Time = 0.00s, Memory = 0.0K)
Checking Rule SGDC_waive03 (Rule 20 of total 337) .... done (Time = 0.00s, Memory = 0.0K)
Checking Rule SGDC_waive04 (Rule 21 of total 337) .... done (Time = 0.00s, Memory = 0.0K)
Checking Rule SGDC_waive05 (Rule 22 of total 337) .... done (Time = 0.00s, Memory = -2304.0K)
Checking Rule SGDC_waive06 (Rule 23 of total 337) .... done (Time = 0.00s, Memory = 0.0K)
Checking Rule SGDC_waive07 (Rule 24 of total 337) .... done (Time = 0.00s, Memory = -8.0K)
Checking Rule SGDC_waive08 (Rule 25 of total 337) .... done (Time = 0.00s, Memory = 0.0K)
Checking Rule SGDC_waive09 (Rule 26 of total 337) .... done (Time = 0.00s, Memory = 0.0K)
Checking Rule SGDC_waive10 (Rule 27 of total 337) .... done (Time = 0.00s, Memory = 0.0K)
Checking Rule SGDC_waive11 (Rule 28 of total 337) .... done (Time = 0.00s, Memory = 0.0K)
Checking Rule SGDC_waive12 (Rule 29 of total 337) .... done (Time = 0.00s, Memory = 0.0K)
Checking Rule SGDC_waive13 (Rule 30 of total 337) .... done (Time = 0.00s, Memory = 0.0K)
Checking Rule SGDC_waive21 (Rule 31 of total 337) .... done (Time = 0.00s, Memory = 0.0K)
Checking Rule SGDC_waive22 (Rule 32 of total 337) .... done (Time = 0.00s, Memory = 16.0K)
Checking Rule SGDC_waive30 (Rule 33 of total 337) .... done (Time = 0.00s, Memory = 0.0K)
Checking Rule SGDC_waive32 (Rule 34 of total 337) .... done (Time = 0.00s, Memory = 0.0K)
Checking Rule SGDC_waive33 (Rule 35 of total 337) .... done (Time = 0.00s, Memory = 0.0K)
Checking Rule SGDC_waive36 (Rule 36 of total 337) .... done (Time = 0.00s, Memory = 0.0K)
Checking Rule SGDC_waive38 (Rule 37 of total 337) .... done (Time = 0.00s, Memory = 0.0K)
Checking Rule SGDC_fifo01 (Rule 38 of total 337) .... done (Time = 0.00s, Memory = 0.0K)
Checking Rule SGDC_libgroup01 (Rule 39 of total 337) .... done (Time = 0.00s, Memory = 0.0K)
Checking Rule SGDC_libgroup02 (Rule 40 of total 337) .... done (Time = 0.00s, Memory = 0.0K)
Checking Rule SGDC_libgroup04 (Rule 41 of total 337) .... done (Time = 0.00s, Memory = 0.0K)
Checking Rule SGDC_power_data01 (Rule 42 of total 337) .... done (Time = 0.00s, Memory = 8.0K)
Checking Rule SGDC_ungroup01 (Rule 43 of total 337) .... done (Time = 0.00s, Memory = 0.0K)
Checking Rule SGDC_abstract_port06 (Rule 44 of total 337) .... done (Time = 0.00s, Memory = 8.0K)
Checking Rule SGDC_abstract_port14 (Rule 45 of total 337) .... done (Time = 0.00s, Memory = 8.0K)
Checking Rule SGDC_abstract_port15 (Rule 46 of total 337) .... done (Time = 0.00s, Memory = 0.0K)
Checking Rule SGDC_abstract_port18 (Rule 47 of total 337) .... done (Time = 0.00s, Memory = 0.0K)
Checking Rule sdc_init_rule (Rule 48 of total 337) .... done (Time = 0.00s, Memory = 0.0K)
Checking Rule CMD_ignorelibs01 (Rule 49 of total 337) .... done (Time = 0.00s, Memory = 0.0K)
Checking Rule ReportRuleNotRun (Rule 50 of total 337) .... done (Time = 0.03s, Memory = 16.0K)
Checking Rule ReserveName (Rule 51 of total 337) .... done (Time = 0.00s, Memory = 0.0K)
Checking Rule ReserveName (Rule 52 of total 337) .... done (Time = 0.00s, Memory = 0.0K)
Checking Rule STARC05-2.3.1.2c (Rule 53 of total 337) .... done (Time = 0.00s, Memory = 0.0K)
Checking Rule W442a (Rule 54 of total 337) .... done (Time = 0.00s, Memory = 0.0K)
Checking Rule W442b (Rule 55 of total 337) .... done (Time = 0.00s, Memory = 0.0K)
Checking Rule W442c (Rule 56 of total 337) .... done (Time = 0.00s, Memory = 0.0K)
Checking Rule W442f (Rule 57 of total 337) .... done (Time = 0.00s, Memory = 0.0K)
Checking Rule W561 (Rule 58 of total 337) .... done (Time = 0.00s, Memory = 0.0K)
Checking Rule mixedsenselist (Rule 59 of total 337) .... done (Time = 0.00s, Memory = 0.0K)
Checking Rule badimplicitSM1 (Rule 60 of total 337) .... done (Time = 0.00s, Memory = 0.0K)
Checking Rule badimplicitSM2 (Rule 61 of total 337) .... done (Time = 0.00s, Memory = 0.0K)
Checking Rule badimplicitSM4 (Rule 62 of total 337) .... done (Time = 0.00s, Memory = 0.0K)
Checking Rule bothedges (Rule 63 of total 337) .... done (Time = 0.00s, Memory = 0.0K)
Checking Rule infiniteloop (Rule 64 of total 337) .... done (Time = 0.00s, Memory = 0.0K)
Checking Rule BlockHeader (Rule 65 of total 337) .... done (Time = 0.00s, Memory = 0.0K)
Checking Rule W421 (Rule 66 of total 337) .... done (Time = 0.00s, Memory = 0.0K)
Checking Rule ReserveNameSystemVerilog-ML (Rule 67 of total 337) .... done (Time = 0.00s, Memory = 0.0K)
Checking Rule ReserveNameSystemVerilog-ML (Rule 68 of total 337) .... done (Time = 0.00s, Memory = 0.0K)
Checking Rule STARC05-2.1.6.5 (Rule 69 of total 337) .... done (Time = 0.00s, Memory = 0.0K)
Checking Rule ReportStopSummary (Rule 70 of total 337) .... done (Time = 0.00s, Memory = 0.0K)
Checking Rule ReportIgnoreSummary (Rule 71 of total 337) .... done (Time = 0.00s, Memory = 0.0K)
##SGDEBUG [BENCHMARK_ABSOLUTE]: Analysis started: 5 sec, 4.91 sec, 620812 KB, 3041248 KB
##SGDEBUG [BENCHMARK_INCR]: Analysis started: 5 sec, 4.91 sec, 620812 KB, 3041248 KB
 Analyzing source file "alu.v" ....
##SGDEBUG [BENCHMARK_ABSOLUTE]: Analysis finished: 5 sec, 4.93 sec, 686436 KB, 3041248 KB
##SGDEBUG [BENCHMARK_INCR]: Analysis finished: 0 sec, 0.02 sec, 65624 KB, 0 KB
##SGDEBUG [BENCHMARK_ABSOLUTE]: Elaboration started: 5 sec, 4.93 sec, 686436 KB, 3041248 KB
##SGDEBUG [BENCHMARK_INCR]: Elaboration started: 0 sec, 0.00 sec, 0 KB, 0 KB
 Elaborating Top Verilog Design Unit 'alu' .....
 done
##SGDEBUG [BENCHMARK_ABSOLUTE]: Elaboration finished: 5 sec, 4.93 sec, 754412 KB, 3041248 KB
##SGDEBUG [BENCHMARK_INCR]: Elaboration finished: 0 sec, 0.00 sec, 67976 KB, 0 KB
##SGDEBUG [BENCHMARK_ABSOLUTE]: RTL Semantic Checker started: 5 sec, 4.93 sec, 754412 KB, 3041248 KB
##SGDEBUG [BENCHMARK_INCR]: RTL Semantic Checker started: 0 sec, 0.00 sec, 0 KB, 0 KB
##SGDEBUG [BENCHMARK_ABSOLUTE]: RTL Semantic Checker finished: 5 sec, 4.93 sec, 752108 KB, 3041248 KB
##SGDEBUG [BENCHMARK_INCR]: RTL Semantic Checker finished: 0 sec, 0.00 sec, -2304 KB, 0 KB
Checking Rule ElabSummary (Rule 72 of total 337) .... done (Time = 0.00s, Memory = 2304.0K)
Checking Rule ReportCheckDataSummary (Rule 73 of total 337) .... done (Time = 0.00s, Memory = 8.0K)
 Reading waiver file "./spyglass-1/lint/lint_rtl_enhanced/spyglass_spysch/constraint/spg_autogenerated_waivers.sgdc" ...
 Generating SGDC file "./spyglass-1/lint/lint_rtl_enhanced/spyglass_spysch/constraint/pragma2Constraint.sgdc" from pragmas in HDL source files ....
 Generating WAIVER file "./spyglass-1/lint/lint_rtl_enhanced/spyglass_spysch/waiver/pragma2Waiver.swl" from pragmas in HDL source files ....
Checking Rule DetectTopDesignUnits (Rule 74 of total 337) Detected 1 top level design units: 
     alu
 .... done (Time = 0.00s, Memory = 0.0K)
Performing semantic checks on SGDC contents
..... SGDC semantic checks completed. (Time = 0.00s, Memory = 0.0K)
Checking Rule SGDC_testmode03 (Rule 75 of total 337) .... done (Time = 0.00s, Memory = 0.0K)
Checking Rule ReportObsoletePragmas (Rule 76 of total 337) .... done (Time = 0.00s, Memory = 0.0K)
Checking Rule checkSGDC_01 (Rule 77 of total 337) .... done (Time = 0.00s, Memory = 0.0K)
Checking Rule checkSGDC_03 (Rule 78 of total 337) .... done (Time = 0.00s, Memory = 0.0K)
Checking Rule checkSGDC_08 (Rule 79 of total 337) .... done (Time = 0.00s, Memory = 0.0K)
Checking Rule GenerateConfMap (Rule 80 of total 337) .... done (Time = 0.00s, Memory = 0.0K)
Checking Rule SGDC_memorywritepin04 (Rule 81 of total 337) .... done (Time = 0.00s, Memory = 8.0K)
Checking Rule SGDC_reset02 (Rule 82 of total 337) .... done (Time = 0.00s, Memory = 120.0K)
Checking Rule SGDC_reset03 (Rule 83 of total 337) .... done (Time = 0.00s, Memory = 8.0K)
Checking Rule SGDC_libgroup03 (Rule 84 of total 337) .... done (Time = 0.00s, Memory = 0.0K)
Checking Rule SGDC_ungroup02 (Rule 85 of total 337) .... done (Time = 0.00s, Memory = 0.0K)
Checking Rule HdlLibDuCheck (Rule 86 of total 337) .... done (Time = 0.00s, Memory = 0.0K)
Checking Rule RtlDesignInfo (Rule 87 of total 337)
##SGDEBUG [BENCHMARK_DATA]: Number of RTL Design Units = 1
##SGDEBUG: RTL statistics for Verilog design units:
##SGDEBUG[BENCHMARK_DATA]: RTL Ports = 9 57 4
##SGDEBUG[BENCHMARK_DATA]: RTL Insts = 4
##SGDEBUG[BENCHMARK_DATA]: RTL Nets = 11 115 11
##SGDEBUG[BENCHMARK_DATA]: RTL Terms = 8 0 0

##SGDEBUG: NOTE: Following estimated data is applicable for structural designs only.
##SGDEBUG:     In case of RTL designs, this data may differ significantly from the actual figure.
##SGDEBUG[BENCHMARK_DATA]: Estimated Flat Insts = 1
##SGDEBUG[BENCHMARK_DATA]: Estimated Flat Nets = 0
##SGDEBUG[BENCHMARK_DATA]: Estimated Flat Terms = 57
##SGDEBUG[BENCHMARK_DATA]: Estimated Flat Paths = 0
 .... done (Time = 0.00s, Memory = 0.0K)
Checking Rule W339a (Rule 88 of total 337) .... done (Time = 0.00s, Memory = 0.0K)
Checking Rule W416 (Rule 89 of total 337) .... done (Time = 0.00s, Memory = 0.0K)
Checking Rule mixedsenselist (Rule 90 of total 337) .... done (Time = 0.00s, Memory = 0.0K)
Checking Rule W110a (Rule 91 of total 337) .... done (Time = 0.00s, Memory = 0.0K)
Checking Rule preReq_ConsCase (Rule 92 of total 337) .... done (Time = 0.00s, Memory = 0.0K)
Checking Rule CheckCelldefine (Rule 93 of total 337) .... done (Time = 0.00s, Memory = 0.0K)
Checking Rule SGDC_waive23 (Rule 94 of total 337) .... done (Time = 0.00s, Memory = 0.0K)
Checking Rule SGDC_waive26 (Rule 95 of total 337) .... done (Time = 0.00s, Memory = 0.0K)
Checking Rule SGDC_waive27 (Rule 96 of total 337) .... done (Time = 0.00s, Memory = 0.0K)
Checking Rule SGDC_waive29 (Rule 97 of total 337) .... done (Time = 0.00s, Memory = 0.0K)
Checking Rule STARC05-1.1.1.1 (Rule 98 of total 337) .... done (Time = 0.00s, Memory = 0.0K)
Checking Rule STARC05-2.3.1.5b (Rule 99 of total 337) .... done (Time = 0.00s, Memory = 0.0K)
Checking Rule STARC05-2.8.1.5 (Rule 100 of total 337) .... done (Time = 0.00s, Memory = 0.0K)
Checking Rule STARC05-2.8.5.1 (Rule 101 of total 337) .... done (Time = 0.00s, Memory = 0.0K)
Checking Rule STARC05-2.9.1.2a (Rule 102 of total 337) .... done (Time = 0.00s, Memory = 0.0K)
Checking Rule STARC05-2.9.1.2b (Rule 103 of total 337) .... done (Time = 0.00s, Memory = 2280.0K)
Checking Rule STARC05-2.11.3.1 (Rule 104 of total 337) .... done (Time = 0.00s, Memory = 0.0K)
Checking Rule STARC05-1.1.1.1 (Rule 105 of total 337) .... done (Time = 0.00s, Memory = 0.0K)
Checking Rule STARC05-2.3.4.1 (Rule 106 of total 337) .... done (Time = 0.01s, Memory = 8.0K)
Checking Rule W127 (Rule 107 of total 337) .... done (Time = 0.00s, Memory = 0.0K)
Checking Rule W193 (Rule 108 of total 337) .... done (Time = 0.00s, Memory = 0.0K)
Checking Rule W317 (Rule 109 of total 337) .... done (Time = 0.00s, Memory = 0.0K)
Checking Rule W422 (Rule 110 of total 337) .... done (Time = 0.00s, Memory = 0.0K)
Checking Rule W426 (Rule 111 of total 337) .... done (Time = 0.00s, Memory = 0.0K)
Checking Rule W464 (Rule 112 of total 337) .... done (Time = 0.00s, Memory = 0.0K)
Checking Rule W479 (Rule 113 of total 337) .... done (Time = 0.00s, Memory = 0.0K)
Checking Rule W480 (Rule 114 of total 337) .... done (Time = 0.00s, Memory = 0.0K)
Checking Rule W481a (Rule 115 of total 337) .... done (Time = 0.00s, Memory = 32.0K)
Checking Rule W481b (Rule 116 of total 337) .... done (Time = 0.00s, Memory = 0.0K)
Checking Rule W527 (Rule 117 of total 337) .... done (Time = 0.00s, Memory = 0.0K)
Checking Rule W422 (Rule 118 of total 337) .... done (Time = 0.00s, Memory = 0.0K)
Checking Rule W292 (Rule 119 of total 337) .... done (Time = 0.00s, Memory = 0.0K)
Checking Rule W464 (Rule 120 of total 337) .... done (Time = 0.00s, Memory = 0.0K)
Checking Rule W71 (Rule 121 of total 337) .... done (Time = 0.00s, Memory = 0.0K)
Checking Rule W167 (Rule 122 of total 337) .... done (Time = 0.00s, Memory = 104.0K)
Checking Rule W167 (Rule 123 of total 337) .... done (Time = 0.00s, Memory = 0.0K)
Checking Rule W293 (Rule 124 of total 337) .... done (Time = 0.00s, Memory = 0.0K)
Checking Rule W398 (Rule 125 of total 337) .... done (Time = 0.00s, Memory = 0.0K)
Checking Rule W421 (Rule 126 of total 337) .... done (Time = 0.00s, Memory = 0.0K)
Checking Rule W424 (Rule 127 of total 337) .... done (Time = 0.00s, Memory = 0.0K)
Checking Rule W443 (Rule 128 of total 337) .... done (Time = 0.00s, Memory = 0.0K)
Checking Rule W444 (Rule 129 of total 337) .... done (Time = 0.00s, Memory = 0.0K)
Checking Rule W467 (Rule 130 of total 337) .... done (Time = 0.00s, Memory = 0.0K)
Checking Rule UnrecSynthDir-ML (Rule 131 of total 337) .... done (Time = 0.00s, Memory = 0.0K)
Checking Rule UnrecSynthDir-ML (Rule 132 of total 337) .... done (Time = 0.00s, Memory = 0.0K)
Checking Rule PragmaComments-ML (Rule 133 of total 337) .... done (Time = 0.01s, Memory = 0.0K)
Checking Rule PragmaComments-ML (Rule 134 of total 337) .... done (Time = 0.00s, Memory = 0.0K)
Checking Rule CheckDelayTimescale-ML (Rule 135 of total 337) .... done (Time = 0.00s, Memory = 0.0K)
Checking Rule Prereqs_CheckTimeUnitandPrecision-ML (Rule 136 of total 337) .... done (Time = 0.00s, Memory = 24.0K)
Checking Rule NoGenLabel-ML (Rule 137 of total 337) .... done (Time = 0.00s, Memory = 0.0K)
Checking Rule SetBeforeRead-ML (Rule 138 of total 337) .... done (Time = 0.00s, Memory = 0.0K)
Checking ELABDU Rules for designUnit alu
    Checking Rule Prereqs_InferLatch (Rule 139 of total 337) .... done (Time = 0.00s, Memory = 8.0K)
    Checking Rule STARC05-2.1.4.5 (Rule 140 of total 337) .... done (Time = 0.00s, Memory = 0.0K)
    Checking Rule STARC05-2.1.5.3 (Rule 141 of total 337) .... done (Time = 0.00s, Memory = 0.0K)
    Checking Rule STARC05-2.2.3.3 (Rule 142 of total 337) .... done (Time = 0.00s, Memory = -16.0K)
    Checking Rule STARC05-2.3.1.6 (Rule 143 of total 337) .... done (Time = 0.00s, Memory = 0.0K)
    Checking Rule STARC05-2.10.2.3 (Rule 144 of total 337) .... done (Time = 0.00s, Memory = 0.0K)
    Checking Rule STARC05-2.10.3.2a (Rule 145 of total 337) .... done (Time = 0.00s, Memory = 0.0K)
    Checking Rule STARC05-2.11.3.1 (Rule 146 of total 337) .... done (Time = 0.00s, Memory = 0.0K)
    Checking Rule STARC05-2.1.1.2 (Rule 147 of total 337) .... done (Time = 0.05s, Memory = 8.0K)
    Checking Rule STARC05-2.1.3.1 (Rule 148 of total 337) .... done (Time = 0.00s, Memory = 0.0K)
    Checking Rule STARC05-2.8.1.3 (Rule 149 of total 337) .... done (Time = 0.00s, Memory = 0.0K)
    Checking Rule STARC05-2.10.1.4a (Rule 150 of total 337) .... done (Time = 0.00s, Memory = 0.0K)
    Checking Rule STARC05-2.10.1.4b (Rule 151 of total 337) .... done (Time = 0.00s, Memory = 8.0K)
    Checking Rule STARC05-2.8.1.3 (Rule 152 of total 337) .... done (Time = 0.00s, Memory = 0.0K)
    Checking Rule sim_race02 (Rule 153 of total 337) .... done (Time = 0.00s, Memory = 0.0K)
    Checking Rule W239 (Rule 154 of total 337) .... done (Time = 0.00s, Memory = 0.0K)
    Checking Rule W110 (Rule 155 of total 337) .... done (Time = 0.00s, Memory = 0.0K)
    Checking Rule W122 (Rule 156 of total 337) .... done (Time = 0.00s, Memory = 0.0K)
    Checking Rule W163 (Rule 157 of total 337) .... done (Time = 0.00s, Memory = 0.0K)
    Checking Rule W552 (Rule 158 of total 337) .... done (Time = 0.00s, Memory = 0.0K)
    Checking Rule W553 (Rule 159 of total 337) .... done (Time = 0.00s, Memory = 0.0K)
    Checking Rule W496a (Rule 160 of total 337) .... done (Time = 0.00s, Memory = 0.0K)
    Checking Rule W496b (Rule 161 of total 337) .... done (Time = 0.00s, Memory = 0.0K)
    Checking Rule W19 (Rule 162 of total 337) .... done (Time = 0.00s, Memory = 0.0K)
    Checking Rule W66 (Rule 163 of total 337) .... done (Time = 0.00s, Memory = 0.0K)
    Checking Rule W116 (Rule 164 of total 337) .... done (Time = 0.00s, Memory = -2304.0K)
    Checking Rule W123 (Rule 165 of total 337) .... done (Time = 0.00s, Memory = 16.0K)
    Checking Rule W156 (Rule 166 of total 337) .... done (Time = 0.00s, Memory = 0.0K)
    Checking Rule W188 (Rule 167 of total 337) .... done (Time = 0.00s, Memory = 0.0K)
    Checking Rule W215 (Rule 168 of total 337) .... done (Time = 0.00s, Memory = 0.0K)
    Checking Rule W216 (Rule 169 of total 337) .... done (Time = 0.00s, Memory = 0.0K)
    Checking Rule W218 (Rule 170 of total 337) .... done (Time = 0.00s, Memory = 0.0K)
    Checking Rule W238 (Rule 171 of total 337) .... done (Time = 0.00s, Memory = 0.0K)
    Checking Rule W245 (Rule 172 of total 337) .... done (Time = 0.00s, Memory = 0.0K)
    Checking Rule W263 (Rule 173 of total 337) .... done (Time = 0.00s, Memory = 0.0K)
    Checking Rule W289 (Rule 174 of total 337) .... done (Time = 0.00s, Memory = 0.0K)
    Checking Rule W314 (Rule 175 of total 337) .... done (Time = 0.00s, Memory = 24.0K)
    Checking Rule W316 (Rule 176 of total 337) .... done (Time = 0.00s, Memory = 2272.0K)
    Checking Rule W337 (Rule 177 of total 337) .... done (Time = 0.00s, Memory = 0.0K)
    Checking Rule W342 (Rule 178 of total 337) .... done (Time = 0.00s, Memory = 8.0K)
    Checking Rule W343 (Rule 179 of total 337) .... done (Time = 0.00s, Memory = 0.0K)
    Checking Rule W416 (Rule 180 of total 337) .... done (Time = 0.00s, Memory = 0.0K)
    Checking Rule W352 (Rule 181 of total 337) .... done (Time = 0.00s, Memory = 0.0K)
    Checking Rule W362 (Rule 182 of total 337) .... done (Time = 0.00s, Memory = 0.0K)
    Checking Rule W423 (Rule 183 of total 337) .... done (Time = 0.00s, Memory = 0.0K)
    Checking Rule W486 (Rule 184 of total 337) .... done (Time = 0.01s, Memory = 0.0K)
    Checking Rule W499 (Rule 185 of total 337) .... done (Time = 0.00s, Memory = 16.0K)
    Checking Rule W502 (Rule 186 of total 337) .... done (Time = 0.00s, Memory = 0.0K)
    Checking Rule W575 (Rule 187 of total 337) .... done (Time = 0.00s, Memory = 0.0K)
    Checking Rule W576 (Rule 188 of total 337) .... done (Time = 0.00s, Memory = 0.0K)
    Checking Rule W116 (Rule 189 of total 337) .... done (Time = 0.00s, Memory = 0.0K)
    Checking Rule W122 (Rule 190 of total 337) .... done (Time = 0.00s, Memory = 0.0K)
    Checking Rule W123 (Rule 191 of total 337) .... done (Time = 0.00s, Memory = 0.0K)
    Checking Rule W156 (Rule 192 of total 337) .... done (Time = 0.00s, Memory = 0.0K)
    Checking Rule W71 (Rule 193 of total 337) .... done (Time = 0.00s, Memory = 0.0K)
    Checking Rule W164a (Rule 194 of total 337) .... done (Time = 0.00s, Memory = -8.0K)
    Checking Rule W164a (Rule 195 of total 337) .... done (Time = 0.00s, Memory = 0.0K)
    Checking Rule W164b (Rule 196 of total 337) .... done (Time = 0.00s, Memory = -8.0K)
    Checking Rule W164b (Rule 197 of total 337) .... done (Time = 0.00s, Memory = 0.0K)
    Checking Rule W210 (Rule 198 of total 337) .... done (Time = 0.00s, Memory = 0.0K)
    Checking Rule W210 (Rule 199 of total 337) .... done (Time = 0.00s, Memory = 0.0K)
    Checking Rule W240 (Rule 200 of total 337) .... done (Time = 0.00s, Memory = 0.0K)
    Checking Rule W240 (Rule 201 of total 337) .... done (Time = 0.00s, Memory = 0.0K)
    Checking Rule W241 (Rule 202 of total 337) .... done (Time = 0.00s, Memory = 0.0K)
    Checking Rule W241 (Rule 203 of total 337) .... done (Time = 0.00s, Memory = 0.0K)
    Checking Rule W287a (Rule 204 of total 337) .... done (Time = 0.00s, Memory = 0.0K)
    Checking Rule W287c (Rule 205 of total 337) .... done (Time = 0.01s, Memory = 0.0K)
    Checking Rule W293 (Rule 206 of total 337) .... done (Time = 0.00s, Memory = 0.0K)
    Checking Rule W398 (Rule 207 of total 337) .... done (Time = 0.00s, Memory = 0.0K)
    Checking Rule W424 (Rule 208 of total 337) .... done (Time = 0.00s, Memory = 0.0K)
    Checking Rule W443 (Rule 209 of total 337) .... done (Time = 0.00s, Memory = 0.0K)
    Checking Rule W444 (Rule 210 of total 337) .... done (Time = 0.00s, Memory = 0.0K)
    Checking Rule W467 (Rule 211 of total 337) .... done (Time = 0.00s, Memory = 0.0K)
    Checking Rule W494 (Rule 212 of total 337) .... done (Time = 0.00s, Memory = 8.0K)
    Checking Rule W494 (Rule 213 of total 337) .... done (Time = 0.00s, Memory = 0.0K)
    Checking Rule W505 (Rule 214 of total 337) .... done (Time = 0.00s, Memory = 0.0K)
    Checking Rule W505 (Rule 215 of total 337) .... done (Time = 0.00s, Memory = 0.0K)
    Checking Rule Prereqs_Usage (Rule 216 of total 337) .... done (Time = 0.00s, Memory = -16.0K)
    Checking Rule Prereqs_ConstantInput-ML (Rule 217 of total 337) .... done (Time = 0.00s, Memory = 0.0K)
    Checking Rule ReportPortInfo-ML (Rule 218 of total 337) .... done (Time = 0.00s, Memory = 8.0K)
    Checking Rule Prereqs_ReportPortInfo-ML (Rule 219 of total 337) .... done (Time = 0.00s, Memory = 0.0K)
    Checking Rule Prereqs_ReportPortInfo-ML (Rule 220 of total 337) .... done (Time = 0.00s, Memory = 0.0K)
    Checking Rule DisallowCaseX-ML (Rule 221 of total 337) .... done (Time = 0.00s, Memory = 0.0K)
    Checking Rule NoAssignX-ML (Rule 222 of total 337) .... done (Time = 0.00s, Memory = 0.0K)
    Checking Rule InstPortConnType-ML (Rule 223 of total 337) .... done (Time = 0.00s, Memory = 0.0K)
    Checking Rule ParamWidthMismatch-ML (Rule 224 of total 337) .... done (Time = 0.00s, Memory = 0.0K)
    Checking Rule DuplicateCaseLabel-ML (Rule 225 of total 337) .... done (Time = 0.00s, Memory = 0.0K)
    Checking Rule AutomaticFuncTask-ML (Rule 226 of total 337) .... done (Time = 0.00s, Memory = 0.0K)
    Checking Rule SetBeforeRead-ML (Rule 227 of total 337) .... done (Time = 0.00s, Memory = 8.0K)
    Checking Rule SigAssignZ-ML (Rule 228 of total 337) .... done (Time = 0.00s, Memory = 0.0K)
    Checking Rule Postreqs_Usage_ML (Rule 229 of total 337) .... done (Time = 0.00s, Memory = 0.0K)
    Checking Rule ImproperRangeIndex-ML (Rule 230 of total 337) .... done (Time = 0.01s, Memory = 16.0K)
    Checking Rule NoXInCase-ML (Rule 231 of total 337) .... done (Time = 0.00s, Memory = 0.0K)
    Checking Rule SigAssignZ-ML (Rule 232 of total 337) .... done (Time = 0.00s, Memory = 0.0K)
Checking ELABDU Rules for designUnit alu
##SGDEBUG [BENCHMARK_ABSOLUTE]: Restoring NOM started: 6 sec, 5.93 sec, 753692 KB, 3041248 KB
##SGDEBUG [BENCHMARK_INCR]: Restoring NOM started: 1 sec, 1.00 sec, 1584 KB, 0 KB

INFO [235]    Restoring design database from directory './spyglass-1/.SG_SaveRestoreDB/autogenerated__default_snapshot' ...
              done

##SGDEBUG [BENCHMARK_ABSOLUTE]: Restoring NOM completed: 6 sec, 5.96 sec, 790812 KB, 3041248 KB
##SGDEBUG [BENCHMARK_INCR]: Restoring NOM completed: 0 sec, 0.03 sec, 37120 KB, 0 KB
     (Memory Used = 37120.0K(incr), 790812.0K(tot), Cpu Time = 0.04s(incr))
Checking Rule InferBlackBox (Rule 233 of total 337) .... done (Time = 0.00s, Memory = 0.0K)
##SGDEBUG [BENCHMARK_DATA]: Number of NOM Modules = 1
##SGDEBUG [BENCHMARK_DATA]: Number of NOM Instances = 1337
##SGDEBUG [BENCHMARK_DATA]: Number of NOM Nets = 4624
##SGDEBUG [BENCHMARK_DATA]: Number of NOM Terminals = 16697
##SGDEBUG [BENCHMARK_DATA]: Number of NOM Instances per Module (max and avg) = 1337, 1337
Checking Rule checkCMD_mthresh (Rule 234 of total 337) .... done (Time = 0.00s, Memory = 0.0K)
##SGDEBUG [BENCHMARK_ABSOLUTE]: Restoring SDE Data started: 6 sec, 6.00 sec, 791620 KB, 3041248 KB
##SGDEBUG [BENCHMARK_INCR]: Restoring SDE Data started: 0 sec, 0.03 sec, 808 KB, 0 KB
##SGDEBUG [BENCHMARK_ABSOLUTE]: Restoring SDE Data completed: 6 sec, 6.00 sec, 791668 KB, 3041248 KB
##SGDEBUG [BENCHMARK_INCR]: Restoring SDE Data completed: 0 sec, 0.00 sec, 48 KB, 0 KB
     (Memory Used = 32.0K(incr), 791668.0K(tot), Cpu Time = 0.00s(incr))
Checking Rule SGDC_waive37 (Rule 235 of total 337) .... done (Time = 0.00s, Memory = 0.0K)
Checking Rule Prereq_IntClock for module alu (Rule 236 of total 337) .... done (Time = 0.00s, Memory = 0.0K)
Checking Rule STARC05-2.2.3.1 for module alu (Rule 237 of total 337) .... done (Time = 0.00s, Memory = 0.0K)
Checking Rule Prereqs_sim_race07 for module alu (Rule 238 of total 337) .... done (Time = 0.00s, Memory = 0.0K)
Checking Rule W336 for module alu (Rule 239 of total 337) .... done (Time = 0.00s, Memory = 0.0K)
Checking Rule W414 for module alu (Rule 240 of total 337) .... done (Time = 0.00s, Memory = 0.0K)
Checking Rule W438 for module alu (Rule 241 of total 337) .... done (Time = 0.00s, Memory = 0.0K)
Checking Rule W450L for module alu (Rule 242 of total 337) .... done (Time = 0.00s, Memory = 0.0K)
Checking Rule TristatePort-ML for module alu (Rule 243 of total 337) .... done (Time = 0.00s, Memory = 0.0K)
Checking Rule TristateSig-ML for module alu (Rule 244 of total 337) .... done (Time = 0.00s, Memory = 0.0K)
Checking Rule STARC05-2.5.1.7 for module alu (Rule 245 of total 337) .... done (Time = 0.00s, Memory = 0.0K)
Checking Rule STARC05-2.5.1.9 for module alu (Rule 246 of total 337) .... done (Time = 0.00s, Memory = 0.0K)
Performing semantic checks on SGDC contents
..... SGDC semantic checks completed. (Time = 0.00s, Memory = 0.0K)
Checking Rule SGDC_testmode03 (Rule 75 of total 337) .... done (Time = 0.00s, Memory = 0.0K)
Checking Rule _abstractPortSGDC (Rule 247 of total 337) .... done (Time = 0.00s, Memory = 0.0K)
Checking Rule SGDC_abstract_port03 (Rule 248 of total 337) .... done (Time = 0.00s, Memory = 0.0K)
Checking Rule SGDC_abstract_port04 (Rule 249 of total 337) .... done (Time = 0.00s, Memory = 0.0K)
Checking Rule SGDC_abstract_port05 (Rule 250 of total 337) .... done (Time = 0.00s, Memory = 0.0K)
Checking Rule SGDC_abstract_port07 (Rule 251 of total 337) .... done (Time = 0.00s, Memory = 0.0K)
Checking Rule SGDC_abstract_port08 (Rule 252 of total 337) .... done (Time = 0.00s, Memory = 0.0K)
Checking Rule SGDC_abstract_port10 (Rule 253 of total 337) .... done (Time = 0.01s, Memory = 8.0K)
Checking Rule SGDC_abstract_port11 (Rule 254 of total 337) .... done (Time = 0.00s, Memory = 0.0K)
Checking Rule SGDC_abstract_port12 (Rule 255 of total 337) .... done (Time = 0.00s, Memory = 0.0K)
Checking Rule SGDC_abstract_port13 (Rule 256 of total 337) .... done (Time = 0.00s, Memory = 0.0K)
Checking Rule HangingNetPreReq-ML (Rule 257 of total 337) .... done (Time = 0.00s, Memory = 0.0K)
Checking Rule ReportUngroup (Rule 258 of total 337) .... done (Time = 0.00s, Memory = 0.0K)
Checking Rule LINT_portReten (Rule 259 of total 337) .... done (Time = 0.00s, Memory = 0.0K)
Checking Rule SGDC_abstract_port21 (Rule 260 of total 337) .... done (Time = 0.00s, Memory = 0.0K)
Checking Rule InferLatch (Rule 261 of total 337) .... done (Time = 0.01s, Memory = 32.0K)
Checking Rule UndrivenOutPort-ML (Rule 262 of total 337) .... done (Time = 0.01s, Memory = -8.0K)
Checking Rule UndrivenInTerm-ML (Rule 263 of total 337) .... done (Time = 0.04s, Memory = 2304.0K)
Checking Rule UndrivenNet-ML (Rule 264 of total 337) .... done (Time = 0.00s, Memory = 0.0K)
Checking Rule NoFeedThrus-ML (Rule 265 of total 337) .... done (Time = 0.00s, Memory = 0.0K)
##SGDEBUG [BENCHMARK_ABSOLUTE]: VS rule checking finished...: 6 sec, 6.18 sec, 794004 KB, 3041248 KB
##SGDEBUG [BENCHMARK_INCR]: VS rule checking finished...: 0 sec, 0.18 sec, 2336 KB, 0 KB
##SGDEBUG [BENCHMARK_ABSOLUTE]: Elab View Deletion Finished: 6 sec, 6.19 sec, 728308 KB, 3041248 KB
##SGDEBUG [BENCHMARK_INCR]: Elab View Deletion Finished: 0 sec, 0.01 sec, -65696 KB, 0 KB
##SGDEBUG [BENCHMARK_ABSOLUTE]: After deleting RTL view: 6 sec, 6.19 sec, 660988 KB, 3041248 KB
##SGDEBUG [BENCHMARK_INCR]: After deleting RTL view: 0 sec, 0.00 sec, -67320 KB, 0 KB
Checking Rule SGDC_assume_path05 (Rule 266 of total 337) .... done (Time = 0.00s, Memory = 0.0K)
##SGDEBUG [BENCHMARK_ABSOLUTE]: Flattening started: 6 sec, 6.20 sec, 660084 KB, 3041248 KB
##SGDEBUG [BENCHMARK_INCR]: Flattening started: 0 sec, 0.00 sec, -904 KB, 0 KB
 Flattening alu (.lib instances separately flattened) ....
     (Memory Used = 2952.0K(incr), 663036.0K(tot), Cpu Time = 0.05s(incr))
 Flattening completed
##SGDEBUG [BENCHMARK_DATA]: Number of Flat Instances = 1337
##SGDEBUG [BENCHMARK_DATA]: Number of Flat Nets = 4507
##SGDEBUG [BENCHMARK_DATA]: Number of Flat Terms = 16306
##SGDEBUG [BENCHMARK_DATA]: Number of Flat Paths = 1
##SGDEBUG [BENCHMARK_DATA]: Number of Flat Ports = 61
##SGDEBUG [BENCHMARK_DATA]: Number of Black-Box Instances = 0
##SGDEBUG [BENCHMARK_DATA]: Number of Lib Instances = 0
##SGDEBUG [BENCHMARK_DATA]: Number of ILM Instances = 0
##SGDEBUG [BENCHMARK_ABSOLUTE]: Flattening finished: 6 sec, 6.23 sec, 663036 KB, 3041248 KB
##SGDEBUG [BENCHMARK_INCR]: Flattening finished: 0 sec, 0.03 sec, 2952 KB, 0 KB
Checking Rule SGDC_set_case_analysis_LC (Rule 267 of total 337) .... done (Time = 0.00s, Memory = 0.0K)
Checking Rule BufClock (Rule 268 of total 337) .... done (Time = 0.06s, Memory = 3896.0K)
Checking Rule CombLoop (Rule 269 of total 337) .... done (Time = 0.05s, Memory = 952.0K)
Checking Rule STARC05-2.5.1.2 (Rule 270 of total 337) .... done (Time = 0.00s, Memory = 0.0K)
Checking Rule STARC05-1.3.1.3 (Rule 271 of total 337) .... done (Time = 0.00s, Memory = 8.0K)
Checking Rule STARC05-1.4.3.2 (Rule 272 of total 337) .... done (Time = 0.00s, Memory = 0.0K)
Checking Rule STARC05-1.4.3.4 (Rule 273 of total 337) .... done (Time = 0.00s, Memory = 8.0K)
Checking Rule STARC-2.3.4.3 (Rule 274 of total 337) .... done (Time = 0.01s, Memory = 0.0K)
Checking Rule FlopClockConstant (Rule 275 of total 337) .... done (Time = 0.01s, Memory = 56.0K)
Checking Rule FlopSRConst (Rule 276 of total 337) .... done (Time = 0.00s, Memory = 0.0K)
Checking Rule checkPinConnectedToSupply (Rule 277 of total 337) .... done (Time = 0.00s, Memory = 0.0K)
Checking Rule sim_race07 (Rule 278 of total 337) .... done (Time = 0.05s, Memory = -2168.0K)
Checking Rule W402b (Rule 279 of total 337) .... done (Time = 0.00s, Memory = 56.0K)
Checking Rule W392 (Rule 280 of total 337) .... done (Time = 0.01s, Memory = 16.0K)
Checking Rule W415 (Rule 281 of total 337) .... done (Time = 0.00s, Memory = 0.0K)
Checking Rule W391 (Rule 282 of total 337) .... done (Time = 0.01s, Memory = 24.0K)
Checking Rule W401 (Rule 283 of total 337) .... done (Time = 0.00s, Memory = 2344.0K)
Checking Rule LatchFeedback (Rule 284 of total 337) .... done (Time = 0.04s, Memory = 136.0K)
Checking Rule SameControlNDataNet-ML (Rule 285 of total 337) .... done (Time = 0.01s, Memory = 0.0K)
Checking Rule STARC05-2.4.1.5 (Rule 286 of total 337) .... done (Time = 0.00s, Memory = 0.0K)
Checking Rule STARC05-1.2.1.2 (Rule 287 of total 337) .... done (Time = 0.00s, Memory = 0.0K)
Checking Rule AnalyzeBBox (Rule 288 of total 337) .... done (Time = 0.00s, Memory = 0.0K)
Checking Rule ReportCheckDataSummary (Rule 73 of total 337) .... done (Time = 0.00s, Memory = 40.0K)

Applying user specified and internally generated waivers on violation database .... done (Time = 0.01s)

Generating data for Console...
##SGDEBUG [PEAK_VMSIZE_END_RULE]: 3041248 KB for entire run at 'SDC2SGDCPARSEW_1.Init' stage
##SGDEBUG [PEAK_SWAP_MEMORY_END_RULE]: 0 KB for entire run
##SGDEBUG [VMPEAK_MEMORY]: 3047600 KB for entire run
##SGDEBUG [PEAK_RSS_MEMORY]: 654828 KB for entire run
##SGDEBUG [BENCHMARK_ABSOLUTE]: Rule checking finished: 7 sec, 6.80 sec, 664020 KB, 3041240 KB
##SGDEBUG [BENCHMARK_INCR]: Rule checking finished: 1 sec, 0.57 sec, 984 KB, -8 KB


=====================================================================================
							Rule Parameter Table
=====================================================================================

	PARAMETER-NAME                                     VALUE                DEFAULT VALUE
-------------------------------------------------------------------------------------
	-W416_vhdl_only                                    no                   no
	-allReserveWords                                   no                   no
	-allow_clk_in_condition                            no                   no
	-allow_clock_on_output_port                        no                   no
	-allow_combo_logic_base                            no                   no
	-allviol                                           no                   no
	-assume_driver_load                                yes                  no
	-attach_violation_tag                              no                   no
	-avoid_nba_always_latch                            no                   no
	-avoid_seq_logic                                   no                   no
	-categorize_violations                             no                   no
	-checkInHierarchy                                  yes                  yes
	-checkInstName                                     UNDEFINED            UNDEFINED
	-checkOperatorOverload                             yes                  yes
	-checkRTLCInst                                     yes                  no
	-check_all_pragmas                                 no                   no
	-check_always_block                                always_comb          always_comb
	-check_any_bit_for_xz                              no                   no
	-check_assign_pattern                              no                   no
	-check_bbox_driver                                 no                   no
	-check_case_insides                                no                   no
	-check_clock_cell                                  0                    0
	-check_clock_group_violations                      no                   no
	-check_complete_design                             no                   no
	-check_concat_max_width                            no                   no
	-check_counter_assignment                          no                   no
	-check_default_value                               yes                  yes
	-check_dependency                                  no                   no
	-check_dup_label                                   yes                  no
	-check_enum_decl                                   no                   no
	-check_explicit_width                              no                   no
	-check_gate_primitives                             no                   no
	-check_genvar                                      no                   no
	-check_implicit_senselist                          no                   no
	-check_inst_connections                            no                   no
	-check_latch                                       no                   no
	-check_loop_breakers                               no                   no
	-check_lrm_and_natural_width                       no                   no
	-check_names_space                                 module,interface,package module,interface,package
	-check_natural_width_for_static                    no                   no
	-check_natural_width_of_div                        no                   no
	-check_natural_width_of_modulo                     no                   no
	-check_natural_width_of_multiplication             no                   no
	-check_nested_decl                                 no                   no
	-check_only_cell_attr                              no                   no
	-check_output_ports                                no                   no
	-check_pad_concat                                  no                   no
	-check_parameter                                   no                   no
	-check_sequential                                  no                   no
	-check_set_option_v                                no                   no
	-check_shifted_only                                no                   no
	-check_shifted_width                               no                   no
	-check_sign_extend                                 no                   no
	-check_static_natural_width                        no                   no
	-check_static_value                                no                   no
	-check_subprogram                                  no                   no
	-check_temporary_flop                              no                   no
	-check_unsign_overflow                             no                   no
	-check_xassign_casedefault                         no                   no
	-checkconstassign                                  yes                  no
	-checkfullbus                                      no                   no
	-checkfullrecord                                   no                   no
	-checkfullstruct                                   no                   no
	-checksyncreset                                    yes                  yes
	-chkTopModule                                      no                   no
	-clk_EnableLatch                                   yes                  yes
	-combloop_waiver_compat                            no                   no
	-concat_size_based_width                           no                   no
	-concat_width_nf                                   no                   no
	-considerInoutAsOutput                             no                   no
	-consider_lrm_for_div                              no                   no
	-consider_sub_as_add                               no                   no
	-control_sig_detection_nf                          no                   no
	-datapath_or_control                               no                   no
	-debug_proc                                        no                   no
	-disable_rtl_deadcode                              no                   no
	-disable_signal_usage_report                       no                   no
	-do_not_run_W71                                    no                   no
	-dump_array_bits                                   no                   no
	-effort_level                                      100                  100
	-enableE2Q                                         yes                  no
	-enable_busmerging                                 no                   no
	-enable_caching                                    no                   no
	-enable_csv                                        no                   no
	-enable_latch_based_clusters                       no                   no
	-enable_rtl_deadcode                               no                   no
	-evaluate_for_loops                                no                   no
	-fast                                              no                   no
	-filter_mark_open                                  no                   no
	-flag_complex_nodes                                no                   no
	-flag_unconnected_out_flops                        no                   no
	-force_genclk_for_txv                              no                   no
	-force_handle_shift_op                             no                   no
	-generate_connpoint_report                         no                   no
	-genlabeltype                                      yes                  generate-if,generate-for,generate-case
	-handle_case_select                                64                   64
	-handle_equivalent_drivers                         yes                  no
	-handle_greybox                                    yes                  yes
	-handle_large_bus                                  no                   no
	-handle_latch_setreset                             no                   no
	-handle_lrm_param_in_shift                         no                   no
	-handle_negation_semantics                         no                   no
	-handle_shift_op                                   no                   no
	-handle_static_caselabels                          no                   no
	-handle_zero_padding                               no                   no
	-ignoreCellName                                    UNDEFINED            UNDEFINED
	-ignoreInteger                                     no                   no
	-ignoreLatchHierarchy                              UNDEFINED            UNDEFINED
	-ignoreModuleInstance                              yes                  no
	-ignoreNonStaticOverlap                            no                   no
	-ignoreRealLatch                                   no                   no
	-ignoreRtlBuffer                                   no                   no
	-ignoreSRlatch                                     no                   no
	-ignoreSeqProcess                                  no                   no
	-ignore_auto_function_return                       no                   no
	-ignore_case_compare_op                            no                   no
	-ignore_case_inside                                no                   no
	-ignore_cell                                       0                    0
	-ignore_concat_expr                                no                   no
	-ignore_conditional_expressions                    no                   no
	-ignore_counter_with_same_width                    no                   no
	-ignore_declarations                               no                   no
	-ignore_default_supply                             no                   no
	-ignore_deliberately_unconnected                   no                   no
	-ignore_dup_label_stmt                             no                   no
	-ignore_duplicates                                 no                   no
	-ignore_explicit_ports                             no                   no
	-ignore_file_path                                  no                   no
	-ignore_file_with_multiple_modules                 no                   no
	-ignore_flops                                      no                   no
	-ignore_forloop_indexes                            no                   no
	-ignore_fsm_counter                                no                   no
	-ignore_fullcase_default                           no                   no
	-ignore_greybox_driver                             no                   no
	-ignore_hanging_flop                               no                   no
	-ignore_hier_scope_var                             no                   no
	-ignore_inout                                      no                   no
	-ignore_integer_constant_labels                    no                   no
	-ignore_interface_locals                           no                   no
	-ignore_internal_loops                             no                   no
	-ignore_internal_nets                              no                   no
	-ignore_inverters                                  no                   no
	-ignore_iopad                                      no                   no
	-ignore_libcell_traversal                          no                   no
	-ignore_local_variables                            no                   no
	-ignore_memory                                     no                   no
	-ignore_mult_and_div                               no                   no
	-ignore_nested_modules                             no                   no
	-ignore_non_reset                                  no                   no
	-ignore_non_vector_signals                         no                   no
	-ignore_nonstatic_counter                          no                   no
	-ignore_nonstatic_leftshift                        no                   no
	-ignore_param_case_condition                       no                   no
	-ignore_param_type                                 no                   no
	-ignore_parameter_assignment                       no                   no
	-ignore_parameters                                 no                   no
	-ignore_same_case_item                             no                   no
	-ignore_signed_expressions                         no                   no
	-ignore_typedefs                                   no                   no
	-ignore_unique_and_priority                        no                   no
	-ignore_unloaded_inst                              no                   no
	-ignore_unused_flop                                no                   no
	-ignore_wildcard_operators                         no                   no
	-ignore_within_range_labels                        no                   no
	-latch_chain_max_length                            2                    2
	-library_gen_clock_naming                          yes                  yes
	-max_flop_count                                    3                    3
	-net_count                                         10                   10
	-netlist_clock_polarity                            yes                  yes
	-new_flow_width                                    yes                  yes
	-no_strict                                         UNDEFINED            UNDEFINED
	-nocheck_always_init                               no                   no
	-nocheckoverflow                                   W362                 no
	-overlappingLatchLoops                             yes                  yes
	-overlappingLoops                                  yes                  yes
	-populate_comboelements_for_minmax_in_fromto       no                   no
	-post_clock_group_population                       no                   no
	-pragma_list_ml                                    synopsys             synopsys
	-preserve_path                                     no                   no
	-process_complete_condop                           no                   no
	-pt                                                yes                  yes
	-reportHangingLatch                                no                   no
	-reportLatchHierarchy                              no                   no
	-reportLibLatch                                    no                   no
	-report_all_connections                            no                   no
	-report_all_messages                               no                   no
	-report_all_pins                                   no                   no
	-report_all_rst                                    no                   no
	-report_all_rst_count                              999999               999999
	-report_allclk                                     no                   no
	-report_allclk_optimized                           no                   no
	-report_blackbox_inst                              no                   no
	-report_clock_reset_loops                          no                   no
	-report_clock_use                                  no                   no
	-report_const_connect                              no                   no
	-report_floating_source                            no                   no
	-report_flop_clock_loop                            no                   no
	-report_flop_reset_loop                            yes                  no
	-report_if_blocks_only                             no                   no
	-report_inferred_cell                              no                   no
	-report_loop_var_expr                              no                   no
	-report_max_val_overflow                           no                   no
	-report_min_val_underflow                          no                   no
	-report_module_configuration                       no                   no
	-report_mux_select                                 yes                  yes
	-report_nonblocking_in_error                       no                   no
	-report_only_bitwise                               no                   no
	-report_only_from_one_hierarchy                    no                   no
	-report_semicolon                                  no                   no
	-report_single_violation                           no                   no
	-report_sorted_order                               yes                  yes
	-report_static_indexes                             no                   no
	-report_struct_name_only                           no                   no
	-report_underflow_expressions                      no                   no
	-report_unsign_negative_overflow                   no                   no
	-report_violation_type                             both                 both
	-reportalwayslatch                                 no                   no
	-reportconstassign                                 no                   no
	-reserve_names                                     spy_default_list     spy_default_list
	-reserve_names_vh                                  spy_default_list     spy_default_list
	-reset_gen_module                                  UNDEFINED            UNDEFINED
	-reset_synchronizer_modname                        sgdummy1,sgdummy2    sgdummy1,sgdummy2
	-search_const_net_extended                         yes                  yes
	-set_message_severity                              no                   no
	-show_all_sdc_violations                           no                   no
	-show_connected_net                                no                   no
	-show_sdc_progress                                 no                   no
	-sign_extend_func_names                            EXTEND,resize        EXTEND,resize
	-simplesense                                       no                   no
	-skip_lib_cell_checking                            no                   no
	-starc_file_ext_vhdl                               .vhd,.vhdl           .vhd,.vhdl
	-starc_file_ext_vlog                               .v,.sv               .v,.sv
	-stop_at_no_func_view                              no                   no
	-strict                                            CombLoop             no
	-supplyHigh                                        __null__             __null__
	-supplyLow                                         __null__             __null__
	-suppress_sdc_violation_in_abstract                no                   no
	-synth_dir_list                                    translate_off translate_on parallel_case full_case state_vector enum template dc_script_begin dc_script_end map_to_module return_port_name infer_mux infer_mux_override resource async_set_reset async_set_reset_local async_set_reset_local_all sync_set_reset sync_set_reset_local sync_set_reset_local_all infer_multibit dont_infer_multibit label_applies_to label one_cold one_hot translate_off translate_on parallel_case full_case state_vector enum template dc_script_begin dc_script_end map_to_module return_port_name infer_mux infer_mux_override resource async_set_reset async_set_reset_local async_set_reset_local_all sync_set_reset sync_set_reset_local sync_set_reset_local_all infer_multibit dont_infer_multibit label_applies_to label one_cold one_hot
	-tc_cache_empty_collections                        no                   no
	-tc_disable_caching                                no                   no
	-tc_disable_ignored_command_dump                   yes                  yes
	-tc_enable_sdc_393                                 no                   no
	-tc_ignored_commands                               unspecified          unspecified
	-tc_stop_parsing_ignored_commands                  yes                  yes
	-traverse_function                                 no                   no
	-traverse_through_mux                              no                   no
	-treat_concat_assign_separately                    no                   no
	-treat_latch_as_combinational                      yes                  no
	-truncate_through                                  yes                  yes
	-use_carry_bit                                     W164a,W164b          W164a,W164b
	-use_lrm_width                                     no                   no
	-use_new_message                                   no                   no
	-use_secondary_message                             no                   no
	-verilint_compat                                   no                   no
	-waiver_compat                                     no                   no
	-write_sdc                                         no                   no
=====================================================================================



=====================================================================================
                               Rule Status Table

 RULE-NAME                      POLICY-NAME     ENABLED VIOL-CNT RULE-TYPE   ERROR-MSG         
=====================================================================================
 STARC05-2.2.2.2a     (VHDL   ) starc2005       No             - ELABDU         -               
 STARC05-3.1.3.5      (VHDL   ) starc2005       No             - RTLDULIST      -               
 STARC05-2.10.1.3     (VHDL   ) starc2005       No             - RTLDULIST      -               
 STARC05-2.10.7.1     (VHDL   ) starc2005       No             - RTLDULIST      -               
 STARC05-3.2.4.1      (VHDL   ) starc2005       No             - RTLDU          -               
 STARC05-2.1.1.3      (VHDL   ) starc2005       No             - RTLDULIST      -               
 STARC05-2.10.4.8     (VHDL   ) starc2005       No             - RTLDULIST      -               
 STARC05-2.10.4.7     (VHDL   ) starc2005       No             - RTLDULIST      -               
 STARC05-2.3.1.9      (VHDL   ) starc2005       No             - RTLDULIST      -               
 STARC05-2.3.1.5a     (VHDL   ) starc2005       No             - RTLDULIST      -               
 STARC05-2.3.1.4      (VHDL   ) starc2005       No             - RTLDULIST      -               
 STARC05-2.1.10.13    (VHDL   ) starc2005       No             - RTLDULIST      -               
 STARC05-2.1.10.12    (VHDL   ) starc2005       No             - RTLDULIST      -               
 STARC05-2.1.10.11    (VHDL   ) starc2005       No             - RTLDULIST      -               
 STARC05-2.1.10.10    (VHDL   ) starc2005       No             - RTLDULIST      -               
 STARC05-2.1.10.9     (VHDL   ) starc2005       No             - RTLDULIST      -               
 STARC05-2.1.2.6      (VHDL   ) starc2005       No             - RTLDULIST      -               
 STARC05-2.2.2.2b     (Verilog) starc2005       No             - ELABDU         -               
 STARC05-2.2.2.2a     (Verilog) starc2005       No             - ELABDU         -               
 STARC05-2.3.1.4      (Verilog) starc2005       No             - ELABDU         -               
 STARC05-3.5.6.7      (Verilog) starc2005       No             - LEXICAL        -               
 STARC05-2.10.7.1     (Verilog) starc2005       No             - RTLDULIST      -               
 STARC05-2.10.5.5     (Verilog) starc2005       No             - RTLDULIST      -               
 STARC05-2.10.3.7     (Verilog) starc2005       No             - ELABDU         -               
 STARC05-2.10.1.7     (Verilog) starc2005       No             - RTLDU          -               
 STARC05-2.8.3.7      (Verilog) starc2005       No             - RTLDULIST      -               
 STARC05-2.3.1.5a     (Verilog) starc2005       No             - RTLDULIST      -               
 STARC05-3.3.2.3                starc2005       No             - FLATDU2_WL     -               
 STARC05-3.3.3.1                starc2005       No             - FLATDU2_WL     -               
 STARC05-3.3.6.2                starc2005       No             - FLATDU2_WL     -               
 STARC05-2.5.1.6                starc2005       No             - VSDU           -               
 STARC05-3.3.2.2                starc2005       No             - FLATDU2_WL     -               
 STARC05-2.10.6.6     (VHDL   ) starc2005       No             - RTLDULIST      -               
 STARC05-2.10.6.6     (Verilog) starc2005       No             - RTLDULIST      -               
 STARC05-2.5.1.8      (VHDL   ) starc2005       No             - VSDU           -               
 STARC05-2.5.1.8      (Verilog) starc2005       No             - VSDU           -               
 STARC05-2.4.1.4                starc2005       No             - FLATDU2_WL     -               
 STARC05-1.4.3.6      (VHDL   ) starc2005       No             - RTLDU          -               
 STARC05-1.4.3.6      (Verilog) starc2005       No             - RTLDU          -               
 ClockEnableRace                timing          No             - FLATDU2_WL     -               
 DumpHist                       timing          No             - RTLDULIST      -               
 LogicHist                      timing          No             - FLATDU2_ABSTRACT_PRD_WL   -               
 LogicDepth                     timing          No             - FLATDU2_ABSTRACT_PRD_WL   -               
 ShiftReg                       timing          No             - FLATDU2_WL     -               
 MaxFanout                      timing          No             - FLATDU2_WL     -               
 LogNMux                        timing          No             - FLATDU2_WL     -               
 DeepMux              (VHDL   ) timing          No             - RTLDULIST      -               
 DeepMux              (Verilog) timing          No             - RTLDULIST      -               
 LogNMuxPrereq                  timing          No             - SETUP          -               
 DuplicateCase-ML     (VHDL   ) morelint        No             - RTLDULIST      -               
 MixedResetEdges-ML   (VHDL   ) morelint        No             - RTLDULIST      -               
 CheckSignedFunc-ML   (VHDL   ) morelint        No             - RTLDULIST      -               
 CloseCaseWithX-ML    (VHDL   ) morelint        No             - ELABDU         -               
 SigAssignX-ML        (VHDL   ) morelint        No             - ELABDU         -               
 EntityCompMismatch-ML(VHDL   ) morelint        No             - RTLDULIST      -               
 FindStringsInComment-ML(VHDL   ) morelint        No             - RTLDULIST      -               
 CheckAssignToVecBits-ML(VHDL   ) morelint        No             - RTLDU          -               
 ConstWithoutValue-ML (VHDL   ) morelint        No             - RTLDU          -               
 GenIndexNonInt-ML    (VHDL   ) morelint        No             - RTLDU          -               
 NoFuncOrProc-ML      (VHDL   ) morelint        No             - RTLDU          -               
 SameLabelsInGenerate-ML(VHDL   ) morelint        No             - RTLDU          -               
 MultiOpInModule-ML   (VHDL   ) morelint        No             - RTLDU          -               
 ConflictVar-ML       (VHDL   ) morelint        No             - RTLDU          -               
 MultiAssign-ML       (VHDL   ) morelint        No             - RTLDULIST      -               
 DisallowVal-ML       (VHDL   ) morelint        No             - RTLDULIST      -               
 NoOpen-ML            (VHDL   ) morelint        No             - LEXICAL        -               
 ValueSizeOverFlow-ML (VHDL   ) morelint        No             - ELABDU         -               
 NestedCaseStmt-ML    (VHDL   ) morelint        No             - LEXICAL        -               
 NoOthersInAsgn-ML    (VHDL   ) morelint        No             - RTLDU          -               
 CheckSynthPragma-ML  (VHDL   ) morelint        No             - RTLDULIST      -               
 SignalBitLength-ML   (VHDL   ) morelint        No             - ELABDU         -               
 ReportCompOperator-ML(VHDL   ) morelint        No             - RTLDULIST      -               
 IntRange-ML          (VHDL   ) morelint        No             - RTLDULIST      -               
 ReserveNameV2K-ML    (VHDL   ) morelint        No             - SETUP          -               
 NoGenericMap-ML      (VHDL   ) morelint        No             - RTLDULIST      -               
 UnConstrLoop-ML      (VHDL   ) morelint        No             - RTLDULIST      -               
 SingleEntInFile-ML   (VHDL   ) morelint        No             - RTLDULIST      -               
 NullOthers-ML        (VHDL   ) morelint        No             - RTLDULIST      -               
 AsgnOverflow-ML      (VHDL   ) morelint        No             - ELABDU         -               
 SynchValueUsed-ML    (VHDL   ) morelint        No             - ELABDU         -               
 AsgnNextSt-ML        (VHDL   ) morelint        No             - RTLDULIST      -               
 InstNameSameAsMaster-ML(VHDL   ) morelint        No             - RTLDU          -               
 RedundantLogicalOp-ML(VHDL   ) morelint        No             - RTLDULIST      -               
 PortNameSameAsModule-ML(VHDL   ) morelint        No             - RTLDU          -               
 UseBusWidth-ML       (VHDL   ) morelint        No             - RTLDULIST      -               
 LINT_INVALID_ENTITY_NAME(VHDL   ) morelint        No             - RTLDULIST      -               
 LINT_INVALID_FILENAME(VHDL   ) morelint        No             - RTLDULIST      -               
 CondSigAsgnDelay-ML  (VHDL   ) morelint        No             - RTLDULIST      -               
 SigAsgnDelay-ML      (VHDL   ) morelint        No             - RTLDULIST      -               
 UnsupportedSvFunction-ML(Verilog) morelint        No             - RTLDULIST      -               
 DetectUnderAndOverFlows-ML(Verilog) morelint        No             - ELABDU         -               
 DetectInvalidSignedAssignment-ML(Verilog) morelint        No             - ELABDU         -               
 ArrayUsedInSensList-ML(Verilog) morelint        No             - RTLDULIST      -               
 LINT_RSTGEN_AVOID_SEQSTMT(Verilog) morelint        No             - ELABDU         -               
 LINT_CLKGEN_AVOID_CONTASSIGN(Verilog) morelint        No             - ELABDU         -               
 SignalBitLength-ML   (Verilog) morelint        No             - ELABDU         -               
 LINT_CLKGEN_AVOID_SEQSTMT(Verilog) morelint        No             - ELABDU         -               
 PortUsedBeforeDefine-ML(Verilog) morelint        No             - ELABDU         -               
 LINT_FSM_WITHOUT_INITIAL_STATE(Verilog) morelint        No             - RTLDULIST      -               
 LINT_FSM_UNREACHABLE_STATES(Verilog) morelint        No             - RTLDULIST      -               
 LINT_FSM_WITHOUT_EXIT_STATE(Verilog) morelint        No             - RTLDULIST      -               
 LINT_LOGICAL_EXPR_USED_IN_SENS_LIST(Verilog) morelint        No             - ELABDU         -               
 LINT_IMPROPER_RANGE_INDEX(Verilog) morelint        No             - ELABDU         -               
 SignalModifiedAfterRead-ML(Verilog) morelint        No             - ELABDU         -               
 BreakInMultiDimForeach-ML(Verilog) morelint        No             - RTLDU          -               
 EnumOutOfRangeCast-ML(Verilog) morelint        No             - ELABDU         -               
 PrintObjectDetails-ML(Verilog) morelint        No             - RTLDULIST      -               
 LiteralOverflow-ML   (Verilog) morelint        No             - RTLDU          -               
 ExplicitSignExtend-ML(Verilog) morelint        No             - ELABDU         -               
 EnumDeclInGenerate-ML(Verilog) morelint        No             - ELABDU         -               
 SpecifyBlockUsed-ML  (Verilog) morelint        No             - SETUP          -               
 MissingPortInModport-ML(Verilog) morelint        No             - RTLDULIST      -               
 VarInCaseInside-ML   (Verilog) morelint        No             - ELABDU         -               
 ArrayPortConnect-ML  (Verilog) morelint        No             - ELABDU         -               
 ConstBitCase-ML      (Verilog) morelint        No             - ELABDU         -               
 CheckPortType-ML     (Verilog) morelint        No             - ELABDU         -               
 SpareCaseExprBit-ML  (Verilog) morelint        No             - ELABDU         -               
 ImplicitParamImports-ML(Verilog) morelint        No             - ELABDU         -               
 NonLocalLoopIndex-ML (Verilog) morelint        No             - ELABDU         -               
 LoopVarFreeAssign-ML (Verilog) morelint        No             - ELABDU         -               
 AsgnNextSt-ML        (Verilog) morelint        No             - RTLDULIST      -               
 CheckSwappedIndex-ML (Verilog) morelint        No             - ELABDU         -               
 UndrivenCaseExpr-ML  (Verilog) morelint        No             - VSDU           -               
 SimSynthMismatchInVarInit-ML(Verilog) morelint        No             - ELABDU         -               
 UniqueIfMissingCond-ML(Verilog) morelint        No             - FLATDU2_WL     -               
 Prereqs_FormalUnique-ML(Verilog) morelint        No             - ELABDU         -               
 InstanceNameRequired-ML(Verilog) morelint        No             - SETUP          -               
 PackedArrayInRange-ML(Verilog) morelint        No             - ELABDU         -               
 ConcatUnsizedNumbers-ML(Verilog) morelint        No             - ELABDU         -               
 DisallowUnknownInCase-ML(Verilog) morelint        No             - ELABDU         -               
 IncrementalForLoop-ML(Verilog) morelint        No             - ELABDU         -               
 ComplexModport-ML    (Verilog) morelint        No             - RTLDULIST      -               
 SafeLatch-ML                   morelint        No             - FLATDU2_WL     -               
 ConcatInUnpacked-ML  (Verilog) morelint        No             - SETUP          -               
 ShiftRegister-ML     (Verilog) morelint        No             - ELABDU         -               
 CheckKeywordsOfCaseStmt-ML(Verilog) morelint        No             - ELABDU         -               
 DetectNonBlockGenFor-ML(Verilog) morelint        No             - RTLDULIST      -               
 NoArithShiftInConcat-ML(Verilog) morelint        No             - ELABDU         -               
 LongHierName-ML      (Verilog) morelint        No             - ELABDU         -               
 DuplicatePort-ML     (Verilog) morelint        No             - RTLDU          -               
 GlobalDataTypeDefined-ML(Verilog) morelint        No             - RTLDULIST      -               
 PortTypeMismatch-ML  (Verilog) morelint        No             - ELABDU         -               
 PortWithoutDirection-ML(Verilog) morelint        No             - ELABDU         -               
 MissingPinFunctionCall-ML(Verilog) morelint        No             - ELABDU         -               
 TimescaleUsed-ML     (Verilog) morelint        No             - RTLDULIST      -               
 UseParamWidthInOverriding-ML(Verilog) morelint        No             - ELABDU         -               
 UseImplicitAlways-ML (Verilog) morelint        No             - ELABDU         -               
 GenvarDeclaration-ML (Verilog) morelint        No             - ELABDU         -               
 LoopVarInAlways-ML   (Verilog) morelint        No             - ELABDU         -               
 IncompatibleSVAssign-ML(Verilog) morelint        No             - RTLDULIST      -               
 ConcatenationInArrayAssign-ML(Verilog) morelint        No             - ELABDU         -               
 AssignPatInInst-ML   (Verilog) morelint        No             - ELABDU         -               
 UncoveredEnumCase-ML (Verilog) morelint        No             - ELABDU         -               
 NestedInterfaceInst-ML(Verilog) morelint        No             - RTLDULIST      -               
 DivideByConstant-ML  (Verilog) morelint        No             - ELABDU         -               
 RepeatedLogic-ML     (Verilog) morelint        No             - ELABDU         -               
 SameAssignment-ML    (Verilog) morelint        No             - ELABDU         -               
 RealValueUsed-ML     (Verilog) morelint        No             - ELABDU         -               
 UniquePriorityMisuse-ML(Verilog) morelint        No             - RTLDULIST      -               
 CheckAsyncHold-ML    (Verilog) morelint        No             - ELABDU         -               
 SyncRstFirstUse-ML   (Verilog) morelint        No             - RTLDULIST      -               
 InvalidVariedTypedefNameStyle-ML(Verilog) morelint        No             - ELABDU         -               
 InvalidTypedefName-ML(Verilog) morelint        No             - ELABDU         -               
 DisallowSVAlwaysLatch-ML(Verilog) morelint        No             - ELABDU         -               
 DefineTypeDefStructure-ML(Verilog) morelint        No             - ELABDU         -               
 CheckImplicitPort-ML (Verilog) morelint        No             - ELABDU         -               
 AutomaticFuncOnly-ML (Verilog) morelint        No             - ELABDU         -               
 AnsiPort-ML          (Verilog) morelint        No             - ELABDU         -               
 ImplicitAlways-ML    (Verilog) morelint        No             - ELABDU         -               
 FSMNextStateName-ML  (Verilog) morelint        No             - ELABDU         -               
 FSMNonConstDefault-ML(Verilog) morelint        No             - RTLDULIST      -               
 ProhibitedDataTypes-ML(Verilog) morelint        No             - ELABDU         -               
 CheckAlwaysCombSenseList-ML(Verilog) morelint        No             - ELABDU         -               
 NonConstShift-ML     (Verilog) morelint        No             - ELABDU         -               
 UnInitializedReset-ML(Verilog) morelint        No             - ELABDU         -               
 CheckLocalParam-ML   (Verilog) morelint        No             - ELABDU         -               
 FuncTaskUsedBeforeDefine-ML(Verilog) morelint        No             - SETUP          -               
 PortConnectToFixedVal-ML(Verilog) morelint        No             - VSTOPDU        -               
 SupplyNet-ML         (Verilog) morelint        No             - ELABDU         -               
 NonSynthRepeat-ML    (Verilog) morelint        No             - RTLDULIST      -               
 CheckModulesWithoutPorts-ML(Verilog) morelint        No             - ELABDU         -               
 PortWithoutType-ML   (Verilog) morelint        No             - ELABDU         -               
 ZeroReplicationMultiplier-ML(Verilog) morelint        No             - ELABDU         -               
 SignedPackedMDA-ML   (Verilog) morelint        No             - ELABDU         -               
 ScopedVarUsedBeforeDefine-ML(Verilog) morelint        No             - ELABDU         -               
 EnableXPropagation-ML(Verilog) morelint        No             - ELABDU         -               
 OperShortCircuit-ML  (Verilog) morelint        No             - ELABDU         -               
 NonVoidFunction-ML   (Verilog) morelint        No             - ELABDU         -               
 MultOperVar-ML       (Verilog) morelint        No             - ELABDU         -               
 DiffDelayInNonBlock-ML(Verilog) morelint        No             - RTLDULIST      -               
 UseSVCasting-ML      (Verilog) morelint        No             - ELABDU         -               
 UseSVAlways-ML       (Verilog) morelint        No             - ELABDU         -               
 NoConstSourceInAlways-ML(Verilog) morelint        No             - ELABDU         -               
 TypedefNameConflict-ML(Verilog) morelint        No             - ELABDU         -               
 AlwaysFalseTrueCond-ML(Verilog) morelint        No             - ELABDU         -               
 EnumBaseComparison-ML(Verilog) morelint        No             - ELABDU         -               
 UseLogic-ML          (Verilog) morelint        No             - ELABDU         -               
 IncludeFileForEachModule-ML(Verilog) morelint        No             - LEXICAL        -               
 Prereqs_InclFileSetup-ML(Verilog) morelint        No             - RTLDULIST      -               
 CheckShiftOperator-ML(Verilog) morelint        No             - RTLDU          -               
 BitDataType-ML       (Verilog) morelint        No             - RTLDULIST      -               
 UnUsedFunctionInput-ML(Verilog) morelint        No             - ELABDU         -               
 InterfaceNameConflicts-ML(Verilog) morelint        No             - RTLDULIST      -               
 OneLineComm-ML       (Verilog) morelint        No             - LEXICAL        -               
 InvalidRepeatCondition-ML(Verilog) morelint        No             - ELABDU         -               
 NonReusableParametricModule-ML(Verilog) morelint        No             - ELABDU         -               
 NeverExecutingForLoop-ML(Verilog) morelint        No             - ELABDU         -               
 OneModule-ML         (Verilog) morelint        No             - RTLDULIST      -               
 NoVerilogPrims-ML    (Verilog) morelint        No             - ELABDU         -               
 PartSelectRange-ML   (Verilog) morelint        No             - LEXICAL        -               
 GenvarUsage-ML       (Verilog) morelint        No             - ELABDU         -               
 UnConstrLoop-ML      (Verilog) morelint        No             - VSTOPDU        -               
 DirectiveCheck-ML    (Verilog) morelint        No             - RTLDULIST      -               
 SigAssignX-ML        (Verilog) morelint        No             - ELABDU         -               
 SameLoopIndexUsed-ML (Verilog) morelint        No             - RTLDULIST      -               
 FindStringsInComment-ML(Verilog) morelint        No             - RTLDULIST      -               
 AMSKeyword-ML        (Verilog) morelint        No             - SETUP          -               
 MultiOpInModule-ML   (Verilog) morelint        No             - RTLDU          -               
 PortConnToInout-ML   (Verilog) morelint        No             - VSTOPDU        -               
 EventControlInRHS-ML (Verilog) morelint        No             - RTLDU          -               
 SignedUnsignedExpr-ML(Verilog) morelint        No             - ELABDU         -               
 UnsuppCompDir-ML     (Verilog) morelint        No             - RTLDULIST      -               
 NonWireSignal-ML     (Verilog) morelint        No             - RTLDULIST      -               
 DuplicateCase-ML     (Verilog) morelint        No             - ELABDU         -               
 AlwaysCombExhaustive-ML(Verilog) morelint        No             - ELABDU         -               
 CheckSyncReset-ML    (Verilog) morelint        No             - RTLDULIST      -               
 CheckParamSensList-ML(Verilog) morelint        No             - RTLDULIST      -               
 CoveragePragma-ML    (Verilog) morelint        No             - RTLDULIST      -               
 CheckSynthPragma-ML  (Verilog) morelint        No             - RTLDULIST      -               
 NonStaticMacro-ML    (Verilog) morelint        No             - SETUP          -               
 BitOrder-ML          (Verilog) morelint        No             - ELABDU         -               
 MacroWithoutUndef-ML (Verilog) morelint        No             - RTLDULIST      -               
 ChkUndefMacro-ML     (Verilog) morelint        No             - RTLDULIST      -               
 UniqueCase-ML        (Verilog) morelint        No             - ELABDU         -               
 CheckTimeUnitandPrecision-ML(Verilog) morelint        No             - LEXICAL        -               
 MultipleFilesCellDefine-ML(Verilog) morelint        No             - SETUP          -               
 NestedCellDefine-ML  (Verilog) morelint        No             - SETUP          -               
 MultiModuleInCellDefine-ML(Verilog) morelint        No             - SETUP          -               
 SVConstruct-ML       (Verilog) morelint        No             - SETUP          -               
 SV09Construct-ML     (Verilog) morelint        No             - SETUP          -               
 V2KConstruct-ML      (Verilog) morelint        No             - SETUP          -               
 ReserveNameV2K-ML    (Verilog) morelint        No             - SETUP          -               
 EnumStateDecl-ML     (Verilog) morelint        No             - RTLDU          -               
 HierarchyReport-ML   (Verilog) morelint        No             - ELABDU         -               
 ParamValueOverride-ML(Verilog) morelint        No             - ELABDU         -               
 ParamOverrideMismatch-ML(Verilog) morelint        No             - ELABDU         -               
 NoExprInPort-ML      (Verilog) morelint        No             - ELABDU         -               
 NoWidthInBasedNum-ML (Verilog) morelint        No             - RTLDULIST      -               
 GroupOFAsgn-ML       (Verilog) morelint        No             - RTLDULIST      -               
 MacroFileName-ML     (Verilog) morelint        No             - RTLDULIST      -               
 FuncFileName-ML      (Verilog) morelint        No             - RTLDULIST      -               
 TaskFileName-ML      (Verilog) morelint        No             - RTLDULIST      -               
 NullPort-ML          (Verilog) morelint        No             - RTLDU          -               
 SepTFMacro-ML        (Verilog) morelint        No             - RTLDULIST      -               
 RedundantLogicalOp-ML(Verilog) morelint        No             - RTLDULIST      -               
 CheckRegAndWire-ML   (Verilog) morelint        No             - ELABDU         -               
 NonOverriddenParams-ML(Verilog) morelint        No             - ELABDU         -               
 MemConflict-ML       (Verilog) morelint        No             - ELABDU         -               
 InstNameSameAsMaster-ML(Verilog) morelint        No             - RTLDULIST      -               
 PortNameSameAsModule-ML(Verilog) morelint        No             - RTLDU          -               
 UseBusWidth-ML       (Verilog) morelint        No             - RTLDULIST      -               
 PartConnPort-ML      (Verilog) morelint        No             - ELABDU         -               
 AsgnToOneBit-ML      (Verilog) morelint        No             - ELABDU         -               
 DetectParamTruncate-ML(Verilog) morelint        No             - ELABDU         -               
 DisallowTimeArr-ML   (Verilog) morelint        No             - RTLDULIST      -               
 SelfAssignment-ML    (Verilog) morelint        No             - ELABDU         -               
 SelfDeterminedExpr-ML(Verilog) morelint        No             - ELABDU         -               
 FsmUsage-ML          (Verilog) morelint        No             - ELABDU         -               
 NonBlockingCounters-ML(Verilog) morelint        No             - ELABDU         -               
 NoRealFunc-ML        (Verilog) morelint        No             - RTLDULIST      -               
 NoDisableInFunc-ML   (Verilog) morelint        No             - RTLDULIST      -               
 NoDisableInTask-ML   (Verilog) morelint        No             - RTLDULIST      -               
 NoStrengthInput-ML   (Verilog) morelint        No             - RTLDULIST      -               
 NoArray-ML           (Verilog) morelint        No             - RTLDU          -               
 NoParamMultConcat-ML (Verilog) morelint        No             - RTLDULIST      -               
 NoSigCaseX-ML        (Verilog) morelint        No             - RTLDULIST      -               
 DisallowXInCaseZ-ML  (Verilog) morelint        No             - ELABDU         -               
 DisallowCaseZ-ML     (Verilog) morelint        No             - ELABDU         -               
 BitRangeUsedParam-ML (Verilog) morelint        No             - RTLDULIST      -               
 InterfaceWithoutModport-ML(Verilog) morelint        No             - ELABDU         -               
 UnpackedStructUsed-ML(Verilog) morelint        No             - RTLDULIST      -               
 NegativeIndex-ML     (Verilog) morelint        No             - ELABDU         -               
 FuncWithIntReturn-ML (Verilog) morelint        No             - ELABDU         -               
 NoOutputPort-ML      (Verilog) morelint        No             - ELABDU         -               
 LogicEnumBase-ML     (Verilog) morelint        No             - RTLDULIST      -               
 TwoStateData-ML      (Verilog) morelint        No             - RTLDULIST      -               
 NestedCaseStmt-ML    (Verilog) morelint        No             - LEXICAL        -               
 ChkSensExprPar-ML    (Verilog) morelint        No             - LEXICAL        -               
 MaxDelay-ML          (Verilog) morelint        No             - ELABDU         -               
 ParameterCheck-ML    (Verilog) morelint        No             - RTLDULIST      -               
 InvalidNetType-ML    (Verilog) morelint        No             - RTLDULIST      -               
 LINT_INSTANCE_WITHOUT_NAME(Verilog) morelint        No             - ELABDU         -               
 LINT_UNSPECIFIED_MACRO_NAME(Verilog) morelint        No             - LEXICAL        -               
 LINT_UNDEFINED_MACRO_USED(Verilog) morelint        No             - RTLDULIST      -               
 LINT_SNPS_DIRECTIVE_USED(Verilog) morelint        No             - RTLDULIST      -               
 LINT_SV_STRING_USED_IN_DESIGN(Verilog) morelint        No             - RTLDULIST      -               
 LINT_INVALID_NET_TYPE_IN_DU_INSTANTIATION(Verilog) morelint        No             - ELABDU         -               
 LINT_DETECT_UNSYNTHESIZABLE_NET(Verilog) morelint        No             - ELABDU         -               
 LINT_MACRO_MODULE_USED(Verilog) morelint        No             - ELABDU         -               
 LINT_ALL_BITS_SHIFT_OUT(Verilog) morelint        No             - ELABDU         -               
 LINT_DETECT_EMPTY_MODULE(Verilog) morelint        No             - RTLDULIST      -               
 DiffTimescaleUsed-ML (Verilog) morelint        No             - RTLDULIST      -               
 preReq_FindStringInComment-ML(Verilog) morelint        No             - RTLDULIST      -               
 ExplicitTwosCompliment-ML(VHDL   ) morelint        No             - ELABDU         -               
 ExplicitTwosCompliment-ML(Verilog) morelint        No             - ELABDU         -               
 BadResourceShare-ML            morelint        No             - VSDU           -               
 SeqInputOutputCodeDup-ML       morelint        No             - VSTOPDU        -               
 InstNameStyle-ML     (VHDL   ) morelint        No             - RTLDULIST      -               
 InstNameStyle-ML     (Verilog) morelint        No             - RTLDULIST      -               
 RedundantLogicalOpInExpr-ML(VHDL   ) morelint        No             - ELABDU         -               
 RedundantLogicalOpInExpr-ML(Verilog) morelint        No             - ELABDU         -               
 RegisterInfo-ML                morelint        No             - FLATDU2_WL     -               
 InvLatchFeed-ML                morelint        No             - FLATDU2_WL     -               
 InoutPortConnectionSanity-ML   morelint        No             - FLATDU2_WL     -               
 NonResetFSM-ML                 morelint        No             - VSDU           -               
 ClockConnectedToOut-ML         morelint        No             - VSTOPDU        -               
 ResetConnectedToOut-ML         morelint        No             - VSTOPDU        -               
 PortIOConnectionSanity-ML      morelint        No             - FLATDU2_WL     -               
 RegisterDriveMultiplePorts-ML  morelint        No             - FLATDU2_WL     -               
 FlopWithoutEnable-ML           morelint        No             - VSDU           -               
 DetectHardVerification-ML(Verilog) morelint        No             - FLATDU2_WL     -               
 HVIssue_PreReq       (Verilog) morelint        No             - SETUP          -               
 PortConnectedToMux-ML          morelint        No             - VSTOPDU        -               
 ForbiddenPadConn-ML            morelint        No             - FLATDU2_WL     -               
 DisallowNoRstFlops-ML          morelint        No             - FLATDU2_WL     -               
 SelfGatingRegister-ML          morelint        No             - FLATDU2_WL     -               
 UniqueInputOutputSampling-ML   morelint        No             - FLATDU2_WL     -               
 FlopFeedbackRace-ML            morelint        No             - FLATDU2_WL     -               
 ClockFeedsFloatingGate-ML      morelint        No             - FLATDU2_WL     -               
 ResetTiedToConst-ML            morelint        No             - FLATDU2_WL     -               
 LatchName-ML                   morelint        No             - VSDU           -               
 FixedValueInCGCEnable-ML       morelint        No             - FLATDU2_WL     -               
 NoTopCombPath-ML               morelint        No             - FLATDU2_WL     -               
 IfOverlap-ML         (VHDL   ) morelint        No             - ELABDU         -               
 IfOverlap-ML         (Verilog) morelint        No             - ELABDU         -               
 ConstDrivenNet-ML    (VHDL   ) morelint        No             - RTLDULIST      -               
 ConstDrivenNet-ML    (Verilog) morelint        No             - RTLDULIST      -               
 SynthElabDuName-ML             morelint        No             - ELABDU         -               
 RptNegEdgeFF-ML                morelint        No             - FLATDU2_WL     -               
 Prereqs_RptNegEdgeFF-ML(Verilog) morelint        No             - ELABDU         -               
 HangingFlopOutput-ML           morelint        No             - VSTOPDU        -               
 PortRange-ML                   morelint        No             - FLATDU2_WL     -               
 UnUsedFlopOutput-ML            morelint        No             - FLATDU2_WL     -               
 MaxFanoutCount-ML              morelint        No             - FLATDU2_WL     -               
 UnInitTopDuParam-ML  (VHDL   ) morelint        No             - RTLDULIST      -               
 UnInitTopDuParam-ML  (Verilog) morelint        No             - RTLDULIST      -               
 UnInitParam-ML       (VHDL   ) morelint        No             - RTLDULIST      -               
 UnInitParam-ML       (Verilog) morelint        No             - RTLDULIST      -               
 HierarchicalModule-ML          morelint        No             - VSDU           -               
 SameDu-ML                      morelint        No             - RTLDULIST      -               
 DetectBlackBoxes-ML            morelint        No             - FLATDU2_WL     -               
 UndrivenOutTermNLoaded-ML      morelint        No             - VSTOPDU        -               
 ExoticClock-ML                 morelint        No             - FLATDU2_WL     -               
 SetResetConverge-ML            morelint        No             - FLATDU2_WL     -               
 LatchInfo-ML                   morelint        No             - FLATDU2_WL     -               
 NonConstReset-ML     (VHDL   ) morelint        No             - ELABDU         -               
 NonConstReset-ML     (Verilog) morelint        No             - ELABDU         -               
 NoArithOp-ML         (VHDL   ) morelint        No             - RTLDULIST      -               
 NoArithOp-ML         (Verilog) morelint        No             - RTLDULIST      -               
 ComplexExpr-ML       (VHDL   ) morelint        No             - RTLDULIST      -               
 ComplexExpr-ML       (Verilog) morelint        No             - ELABDU         -               
 CAPA-ML              (VHDL   ) morelint        No             - LEXICAL        -               
 CAPA-ML              (Verilog) morelint        No             - LEXICAL        -               
 RegInput-ML                    morelint        No             - FLATDU2_WL     -               
 RegInputOutput-ML              morelint        No             - VSDU           -               
 Prereqs_RegInputOutputs        morelint        No             - RTLDULIST      -               
 ChkCarriageReturn-ML (VHDL   ) morelint        No             - LEXICAL        -               
 ChkCarriageReturn-ML (Verilog) morelint        No             - LEXICAL        -               
 ConstPropagatedPort-ML         morelint        No             - FLATDU2_WL     -               
 ConstantInput-ML               morelint        No             - VSTOPDU        -               
 Prereqs_ConstantInput-ML(Verilog) morelint        No             - ELABDU         -               
 WrapInstance-ML      (VHDL   ) morelint        No             - RTLDU          -               
 WrapInstance-ML      (Verilog) morelint        No             - RTLDU          -               
 SensListRepeat-ML    (VHDL   ) morelint        No             - ELABDU         -               
 SensListRepeat-ML    (Verilog) morelint        No             - ELABDU         -               
 IfWithoutElse-ML     (VHDL   ) morelint        No             - ELABDU         -               
 IfWithoutElse-ML     (Verilog) morelint        No             - ELABDU         -               
 InlineComment-ML     (VHDL   ) morelint        No             - LEXICAL        -               
 InlineComment-ML     (Verilog) morelint        No             - LEXICAL        -               
 NoBusPartClock-ML              morelint        No             - FLATDU2_WL     -               
 DisallowDWComp-ML    (VHDL   ) morelint        No             - ELABDU         -               
 DisallowDWComp-ML    (Verilog) morelint        No             - RTLDULIST      -               
 DisallowMult-ML      (VHDL   ) morelint        No             - ELABDU         -               
 DisallowMult-ML      (Verilog) morelint        No             - ELABDU         -               
 ReEntrantOutput-ML             morelint        No             - VSDU           -               
 ResetFlop-ML                   morelint        No             - VSTOPDU        -               
 SynchReset-ML        (VHDL   ) morelint        No             - RTLDULIST      -               
 SynchReset-ML        (Verilog) morelint        No             - RTLDULIST      -               
 NoInoutPort-ML       (Verilog) morelint        No             - ELABDU         -               
 NoInoutPort-ML       (VHDL   ) morelint        No             - ELABDU         -               
 NoBitArray-ML        (VHDL   ) morelint        No             - ELABDU         -               
 NoBitArray-ML        (Verilog) morelint        No             - ELABDU         -               
 ModuleName-ML        (VHDL   ) morelint        No             - RTLDULIST      -               
 ModuleName-ML        (Verilog) morelint        No             - RTLDULIST      -               
 HangingInst-ML                 morelint        No             - VSDU           -               
 HangingInstOutput-ML           morelint        No             - VSDU           -               
 DirectTopInputToInout-ML       morelint        No             - VSTOPDU        -               
 HangingInstInput-ML            morelint        No             - VSTOPDU        -               
 HierNameLength-ML              morelint        No             - VSTOPDU        -               
 UndrivenNUnloaded-ML           morelint        No             - VSTOPDU        -               
 UnloadedNet-ML                 morelint        No             - VSTOPDU        -               
 UnloadedOutTerm-ML             morelint        No             - VSTOPDU        -               
 UnloadedInPort-ML              morelint        No             - VSTOPDU        -               
 AsyncPinsOfLibraryCells-ML(Verilog) morelint        No             - FLATDU2_WL     -               
 MergeFlops-ML                  morelint        No             - FLATDU2_WL     -               
 LINT_LOOP_THRU_FLOP_WITHOUT_SETRESET morelint        No             - FLATDU2_WL     -               
 LINT_SUB_MODULE_NAMING_STYLE(Verilog) morelint        No             - VSTOPDU        -               
 LINT_GTECH_CELL_USED           morelint        No             - VSTOPDU        -               
 ResetPreventSRL-ML             morelint        No             - FLATDU2_WL     -               
 UseSRLPrim-ML                  morelint        No             - FLATDU2_WL     -               
 W429L                (Verilog) latch           No             - VSDU           -               
 W428L                (Verilog) latch           No             - VSDU           -               
 W442bL               (Verilog) latch           No             - VSDU           -               
 W442aL               (Verilog) latch           No             - VSDU           -               
 W122L                (Verilog) latch           No             - VSDU           -               
 W336L                (Verilog) latch           No             - ALLVIEWS       -               
 W422L                (Verilog) latch           No             - FLATDU2_WL     -               
 Latch_VePreReqRule   (Verilog) latch           No             - RTLDULIST      -               
 W449L                (Verilog) latch           No             - VSDU           -               
 W392bL                         latch           No             - FLATDU2_WL     -               
 W392aL                         latch           No             - FLATDU2_WL     -               
 LatchReset                     latch           No             - FLATDU2_WL     -               
 GatedReset                     latch           No             - FLATDU2_WL     -               
 LatchGatedClock                latch           No             - FLATDU2_WL     -               
 ClockEdges                     latch           No             - FLATDU2_WL     -               
 LINT_blksgdc01                 lint            No             - FLATDU2_PRD_WL   -               
 LINT_JSON_Instance             lint            No             - VSTOPDU        -               
 LINT_JSON_Clock                lint            No             - FLATDU2_WL     -               
 LINT_JSON_RULES                lint            No             - SETUP          -               
 Postreqs_CheckFuncTask(Verilog) lint            No             - ELABDU         -               
 W120                 (VHDL   ) lint            No             - ELABDU         -               
 W120                 (Verilog) lint            No             - ELABDU         -               
 LINT_sca_validation            lint            No             - FLATDU2_ABSTRACT_WL   -               
 LINT_abstract01                lint            No             - FLATDU2_WL     -               
 W448                           lint            No             - FLATDU2_WL     -               
 W395                 (Verilog) lint            No             - ELABDU         -               
 W395                 (VHDL   ) lint            No             - RTLDULIST      -               
 W18                            lint            No             - VSTOPDU        -               
 W528                 (VHDL   ) lint            No             - ELABDU         -               
 W528                 (Verilog) lint            No             - ELABDU         -               
 W495                 (VHDL   ) lint            No             - ELABDU         -               
 W495                 (Verilog) lint            No             - ELABDU         -               
 W490                 (VHDL   ) lint            No             - RTLDULIST      -               
 W490                 (Verilog) lint            No             - ELABDU         -               
 W425                 (VHDL   ) lint            No             - RTLDULIST      -               
 W425                 (Verilog) lint            No             - ELABDU         -               
 W351                 (VHDL   ) lint            No             - RTLDULIST      -               
 W351                 (Verilog) lint            No             - RTLDULIST      -               
 W345                 (VHDL   ) lint            No             - SETUP          -               
 W345                 (Verilog) lint            No             - RTLDULIST      -               
 W287b                (VHDL   ) lint            No             - VSDU           -               
 W287b                (Verilog) lint            No             - RTLDULIST      -               
 W257                 (VHDL   ) lint            No             - SETUP          -               
 W257                 (Verilog) lint            No             - RTLDULIST      -               
 W191                 (VHDL   ) lint            No             - RTLDULIST      -               
 W191                 (Verilog) lint            No             - ELABDU         -               
 W190                 (VHDL   ) lint            No             - RTLDULIST      -               
 W190                 (Verilog) lint            No             - ELABDU         -               
 W187                 (VHDL   ) lint            No             - SETUP          -               
 W187                 (Verilog) lint            No             - ELABDU         -               
 W175                 (VHDL   ) lint            No             - RTLDULIST      -               
 W175                 (Verilog) lint            No             - RTLDULIST      -               
 W164a_b              (Verilog) lint            No             - ELABDU         -               
 W164a_a              (Verilog) lint            No             - ELABDU         -               
 W146                 (VHDL   ) lint            No             - SETUP          -               
 W146                 (Verilog) lint            No             - ELABDU         -               
 W128                 (VHDL   ) lint            No             - SETUP          -               
 W128                 (Verilog) lint            No             - RTLDULIST      -               
 W111                 (VHDL   ) lint            No             - ELABDU         -               
 W111                 (Verilog) lint            No             - ELABDU         -               
 W493                 (VHDL   ) lint            No             - RTLDULIST      -               
 W493                 (Verilog) lint            No             - SETUP          -               
 W17                  (VHDL   ) lint            No             - ELABDU         -               
 W17                  (Verilog) lint            No             - ELABDU         -               
 preReq_W351          (Verilog) lint            No             - RTLDULIST      -               
 LINT_PRAGMA_MAP_TO_ENTITY(VHDL   ) lint            No             - ELABDU         -               
 LINT_CLK_EVENT_ON_MULTIPLE_CLK(VHDL   ) lint            No             - ELABDU         -               
 W402                 (VHDL   ) lint            No             - FLATDU2_WL     -               
 PhysicalTypes        (VHDL   ) lint            No             - SETUP          -               
 W86                  (VHDL   ) lint            No             - ELABDU         -               
 W526                 (VHDL   ) lint            No             - RTLDULIST      -               
 W501                 (VHDL   ) lint            No             - ELABDU         -               
 W500                 (VHDL   ) lint            No             - ELABDU         -               
 W494b                (VHDL   ) lint            No             - ELABDU         -               
 W494a                (VHDL   ) lint            No             - ELABDU         -               
 W488                 (VHDL   ) lint            No             - ELABDU         -               
 W456a                (VHDL   ) lint            No             - ELABDU         -               
 W456                 (VHDL   ) lint            No             - ELABDU         -               
 W43                  (VHDL   ) lint            No             - RTLDULIST      -               
 W396                 (VHDL   ) lint            No             - VSDU           -               
 W259                 (VHDL   ) lint            No             - ELABDU         -               
 W226                 (VHDL   ) lint            No             - RTLDULIST      -               
 ClockStyle           (VHDL   ) lint            No             - RTLDULIST      -               
 W489                 (VHDL   ) lint            No             - RTLDULIST      -               
 W242                 (VHDL   ) lint            No             - RTLDULIST      -               
 SynthIfStmt          (VHDL   ) lint            No             - RTLDULIST      -               
 InitPorts            (VHDL   ) lint            No             - RTLDULIST      -               
 NoTimeOut            (VHDL   ) lint            No             - SETUP          -               
 MultipleWait         (VHDL   ) lint            No             - RTLDULIST      -               
 ArrayEnumIndex       (VHDL   ) lint            No             - SETUP          -               
 PortType             (VHDL   ) lint            No             - SETUP          -               
 ResFunction          (VHDL   ) lint            No             - RTLDULIST      -               
 PreDefAttr           (VHDL   ) lint            No             - SETUP          -               
 UserDefAttr          (VHDL   ) lint            No             - SETUP          -               
 AllocExpr            (VHDL   ) lint            No             - SETUP          -               
 LinkagePort          (VHDL   ) lint            No             - SETUP          -               
 DisconnSpec          (VHDL   ) lint            No             - SETUP          -               
 IncompleteType       (VHDL   ) lint            No             - SETUP          -               
 LoopBound            (VHDL   ) lint            No             - SETUP          -               
 BothPhase            (VHDL   ) lint            No             - RTLDULIST      -               
 ForLoopWait          (VHDL   ) lint            No             - SETUP          -               
 WhileInSubProg       (VHDL   ) lint            No             - RTLDULIST      -               
 IntGeneric           (VHDL   ) lint            No             - SETUP          -               
 SigVarInit           (VHDL   ) lint            No             - RTLDULIST      -               
 AssertStmt           (VHDL   ) lint            No             - SETUP          -               
 EntityStmt           (VHDL   ) lint            No             - SETUP          -               
 W397                 (VHDL   ) lint            No             - SETUP          -               
 LINT_MULTIASSIGN_NONBLOCKING_SIG(Verilog) lint            No             - ELABDU         -               
 LINT_MULTIASSIGN_BLOCKING_SIG(Verilog) lint            No             - ELABDU         -               
 W164c                (Verilog) lint            No             - ELABDU         -               
 W402a                (Verilog) lint            No             - RTLDU          -               
 W323                 (Verilog) lint            No             - FLATDU2_WL     -               
 W541                 (Verilog) lint            No             - VSDU           -               
 W428                 (Verilog) lint            No             - VSDU           -               
 W701                 (Verilog) lint            No             - RTLDULIST      -               
 W563                 (Verilog) lint            No             - ELABDU         -               
 W551                 (Verilog) lint            No             - ELABDU         -               
 W529                 (Verilog) lint            No             - RTLDULIST      -               
 W526                 (Verilog) lint            No             - RTLDULIST      -               
 W208                 (Verilog) lint            No             - SETUP          -               
 W189                 (Verilog) lint            No             - RTLDULIST      -               
 W504                 (Verilog) lint            No             - ELABDU         -               
 W503                 (Verilog) lint            No             - RTLDULIST      -               
 W498                 (Verilog) lint            No             - ELABDU         -               
 W497                 (Verilog) lint            No             - ELABDU         -               
 W491                 (Verilog) lint            No             - ELABDU         -               
 W489                 (Verilog) lint            No             - ELABDU         -               
 W484                 (Verilog) lint            No             - ELABDU         -               
 W477                 (Verilog) lint            No             - RTLDULIST      -               
 W476                 (Verilog) lint            No             - RTLDULIST      -               
 W475                 (Verilog) lint            No             - RTLDULIST      -               
 W474                 (Verilog) lint            No             - RTLDULIST      -               
 W468                 (Verilog) lint            No             - ELABDU         -               
 W446                 (Verilog) lint            No             - ELABDU         -               
 W433                 (Verilog) lint            No             - RTLDULIST      -               
 W430                 (Verilog) lint            No             - RTLDULIST      -               
 W427                 (Verilog) lint            No             - RTLDULIST      -               
 W415a                (Verilog) lint            No             - ELABDU         -               
 W373                 (Verilog) lint            No             - RTLDULIST      -               
 W372                 (Verilog) lint            No             - RTLDULIST      -               
 W350                 (Verilog) lint            No             - RTLDULIST      -               
 W346                 (Verilog) lint            No             - RTLDULIST      -               
 W341                 (Verilog) lint            No             - ELABDU         -               
 W333                 (Verilog) lint            No             - RTLDULIST      -               
 W332                 (Verilog) lint            No             - ELABDU         -               
 W313                 (Verilog) lint            No             - ELABDU         -               
 W312                 (Verilog) lint            No             - ELABDU         -               
 W311                 (Verilog) lint            No             - ELABDU         -               
 W310                 (Verilog) lint            No             - ELABDU         -               
 W309                 (Verilog) lint            No             - ELABDU         -               
 W308                 (Verilog) lint            No             - ELABDU         -               
 W307                 (Verilog) lint            No             - ELABDU         -               
 W306                 (Verilog) lint            No             - ELABDU         -               
 W280                 (Verilog) lint            No             - RTLDULIST      -               
 W256                 (Verilog) lint            No             - RTLDULIST      -               
 W254                 (Verilog) lint            No             - RTLDULIST      -               
 W253                 (Verilog) lint            No             - RTLDULIST      -               
 W250                 (Verilog) lint            No             - RTLDULIST      -               
 W243                 (Verilog) lint            No             - RTLDULIST      -               
 W226                 (Verilog) lint            No             - ELABDU         -               
 W224                 (Verilog) lint            No             - ELABDU         -               
 W213                 (Verilog) lint            No             - RTLDULIST      -               
 W192                 (Verilog) lint            No             - RTLDULIST      -               
 W171                 (Verilog) lint            No             - ELABDU         -               
 W162                 (Verilog) lint            No             - ELABDU         -               
 W159                 (Verilog) lint            No             - ELABDU         -               
 W154                 (Verilog) lint            No             - RTLDULIST      -               
 W129                 (Verilog) lint            No             - RTLDULIST      -               
 W126                 (Verilog) lint            No             - RTLDULIST      -               
 W121                 (Verilog) lint            No             - ELABDU         -               
 W107                 (Verilog) lint            No             - ELABDU         -               
 W88                  (Verilog) lint            No             - ELABDU         -               
 W69                  (Verilog) lint            No             - ELABDU         -               
 W488                 (Verilog) lint            No             - ELABDU         -               
 W456a                (Verilog) lint            No             - ELABDU         -               
 W456                 (Verilog) lint            No             - ELABDU         -               
 W429                 (Verilog) lint            No             - ELABDU         -               
 W328                 (Verilog) lint            No             - ELABDU         -               
 W294                 (Verilog) lint            No             - RTLDULIST      -               
 W34                  (Verilog) lint            No             - RTLDULIST      -               
 readclock            (Verilog) lint            No             - SETUP          -               
 W546                 (Verilog) lint            No             - SETUP          -               
 W453                 (Verilog) lint            No             - ELABDU         -               
 W182n                (Verilog) lint            No             - SETUP          -               
 W182k                (Verilog) lint            No             - SETUP          -               
 W182h                (Verilog) lint            No             - SETUP          -               
 W182g                (Verilog) lint            No             - SETUP          -               
 W182c                (Verilog) lint            No             - RTLDULIST      -               
 W348                 (Verilog) lint            No             - SETUP          -               
 W326                 (Verilog) lint            No             - SETUP          -               
 W295                 (Verilog) lint            No             - RTLDULIST      -               
 W143                 (Verilog) lint            No             - SETUP          -               
 VerilintPragma       (Verilog) lint            No             - RTLDULIST      -               
 sim_loop01           (Verilog) simulation      No             - RTLDULIST      -               
 sim_race08           (Verilog) simulation      No             - FLATDU2_WL     -               
 sim_race06           (Verilog) simulation      No             - ALLVIEWS       -               
 sim_race03           (Verilog) simulation      No             - VSDU           -               
 sim_race05           (Verilog) simulation      No             - RTLDULIST      -               
 sim_race04           (Verilog) simulation      No             - RTLDU          -               
 sim_race11           (Verilog) simulation      No             - VSDU           -               
 Prereqs_sim_race11   (Verilog) simulation      No             - RTLDULIST      -               
 sim_race01           (Verilog) simulation      No             - RTLDU          -               
 pwrdnPinConnToSeqOrIOCells     erc             No             - FLATDU2_WL     -               
 elementsAllowedPerScanChain    erc             No             - FLATDU2_WL     -               
 delayLineDependentCkt          erc             No             - FLATDU2_WL     -               
 noCombinatorialFeedBack        erc             No             - FLATDU2_WL     -               
 setPinConnectedToSetNet        erc             No             - FLATDU2_WL     -               
 resetPinConnectedToResetNet    erc             No             - FLATDU2_WL     -               
 clockPinsConnectedToClkNets    erc             No             - FLATDU2_WL     -               
 listTristateBuses              erc             No             - FLATDU2_WL     -               
 checkTristateBuses             erc             No             - FLATDU2_WL     -               
 checkOPPinConnectedToNet_b     erc             No             - FLATDU2_WL     -               
 checkOPPinConnectedToNet_a     erc             No             - FLATDU2_WL     -               
 checkIOPinConnectedToNet       erc             No             - FLATDU2_WL     -               
 checkMultipleDrivers           erc             No             - FLATDU2_WL     -               
 checkNetReceiver               erc             No             - FLATDU2_WL     -               
 checkNetDriver                 erc             No             - FLATDU2_WL     -               
 Underload                      erc             No             - FLATDU2_WL     -               
 NearOverload                   erc             No             - FLATDU2_WL     -               
 Overload                       erc             No             - FLATDU2_WL     -               
 OutNotUsed                     erc             No             - FLATDU2_WL     -               
 NoContAssign         (Verilog) erc             No             - RTLDULIST      -               
 MuxSelConst                    erc             No             - FLATDU2_WL     -               
 TristateConst                  erc             No             - FLATDU2_WL     -               
 DisabledOr                     erc             No             - FLATDU2_WL     -               
 DisabledAnd                    erc             No             - FLATDU2_WL     -               
 LatchDataX                     erc             No             - FLATDU2_WL     -               
 LatchDataConstant              erc             No             - FLATDU2_WL     -               
 LatchDataUndriven              erc             No             - FLATDU2_WL     -               
 LatchEnableX                   erc             No             - FLATDU2_WL     -               
 LatchEnableConstant            erc             No             - FLATDU2_WL     -               
 LatchEnableUndriven            erc             No             - FLATDU2_WL     -               
 FlopSR                         erc             No             - FLATDU2_WL     -               
 FlopSREX                       erc             No             - FLATDU2_WL     -               
 FlopEConst                     erc             No             - FLATDU2_WL     -               
 FlopDataX                      erc             No             - FLATDU2_WL     -               
 FlopDataConstant               erc             No             - FLATDU2_WL     -               
 FlopDataUndriven               erc             No             - FLATDU2_WL     -               
 FlopClockX                     erc             No             - FLATDU2_WL     -               
 FlopClockUndriven              erc             No             - FLATDU2_WL     -               
 FloatingInputs                 erc             No             - FLATDU2_WL     -               
 erc_Prereq                     erc             No             - FLATDU2_WL     -               
 STARC05-1.3.1.7                starc2005       No             - FLATDU2_WL     -               
 STARC05-3.3.1.4b               starc2005       No             - FLATDU2_WL     -               
 STARC05-3.5.6.6                starc2005       No             - LEXICAL        -               
 STARC05-3.1.3.3v     (VHDL   ) starc2005       No             - VSDU           -               
 STARC05-3.1.3.3      (Verilog) starc2005       No             - VSDU           -               
 STARC05-3.1.3.2vc    (VHDL   ) starc2005       No             - ELABDU         -               
 STARC05-3.1.3.2vb    (VHDL   ) starc2005       No             - VSDU           -               
 STARC05-3.1.3.2va    (VHDL   ) starc2005       No             - FLATDU2_WL     -               
 STARC05-3.1.3.2b     (Verilog) starc2005       No             - VSDU           -               
 STARC05-3.1.3.2a     (Verilog) starc2005       No             - FLATDU2_WL     -               
 STARC05-2.5.1.5a     (VHDL   ) starc2005       No             - FLATDU2_WL     -               
 STARC05-2.5.1.5a     (Verilog) starc2005       No             - FLATDU2_WL     -               
 STARC05-2.5.1.1      (VHDL   ) starc2005       No             - VSDU           -               
 STARC05-2.5.1.1      (Verilog) starc2005       No             - VSDU           -               
 STARC05-2.3.1.7a               starc2005       No             - VSDU           -               
 STARC05-2.2.1.2                starc2005       No             - VSTOPDU        -               
 STARC05-1.6.3.2                starc2005       No             - FLATDU2_WL     -               
 STARC05-1.6.3.1                starc2005       No             - FLATDU2_WL     -               
 STARC05-1.6.2.2a               starc2005       No             - FLATDU2_WL     -               
 STARC05-1.6.1.2                starc2005       No             - FLATDU2_WL     -               
 STARC05-1.6.1.1b               starc2005       No             - FLATDU2_WL     -               
 STARC05-1.6.1.1a               starc2005       No             - FLATDU2_WL     -               
 STARC05-1.4.3.1b               starc2005       No             - FLATDU2_WL     -               
 STARC05-1.4.3.1a               starc2005       No             - FLATDU2_WL     -               
 STARC05-1.3.2.1b     (VHDL   ) starc2005       No             - FLATDU2_WL     -               
 STARC05-1.3.2.1b     (Verilog) starc2005       No             - FLATDU2_WL     -               
 STARC05-1.1.5.4      (VHDL   ) starc2005       No             - VSDU           -               
 STARC05-1.1.5.4      (Verilog) starc2005       No             - VSDU           -               
 STARC05-1.1.5.2b               starc2005       No             - FLATDU2_WL     -               
 STARC05-1.1.5.1      (VHDL   ) starc2005       No             - VSDU           -               
 STARC05-1.1.5.1      (Verilog) starc2005       No             - VSDU           -               
 STARC05-1.1.4.6b               starc2005       No             - VSDU           -               
 STARC05-1.1.4.6a               starc2005       No             - VSDU           -               
 STARC05-3.5.6.2vb    (VHDL   ) starc2005       No             - LEXICAL        -               
 STARC05-3.5.6.2va    (VHDL   ) starc2005       No             - LEXICAL        -               
 STARC05-3.5.2.1v     (VHDL   ) starc2005       No             - RTLDULIST      -               
 STARC05-3.2.3.1v     (VHDL   ) starc2005       No             - SETUP          -               
 STARC05-3.2.2.1v     (VHDL   ) starc2005       No             - RTLDULIST      -               
 STARC05-3.1.5.2v     (VHDL   ) starc2005       No             - RTLDULIST      -               
 STARC05-3.1.4.2      (VHDL   ) starc2005       No             - LEXICAL        -               
 STARC05-2.11.1.4     (VHDL   ) starc2005       No             - RTLDULIST      -               
 STARC05-2.11.1.2     (VHDL   ) starc2005       No             - RTLDULIST      -               
 STARC05-2.10.8.3     (VHDL   ) starc2005       No             - RTLDULIST      -               
 STARC05-2.10.8.2     (VHDL   ) starc2005       No             - RTLDULIST      -               
 STARC05-2.10.8.1     (VHDL   ) starc2005       No             - RTLDULIST      -               
 STARC05-2.10.6.5     (VHDL   ) starc2005       No             - ELABDU         -               
 STARC05-2.10.5.3     (VHDL   ) starc2005       No             - RTLDULIST      -               
 STARC05-2.10.5.2     (VHDL   ) starc2005       No             - RTLDULIST      -               
 STARC05-2.10.5.1     (VHDL   ) starc2005       No             - RTLDULIST      -               
 STARC05-2.10.4.6v    (VHDL   ) starc2005       No             - RTLDULIST      -               
 STARC05-2.10.4.4     (VHDL   ) starc2005       No             - ELABDU         -               
 STARC05-2.10.3.1v    (VHDL   ) starc2005       No             - ELABDU         -               
 STARC05-2.10.1.8     (VHDL   ) starc2005       No             - ELABDU         -               
 STARC05-2.10.1.5     (VHDL   ) starc2005       No             - RTLDULIST      -               
 STARC05-2.10.1.4v    (VHDL   ) starc2005       No             - RTLDULIST      -               
 STARC05-2.9.2.3      (VHDL   ) starc2005       No             - ELABDU         -               
 STARC05-2.8.3.6      (VHDL   ) starc2005       No             - ELABDU         -               
 STARC05-2.8.3.4b     (VHDL   ) starc2005       No             - RTLDULIST      -               
 STARC05-2.8.3.4a     (VHDL   ) starc2005       No             - RTLDULIST      -               
 STARC05-2.8.3.2      (VHDL   ) starc2005       No             - ELABDU         -               
 STARC05-2.8.2.2      (VHDL   ) starc2005       No             - RTLDULIST      -               
 STARC05-2.8.2.1      (VHDL   ) starc2005       No             - ELABDU         -               
 STARC05-2.7.3.1c     (VHDL   ) starc2005       No             - RTLDULIST      -               
 STARC05-2.7.3.1b     (VHDL   ) starc2005       No             - RTLDULIST      -               
 STARC05-2.7.3.1a     (VHDL   ) starc2005       No             - RTLDULIST      -               
 STARC05-2.7.2.3      (VHDL   ) starc2005       No             - RTLDULIST      -               
 STARC05-2.7.2.2      (VHDL   ) starc2005       No             - ELABDU         -               
 STARC05-2.6.2.2      (VHDL   ) starc2005       No             - ELABDU         -               
 STARC05-2.6.1.4b     (VHDL   ) starc2005       No             - LEXICAL        -               
 STARC05-2.6.1.4a     (VHDL   ) starc2005       No             - LEXICAL        -               
 STARC05-2.6.1.2      (VHDL   ) starc2005       No             - RTLDULIST      -               
 STARC05-2.5.1.5b     (VHDL   ) starc2005       No             - ELABDU         -               
 STARC05-2.3.6.2b     (VHDL   ) starc2005       No             - RTLDULIST      -               
 STARC05-2.3.6.2a     (VHDL   ) starc2005       No             - RTLDULIST      -               
 STARC05-2.3.1.2vc    (VHDL   ) starc2005       No             - RTLDULIST      -               
 STARC05-2.3.1.2vb    (VHDL   ) starc2005       No             - RTLDULIST      -               
 STARC05-2.3.1.2va    (VHDL   ) starc2005       No             - RTLDULIST      -               
 STARC05-2.3.1.7b     (VHDL   ) starc2005       No             - RTLDU          -               
 STARC05-2.3.2.2v     (VHDL   ) starc2005       No             - RTLDULIST      -               
 STARC05-2.2.2.3v     (VHDL   ) starc2005       No             - RTLDU          -               
 STARC05-2.1.6.1v     (VHDL   ) starc2005       No             - RTLDULIST      -               
 STARC05-2.1.5.1v     (VHDL   ) starc2005       No             - RTLDULIST      -               
 STARC05-2.1.4.2v     (VHDL   ) starc2005       No             - RTLDULIST      -               
 STARC05-2.1.3.4v     (VHDL   ) starc2005       No             - RTLDULIST      -               
 STARC05-2.1.3.1v     (VHDL   ) starc2005       No             - RTLDULIST      -               
 STARC05-2.1.2.5v     (VHDL   ) starc2005       No             - RTLDULIST      -               
 STARC05-2.1.2.4v     (VHDL   ) starc2005       No             - RTLDULIST      -               
 STARC05-2.1.2.3v     (VHDL   ) starc2005       No             - RTLDULIST      -               
 STARC05-2.1.2.2v     (VHDL   ) starc2005       No             - RTLDULIST      -               
 STARC05-2.1.2.1v     (VHDL   ) starc2005       No             - RTLDULIST      -               
 STARC05-2.1.1.2v     (VHDL   ) starc2005       No             - RTLDULIST      -               
 STARC05-2.1.1.1v     (VHDL   ) starc2005       No             - RTLDULIST      -               
 STARC05-1.1.4.9v     (VHDL   ) starc2005       No             - RTLDULIST      -               
 STARC05-1.1.4.8v     (VHDL   ) starc2005       No             - RTLDULIST      -               
 STARC05-1.1.4.4v     (VHDL   ) starc2005       No             - RTLDULIST      -               
 STARC05-1.1.4.3v     (VHDL   ) starc2005       No             - RTLDULIST      -               
 STARC05-1.1.6.1      (VHDL   ) starc2005       No             - RTLDULIST      -               
 STARC05-1.1.4.2v     (VHDL   ) starc2005       No             - RTLDULIST      -               
 STARC05-1.1.4.1va    (VHDL   ) starc2005       No             - LEXICAL        -               
 STARC05-1.1.3.3d     (VHDL   ) starc2005       No             - RTLDULIST      -               
 STARC05-1.1.3.3c     (VHDL   ) starc2005       No             - RTLDULIST      -               
 STARC05-1.1.3.3b     (VHDL   ) starc2005       No             - RTLDULIST      -               
 STARC05-1.1.3.3a     (VHDL   ) starc2005       No             - RTLDULIST      -               
 STARC05-1.1.2.1b     (VHDL   ) starc2005       No             - RTLDULIST      -               
 STARC05-1.1.2.1a     (VHDL   ) starc2005       No             - RTLDULIST      -               
 STARC05-1.1.1.9d     (VHDL   ) starc2005       No             - RTLDULIST      -               
 STARC05-1.1.1.9c     (VHDL   ) starc2005       No             - RTLDULIST      -               
 STARC05-1.1.1.9b     (VHDL   ) starc2005       No             - RTLDULIST      -               
 STARC05-1.1.1.9a     (VHDL   ) starc2005       No             - RTLDULIST      -               
 STARC05-1.1.1.8v     (VHDL   ) starc2005       No             - ELABDU         -               
 STARC05-1.1.1.7      (VHDL   ) starc2005       No             - RTLDULIST      -               
 STARC05-1.1.1.6v     (VHDL   ) starc2005       No             - ELABDU         -               
 STARC05-1.1.1.4      (VHDL   ) starc2005       No             - RTLDULIST      -               
 STARC05-1.1.1.3va    (VHDL   ) starc2005       No             - SETUP          -               
 STARC05-ProcessParamSetup(VHDL   ) starc2005       No             - RTLDULIST      -               
 STARC05-2.10.3.2b_sb (Verilog) starc2005       No             - ELABDU         -               
 STARC05-2.10.3.2b_sa (Verilog) starc2005       No             - ELABDU         -               
 STARC05-3.5.6.2      (Verilog) starc2005       No             - LEXICAL        -               
 STARC05-3.5.2.1      (Verilog) starc2005       No             - RTLDULIST      -               
 STARC05-3.2.3.1      (Verilog) starc2005       No             - ELABDU         -               
 STARC05-3.2.2.4      (Verilog) starc2005       No             - RTLDULIST      -               
 STARC05-3.2.2.2b     (Verilog) starc2005       No             - LEXICAL        -               
 STARC05-3.2.2.1      (Verilog) starc2005       No             - RTLDULIST      -               
 STARC05-3.1.5.2      (Verilog) starc2005       No             - RTLDULIST      -               
 STARC05-3.1.4.2      (Verilog) starc2005       No             - LEXICAL        -               
 STARC05-2.11.1.4     (Verilog) starc2005       No             - ELABDU         -               
 STARC05-2.11.1.2     (Verilog) starc2005       No             - ELABDU         -               
 STARC05-2.10.8.3     (Verilog) starc2005       No             - ELABDU         -               
 STARC05-2.10.8.2     (Verilog) starc2005       No             - ELABDU         -               
 STARC05-2.10.8.1     (Verilog) starc2005       No             - ELABDU         -               
 STARC05-2.10.6.5     (Verilog) starc2005       No             - ELABDU         -               
 STARC05-2.10.5.3     (Verilog) starc2005       No             - RTLDULIST      -               
 STARC05-2.10.5.2     (Verilog) starc2005       No             - RTLDULIST      -               
 STARC05-2.10.5.1     (Verilog) starc2005       No             - ELABDU         -               
 STARC05-2.10.4.6     (Verilog) starc2005       No             - ELABDU         -               
 STARC05-2.10.4.5     (Verilog) starc2005       No             - ELABDU         -               
 STARC05-2.10.4.1     (Verilog) starc2005       No             - RTLDU          -               
 STARC05-2.10.3.1     (Verilog) starc2005       No             - ELABDU         -               
 STARC05-2.10.1.8     (Verilog) starc2005       No             - RTLDU          -               
 STARC05-2.10.1.6     (Verilog) starc2005       No             - ELABDU         -               
 STARC05-2.10.1.4c    (Verilog) starc2005       No             - ELABDU         -               
 STARC05-2.9.2.3      (Verilog) starc2005       No             - RTLDULIST      -               
 STARC05-2.9.1.2e     (Verilog) starc2005       No             - RTLDULIST      -               
 STARC05-2.8.6.1      (Verilog) starc2005       No             - ELABDU         -               
 STARC05-2.8.3.6      (Verilog) starc2005       No             - RTLDULIST      -               
 STARC05-2.8.3.4b     (Verilog) starc2005       No             - ELABDU         -               
 STARC05-2.8.3.4a     (Verilog) starc2005       No             - ELABDU         -               
 STARC05-2.8.3.3      (Verilog) starc2005       No             - ELABDU         -               
 STARC05-2.8.3.2      (Verilog) starc2005       No             - ELABDU         -               
 STARC05-2.8.2.2      (Verilog) starc2005       No             - RTLDU          -               
 STARC05-2.8.2.1      (Verilog) starc2005       No             - ELABDU         -               
 STARC05-2.7.4.2      (Verilog) starc2005       No             - RTLDULIST      -               
 STARC05-2.7.3.1c     (Verilog) starc2005       No             - RTLDU          -               
 STARC05-2.7.3.1b     (Verilog) starc2005       No             - RTLDULIST      -               
 STARC05-2.7.3.1a     (Verilog) starc2005       No             - RTLDULIST      -               
 STARC05-2.7.2.3      (Verilog) starc2005       No             - RTLDULIST      -               
 STARC05-2.7.2.2      (Verilog) starc2005       No             - ELABDU         -               
 STARC05-2.6.2.2      (Verilog) starc2005       No             - ELABDU         -               
 STARC05-2.6.1.4b     (Verilog) starc2005       No             - RTLDULIST      -               
 STARC05-2.6.1.4a     (Verilog) starc2005       No             - RTLDULIST      -               
 STARC05-2.6.1.2      (Verilog) starc2005       No             - RTLDULIST      -               
 STARC05-2.3.6.2b     (Verilog) starc2005       No             - RTLDULIST      -               
 STARC05-2.3.6.2a     (Verilog) starc2005       No             - RTLDULIST      -               
 STARC05-2.3.2.2      (Verilog) starc2005       No             - ELABDU         -               
 STARC05-2.3.1.2b     (Verilog) starc2005       No             - RTLDULIST      -               
 STARC05-2.3.1.2a     (Verilog) starc2005       No             - RTLDULIST      -               
 STARC05-2.2.2.3b     (Verilog) starc2005       No             - RTLDU          -               
 STARC05-2.2.2.3a     (Verilog) starc2005       No             - RTLDU          -               
 STARC05-2.1.6.1      (Verilog) starc2005       No             - ELABDU         -               
 STARC05-2.1.5.1      (Verilog) starc2005       No             - RTLDULIST      -               
 STARC05-2.1.4.2      (Verilog) starc2005       No             - ELABDU         -               
 STARC05-2.1.3.4      (Verilog) starc2005       No             - ELABDU         -               
 STARC05-2.1.2.5      (Verilog) starc2005       No             - ELABDU         -               
 STARC05-2.1.2.4      (Verilog) starc2005       No             - ELABDU         -               
 STARC05-2.1.2.3      (Verilog) starc2005       No             - ELABDU         -               
 STARC05-2.1.2.2a     (Verilog) starc2005       No             - RTLDULIST      -               
 STARC05-2.1.2.2      (Verilog) starc2005       No             - RTLDULIST      -               
 STARC05-2.1.2.1      (Verilog) starc2005       No             - RTLDULIST      -               
 STARC05-2.1.1.1      (Verilog) starc2005       No             - VSDU           -               
 STARC05-1.1.4.9      (Verilog) starc2005       No             - RTLDULIST      -               
 STARC05-1.1.4.8      (Verilog) starc2005       No             - RTLDULIST      -               
 STARC05-1.1.4.4      (Verilog) starc2005       No             - LEXICAL        -               
 STARC05-1.1.4.3      (Verilog) starc2005       No             - RTLDULIST      -               
 STARC05-1.1.4.2b     (Verilog) starc2005       No             - RTLDULIST      -               
 STARC05-1.1.4.2a     (Verilog) starc2005       No             - RTLDULIST      -               
 STARC05-1.1.4.1      (Verilog) starc2005       No             - RTLDULIST      -               
 STARC05-1.1.3.3e     (Verilog) starc2005       No             - RTLDULIST      -               
 STARC05-1.1.3.3d     (Verilog) starc2005       No             - RTLDULIST      -               
 STARC05-1.1.3.3c     (Verilog) starc2005       No             - RTLDULIST      -               
 STARC05-1.1.3.3b     (Verilog) starc2005       No             - RTLDULIST      -               
 STARC05-1.1.3.3a     (Verilog) starc2005       No             - RTLDULIST      -               
 STARC05-1.1.2.1b     (Verilog) starc2005       No             - RTLDULIST      -               
 STARC05-1.1.2.1a     (Verilog) starc2005       No             - RTLDULIST      -               
 STARC05-1.1.1.9d     (Verilog) starc2005       No             - RTLDULIST      -               
 STARC05-1.1.1.9c     (Verilog) starc2005       No             - RTLDULIST      -               
 STARC05-1.1.1.9b     (Verilog) starc2005       No             - RTLDULIST      -               
 STARC05-1.1.1.9a     (Verilog) starc2005       No             - RTLDULIST      -               
 STARC05-1.1.1.8      (Verilog) starc2005       No             - RTLDULIST      -               
 STARC05-1.1.1.7      (Verilog) starc2005       No             - RTLDULIST      -               
 STARC05-2.10.5.3b    (Verilog) starc2005       No             - ELABDU         -               
 STARC05-2.10.5.3a    (Verilog) starc2005       No             - ELABDU         -               
 STARC05-1.1.1.6      (Verilog) starc2005       No             - RTLDULIST      -               
 STARC05-1.1.1.4      (Verilog) starc2005       No             - RTLDULIST      -               
 STARC05-1.1.1.3      (Verilog) starc2005       No             - SETUP          -               
 STARC05-AlwaysParamSetup(Verilog) starc2005       No             - RTLDULIST      -               
 STARC-2.10.1.5c      (VHDL   ) starc           No             - ELABDU         -               
 STARC-2.10.1.5c      (Verilog) starc           No             - ELABDU         -               
 STARC-3.1.3.2c       (VHDL   ) starc           No             - ELABDU         -               
 STARC-3.1.3.2b                 starc           No             - VSDU           -               
 STARC-3.1.3.2a                 starc           No             - FLATDU2_WL     -               
 STARC-3.3.2.3                  starc           No             - FLATDU2_WL     -               
 STARC-3.3.2.2b                 starc           No             - FLATDU2_WL     -               
 STARC05-3.3.1.4a               starc2005       No             - FLATDU2_WL     -               
 STARC-3.3.2.2a                 starc           No             - FLATDU2_WL     -               
 STARC05-3.3.1.1                starc2005       No             - FLATDU2_WL     -               
 STARC-3.1.4.5        (VHDL   ) starc           No             - LEXICAL        -               
 STARC05-3.1.4.5      (VHDL   ) starc2005       No             - LEXICAL        -               
 STARC-3.1.4.5        (Verilog) starc           No             - LEXICAL        -               
 STARC05-3.1.4.5      (Verilog) starc2005       No             - LEXICAL        -               
 STARC-2.3.6.1                  starc           No             - VSDU           -               
 STARC05-2.3.6.1                starc2005       No             - VSDU           -               
 Prereqs_STARC-2.3.6.1          starc           No             - ELABDU         -               
 STARC-2.5.2.1                  starc           No             - FLATDU2_WL     -               
 STARC05-2.5.2.1                starc2005       No             - FLATDU2_WL     -               
 STARC-2.5.1.4                  starc           No             - FLATDU2_WL     -               
 STARC05-2.5.1.4                starc2005       No             - FLATDU2_WL     -               
 STARC-2.3.5.1                  starc           No             - FLATDU2_WL     -               
 STARC05-2.3.5.1                starc2005       No             - FLATDU2_WL     -               
 STARC-2.3.3.3        (VHDL   ) starc           No             - RTLDULIST      -               
 STARC05-2.3.3.2b     (VHDL   ) starc2005       No             - RTLDULIST      -               
 STARC-2.3.3.3        (Verilog) starc           No             - RTLDU          -               
 STARC05-2.3.3.2b     (Verilog) starc2005       No             - RTLDU          -               
 STARC-1.6.3.2                  starc           No             - FLATDU2_WL     -               
 STARC-1.6.3.1                  starc           No             - FLATDU2_WL     -               
 STARC-1.6.2.2a                 starc           No             - FLATDU2_WL     -               
 STARC-1.6.2.2                  starc           No             - FLATDU2_WL     -               
 STARC05-1.6.2.2                starc2005       No             - FLATDU2_WL     -               
 STARC-1.6.1.2                  starc           No             - FLATDU2_WL     -               
 STARC-1.6.1.1                  starc           No             - FLATDU2_WL     -               
 STARC-1.5.1.5                  starc           No             - FLATDU2_WL     -               
 STARC-1.5.1.2                  starc           No             - FLATDU2_WL     -               
 STARC05-1.5.1.2                starc2005       No             - FLATDU2_WL     -               
 STARC-1.5.1.1                  starc           No             - FLATDU2_WL     -               
 STARC05-1.5.1.1                starc2005       No             - FLATDU2_WL     -               
 STARC-1.4.3.4                  starc           No             - FLATDU2_WL     -               
 STARC-1.4.3.2                  starc           No             - FLATDU2_WL     -               
 STARC-1.4.3.1b                 starc           No             - FLATDU2_WL     -               
 STARC05-1.4.3.1c               starc2005       No             - FLATDU2_WL     -               
 STARC-1.4.3.1a                 starc           No             - FLATDU2_WL     -               
 STARC-1.4.1.1                  starc           No             - FLATDU2_WL     -               
 STARC05-1.4.1.1                starc2005       No             - FLATDU2_WL     -               
 STARC-1.3.3.4                  starc           No             - FLATDU2_WL     -               
 STARC-1.3.2.2                  starc           No             - FLATDU2_WL     -               
 STARC05-1.3.2.2                starc2005       No             - FLATDU2_WL     -               
 STARC-1.3.2.2_prereq           starc           No             - SETUP          -               
 STARC-1.3.2.1                  starc           No             - FLATDU2_WL     -               
 STARC05-1.3.2.1a               starc2005       No             - FLATDU2_WL     -               
 STARC-1.3.1.7                  starc           No             - FLATDU2_WL     -               
 STARC-1.3.1.6                  starc           No             - FLATDU2_WL     -               
 STARC05-1.3.1.6                starc2005       No             - FLATDU2_WL     -               
 STARC-1.3.1.3a                 starc           No             - FLATDU2_WL     -               
 STARC-1.3.1.3                  starc           No             - FLATDU2_WL     -               
 STARC-1.2.1.3                  starc           No             - FLATDU2_WL     -               
 STARC05-1.2.1.3                starc2005       No             - FLATDU2_WL     -               
 STARC-1.2.1.2                  starc           No             - FLATDU2_WL     -               
 STARC-1.2.1.1b                 starc           No             - FLATDU2_WL     -               
 STARC05-1.2.1.1b               starc2005       No             - FLATDU2_WL     -               
 STARC-1.2.1.1a                 starc           No             - FLATDU2_WL     -               
 STARC05-1.2.1.1a               starc2005       No             - FLATDU2_WL     -               
 STARC-2.5.1.2                  starc           No             - FLATDU2_WL     -               
 STARC-2.5.1.1                  starc           No             - VSDU           -               
 STARC-2.4.1.2                  starc           No             - VSDU           -               
 STARC05-2.4.1.2                starc2005       No             - VSDU           -               
 STARC-2.2.1.3                  starc           No             - VSTOPDU        -               
 STARC-1.6.2.1                  starc           No             - VSDU           -               
 STARC05-1.6.2.1                starc2005       No             - VSDU           -               
 Prereqs_STARC-1.6.2.1          starc           No             - RTLDULIST      -               
 Prereqs_STARC05-1.6.2.1        starc2005       No             - RTLDULIST      -               
 STARC-1.1.5.4        (VHDL   ) starc           No             - VSDU           -               
 STARC-1.1.5.4        (Verilog) starc           No             - VSDU           -               
 STARC-1.1.5.3        (VHDL   ) starc           No             - VSDU           -               
 STARC05-1.1.5.3      (VHDL   ) starc2005       No             - VSDU           -               
 STARC-1.1.5.3        (Verilog) starc           No             - VSDU           -               
 STARC05-1.1.5.3      (Verilog) starc2005       No             - VSDU           -               
 STARC-1.1.5.1        (VHDL   ) starc           No             - VSDU           -               
 STARC-1.1.5.1        (Verilog) starc           No             - VSDU           -               
 STARC-1.1.2.1b       (VHDL   ) starc           No             - RTLDULIST      -               
 STARC-1.1.2.1b       (Verilog) starc           No             - RTLDULIST      -               
 STARC-3.5.6.3b       (VHDL   ) starc           No             - LEXICAL        -               
 STARC05-3.5.6.3b     (VHDL   ) starc2005       No             - LEXICAL        -               
 STARC-3.5.3.1        (VHDL   ) starc           No             - LEXICAL        -               
 STARC05-3.5.3.1      (VHDL   ) starc2005       No             - LEXICAL        -               
 STARC-3.1.4.3        (VHDL   ) starc           No             - LEXICAL        -               
 STARC05-3.1.4.3      (VHDL   ) starc2005       No             - LEXICAL        -               
 STARC-3.1.2.7        (VHDL   ) starc           No             - LEXICAL        -               
 STARC05-3.1.2.7      (VHDL   ) starc2005       No             - LEXICAL        -               
 STARC-2.7.3.5        (VHDL   ) starc           No             - LEXICAL        -               
 STARC-2.6.1.4        (VHDL   ) starc           No             - LEXICAL        -               
 STARC-1.3.1.5b       (VHDL   ) starc           No             - RTLDULIST      -               
 STARC05-1.3.1.5b     (VHDL   ) starc2005       No             - RTLDULIST      -               
 STARC-1.3.1.5a       (VHDL   ) starc           No             - RTLDULIST      -               
 STARC05-1.3.1.5a     (VHDL   ) starc2005       No             - RTLDULIST      -               
 STARC-1.1.1.5        (VHDL   ) starc           No             - LEXICAL        -               
 STARC05-1.1.1.5      (VHDL   ) starc2005       No             - LEXICAL        -               
 STARC-1.1.4.1b       (VHDL   ) starc           No             - LEXICAL        -               
 STARC05-1.1.4.1vb    (VHDL   ) starc2005       No             - LEXICAL        -               
 STARC-1.1.4.1a       (VHDL   ) starc           No             - LEXICAL        -               
 STARC-1.1.1.1        (VHDL   ) starc           No             - RTLDULIST      -               
 STARC-3.1.3.3        (VHDL   ) starc           No             - VSDU           -               
 STARC-1.1.5.2c       (VHDL   ) starc           No             - FLATDU2_WL     -               
 STARC05-1.1.5.2c     (VHDL   ) starc2005       No             - FLATDU2_WL     -               
 STARC-1.1.5.2b       (VHDL   ) starc           No             - FLATDU2_WL     -               
 STARC-1.1.5.2a       (VHDL   ) starc           No             - FLATDU2_WL     -               
 STARC05-1.1.5.2a     (VHDL   ) starc2005       No             - FLATDU2_WL     -               
 STARC-2.4.1.3        (VHDL   ) starc           No             - VSDU           -               
 STARC05-2.4.1.3      (VHDL   ) starc2005       No             - VSDU           -               
 STARC-2.3.4.1        (VHDL   ) starc           No             - VSDU           -               
 STARC-3.5.6.4        (VHDL   ) starc           No             - RTLDULIST      -               
 STARC05-3.5.6.4      (VHDL   ) starc2005       No             - RTLDULIST      -               
 STARC-3.5.6.3a       (VHDL   ) starc           No             - RTLDULIST      -               
 STARC05-3.5.6.3a     (VHDL   ) starc2005       No             - RTLDULIST      -               
 STARC-3.5.6.2b       (VHDL   ) starc           No             - LEXICAL        -               
 STARC-3.5.6.2a       (VHDL   ) starc           No             - LEXICAL        -               
 STARC-3.2.3.3        (VHDL   ) starc           No             - RTLDULIST      -               
 STARC05-3.2.3.3      (VHDL   ) starc2005       No             - RTLDULIST      -               
 STARC-3.2.3.1        (VHDL   ) starc           No             - SETUP          -               
 STARC-3.2.2.1        (VHDL   ) starc           No             - RTLDULIST      -               
 STARC-3.1.6.2        (VHDL   ) starc           No             - RTLDULIST      -               
 STARC05-3.1.6.2      (VHDL   ) starc2005       No             - RTLDULIST      -               
 STARC-3.1.6.1        (VHDL   ) starc           No             - RTLDULIST      -               
 STARC05-3.1.6.1      (VHDL   ) starc2005       No             - RTLDULIST      -               
 STARC-3.1.5.2        (VHDL   ) starc           No             - RTLDULIST      -               
 STARC-3.1.4.4        (VHDL   ) starc           No             - RTLDULIST      -               
 STARC05-3.1.4.4      (VHDL   ) starc2005       No             - RTLDULIST      -               
 STARC-3.1.3.5        (VHDL   ) starc           No             - RTLDULIST      -               
 STARC-2.11.5.2       (VHDL   ) starc           No             - RTLDULIST      -               
 STARC05-2.11.5.2     (VHDL   ) starc2005       No             - RTLDULIST      -               
 STARC-2.11.4.1       (VHDL   ) starc           No             - RTLDULIST      -               
 STARC05-2.11.4.1     (VHDL   ) starc2005       No             - RTLDULIST      -               
 STARC-2.11.3.1       (VHDL   ) starc           No             - RTLDULIST      -               
 STARC-2.11.2.1       (VHDL   ) starc           No             - RTLDULIST      -               
 STARC05-2.11.2.1     (VHDL   ) starc2005       No             - RTLDULIST      -               
 STARC-2.11.1.4       (VHDL   ) starc           No             - RTLDULIST      -               
 STARC-2.11.1.3       (VHDL   ) starc           No             - RTLDULIST      -               
 STARC-2.11.1.2       (VHDL   ) starc           No             - RTLDULIST      -               
 STARC-2.11.1.1       (VHDL   ) starc           No             - RTLDULIST      -               
 STARC-2.10.7.2       (VHDL   ) starc           No             - RTLDULIST      -               
 STARC05-2.10.7.2     (VHDL   ) starc2005       No             - RTLDULIST      -               
 STARC-2.10.6.6       (VHDL   ) starc           No             - RTLDULIST      -               
 STARC-2.10.6.5       (VHDL   ) starc           No             - ELABDU         -               
 STARC-2.10.4.7       (VHDL   ) starc           No             - RTLDULIST      -               
 STARC-2.10.4.5       (VHDL   ) starc           No             - ELABDU         -               
 STARC-2.10.4.3       (VHDL   ) starc           No             - RTLDULIST      -               
 STARC05-2.10.4.3     (VHDL   ) starc2005       No             - RTLDULIST      -               
 STARC-2.10.3.1       (VHDL   ) starc           No             - ELABDU         -               
 STARC-2.10.1.6       (VHDL   ) starc           No             - RTLDULIST      -               
 STARC-2.10.1.5a      (VHDL   ) starc           No             - RTLDULIST      -               
 STARC-2.10.1.4       (VHDL   ) starc           No             - RTLDULIST      -               
 STARC-2.10.1.2       (VHDL   ) starc           No             - SETUP          -               
 STARC05-2.10.1.2     (VHDL   ) starc2005       No             - SETUP          -               
 STARC-2.9.3.1        (VHDL   ) starc           No             - RTLDULIST      -               
 STARC05-2.9.3.1      (VHDL   ) starc2005       No             - RTLDULIST      -               
 STARC-2.9.2.4        (VHDL   ) starc           No             - RTLDULIST      -               
 STARC05-2.9.2.4      (VHDL   ) starc2005       No             - RTLDULIST      -               
 STARC-2.9.2.3        (VHDL   ) starc           No             - ELABDU         -               
 STARC-2.9.2.2        (VHDL   ) starc           No             - ELABDU         -               
 STARC05-2.9.2.2      (VHDL   ) starc2005       No             - ELABDU         -               
 STARC-2.9.2.1        (VHDL   ) starc           No             - ELABDU         -               
 STARC05-2.9.2.1      (VHDL   ) starc2005       No             - ELABDU         -               
 STARC-2.9.1.1        (VHDL   ) starc           No             - ELABDU         -               
 STARC05-2.9.1.1      (VHDL   ) starc2005       No             - ELABDU         -               
 STARC-2.8.3.4a       (VHDL   ) starc           No             - ELABDU         -               
 STARC-2.8.3.1        (VHDL   ) starc           No             - RTLDULIST      -               
 STARC05-2.8.3.1      (VHDL   ) starc2005       No             - RTLDULIST      -               
 STARC-2.8.2.1        (VHDL   ) starc           No             - ELABDU         -               
 STARC-2.8.1.4        (VHDL   ) starc           No             - RTLDULIST      -               
 STARC05-2.8.1.4      (VHDL   ) starc2005       No             - RTLDULIST      -               
 STARC-2.7.3.4        (VHDL   ) starc           No             - RTLDULIST      -               
 STARC05-2.7.3.4      (VHDL   ) starc2005       No             - RTLDULIST      -               
 STARC-2.7.3.3c       (VHDL   ) starc           No             - RTLDULIST      -               
 STARC-2.7.3.3b       (VHDL   ) starc           No             - RTLDULIST      -               
 STARC-2.7.3.3a       (VHDL   ) starc           No             - RTLDULIST      -               
 STARC-2.7.3.1c       (VHDL   ) starc           No             - RTLDULIST      -               
 STARC-2.7.3.1b       (VHDL   ) starc           No             - RTLDULIST      -               
 STARC-2.7.3.1a       (VHDL   ) starc           No             - RTLDULIST      -               
 STARC-2.7.2.1        (VHDL   ) starc           No             - RTLDULIST      -               
 STARC05-2.7.2.1      (VHDL   ) starc2005       No             - RTLDULIST      -               
 STARC-2.7.1.3b       (VHDL   ) starc           No             - RTLDULIST      -               
 STARC05-2.7.1.3b     (VHDL   ) starc2005       No             - RTLDULIST      -               
 STARC-2.7.1.3a       (VHDL   ) starc           No             - ELABDU         -               
 STARC05-2.7.1.3a     (VHDL   ) starc2005       No             - ELABDU         -               
 STARC-2.6.2.2        (VHDL   ) starc           No             - ELABDU         -               
 STARC-2.6.2.1        (VHDL   ) starc           No             - RTLDULIST      -               
 STARC05-2.6.2.1      (VHDL   ) starc2005       No             - RTLDULIST      -               
 STARC-2.6.1.3        (VHDL   ) starc           No             - RTLDULIST      -               
 STARC05-2.6.1.3      (VHDL   ) starc2005       No             - RTLDULIST      -               
 STARC-2.5.1.5b       (VHDL   ) starc           No             - FLATDU2_WL     -               
 STARC-2.5.1.5a       (VHDL   ) starc           No             - ELABDU         -               
 STARC-2.3.6.2b       (VHDL   ) starc           No             - RTLDULIST      -               
 STARC-2.3.6.2a       (VHDL   ) starc           No             - RTLDULIST      -               
 STARC-2.3.3.2        (VHDL   ) starc           No             - RTLDULIST      -               
 STARC05-2.3.3.2a     (VHDL   ) starc2005       No             - RTLDULIST      -               
 STARC-2.3.3.1        (VHDL   ) starc           No             - RTLDULIST      -               
 STARC05-2.3.3.1      (VHDL   ) starc2005       No             - RTLDULIST      -               
 STARC-2.3.2.4        (VHDL   ) starc           No             - RTLDULIST      -               
 STARC05-2.3.2.4      (VHDL   ) starc2005       No             - RTLDULIST      -               
 STARC-2.3.2.2        (VHDL   ) starc           No             - RTLDULIST      -               
 STARC-2.3.1.8        (VHDL   ) starc           No             - RTLDULIST      -               
 STARC05-2.3.1.8      (VHDL   ) starc2005       No             - RTLDULIST      -               
 STARC-2.3.1.5a       (VHDL   ) starc           No             - RTLDULIST      -               
 STARC-2.3.1.4        (VHDL   ) starc           No             - RTLDULIST      -               
 STARC-2.3.1.3        (VHDL   ) starc           No             - RTLDULIST      -               
 STARC05-2.3.1.3      (VHDL   ) starc2005       No             - RTLDULIST      -               
 STARC-2.3.1.2c       (VHDL   ) starc           No             - RTLDULIST      -               
 STARC-2.3.1.2b       (VHDL   ) starc           No             - RTLDULIST      -               
 STARC-2.3.1.2a       (VHDL   ) starc           No             - RTLDULIST      -               
 STARC-2.3.1.1        (VHDL   ) starc           No             - RTLDULIST      -               
 STARC05-2.3.1.1      (VHDL   ) starc2005       No             - RTLDULIST      -               
 STARC-2.2.2.2        (VHDL   ) starc           No             - ELABDU         -               
 STARC-2.2.2.1        (VHDL   ) starc           No             - ELABDU         -               
 STARC05-2.2.2.1      (VHDL   ) starc2005       No             - ELABDU         -               
 STARC-2.1.10.8       (VHDL   ) starc           No             - RTLDULIST      -               
 STARC05-2.1.10.8     (VHDL   ) starc2005       No             - RTLDULIST      -               
 STARC-2.1.10.6       (VHDL   ) starc           No             - RTLDULIST      -               
 STARC05-2.1.10.6     (VHDL   ) starc2005       No             - RTLDULIST      -               
 STARC-2.1.10.5       (VHDL   ) starc           No             - RTLDULIST      -               
 STARC05-2.1.10.5     (VHDL   ) starc2005       No             - RTLDULIST      -               
 STARC-2.1.10.4       (VHDL   ) starc           No             - RTLDULIST      -               
 STARC05-2.1.10.4     (VHDL   ) starc2005       No             - RTLDULIST      -               
 STARC-2.1.10.3       (VHDL   ) starc           No             - RTLDULIST      -               
 STARC05-2.1.10.3     (VHDL   ) starc2005       No             - RTLDULIST      -               
 STARC-2.1.10.2       (VHDL   ) starc           No             - RTLDULIST      -               
 STARC05-2.1.10.2     (VHDL   ) starc2005       No             - RTLDULIST      -               
 STARC-2.1.10.1       (VHDL   ) starc           No             - RTLDULIST      -               
 STARC05-2.1.10.1     (VHDL   ) starc2005       No             - RTLDULIST      -               
 STARC-2.1.9.5        (VHDL   ) starc           No             - RTLDULIST      -               
 STARC05-2.1.9.5      (VHDL   ) starc2005       No             - RTLDULIST      -               
 STARC-2.1.9.4        (VHDL   ) starc           No             - RTLDULIST      -               
 STARC05-2.1.9.4      (VHDL   ) starc2005       No             - RTLDULIST      -               
 STARC-2.1.8.9        (VHDL   ) starc           No             - RTLDULIST      -               
 STARC05-2.1.8.9      (VHDL   ) starc2005       No             - RTLDULIST      -               
 STARC-2.1.8.7        (VHDL   ) starc           No             - RTLDULIST      -               
 STARC05-2.1.8.10     (VHDL   ) starc2005       No             - RTLDULIST      -               
 STARC-2.1.8.6        (VHDL   ) starc           No             - RTLDULIST      -               
 STARC05-2.1.8.6      (VHDL   ) starc2005       No             - RTLDULIST      -               
 STARC-2.1.8.5b       (VHDL   ) starc           No             - RTLDULIST      -               
 STARC05-2.1.8.5b     (VHDL   ) starc2005       No             - RTLDULIST      -               
 STARC-2.1.8.5a       (VHDL   ) starc           No             - RTLDULIST      -               
 STARC05-2.1.8.5a     (VHDL   ) starc2005       No             - RTLDULIST      -               
 STARC-2.1.8.4        (VHDL   ) starc           No             - RTLDULIST      -               
 STARC05-2.1.8.4      (VHDL   ) starc2005       No             - RTLDULIST      -               
 STARC-2.1.8.2        (VHDL   ) starc           No             - RTLDULIST      -               
 STARC05-2.1.8.2      (VHDL   ) starc2005       No             - RTLDULIST      -               
 STARC-2.1.8.1        (VHDL   ) starc           No             - RTLDULIST      -               
 STARC05-2.1.8.1      (VHDL   ) starc2005       No             - RTLDULIST      -               
 STARC-2.1.7.3        (VHDL   ) starc           No             - RTLDULIST      -               
 STARC05-2.1.7.3      (VHDL   ) starc2005       No             - RTLDULIST      -               
 STARC-2.1.7.1        (VHDL   ) starc           No             - RTLDULIST      -               
 STARC05-2.1.7.1      (VHDL   ) starc2005       No             - RTLDULIST      -               
 STARC-2.1.6.3        (VHDL   ) starc           No             - RTLDULIST      -               
 STARC05-2.1.6.3      (VHDL   ) starc2005       No             - RTLDULIST      -               
 STARC-2.1.6.2        (VHDL   ) starc           No             - RTLDULIST      -               
 STARC05-2.1.6.2      (VHDL   ) starc2005       No             - RTLDULIST      -               
 STARC-2.1.6.1        (VHDL   ) starc           No             - RTLDULIST      -               
 STARC-2.1.5.1        (VHDL   ) starc           No             - RTLDULIST      -               
 STARC-2.1.4.2        (VHDL   ) starc           No             - RTLDULIST      -               
 STARC-2.1.3.4        (VHDL   ) starc           No             - RTLDULIST      -               
 STARC-2.1.3.3        (VHDL   ) starc           No             - RTLDULIST      -               
 STARC05-2.1.3.3      (VHDL   ) starc2005       No             - RTLDULIST      -               
 STARC-2.1.3.1        (VHDL   ) starc           No             - RTLDULIST      -               
 STARC-2.1.2.5        (VHDL   ) starc           No             - RTLDULIST      -               
 STARC-2.1.2.4        (VHDL   ) starc           No             - RTLDULIST      -               
 STARC-2.1.2.3        (VHDL   ) starc           No             - RTLDULIST      -               
 STARC-2.1.2.2        (VHDL   ) starc           No             - RTLDULIST      -               
 STARC-2.1.2.1        (VHDL   ) starc           No             - RTLDULIST      -               
 STARC-2.1.1.2        (VHDL   ) starc           No             - RTLDULIST      -               
 STARC-2.1.1.1        (VHDL   ) starc           No             - RTLDULIST      -               
 STARC-1.6.6.3        (VHDL   ) starc           No             - RTLDULIST      -               
 STARC-1.6.6.2        (VHDL   ) starc           No             - RTLDULIST      -               
 STARC-1.6.1.4        (VHDL   ) starc           No             - RTLDULIST      -               
 STARC05-1.6.1.4      (VHDL   ) starc2005       No             - RTLDULIST      -               
 STARC-1.3.1.2        (VHDL   ) starc           No             - RTLDULIST      -               
 STARC05-1.3.1.2      (VHDL   ) starc2005       No             - RTLDULIST      -               
 STARC-1.1.6.5        (VHDL   ) starc           No             - RTLDULIST      -               
 STARC-1.1.6.4        (VHDL   ) starc           No             - RTLDULIST      -               
 STARC05-1.1.6.4      (VHDL   ) starc2005       No             - RTLDULIST      -               
 STARC-1.1.6.1        (VHDL   ) starc           No             - RTLDULIST      -               
 STARC-1.1.4.9        (VHDL   ) starc           No             - RTLDULIST      -               
 STARC-1.1.4.8        (VHDL   ) starc           No             - RTLDULIST      -               
 STARC-1.1.4.7        (VHDL   ) starc           No             - RTLDULIST      -               
 STARC05-1.1.4.7      (VHDL   ) starc2005       No             - RTLDULIST      -               
 STARC-1.1.4.6        (VHDL   ) starc           No             - RTLDULIST      -               
 STARC-1.1.4.2        (VHDL   ) starc           No             - RTLDULIST      -               
 STARC-1.1.3.2        (VHDL   ) starc           No             - RTLDULIST      -               
 STARC-1.1.3.1        (VHDL   ) starc           No             - RTLDULIST      -               
 STARC05-1.1.3.1      (VHDL   ) starc2005       No             - RTLDULIST      -               
 STARC-1.1.2.6b       (VHDL   ) starc           No             - RTLDULIST      -               
 STARC05-1.1.2.6b     (VHDL   ) starc2005       No             - RTLDULIST      -               
 STARC-1.1.2.6a       (VHDL   ) starc           No             - RTLDULIST      -               
 STARC05-1.1.2.6a     (VHDL   ) starc2005       No             - RTLDULIST      -               
 STARC-1.1.2.5        (VHDL   ) starc           No             - RTLDULIST      -               
 STARC05-1.1.2.5      (VHDL   ) starc2005       No             - RTLDULIST      -               
 STARC-3.1.3.1        (VHDL   ) starc           No             - ELABDU         -               
 STARC05-3.1.3.1      (VHDL   ) starc2005       No             - ELABDU         -               
 STARC-1.1.2.4        (VHDL   ) starc           No             - RTLDULIST      -               
 STARC05-1.1.2.4      (VHDL   ) starc2005       No             - RTLDULIST      -               
 STARC-1.1.2.3        (VHDL   ) starc           No             - RTLDULIST      -               
 STARC05-1.1.2.3      (VHDL   ) starc2005       No             - RTLDULIST      -               
 STARC-1.1.2.2        (VHDL   ) starc           No             - RTLDULIST      -               
 STARC05-1.1.2.2      (VHDL   ) starc2005       No             - RTLDULIST      -               
 STARC-1.1.2.1a       (VHDL   ) starc           No             - RTLDULIST      -               
 STARC-1.1.1.11       (VHDL   ) starc           No             - ELABDU         -               
 STARC-1.1.1.10       (VHDL   ) starc           No             - RTLDULIST      -               
 STARC05-1.1.1.10     (VHDL   ) starc2005       No             - RTLDULIST      -               
 STARC-1.1.1.9b       (VHDL   ) starc           No             - RTLDULIST      -               
 STARC-1.1.1.9a       (VHDL   ) starc           No             - RTLDULIST      -               
 STARC-1.1.1.8        (VHDL   ) starc           No             - ELABDU         -               
 STARC-1.1.1.7        (VHDL   ) starc           No             - RTLDULIST      -               
 STARC-1.1.1.4        (VHDL   ) starc           No             - RTLDULIST      -               
 STARC-1.1.1.3b       (VHDL   ) starc           No             - RTLDULIST      -               
 STARC05-1.1.1.3vb    (VHDL   ) starc2005       No             - RTLDULIST      -               
 STARC-1.1.1.3a       (VHDL   ) starc           No             - SETUP          -               
 STARC-1.1.1.2        (VHDL   ) starc           No             - RTLDULIST      -               
 STARC05-1.1.1.2      (VHDL   ) starc2005       No             - RTLDULIST      -               
 STARC-3.5.3.1        (Verilog) starc           No             - LEXICAL        -               
 STARC05-3.5.3.1      (Verilog) starc2005       No             - LEXICAL        -               
 STARC-3.2.2.7        (Verilog) starc           No             - RTLDULIST      -               
 STARC05-3.2.2.7      (Verilog) starc2005       No             - RTLDULIST      -               
 STARC-3.2.2.3        (Verilog) starc           No             - LEXICAL        -               
 STARC05-3.2.2.3      (Verilog) starc2005       No             - LEXICAL        -               
 STARC-3.2.2.2        (Verilog) starc           No             - LEXICAL        -               
 STARC-3.1.4.3        (Verilog) starc           No             - LEXICAL        -               
 STARC05-3.1.4.3      (Verilog) starc2005       No             - LEXICAL        -               
 STARC-3.1.3.4b       (Verilog) starc           No             - LEXICAL        -               
 STARC05-3.1.3.4b     (Verilog) starc2005       No             - LEXICAL        -               
 STARC-2.7.3.5        (Verilog) starc           No             - LEXICAL        -               
 STARC-2.7.3.4        (Verilog) starc           No             - RTLDULIST      -               
 STARC05-2.7.3.4      (Verilog) starc2005       No             - RTLDULIST      -               
 STARC-1.1.4.4        (Verilog) starc           No             - LEXICAL        -               
 preReq_1.1.4.4       (Verilog) starc           No             - RTLDULIST      -               
 STARC-2.5.1.5a       (Verilog) starc           No             - FLATDU2_WL     -               
 STARC-2.3.6.2b       (Verilog) starc           No             - RTLDULIST      -               
 STARC-2.3.1.3        (Verilog) starc           No             - VSDU           -               
 STARC05-2.3.1.3      (Verilog) starc2005       No             - VSDU           -               
 STARC-1.4.4.2        (Verilog) starc           No             - FLATDU2_WL     -               
 STARC05-1.4.4.2      (Verilog) starc2005       No             - FLATDU2_WL     -               
 STARC-1.1.5.2c       (Verilog) starc           No             - FLATDU2_WL     -               
 STARC05-1.1.5.2c     (Verilog) starc2005       No             - FLATDU2_WL     -               
 STARC-1.1.5.2b       (Verilog) starc           No             - FLATDU2_WL     -               
 STARC-1.1.5.2a       (Verilog) starc           No             - FLATDU2_WL     -               
 STARC05-1.1.5.2a     (Verilog) starc2005       No             - FLATDU2_WL     -               
 STARC-3.1.3.3        (Verilog) starc           No             - VSDU           -               
 STARC-2.4.1.3        (Verilog) starc           No             - VSDU           -               
 STARC05-2.4.1.3      (Verilog) starc2005       No             - VSDU           -               
 STARC-2.3.2.1        (Verilog) starc           No             - VSDU           -               
 STARC05-2.3.2.1      (Verilog) starc2005       No             - VSDU           -               
 STARC-2.2.3.1        (Verilog) starc           No             - VSDU           -               
 STARC-2.1.1.1        (Verilog) starc           No             - VSDU           -               
 STARC-3.5.6.4        (Verilog) starc           No             - RTLDULIST      -               
 STARC05-3.5.6.4      (Verilog) starc2005       No             - RTLDULIST      -               
 STARC-3.5.6.2a       (Verilog) starc           No             - LEXICAL        -               
 STARC-3.5.2.1        (Verilog) starc           No             - RTLDULIST      -               
 STARC-3.2.3.1        (Verilog) starc           No             - ELABDU         -               
 STARC-3.2.2.5        (Verilog) starc           No             - RTLDULIST      -               
 STARC05-3.2.2.5      (Verilog) starc2005       No             - RTLDULIST      -               
 STARC-3.2.2.4        (Verilog) starc           No             - RTLDULIST      -               
 STARC-3.2.2.1        (Verilog) starc           No             - RTLDULIST      -               
 STARC-3.1.5.2        (Verilog) starc           No             - RTLDULIST      -               
 STARC-3.1.4.4        (Verilog) starc           No             - RTLDULIST      -               
 STARC05-3.1.4.4      (Verilog) starc2005       No             - RTLDULIST      -               
 STARC-3.1.3.4a       (Verilog) starc           No             - RTLDULIST      -               
 STARC05-3.1.3.4a     (Verilog) starc2005       No             - RTLDULIST      -               
 STARC-3.1.3.1        (Verilog) starc           No             - RTLDULIST      -               
 STARC05-3.1.3.1      (Verilog) starc2005       No             - RTLDULIST      -               
 STARC-3.1.2.7        (Verilog) starc           No             - SETUP          -               
 STARC05-3.1.2.7      (Verilog) starc2005       No             - SETUP          -               
 STARC-2.11.4.2       (Verilog) starc           No             - ELABDU         -               
 STARC05-2.11.4.2     (Verilog) starc2005       No             - ELABDU         -               
 STARC-2.11.4.1       (Verilog) starc           No             - ELABDU         -               
 STARC05-2.11.4.1     (Verilog) starc2005       No             - ELABDU         -               
 STARC-2.11.3.1       (Verilog) starc           No             - ELABDU         -               
 STARC-2.11.2.1       (Verilog) starc           No             - ELABDU         -               
 STARC05-2.11.2.1     (Verilog) starc2005       No             - ELABDU         -               
 STARC-2.11.1.4       (Verilog) starc           No             - ELABDU         -               
 STARC-2.11.1.2       (Verilog) starc           No             - ELABDU         -               
 STARC-2.10.6.6       (Verilog) starc           No             - RTLDULIST      -               
 STARC-2.10.6.5       (Verilog) starc           No             - ELABDU         -               
 STARC-2.10.6.1       (Verilog) starc           No             - ELABDU         -               
 STARC05-2.10.6.1     (Verilog) starc2005       No             - ELABDU         -               
 STARC-2.10.5.1       (Verilog) starc           No             - ELABDU         -               
 STARC-2.10.4.6       (Verilog) starc           No             - ELABDU         -               
 STARC-2.10.4.5       (Verilog) starc           No             - ELABDU         -               
 STARC-2.10.3.6       (Verilog) starc           No             - RTLDULIST      -               
 STARC05-2.10.3.6     (Verilog) starc2005       No             - RTLDULIST      -               
 STARC-2.10.3.5       (Verilog) starc           No             - RTLDULIST      -               
 STARC05-2.10.3.5     (Verilog) starc2005       No             - RTLDULIST      -               
 STARC-2.10.3.2c      (Verilog) starc           No             - ELABDU         -               
 STARC05-2.10.3.2c    (Verilog) starc2005       No             - ELABDU         -               
 STARC-2.10.3.2b      (Verilog) starc           No             - ELABDU         -               
 STARC05-2.10.3.2b    (Verilog) starc2005       No             - ELABDU         -               
 STARC-2.10.3.2a      (Verilog) starc           No             - ELABDU         -               
 STARC-2.10.3.1       (Verilog) starc           No             - ELABDU         -               
 STARC-2.10.2.3       (Verilog) starc           No             - ELABDU         -               
 STARC-2.10.1.6       (Verilog) starc           No             - ELABDU         -               
 STARC-2.10.1.5b      (Verilog) starc           No             - ELABDU         -               
 STARC-2.10.1.5a      (Verilog) starc           No             - ELABDU         -               
 STARC-2.10.1.4       (Verilog) starc           No             - ELABDU         -               
 STARC-2.9.2.4        (Verilog) starc           No             - RTLDULIST      -               
 STARC05-2.9.2.4      (Verilog) starc2005       No             - RTLDULIST      -               
 STARC-2.9.2.3        (Verilog) starc           No             - RTLDULIST      -               
 STARC-2.9.2.2        (Verilog) starc           No             - RTLDULIST      -               
 STARC05-2.9.2.2      (Verilog) starc2005       No             - RTLDULIST      -               
 STARC-2.9.2.1        (Verilog) starc           No             - RTLDULIST      -               
 STARC05-2.9.2.1      (Verilog) starc2005       No             - RTLDULIST      -               
 STARC-2.9.1.2d       (Verilog) starc           No             - ELABDU         -               
 STARC05-2.9.1.2d     (Verilog) starc2005       No             - ELABDU         -               
 STARC-2.9.1.2c       (Verilog) starc           No             - RTLDULIST      -               
 STARC05-2.9.1.2c     (Verilog) starc2005       No             - RTLDULIST      -               
 STARC-2.9.1.2b       (Verilog) starc           No             - RTLDULIST      -               
 STARC-2.9.1.2a       (Verilog) starc           No             - RTLDULIST      -               
 STARC-2.9.1.1        (Verilog) starc           No             - RTLDULIST      -               
 STARC05-2.9.1.1      (Verilog) starc2005       No             - RTLDULIST      -               
 STARC-2.8.5.5        (Verilog) starc           No             - ELABDU         -               
 STARC05-2.8.5.4      (Verilog) starc2005       No             - ELABDU         -               
 STARC-2.8.5.4        (Verilog) starc           No             - ELABDU         -               
 STARC05-2.8.5.3      (Verilog) starc2005       No             - ELABDU         -               
 STARC-2.8.5.3        (Verilog) starc           No             - ELABDU         -               
 STARC05-2.8.5.2      (Verilog) starc2005       No             - ELABDU         -               
 STARC-2.8.5.2        (Verilog) starc           No             - RTLDULIST      -               
 STARC-2.8.4.4        (Verilog) starc           No             - RTLDULIST      -               
 STARC05-2.8.4.4      (Verilog) starc2005       No             - RTLDULIST      -               
 STARC-2.8.4.3        (Verilog) starc           No             - RTLDULIST      -               
 STARC05-2.8.4.3      (Verilog) starc2005       No             - RTLDULIST      -               
 STARC-2.8.4.1b       (Verilog) starc           No             - RTLDU          -               
 STARC05-2.8.4.1b     (Verilog) starc2005       No             - RTLDU          -               
 STARC-2.8.4.1a       (Verilog) starc           No             - RTLDU          -               
 STARC05-2.8.4.1a     (Verilog) starc2005       No             - RTLDU          -               
 STARC-2.8.3.5        (Verilog) starc           No             - ELABDU         -               
 STARC05-2.8.3.5      (Verilog) starc2005       No             - ELABDU         -               
 STARC-2.8.3.4b       (Verilog) starc           No             - ELABDU         -               
 STARC-2.8.3.4a       (Verilog) starc           No             - ELABDU         -               
 STARC-2.8.3.1        (Verilog) starc           No             - RTLDULIST      -               
 STARC05-2.8.3.1      (Verilog) starc2005       No             - RTLDULIST      -               
 STARC-2.8.2.1        (Verilog) starc           No             - ELABDU         -               
 STARC-2.8.1.6        (Verilog) starc           No             - ELABDU         -               
 STARC05-2.8.1.6      (Verilog) starc2005       No             - ELABDU         -               
 STARC-2.8.1.5        (Verilog) starc           No             - RTLDULIST      -               
 STARC-2.8.1.4        (Verilog) starc           No             - ELABDU         -               
 STARC05-2.8.1.4      (Verilog) starc2005       No             - ELABDU         -               
 STARC-2.8.1.3        (Verilog) starc           No             - ELABDU         -               
 STARC-2.7.4.3        (Verilog) starc           No             - RTLDULIST      -               
 STARC05-2.7.4.3      (Verilog) starc2005       No             - RTLDULIST      -               
 STARC-2.7.3.3c       (Verilog) starc           No             - RTLDU          -               
 STARC-2.7.3.3b       (Verilog) starc           No             - RTLDULIST      -               
 STARC-2.7.3.3a       (Verilog) starc           No             - RTLDULIST      -               
 STARC-2.7.3.1c       (Verilog) starc           No             - RTLDU          -               
 STARC-2.7.3.1b       (Verilog) starc           No             - RTLDULIST      -               
 STARC-2.7.3.1a       (Verilog) starc           No             - RTLDULIST      -               
 STARC-2.7.2.1        (Verilog) starc           No             - RTLDULIST      -               
 STARC05-2.7.2.1      (Verilog) starc2005       No             - RTLDULIST      -               
 STARC-2.7.1.3b       (Verilog) starc           No             - RTLDULIST      -               
 STARC05-2.7.1.3b     (Verilog) starc2005       No             - RTLDULIST      -               
 STARC-2.7.1.3a       (Verilog) starc           No             - ELABDU         -               
 STARC05-2.7.1.3a     (Verilog) starc2005       No             - ELABDU         -               
 STARC-2.6.2.2        (Verilog) starc           No             - ELABDU         -               
 STARC-2.6.2.1        (Verilog) starc           No             - RTLDU          -               
 STARC05-2.6.2.1      (Verilog) starc2005       No             - RTLDU          -               
 STARC-2.6.1.4        (Verilog) starc           No             - RTLDULIST      -               
 STARC-2.6.1.3        (Verilog) starc           No             - RTLDULIST      -               
 STARC05-2.6.1.3      (Verilog) starc2005       No             - RTLDULIST      -               
 STARC-2.3.6.2a       (Verilog) starc           No             - ELABDU         -               
 STARC-2.3.4.2        (Verilog) starc           No             - RTLDULIST      -               
 STARC05-2.3.4.2      (Verilog) starc2005       No             - RTLDULIST      -               
 STARC-2.3.4.1        (Verilog) starc           No             - RTLDULIST      -               
 STARC-2.3.3.2        (Verilog) starc           No             - RTLDULIST      -               
 STARC05-2.3.3.2a     (Verilog) starc2005       No             - RTLDULIST      -               
 STARC-2.3.3.1        (Verilog) starc           No             - RTLDULIST      -               
 STARC05-2.3.3.1      (Verilog) starc2005       No             - RTLDULIST      -               
 STARC-2.3.2.2        (Verilog) starc           No             - ELABDU         -               
 STARC-2.3.1.6        (Verilog) starc           No             - ELABDU         -               
 STARC-2.3.1.5b       (Verilog) starc           No             - RTLDULIST      -               
 STARC-2.3.1.5a       (Verilog) starc           No             - RTLDULIST      -               
 STARC-2.3.1.4        (Verilog) starc           No             - ELABDU         -               
 STARC-2.3.1.2b       (Verilog) starc           No             - RTLDULIST      -               
 STARC-2.3.1.2a       (Verilog) starc           No             - RTLDULIST      -               
 STARC-2.2.3.3        (Verilog) starc           No             - ELABDU         -               
 STARC-2.2.3.2        (Verilog) starc           No             - ELABDU         -               
 STARC05-2.2.3.2      (Verilog) starc2005       No             - ELABDU         -               
 STARC-2.2.2.2        (Verilog) starc           No             - ELABDU         -               
 STARC-2.2.2.1        (Verilog) starc           No             - ELABDU         -               
 STARC05-2.2.2.1      (Verilog) starc2005       No             - ELABDU         -               
 STARC-2.1.6.4        (Verilog) starc           No             - ELABDU         -               
 STARC05-2.1.6.4      (Verilog) starc2005       No             - ELABDU         -               
 STARC-2.1.6.3        (Verilog) starc           No             - ELABDU         -               
 STARC05-2.1.6.3      (Verilog) starc2005       No             - ELABDU         -               
 STARC-2.1.6.2        (Verilog) starc           No             - ELABDU         -               
 STARC05-2.1.6.2      (Verilog) starc2005       No             - ELABDU         -               
 STARC-2.1.6.1        (Verilog) starc           No             - ELABDU         -               
 STARC-2.1.5.3        (Verilog) starc           No             - ELABDU         -               
 STARC-2.1.5.1        (Verilog) starc           No             - RTLDULIST      -               
 STARC-2.1.4.7b       (Verilog) starc           No             - ELABDU         -               
 STARC05-2.1.4.6b     (Verilog) starc2005       No             - ELABDU         -               
 STARC-2.1.4.7a       (Verilog) starc           No             - ELABDU         -               
 STARC05-2.1.4.6a     (Verilog) starc2005       No             - ELABDU         -               
 STARC-2.1.4.6        (Verilog) starc           No             - ELABDU         -               
 STARC-2.1.4.3        (Verilog) starc           No             - ELABDU         -               
 STARC-2.1.4.1        (Verilog) starc           No             - SETUP          -               
 STARC05-2.1.4.1      (Verilog) starc2005       No             - SETUP          -               
 STARC-2.1.3.5        (Verilog) starc           No             - ELABDU         -               
 STARC05-2.1.3.5      (Verilog) starc2005       No             - ELABDU         -               
 STARC-2.1.3.4        (Verilog) starc           No             - ELABDU         -               
 STARC-2.1.3.2        (Verilog) starc           No             - ELABDU         -               
 STARC05-2.1.3.2      (Verilog) starc2005       No             - ELABDU         -               
 STARC-2.1.3.1        (Verilog) starc           No             - ELABDU         -               
 STARC-2.1.2.6        (Verilog) starc           No             - ELABDU         -               
 STARC-2.1.2.5        (Verilog) starc           No             - ELABDU         -               
 STARC-2.1.2.4        (Verilog) starc           No             - ELABDU         -               
 STARC-2.1.2.3        (Verilog) starc           No             - RTLDULIST      -               
 STARC-2.1.2.2        (Verilog) starc           No             - ELABDU         -               
 STARC-2.1.1.2        (Verilog) starc           No             - ELABDU         -               
 STARC-1.6.6.3        (Verilog) starc           No             - ELABDU         -               
 STARC-1.6.6.2        (Verilog) starc           No             - RTLDULIST      -               
 STARC-1.6.1.4        (Verilog) starc           No             - RTLDULIST      -               
 STARC05-1.6.1.4      (Verilog) starc2005       No             - RTLDULIST      -               
 STARC-1.3.1.5b       (Verilog) starc           No             - RTLDULIST      -               
 STARC05-1.3.1.5b     (Verilog) starc2005       No             - RTLDULIST      -               
 STARC-1.3.1.5a       (Verilog) starc           No             - RTLDULIST      -               
 STARC05-1.3.1.5a     (Verilog) starc2005       No             - RTLDULIST      -               
 STARC-1.3.1.2        (Verilog) starc           No             - RTLDULIST      -               
 STARC05-1.3.1.2      (Verilog) starc2005       No             - RTLDULIST      -               
 STARC-1.1.4.9a       (Verilog) starc           No             - ELABDU         -               
 STARC-1.1.4.9        (Verilog) starc           No             - RTLDULIST      -               
 STARC-1.1.4.8        (Verilog) starc           No             - RTLDULIST      -               
 STARC-1.1.4.7        (Verilog) starc           No             - RTLDULIST      -               
 STARC05-1.1.4.7      (Verilog) starc2005       No             - RTLDULIST      -               
 STARC-1.1.4.6        (Verilog) starc           No             - ELABDU         -               
 STARC-1.1.4.5        (Verilog) starc           No             - LEXICAL        -               
 STARC05-1.1.4.5      (Verilog) starc2005       No             - LEXICAL        -               
 STARC-1.1.4.2        (Verilog) starc           No             - RTLDULIST      -               
 STARC-1.1.4.1a       (Verilog) starc           No             - RTLDULIST      -               
 STARC-1.1.3.1        (Verilog) starc           No             - RTLDULIST      -               
 STARC05-1.1.3.1      (Verilog) starc2005       No             - RTLDULIST      -               
 STARC-1.1.2.6b       (Verilog) starc           No             - RTLDULIST      -               
 STARC05-1.1.2.6b     (Verilog) starc2005       No             - RTLDULIST      -               
 STARC-1.1.2.6a       (Verilog) starc           No             - RTLDULIST      -               
 STARC05-1.1.2.6a     (Verilog) starc2005       No             - RTLDULIST      -               
 STARC-1.1.2.5        (Verilog) starc           No             - RTLDULIST      -               
 STARC05-1.1.2.5      (Verilog) starc2005       No             - RTLDULIST      -               
 STARC-1.1.2.4        (Verilog) starc           No             - RTLDULIST      -               
 STARC05-1.1.2.4      (Verilog) starc2005       No             - RTLDULIST      -               
 STARC-1.1.2.3        (Verilog) starc           No             - RTLDULIST      -               
 STARC05-1.1.2.3      (Verilog) starc2005       No             - RTLDULIST      -               
 STARC-1.1.2.2        (Verilog) starc           No             - RTLDULIST      -               
 STARC05-1.1.2.2      (Verilog) starc2005       No             - RTLDULIST      -               
 STARC-1.1.2.1a       (Verilog) starc           No             - RTLDULIST      -               
 STARC-1.1.1.10       (Verilog) starc           No             - RTLDULIST      -               
 STARC05-1.1.1.10     (Verilog) starc2005       No             - RTLDULIST      -               
 STARC-1.1.1.9b       (Verilog) starc           No             - RTLDULIST      -               
 STARC-1.1.1.9a       (Verilog) starc           No             - RTLDULIST      -               
 STARC-1.1.1.8        (Verilog) starc           No             - RTLDULIST      -               
 STARC-1.1.1.7        (Verilog) starc           No             - RTLDULIST      -               
 STARC-1.1.1.6        (Verilog) starc           No             - RTLDULIST      -               
 STARC-1.1.1.5        (Verilog) starc           No             - RTLDULIST      -               
 STARC05-1.1.1.5      (Verilog) starc2005       No             - RTLDULIST      -               
 STARC-1.1.1.4        (Verilog) starc           No             - RTLDULIST      -               
 STARC-1.1.1.2        (Verilog) starc           No             - RTLDULIST      -               
 STARC05-1.1.1.2      (Verilog) starc2005       No             - RTLDULIST      -               
 STARC-1.1.1.1        (Verilog) starc           No             - RTLDULIST      -               
 STARC-3.2.4.3        (Verilog) starc           No             - RTLDU          -               
 STARC05-3.2.4.3      (Verilog) starc2005       No             - RTLDU          -               
 STARC-3.2.3.2        (Verilog) starc           No             - ELABDU         -               
 STARC05-3.2.3.2      (Verilog) starc2005       No             - ELABDU         -               
 STARC-2.3.1.2c       (Verilog) starc           No             - SETUP          -               
 STARC-2.3.1.1        (Verilog) starc           No             - VSDU           -               
 STARC05-2.3.1.1      (Verilog) starc2005       No             - VSDU           -               
 STARC-1.1.1.3a       (Verilog) starc           No             - SETUP          -               
 preReq_3.5.6.4       (Verilog) starc           No             - RTLDULIST      -               
 PortOrder_C          (VHDL   ) openmore        No             - ELABDU         -               
 PortOrder_B                    openmore        No             - VSDU           -               
 PortOrder_A                    openmore        No             - FLATDU2_WL     -               
 ClockDomain                    openmore        No             - FLATDU2_WL     -               
 AvoidAsync                     openmore        No             - VSDU           -               
 GateResetAtTop                 openmore        No             - FLATDU2_WL     -               
 IntReset                       openmore        No             - FLATDU2_WL     -               
 GateClockAtTop                 openmore        No             - FLATDU2_WL     -               
 IntClock                       openmore        No             - FLATDU2_WL     -               
 GatedClock                     openmore        No             - FLATDU2_WL     -               
 SepClock                       openmore        No             - FLATDU2_WL     -               
 ClockPhase                     openmore        No             - FLATDU2_WL     -               
 AsyncName                      openmore        No             - VSDU           -               
 ResetName                      openmore        No             - VSDU           -               
 ClkHierName                    openmore        No             - FLATDU2_WL     -               
 ClkName                        openmore        No             - FLATDU2_WL     -               
 RegInName                      openmore        No             - VSDU           -               
 RegOutName                     openmore        No             - VSDU           -               
 RegOutputs                     openmore        No             - FLATDU2_WL     -               
 Prereqs_RegOutputs             openmore        No             - RTLDULIST      -               
 InferFF                        openmore        No             - VSDU           -               
 TriStateName                   openmore        No             - VSDU           -               
 UseMuxBusses                   openmore        No             - VSDU           -               
 Indent               (VHDL   ) openmore        No             - LEXICAL        -               
 Indent               (Verilog) openmore        No             - LEXICAL        -               
 NoMixedSynch                   openmore        No             - VSDU           -               
 NameLength           (VHDL   ) openmore        No             - RTLDULIST      -               
 NameLength           (Verilog) openmore        No             - RTLDULIST      -               
 Uniq8Char            (VHDL   ) openmore        No             - RTLDULIST      -               
 Uniq8Char            (Verilog) openmore        No             - RTLDULIST      -               
 LineLength           (VHDL   ) openmore        No             - LEXICAL        -               
 LineLength           (Verilog) openmore        No             - LEXICAL        -               
 SepFSMLogic          (VHDL   ) openmore        No             - RTLDULIST      -               
 SepFSMLogic          (Verilog) openmore        No             - RTLDULIST      -               
 PortGroups           (VHDL   ) openmore        No             - RTLDULIST      -               
 PortGroups           (Verilog) openmore        No             - RTLDULIST      -               
 ParamName            (VHDL   ) openmore        No             - RTLDULIST      -               
 ParamName            (Verilog) openmore        No             - RTLDULIST      -               
 SigName              (VHDL   ) openmore        No             - RTLDULIST      -               
 SigName              (Verilog) openmore        No             - RTLDULIST      -               
 ActLowName           (VHDL   ) openmore        No             - RTLDULIST      -               
 ActLowName           (Verilog) openmore        No             - RTLDULIST      -               
 InstName             (VHDL   ) openmore        No             - RTLDULIST      -               
 InstName             (Verilog) openmore        No             - RTLDULIST      -               
 NoGates              (VHDL   ) openmore        No             - RTLDULIST      -               
 NoGates              (Verilog) openmore        No             - ELABDU         -               
 NoTab                (VHDL   ) openmore        No             - LEXICAL        -               
 NoTab                (Verilog) openmore        No             - LEXICAL        -               
 PortComment          (VHDL   ) openmore        No             - LEXICAL        -               
 PortComment          (Verilog) openmore        No             - LEXICAL        -               
 PortName             (VHDL   ) openmore        No             - RTLDULIST      -               
 PortName             (Verilog) openmore        No             - RTLDULIST      -               
 ArrayIndex           (VHDL   ) openmore        No             - ELABDU         -               
 ArrayIndex           (Verilog) openmore        No             - ELABDU         -               
 FunctionComment      (VHDL   ) openmore        No             - LEXICAL        -               
 FunctionComment      (Verilog) openmore        No             - LEXICAL        -               
 FuncName             (VHDL   ) openmore        No             - RTLDULIST      -               
 FuncName             (Verilog) openmore        No             - RTLDULIST      -               
 VarName              (VHDL   ) openmore        No             - RTLDULIST      -               
 VarName              (Verilog) openmore        No             - RTLDULIST      -               
 OnePortLine          (VHDL   ) openmore        No             - RTLDULIST      -               
 OnePortLine          (Verilog) openmore        No             - RTLDULIST      -               
 NamedAssoc           (VHDL   ) openmore        No             - SETUP          -               
 NamedAssoc           (Verilog) openmore        No             - ELABDU         -               
 NoTopLogic           (VHDL   ) openmore        No             - RTLDULIST      -               
 NoTopLogic           (Verilog) openmore        No             - RTLDULIST      -               
 NoTopGates           (VHDL   ) openmore        No             - RTLDULIST      -               
 NoTopGates           (Verilog) openmore        No             - ELABDU         -               
 UseDefine            (VHDL   ) openmore        No             - RTLDULIST      -               
 UseDefine            (Verilog) openmore        No             - RTLDULIST      -               
 SepStateMachine      (VHDL   ) openmore        No             - RTLDULIST      -               
 SepStateMachine      (Verilog) openmore        No             - RTLDULIST      -               
 DefaultState         (VHDL   ) openmore        No             - RTLDULIST      -               
 DefaultState         (Verilog) openmore        No             - RTLDULIST      -               
 OneStmtLine          (VHDL   ) openmore        No             - RTLDULIST      -               
 OneStmtLine          (Verilog) openmore        No             - RTLDULIST      -               
 NoScripts            (VHDL   ) openmore        No             - LEXICAL        -               
 ConstantComment      (VHDL   ) openmore        No             - LEXICAL        -               
 VariableComment      (VHDL   ) openmore        No             - LEXICAL        -               
 SignalComment        (VHDL   ) openmore        No             - LEXICAL        -               
 PortGrpComment       (VHDL   ) openmore        No             - LEXICAL        -               
 TypeComment          (VHDL   ) openmore        No             - LEXICAL        -               
 ProcessComment       (VHDL   ) openmore        No             - LEXICAL        -               
 PackHdr              (VHDL   ) openmore        No             - LEXICAL        -               
 ArchHdr              (VHDL   ) openmore        No             - LEXICAL        -               
 EntHdr               (VHDL   ) openmore        No             - LEXICAL        -               
 FileHdr              (VHDL   ) openmore        No             - LEXICAL        -               
 ConsCase             (VHDL   ) openmore        No             - LEXICAL        -               
 preReq_ConsCase2     (VHDL   ) openmore        No             - RTLDULIST      -               
 CaseOverIf           (VHDL   ) openmore        No             - RTLDULIST      -               
 NoVar                (VHDL   ) openmore        No             - RTLDULIST      -               
 NotReqSens           (VHDL   ) openmore        No             - ELABDU         -               
 NotInSens            (VHDL   ) openmore        No             - ELABDU         -               
 ModConst             (VHDL   ) openmore        No             - RTLDULIST      -               
 NoBlock              (VHDL   ) openmore        No             - RTLDULIST      -               
 NoGenerate           (VHDL   ) openmore        No             - RTLDULIST      -               
 DesgPack             (VHDL   ) openmore        No             - RTLDULIST      -               
 InvSigType           (VHDL   ) openmore        No             - RTLDULIST      -               
 TypeCount            (VHDL   ) openmore        No             - RTLDULIST      -               
 SigType              (VHDL   ) openmore        No             - RTLDULIST      -               
 IEEEType             (VHDL   ) openmore        No             - RTLDULIST      -               
 NoDup                (VHDL   ) openmore        No             - RTLDULIST      -               
 ProcName             (VHDL   ) openmore        No             - RTLDULIST      -               
 OneFile              (VHDL   ) openmore        No             - RTLDULIST      -               
 ArchName             (VHDL   ) openmore        No             - RTLDULIST      -               
 TypeName             (VHDL   ) openmore        No             - RTLDULIST      -               
 ConstName            (VHDL   ) openmore        No             - RTLDULIST      -               
 SigHierName          (VHDL   ) openmore        No             - RTLDULIST      -               
 HardConst            (VHDL   ) openmore        No             - RTLDULIST      -               
 ExprParen            (VHDL   ) openmore        No             - SETUP          -               
 VariableComment      (Verilog) openmore        No             - LEXICAL        -               
 SignalComment        (Verilog) openmore        No             - LEXICAL        -               
 AlwaysComment        (Verilog) openmore        No             - LEXICAL        -               
 TaskComment          (Verilog) openmore        No             - LEXICAL        -               
 FileHdr              (Verilog) openmore        No             - LEXICAL        -               
 NonBlockAssign       (Verilog) openmore        No             - VSDU           -               
 CaseOverIf           (Verilog) openmore        No             - RTLDULIST      -               
 ConsCase             (Verilog) openmore        No             - RTLDULIST      -               
 NotReqSens           (Verilog) openmore        No             - ELABDU         -               
 NotInSens            (Verilog) openmore        No             - ELABDU         -               
 NoDefine             (Verilog) openmore        No             - RTLDULIST      -               
 InstNameLength       (Verilog) openmore        No             - RTLDULIST      -               
 SigHierName          (Verilog) openmore        No             - RTLDULIST      -               
 ConstName            (Verilog) openmore        No             - RTLDULIST      -               
 NoScripts            (Verilog) openmore        No             - SETUP          -               
 HardConst            (Verilog) openmore        No             - RTLDULIST      -               
 ExprParen            (Verilog) openmore        No             - SETUP          -               
 STARC05-2.5.1.9      (Verilog) starc2005       Yes            0 VSDU           -               
 STARC05-2.1.6.5      (Verilog) starc2005       Yes            0 SETUP          -               
 STARC05-1.2.1.2                starc2005       Yes            0 FLATDU2_WL     -               
 STARC05-2.4.1.5                starc2005       Yes            0 FLATDU2_WL     -               
 STARC05-2.5.1.7      (VHDL   ) starc2005       Yes            0 VSDU           -               
 STARC05-2.5.1.7      (Verilog) starc2005       Yes            0 VSDU           -               
 SigAssignZ-ML        (VHDL   ) morelint        Yes            0 ELABDU         -               
 ReserveNameSystemVerilog-ML(VHDL   ) morelint        Yes            0 SETUP          -               
 SetBeforeRead-ML     (VHDL   ) morelint        Yes            0 RTLDULIST      -               
 NoXInCase-ML         (VHDL   ) morelint        Yes            0 ELABDU         -               
 ImproperRangeIndex-ML(Verilog) morelint        Yes            0 ELABDU         -               
 Postreqs_Usage_ML    (Verilog) morelint        Yes            0 ELABDU         -               
 NoGenLabel-ML        (Verilog) morelint        Yes            0 RTLDULIST      -               
 SigAssignZ-ML        (Verilog) morelint        Yes            0 ELABDU         -               
 SetBeforeRead-ML     (Verilog) morelint        Yes            0 ELABDU         -               
 ReserveNameSystemVerilog-ML(Verilog) morelint        Yes            0 SETUP          -               
 AutomaticFuncTask-ML (Verilog) morelint        Yes            0 ELABDU         -               
 DuplicateCaseLabel-ML(Verilog) morelint        Yes            0 ELABDU         -               
 Prereqs_CheckTimeUnitandPrecision-ML(Verilog) morelint        Yes            0 RTLDULIST      -               
 CheckDelayTimescale-ML(Verilog) morelint        Yes            0 RTLDULIST      -               
 ParamWidthMismatch-ML(Verilog) morelint        Yes            0 ELABDU         -               
 InstPortConnType-ML  (Verilog) morelint        Yes            0 ELABDU         -               
 NoAssignX-ML         (Verilog) morelint        Yes            0 ELABDU         -               
 DisallowCaseX-ML     (Verilog) morelint        Yes            0 ELABDU         -               
 PragmaComments-ML    (VHDL   ) morelint        Yes            0 RTLDULIST      -               
 PragmaComments-ML    (Verilog) morelint        Yes            0 RTLDULIST      -               
 Prereqs_ReportPortInfo-ML(Verilog) morelint        Yes            0 ELABDU         -               
 Prereqs_ReportPortInfo-ML(VHDL   ) morelint        Yes            0 ELABDU         -               
 ReportPortInfo-ML              morelint        Yes            1 ELABDU         -               
 SameControlNDataNet-ML         morelint        Yes            0 FLATDU2_WL     -               
 UnrecSynthDir-ML     (VHDL   ) morelint        Yes            0 RTLDULIST      -               
 UnrecSynthDir-ML     (Verilog) morelint        Yes            0 RTLDULIST      -               
 Prereqs_ConstantInput-ML(VHDL   ) morelint        Yes            0 ELABDU         -               
 NoFeedThrus-ML                 morelint        Yes            0 VSTOPDU        -               
 UndrivenNet-ML                 morelint        Yes            0 VSTOPDU        -               
 UndrivenInTerm-ML              morelint        Yes            0 VSTOPDU        -               
 UndrivenOutPort-ML             morelint        Yes            0 VSTOPDU        -               
 HangingNetPreReq-ML            morelint        Yes            0 VSDULIST       -               
 TristateSig-ML                 morelint        Yes            0 VSDU           -               
 TristatePort-ML                morelint        Yes            0 VSDU           -               
 W450L                (Verilog) latch           Yes            0 VSDU           -               
 LatchFeedback                  latch           Yes            0 FLATDU2_WL     -               
 Prereqs_RTLSchematic (Verilog) lint            Yes            0 SETUP          -               
 LINT_portReten                 lint            Yes            0 SETUP          -               
 Prereqs_Usage        (Verilog) lint            Yes            0 ELABDU         -               
 W401                           lint            Yes            0 FLATDU2_WL     -               
 W391                           lint            Yes            0 FLATDU2_WL     -               
 W415                           lint            Yes            0 FLATDU2_WL     -               
 W392                           lint            Yes            0 FLATDU2_WL     -               
 W505                 (VHDL   ) lint            Yes            0 ELABDU         -               
 W505                 (Verilog) lint            Yes            0 ELABDU         -               
 W494                 (VHDL   ) lint            Yes            0 ELABDU         -               
 W494                 (Verilog) lint            Yes            0 ELABDU         -               
 W467                 (VHDL   ) lint            Yes            0 RTLDULIST      -               
 W467                 (Verilog) lint            Yes            0 ELABDU         -               
 W444                 (VHDL   ) lint            Yes            0 RTLDULIST      -               
 W444                 (Verilog) lint            Yes            0 ELABDU         -               
 W443                 (VHDL   ) lint            Yes            0 RTLDULIST      -               
 W443                 (Verilog) lint            Yes            0 ELABDU         -               
 W424                 (VHDL   ) lint            Yes            0 RTLDULIST      -               
 W424                 (Verilog) lint            Yes            0 ELABDU         -               
 W421                 (VHDL   ) lint            Yes            0 SETUP          -               
 W421                 (Verilog) lint            Yes            0 RTLDULIST      -               
 W398                 (VHDL   ) lint            Yes            0 RTLDULIST      -               
 W398                 (Verilog) lint            Yes            0 ELABDU         -               
 W293                 (VHDL   ) lint            Yes            0 RTLDULIST      -               
 W293                 (Verilog) lint            Yes            0 ELABDU         -               
 W287c                (VHDL   ) lint            Yes            0 VSDU           -               
 W287c                (Verilog) lint            Yes            0 ELABDU         -               
 W287a                (VHDL   ) lint            Yes            0 VSDU           -               
 W287a                (Verilog) lint            Yes            0 ELABDU         -               
 W241                 (VHDL   ) lint            Yes            0 ELABDU         -               
 W241                 (Verilog) lint            Yes            0 ELABDU         -               
 W240                 (VHDL   ) lint            Yes            0 ELABDU         -               
 W240                 (Verilog) lint            Yes            0 ELABDU         -               
 W210                 (VHDL   ) lint            Yes            0 ELABDU         -               
 W210                 (Verilog) lint            Yes            0 ELABDU         -               
 W167                 (VHDL   ) lint            Yes            0 RTLDULIST      -               
 W167                 (Verilog) lint            Yes            0 RTLDULIST      -               
 W164b                (VHDL   ) lint            Yes            0 ELABDU         -               
 W164b                (Verilog) lint            Yes            0 ELABDU         -               
 W164a                (VHDL   ) lint            Yes            0 ELABDU         -               
 W164a                (Verilog) lint            Yes            0 ELABDU         -               
 W71                  (VHDL   ) lint            Yes            0 RTLDULIST      -               
 W71                  (Verilog) lint            Yes            0 ELABDU         -               
 preReq_functional_lint(Verilog) lint            Yes            0 SETUP          -               
 W110a                (VHDL   ) lint            Yes            0 RTLDU          -               
 mixedsenselist       (VHDL   ) lint            Yes            0 RTLDU          -               
 W416                 (VHDL   ) lint            Yes            0 RTLDU          -               
 W464                 (VHDL   ) lint            Yes            0 RTLDULIST      -               
 W292                 (VHDL   ) lint            Yes            0 RTLDULIST      -               
 W156                 (VHDL   ) lint            Yes            0 ELABDU         -               
 W123                 (VHDL   ) lint            Yes            0 ELABDU         -               
 W122                 (VHDL   ) lint            Yes            0 ELABDU         -               
 W116                 (VHDL   ) lint            Yes            0 ELABDU         -               
 BlockHeader          (VHDL   ) lint            Yes            0 SETUP          -               
 W422                 (VHDL   ) lint            Yes            0 RTLDULIST      -               
 W402b                (Verilog) lint            Yes            0 FLATDU2_WL     -               
 W438                 (Verilog) lint            Yes            0 VSDU           -               
 W414                 (Verilog) lint            Yes            0 VSDU           -               
 W336                 (Verilog) lint            Yes            0 VSDU           -               
 W576                 (Verilog) lint            Yes            0 ELABDU         -               
 W575                 (Verilog) lint            Yes            0 ELABDU         -               
 W527                 (Verilog) lint            Yes            0 RTLDULIST      -               
 W502                 (Verilog) lint            Yes            0 ELABDU         -               
 W499                 (Verilog) lint            Yes            0 ELABDU         -               
 W486                 (Verilog) lint            Yes            0 ELABDU         -               
 W481b                (Verilog) lint            Yes            0 RTLDULIST      -               
 W481a                (Verilog) lint            Yes            0 RTLDULIST      -               
 W480                 (Verilog) lint            Yes            0 RTLDULIST      -               
 W479                 (Verilog) lint            Yes            0 RTLDULIST      -               
 W464                 (Verilog) lint            Yes            0 RTLDULIST      -               
 W426                 (Verilog) lint            Yes            0 RTLDULIST      -               
 W423                 (Verilog) lint            Yes            0 ELABDU         -               
 W422                 (Verilog) lint            Yes            0 RTLDULIST      -               
 W362                 (Verilog) lint            Yes            0 ELABDU         -               
 W352                 (Verilog) lint            Yes            0 ELABDU         -               
 W416                 (Verilog) lint            Yes            0 ELABDU         -               
 W343                 (Verilog) lint            Yes            0 ELABDU         -               
 W342                 (Verilog) lint            Yes            0 ELABDU         -               
 W337                 (Verilog) lint            Yes            0 ELABDU         -               
 W317                 (Verilog) lint            Yes            0 RTLDULIST      -               
 W316                 (Verilog) lint            Yes            0 ELABDU         -               
 W314                 (Verilog) lint            Yes            0 ELABDU         -               
 W289                 (Verilog) lint            Yes            0 ELABDU         -               
 W263                 (Verilog) lint            Yes            0 ELABDU         -               
 W245                 (Verilog) lint            Yes            0 ELABDU         -               
 W238                 (Verilog) lint            Yes            0 ELABDU         -               
 W218                 (Verilog) lint            Yes            0 ELABDU         -               
 W216                 (Verilog) lint            Yes            0 ELABDU         -               
 W215                 (Verilog) lint            Yes            0 ELABDU         -               
 W193                 (Verilog) lint            Yes            0 RTLDULIST      -               
 W188                 (Verilog) lint            Yes            0 ELABDU         -               
 W156                 (Verilog) lint            Yes            0 ELABDU         -               
 W127                 (Verilog) lint            Yes            0 RTLDULIST      -               
 W123                 (Verilog) lint            Yes            0 ELABDU         -               
 W116                 (Verilog) lint            Yes            0 ELABDU         -               
 W66                  (Verilog) lint            Yes            0 ELABDU         -               
 W19                  (Verilog) lint            Yes            0 ELABDU         -               
 W496b                (Verilog) lint            Yes            0 ELABDU         -               
 W496a                (Verilog) lint            Yes            0 ELABDU         -               
 W553                 (Verilog) lint            Yes            0 ELABDU         -               
 W552                 (Verilog) lint            Yes            0 ELABDU         -               
 W163                 (Verilog) lint            Yes            0 ELABDU         -               
 W122                 (Verilog) lint            Yes            0 ELABDU         -               
 W110                 (Verilog) lint            Yes            0 ELABDU         -               
 W239                 (Verilog) lint            Yes            0 ELABDU         -               
 infiniteloop         (Verilog) lint            Yes            0 SETUP          -               
 bothedges            (Verilog) lint            Yes            0 SETUP          -               
 badimplicitSM4       (Verilog) lint            Yes            0 SETUP          -               
 badimplicitSM2       (Verilog) lint            Yes            0 SETUP          -               
 badimplicitSM1       (Verilog) lint            Yes            0 SETUP          -               
 mixedsenselist       (Verilog) lint            Yes            0 SETUP          -               
 W561                 (Verilog) lint            Yes            0 SETUP          -               
 W442f                (Verilog) lint            Yes            0 SETUP          -               
 W442c                (Verilog) lint            Yes            0 SETUP          -               
 W442b                (Verilog) lint            Yes            0 SETUP          -               
 W442a                (Verilog) lint            Yes            0 SETUP          -               
 W339a                (Verilog) lint            Yes            0 RTLDU          -               
 PrereqRCAUsage       (Verilog) lint            Yes            0 ELABDU         -               
 sim_race07           (Verilog) simulation      Yes            0 FLATDU2_WL     -               
 Prereqs_sim_race07   (Verilog) simulation      Yes            0 SETUP          -               
 sim_race02           (Verilog) simulation      Yes            0 ELABDU         -               
 checkPinConnectedToSupply      erc             Yes            0 FLATDU2_WL     -               
 FlopSRConst                    erc             Yes            0 FLATDU2_WL     -               
 FlopClockConstant              erc             Yes            0 FLATDU2_WL     -               
 STARC05-2.3.4.1v     (VHDL   ) starc2005       Yes            0 VSDU           -               
 STARC05-2.8.1.3      (VHDL   ) starc2005       Yes            0 ELABDU         -               
 STARC05-2.10.1.4b    (Verilog) starc2005       Yes            0 ELABDU         -               
 STARC05-2.10.1.4a    (Verilog) starc2005       Yes            0 ELABDU         -               
 STARC05-2.8.1.3      (Verilog) starc2005       Yes            0 ELABDU         -               
 STARC05-2.3.4.1      (Verilog) starc2005       Yes            0 RTLDULIST      -               
 STARC05-2.3.1.2c     (Verilog) starc2005       Yes            0 SETUP          -               
 STARC05-2.1.3.1      (Verilog) starc2005       Yes            0 ELABDU         -               
 STARC05-2.1.1.2      (Verilog) starc2005       Yes            0 ELABDU         -               
 STARC-2.3.4.3                  starc           Yes            0 FLATDU2_WL     -               
 STARC05-1.4.3.4                starc2005       Yes            0 FLATDU2_WL     -               
 STARC05-1.4.3.2                starc2005       Yes            0 FLATDU2_WL     -               
 STARC05-1.3.1.3                starc2005       Yes            0 FLATDU2_WL     -               
 STARC05-2.5.1.2                starc2005       Yes            0 FLATDU2_WL     -               
 preReq_ConsCase      (VHDL   ) starc           Yes            0 RTLDULIST      -               
 STARC05-1.1.1.1      (VHDL   ) starc2005       Yes            0 RTLDULIST      -               
 STARC05-2.11.3.1     (VHDL   ) starc2005       Yes            0 RTLDULIST      -               
 STARC05-2.2.3.1      (Verilog) starc2005       Yes            0 VSDU           -               
 STARC05-2.11.3.1     (Verilog) starc2005       Yes            0 ELABDU         -               
 STARC05-2.10.3.2a    (Verilog) starc2005       Yes            0 ELABDU         -               
 STARC05-2.10.2.3     (Verilog) starc2005       Yes            0 ELABDU         -               
 STARC05-2.9.1.2b     (Verilog) starc2005       Yes            0 RTLDULIST      -               
 STARC05-2.9.1.2a     (Verilog) starc2005       Yes            0 RTLDULIST      -               
 STARC05-2.8.5.1      (Verilog) starc2005       Yes            0 RTLDULIST      -               
 STARC05-2.8.1.5      (Verilog) starc2005       Yes            0 RTLDULIST      -               
 STARC05-2.3.1.6      (Verilog) starc2005       Yes            0 ELABDU         -               
 STARC05-2.3.1.5b     (Verilog) starc2005       Yes            0 RTLDULIST      -               
 STARC05-2.2.3.3      (Verilog) starc2005       Yes            0 ELABDU         -               
 STARC05-2.1.5.3      (Verilog) starc2005       Yes            0 ELABDU         -               
 STARC05-2.1.4.5      (Verilog) starc2005       Yes            0 ELABDU         -               
 STARC05-1.1.1.1      (Verilog) starc2005       Yes            0 RTLDULIST      -               
 CombLoop                       openmore        Yes            0 FLATDU2_WL     -               
 Prereq_IntClock      (Verilog) openmore        Yes            0 SETUP          -               
 BufClock                       openmore        Yes            0 FLATDU2_WL     -               
 InferLatch                     openmore        Yes            0 VSTOPDU        -               
 Prereqs_InferLatch   (Verilog) openmore        Yes            0 ELABDU         -               
 ReserveName          (VHDL   ) openmore        Yes            0 SETUP          -               
 ReserveName          (Verilog) openmore        Yes            0 SETUP          -               
 CMD_overloadrule01             SpyGlass        Yes            1 SETUP          -               
 ElabSummary                    SpyGlass        Yes            1 SETUP          -               
 DetectTopDesignUnits           SpyGlass        Yes            1 RTLALLDULIST   -               
-------------------------------------------------------------------------------------
Note: VSDU type of rules (as seen in the above table) are not run on
      unsynthesized modules reported by 'ErrorAnalyzeBBox/InfoAnalyzeBBox' messages
      (Please see messages starting with keyword 'UnsynthesizedDU')

##status : SpyGlass Rule Checking Complete.

---------------------------------------------------------------------------------------------
Results Summary:
---------------------------------------------------------------------------------------------
   Goal Run           :      lint/lint_rtl_enhanced
   Command-line read  :      0 error,      1 warning,      0 information message 
   Design Read        :      0 error,      0 warning,      2 information messages
      Found 1 top module:
         alu   (file: alu.v)

   Blackbox Resolution:      0 error,      0 warning,      0 information message 
   SGDC Checks        :      0 error,      0 warning,      0 information message 
   Policy morelint    :      0 error,      0 warning,      1 information message 
   -------------------------------------------------------------------------------------
   Total              :      0 error,      1 warning,      3 information messages

  Total Number of Generated Messages     :         4 (0 error, 1 warning, 3 Infos)
  Number of Reported Messages            :         4 (0 error, 1 warning, 3 Infos)

---------------------------------------------------------------------------------------------



SpyGlass Rule Checking Complete.

Generating moresimple report from './spyglass-1/lint/lint_rtl_enhanced/spyglass.vdb' to './spyglass-1/lint/lint_rtl_enhanced/spyglass_reports/moresimple.rpt' ....

Generating runsummary report from './spyglass-1/lint/lint_rtl_enhanced/spyglass.vdb' ....

Generating no_msg_reporting_rules report from './spyglass-1/lint/lint_rtl_enhanced/spyglass.vdb' to './spyglass-1/lint/lint_rtl_enhanced/spyglass_reports/no_msg_reporting_rules.rpt' ....

Generating W415_Report report from './spyglass-1/lint/lint_rtl_enhanced/spyglass.vdb' to './spyglass-1/lint/lint_rtl_enhanced/spyglass_reports/lint/W415_Report.rpt' ....

Policy specific data (reports) are present in the directory './spyglass-1/lint/lint_rtl_enhanced/spyglass_reports'.

SpyGlass critical reports for the current run are present in directory './spyglass-1/consolidated_reports/lint_lint_rtl_enhanced/'.


---------------------------------------------------------------------------------------------------
Results Summary:
---------------------------------------------------------------------------------------------------
   Goal Run           :      lint/lint_rtl_enhanced
   Top Module         :      alu
---------------------------------------------------------------------------------------------------
   Reports Directory: 
   /home/raid7_2/user12/r2k41036/NTU_CVSD2024/1131_hw1/01_RTL/spyglass-1/consolidated_reports/lint_lint_rtl_enhanced/ 

   SpyGlass LogFile: 
    /home/raid7_2/user12/r2k41036/NTU_CVSD2024/1131_hw1/01_RTL/spyglass-1/lint/lint_rtl_enhanced/spyglass.log 

   Standard Reports: 
     moresimple.rpt          no_msg_reporting_rules.rpt       

   HTML report:
    /home/raid7_2/user12/r2k41036/NTU_CVSD2024/1131_hw1/01_RTL/spyglass-1/html_reports/goals_summary.html
  

   Technology Reports:  
     <Not Available>
   
   
---------------------------------------------------------------------------------------------------
   Goal Violation Summary:
       Waived   Messages:                      0 Errors,      0 Warnings,      0 Infos
       Reported Messages:         0 Fatals,    0 Errors,      1 Warnings,      3 Infos
---------------------------------------------------------------------------------------------------
   
---------------------------------------------------------------------------------------------------
 
SpyGlass Exit Code 0 (Rule-checking completed with warnings)
SpyGlass total run-time is 00:01:02 (62 secs)
SpyGlass total goal run-time is 00:00:07 (7 secs)
SpyGlass total cpu-time is 7 secs
SpyGlass run completed at 07:27:17 PM on Sep 23 2024
