*** Using c compiler gcc instead of cc ...
                         Chronologic VCS (TM)
         Version S-2021.09_Full64 -- Wed Dec 11 17:02:52 2024

                    Copyright (c) 1991 - 2021 Synopsys, Inc.
   This software and the associated documentation are proprietary to Synopsys,
 Inc. This software may only be used in accordance with the terms and conditions
 of a written license agreement with Synopsys, Inc. All other use, reproduction,
   or distribution of this software is strictly prohibited.  Licensed Products
     communicate with Synopsys servers for the purpose of providing software
    updates, detecting software piracy and verifying that customers are using
    Licensed Products in conformity with the applicable License Key for such
  Licensed Products. Synopsys will use information gathered in connection with
    this process to deliver software updates and pursue software pirates and
                                   infringers.

 Inclusivity & Diversity - Visit SolvNetPlus to read the "Synopsys Statement on
            Inclusivity and Diversity" (Refer to article 000036315 at
                        https://solvnetplus.synopsys.com)

Parsing design file '../00_TESTBED/testbed.sv'
Parsing included file '../00_TESTBED/pattern/tb_dat.sv'.
Back to file '../00_TESTBED/testbed.sv'.
Parsing design file './ed25519.v'
Parsing library file '/home/MingKe/Study/NTU_CVSD2023/HW3/CBDK_IC_Contest_v2.1/Verilog/tsmc13_neg.v'
Top Level Modules:
       testbench
TimeScale is 1 ns / 1 ps

Warning-[TFIPC] Too few instance port connections
./ed25519.v, 126055
ed25519, "EDFFX1 modular_add_sub_inst_b_r_reg_0_( .D (modadd_b_in_r[0]),  .CK (CTS_293),  .E (FE_OFN1_modadd_i_valid),  .Q (modular_add_sub_inst_b_r[0]));"
  The above instance has fewer port connections than the module definition.
  Please use '+lint=TFIPC-L' to print out detailed information of unconnected 
  ports.


Warning-[TFIPC] Too few instance port connections
./ed25519.v, 126059
ed25519, "EDFFX1 modular_add_sub_inst_b_r_reg_1_( .D (modadd_b_in_r[1]),  .CK (CTS_300),  .E (FE_OFN1_modadd_i_valid),  .Q (modular_add_sub_inst_b_r[1]));"
  The above instance has fewer port connections than the module definition.
  Please use '+lint=TFIPC-L' to print out detailed information of unconnected 
  ports.


Warning-[TFIPC] Too few instance port connections
./ed25519.v, 126063
ed25519, "EDFFX1 modular_add_sub_inst_b_r_reg_2_( .D (modadd_b_in_r[2]),  .CK (CTS_296),  .E (FE_OFN2_modadd_i_valid),  .Q (modular_add_sub_inst_b_r[2]));"
  The above instance has fewer port connections than the module definition.
  Please use '+lint=TFIPC-L' to print out detailed information of unconnected 
  ports.


Warning-[TFIPC] Too few instance port connections
./ed25519.v, 126067
ed25519, "EDFFX1 modular_add_sub_inst_b_r_reg_3_( .D (FE_PHN2518_modadd_b_in_r_3),  .CK (CTS_296),  .E (FE_OFN2_modadd_i_valid),  .Q (modular_add_sub_inst_b_r[3]));"
  The above instance has fewer port connections than the module definition.
  Please use '+lint=TFIPC-L' to print out detailed information of unconnected 
  ports.


Warning-[TFIPC] Too few instance port connections
./ed25519.v, 126071
ed25519, "EDFFX1 modular_add_sub_inst_b_r_reg_4_( .D (modadd_b_in_r[4]),  .CK (CTS_300),  .E (FE_OFN1_modadd_i_valid),  .Q (modular_add_sub_inst_b_r[4]));"
  The above instance has fewer port connections than the module definition.
  Please use '+lint=TFIPC-L' to print out detailed information of unconnected 
  ports.


Warning-[TFIPC] Too few instance port connections
./ed25519.v, 126075
ed25519, "EDFFX1 modular_add_sub_inst_b_r_reg_5_( .D (modadd_b_in_r[5]),  .CK (CTS_304),  .E (FE_OFN2_modadd_i_valid),  .Q (modular_add_sub_inst_b_r[5]));"
  The above instance has fewer port connections than the module definition.
  Please use '+lint=TFIPC-L' to print out detailed information of unconnected 
  ports.


Warning-[TFIPC] Too few instance port connections
./ed25519.v, 126079
ed25519, "EDFFX1 modular_add_sub_inst_b_r_reg_6_( .D (FE_PHN2413_modadd_b_in_r_6),  .CK (CTS_304),  .E (FE_OFN2_modadd_i_valid),  .Q (modular_add_sub_inst_b_r[6]));"
  The above instance has fewer port connections than the module definition.
  Please use '+lint=TFIPC-L' to print out detailed information of unconnected 
  ports.


Warning-[TFIPC] Too few instance port connections
./ed25519.v, 126083
ed25519, "EDFFX1 modular_add_sub_inst_b_r_reg_7_( .D (modadd_b_in_r[7]),  .CK (CTS_304),  .E (FE_OFN2_modadd_i_valid),  .Q (modular_add_sub_inst_b_r[7]));"
  The above instance has fewer port connections than the module definition.
  Please use '+lint=TFIPC-L' to print out detailed information of unconnected 
  ports.


Warning-[TFIPC] Too few instance port connections
./ed25519.v, 126087
ed25519, "EDFFX1 modular_add_sub_inst_b_r_reg_8_( .D (modadd_b_in_r[8]),  .CK (CTS_304),  .E (FE_OFN2_modadd_i_valid),  .Q (modular_add_sub_inst_b_r[8]));"
  The above instance has fewer port connections than the module definition.
  Please use '+lint=TFIPC-L' to print out detailed information of unconnected 
  ports.


Warning-[TFIPC] Too few instance port connections
./ed25519.v, 126091
ed25519, "EDFFX1 modular_add_sub_inst_b_r_reg_9_( .D (modadd_b_in_r[9]),  .CK (CTS_304),  .E (FE_OFN2_modadd_i_valid),  .Q (modular_add_sub_inst_b_r[9]));"
  The above instance has fewer port connections than the module definition.
  Please use '+lint=TFIPC-L' to print out detailed information of unconnected 
  ports.


Warning-[TFIPC] Too few instance port connections
./ed25519.v, 126095
ed25519, "EDFFX1 modular_add_sub_inst_b_r_reg_10_( .D (FE_PHN1784_modadd_b_in_r_10),  .CK (CTS_304),  .E (FE_OFN2_modadd_i_valid),  .Q (modular_add_sub_inst_b_r[10]));"
  The above instance has fewer port connections than the module definition.
  Please use '+lint=TFIPC-L' to print out detailed information of unconnected 
  ports.


Warning-[TFIPC] Too few instance port connections
./ed25519.v, 126099
ed25519, "EDFFX1 modular_add_sub_inst_b_r_reg_11_( .D (FE_PHN2711_modadd_b_in_r_11),  .CK (CTS_304),  .E (FE_OFN2_modadd_i_valid),  .Q (modular_add_sub_inst_b_r[11]));"
  The above instance has fewer port connections than the module definition.
  Please use '+lint=TFIPC-L' to print out detailed information of unconnected 
  ports.


Warning-[TFIPC] Too few instance port connections
./ed25519.v, 126103
ed25519, "EDFFX1 modular_add_sub_inst_b_r_reg_12_( .D (modadd_b_in_r[12]),  .CK (CTS_304),  .E (FE_OFN2_modadd_i_valid),  .Q (modular_add_sub_inst_b_r[12]));"
  The above instance has fewer port connections than the module definition.
  Please use '+lint=TFIPC-L' to print out detailed information of unconnected 
  ports.


Warning-[TFIPC] Too few instance port connections
./ed25519.v, 126107
ed25519, "EDFFX1 modular_add_sub_inst_b_r_reg_13_( .D (modadd_b_in_r[13]),  .CK (CTS_304),  .E (FE_OFN2_modadd_i_valid),  .Q (modular_add_sub_inst_b_r[13]));"
  The above instance has fewer port connections than the module definition.
  Please use '+lint=TFIPC-L' to print out detailed information of unconnected 
  ports.


Warning-[TFIPC] Too few instance port connections
./ed25519.v, 126111
ed25519, "EDFFX1 modular_add_sub_inst_b_r_reg_14_( .D (modadd_b_in_r[14]),  .CK (CTS_304),  .E (FE_OFN2_modadd_i_valid),  .Q (modular_add_sub_inst_b_r[14]));"
  The above instance has fewer port connections than the module definition.
  Please use '+lint=TFIPC-L' to print out detailed information of unconnected 
  ports.


Warning-[TFIPC] Too few instance port connections
./ed25519.v, 126115
ed25519, "EDFFX1 modular_add_sub_inst_b_r_reg_17_( .D (modadd_b_in_r[17]),  .CK (CTS_289),  .E (FE_OFN1_modadd_i_valid),  .Q (modular_add_sub_inst_b_r[17]));"
  The above instance has fewer port connections than the module definition.
  Please use '+lint=TFIPC-L' to print out detailed information of unconnected 
  ports.


Warning-[TFIPC] Too few instance port connections
./ed25519.v, 126119
ed25519, "EDFFX1 modular_add_sub_inst_b_r_reg_18_( .D (FE_PHN1264_modadd_b_in_r_18),  .CK (CTS_247),  .E (FE_OFN1_modadd_i_valid),  .Q (modular_add_sub_inst_b_r[18]));"
  The above instance has fewer port connections than the module definition.
  Please use '+lint=TFIPC-L' to print out detailed information of unconnected 
  ports.


Warning-[TFIPC] Too few instance port connections
./ed25519.v, 126123
ed25519, "EDFFX1 modular_add_sub_inst_b_r_reg_20_( .D (modadd_b_in_r[20]),  .CK (CTS_242),  .E (FE_OFN10_modadd_i_valid),  .Q (modular_add_sub_inst_b_r[20]));"
  The above instance has fewer port connections than the module definition.
  Please use '+lint=TFIPC-L' to print out detailed information of unconnected 
  ports.


Warning-[TFIPC] Too few instance port connections
./ed25519.v, 126127
ed25519, "EDFFX1 modular_add_sub_inst_b_r_reg_21_( .D (modadd_b_in_r[21]),  .CK (CTS_244),  .E (FE_OFN10_modadd_i_valid),  .Q (modular_add_sub_inst_b_r[21]));"
  The above instance has fewer port connections than the module definition.
  Please use '+lint=TFIPC-L' to print out detailed information of unconnected 
  ports.


Warning-[TFIPC] Too few instance port connections
./ed25519.v, 126131
ed25519, "EDFFX1 modular_add_sub_inst_b_r_reg_22_( .D (modadd_b_in_r[22]),  .CK (CTS_242),  .E (FE_OFN10_modadd_i_valid),  .Q (modular_add_sub_inst_b_r[22]));"
  The above instance has fewer port connections than the module definition.
  Please use '+lint=TFIPC-L' to print out detailed information of unconnected 
  ports.


Warning-[TFIPC] Too few instance port connections
./ed25519.v, 126135
ed25519, "EDFFX1 modular_add_sub_inst_b_r_reg_23_( .D (FE_PHN4069_modadd_b_in_r_23),  .CK (CTS_242),  .E (FE_OFN10_modadd_i_valid),  .Q (modular_add_sub_inst_b_r[23]));"
  The above instance has fewer port connections than the module definition.
  Please use '+lint=TFIPC-L' to print out detailed information of unconnected 
  ports.


Warning-[TFIPC] Too few instance port connections
./ed25519.v, 126139
ed25519, "EDFFX1 modular_add_sub_inst_b_r_reg_24_( .D (modadd_b_in_r[24]),  .CK (CTS_244),  .E (FE_OFN0_modadd_i_valid),  .Q (modular_add_sub_inst_b_r[24]));"
  The above instance has fewer port connections than the module definition.
  Please use '+lint=TFIPC-L' to print out detailed information of unconnected 
  ports.


Warning-[TFIPC] Too few instance port connections
./ed25519.v, 126143
ed25519, "EDFFX1 modular_add_sub_inst_b_r_reg_25_( .D (FE_PHN1381_modadd_b_in_r_25),  .CK (CTS_244),  .E (FE_OFN0_modadd_i_valid),  .Q (modular_add_sub_inst_b_r[25]));"
  The above instance has fewer port connections than the module definition.
  Please use '+lint=TFIPC-L' to print out detailed information of unconnected 
  ports.


Warning-[TFIPC] Too few instance port connections
./ed25519.v, 126147
ed25519, "EDFFX1 modular_add_sub_inst_b_r_reg_26_( .D (FE_PHN2446_modadd_b_in_r_26),  .CK (CTS_281),  .E (FE_OFN0_modadd_i_valid),  .Q (modular_add_sub_inst_b_r[26]));"
  The above instance has fewer port connections than the module definition.
  Please use '+lint=TFIPC-L' to print out detailed information of unconnected 
  ports.


Warning-[TFIPC] Too few instance port connections
./ed25519.v, 126151
ed25519, "EDFFX1 modular_add_sub_inst_b_r_reg_27_( .D (FE_PHN1869_modadd_b_in_r_27),  .CK (CTS_281),  .E (FE_OFN0_modadd_i_valid),  .Q (modular_add_sub_inst_b_r[27]));"
  The above instance has fewer port connections than the module definition.
  Please use '+lint=TFIPC-L' to print out detailed information of unconnected 
  ports.


Warning-[TFIPC] Too few instance port connections
./ed25519.v, 126155
ed25519, "EDFFX1 modular_add_sub_inst_b_r_reg_28_( .D (modadd_b_in_r[28]),  .CK (CTS_244),  .E (FE_OFN0_modadd_i_valid),  .Q (modular_add_sub_inst_b_r[28]));"
  The above instance has fewer port connections than the module definition.
  Please use '+lint=TFIPC-L' to print out detailed information of unconnected 
  ports.


Warning-[TFIPC] Too few instance port connections
./ed25519.v, 126159
ed25519, "EDFFX1 modular_add_sub_inst_b_r_reg_29_( .D (modadd_b_in_r[29]),  .CK (CTS_281),  .E (FE_OFN0_modadd_i_valid),  .Q (modular_add_sub_inst_b_r[29]));"
  The above instance has fewer port connections than the module definition.
  Please use '+lint=TFIPC-L' to print out detailed information of unconnected 
  ports.


Warning-[TFIPC] Too few instance port connections
./ed25519.v, 126163
ed25519, "EDFFX1 modular_add_sub_inst_b_r_reg_30_( .D (modadd_b_in_r[30]),  .CK (CTS_240),  .E (FE_OFN9_modadd_i_valid),  .Q (modular_add_sub_inst_b_r[30]));"
  The above instance has fewer port connections than the module definition.
  Please use '+lint=TFIPC-L' to print out detailed information of unconnected 
  ports.


Warning-[TFIPC] Too few instance port connections
./ed25519.v, 126167
ed25519, "EDFFX1 modular_add_sub_inst_b_r_reg_31_( .D (modadd_b_in_r[31]),  .CK (CTS_239),  .E (FE_OFN9_modadd_i_valid),  .Q (modular_add_sub_inst_b_r[31]));"
  The above instance has fewer port connections than the module definition.
  Please use '+lint=TFIPC-L' to print out detailed information of unconnected 
  ports.


Warning-[TFIPC] Too few instance port connections
./ed25519.v, 126171
ed25519, "EDFFX1 modular_add_sub_inst_b_r_reg_32_( .D (FE_PHN2480_modadd_b_in_r_32),  .CK (CTS_276),  .E (FE_OFN4_modadd_i_valid),  .Q (modular_add_sub_inst_b_r[32]));"
  The above instance has fewer port connections than the module definition.
  Please use '+lint=TFIPC-L' to print out detailed information of unconnected 
  ports.


Warning-[TFIPC] Too few instance port connections
./ed25519.v, 126175
ed25519, "EDFFX1 modular_add_sub_inst_b_r_reg_33_( .D (FE_PHN2681_modadd_b_in_r_33),  .CK (CTS_276),  .E (FE_OFN4_modadd_i_valid),  .Q (modular_add_sub_inst_b_r[33]));"
  The above instance has fewer port connections than the module definition.
  Please use '+lint=TFIPC-L' to print out detailed information of unconnected 
  ports.


Warning-[TFIPC] Too few instance port connections
./ed25519.v, 126179
ed25519, "EDFFX1 modular_add_sub_inst_b_r_reg_34_( .D (modadd_b_in_r[34]),  .CK (CTS_276),  .E (FE_OFN4_modadd_i_valid),  .Q (modular_add_sub_inst_b_r[34]));"
  The above instance has fewer port connections than the module definition.
  Please use '+lint=TFIPC-L' to print out detailed information of unconnected 
  ports.


Warning-[TFIPC] Too few instance port connections
./ed25519.v, 126183
ed25519, "EDFFX1 modular_add_sub_inst_b_r_reg_35_( .D (modadd_b_in_r[35]),  .CK (CTS_276),  .E (FE_OFN4_modadd_i_valid),  .Q (modular_add_sub_inst_b_r[35]));"
  The above instance has fewer port connections than the module definition.
  Please use '+lint=TFIPC-L' to print out detailed information of unconnected 
  ports.


Warning-[TFIPC] Too few instance port connections
./ed25519.v, 126187
ed25519, "EDFFX1 modular_add_sub_inst_b_r_reg_36_( .D (modadd_b_in_r[36]),  .CK (CTS_276),  .E (FE_OFN4_modadd_i_valid),  .Q (modular_add_sub_inst_b_r[36]));"
  The above instance has fewer port connections than the module definition.
  Please use '+lint=TFIPC-L' to print out detailed information of unconnected 
  ports.


Warning-[TFIPC] Too few instance port connections
./ed25519.v, 126191
ed25519, "EDFFX1 modular_add_sub_inst_b_r_reg_37_( .D (FE_PHN2425_modadd_b_in_r_37),  .CK (CTS_238),  .E (FE_OFN4_modadd_i_valid),  .Q (modular_add_sub_inst_b_r[37]));"
  The above instance has fewer port connections than the module definition.
  Please use '+lint=TFIPC-L' to print out detailed information of unconnected 
  ports.


Warning-[TFIPC] Too few instance port connections
./ed25519.v, 126195
ed25519, "EDFFX1 modular_add_sub_inst_b_r_reg_39_( .D (modadd_b_in_r[39]),  .CK (CTS_276),  .E (FE_OFN4_modadd_i_valid),  .Q (modular_add_sub_inst_b_r[39]));"
  The above instance has fewer port connections than the module definition.
  Please use '+lint=TFIPC-L' to print out detailed information of unconnected 
  ports.


Warning-[TFIPC] Too few instance port connections
./ed25519.v, 126199
ed25519, "EDFFX1 modular_add_sub_inst_b_r_reg_40_( .D (modadd_b_in_r[40]),  .CK (CTS_274),  .E (FE_OFN8_modadd_i_valid),  .Q (modular_add_sub_inst_b_r[40]));"
  The above instance has fewer port connections than the module definition.
  Please use '+lint=TFIPC-L' to print out detailed information of unconnected 
  ports.


Warning-[TFIPC] Too few instance port connections
./ed25519.v, 126203
ed25519, "EDFFX1 modular_add_sub_inst_b_r_reg_41_( .D (modadd_b_in_r[41]),  .CK (CTS_274),  .E (FE_OFN8_modadd_i_valid),  .Q (modular_add_sub_inst_b_r[41]));"
  The above instance has fewer port connections than the module definition.
  Please use '+lint=TFIPC-L' to print out detailed information of unconnected 
  ports.


Warning-[TFIPC] Too few instance port connections
./ed25519.v, 126207
ed25519, "EDFFX1 modular_add_sub_inst_b_r_reg_42_( .D (FE_PHN1796_modadd_b_in_r_42),  .CK (CTS_274),  .E (FE_OFN8_modadd_i_valid),  .Q (modular_add_sub_inst_b_r[42]));"
  The above instance has fewer port connections than the module definition.
  Please use '+lint=TFIPC-L' to print out detailed information of unconnected 
  ports.


Warning-[TFIPC] Too few instance port connections
./ed25519.v, 126211
ed25519, "EDFFX1 modular_add_sub_inst_b_r_reg_43_( .D (FE_PHN2039_modadd_b_in_r_43),  .CK (CTS_274),  .E (FE_OFN8_modadd_i_valid),  .Q (modular_add_sub_inst_b_r[43]));"
  The above instance has fewer port connections than the module definition.
  Please use '+lint=TFIPC-L' to print out detailed information of unconnected 
  ports.


Warning-[TFIPC] Too few instance port connections
./ed25519.v, 126215
ed25519, "EDFFX1 modular_add_sub_inst_b_r_reg_44_( .D (FE_PHN1980_modadd_b_in_r_44),  .CK (CTS_275),  .E (FE_OFN8_modadd_i_valid),  .Q (modular_add_sub_inst_b_r[44]));"
  The above instance has fewer port connections than the module definition.
  Please use '+lint=TFIPC-L' to print out detailed information of unconnected 
  ports.


Warning-[TFIPC] Too few instance port connections
./ed25519.v, 126219
ed25519, "EDFFX1 modular_add_sub_inst_b_r_reg_45_( .D (modadd_b_in_r[45]),  .CK (CTS_275),  .E (FE_OFN8_modadd_i_valid),  .Q (modular_add_sub_inst_b_r[45]));"
  The above instance has fewer port connections than the module definition.
  Please use '+lint=TFIPC-L' to print out detailed information of unconnected 
  ports.


Warning-[TFIPC] Too few instance port connections
./ed25519.v, 126223
ed25519, "EDFFX1 modular_add_sub_inst_b_r_reg_46_( .D (modadd_b_in_r[46]),  .CK (CTS_275),  .E (FE_OFN8_modadd_i_valid),  .Q (modular_add_sub_inst_b_r[46]));"
  The above instance has fewer port connections than the module definition.
  Please use '+lint=TFIPC-L' to print out detailed information of unconnected 
  ports.


Warning-[TFIPC] Too few instance port connections
./ed25519.v, 126227
ed25519, "EDFFX1 modular_add_sub_inst_b_r_reg_47_( .D (FE_PHN2527_modadd_b_in_r_47),  .CK (CTS_275),  .E (FE_OFN7_modadd_i_valid),  .Q (modular_add_sub_inst_b_r[47]));"
  The above instance has fewer port connections than the module definition.
  Please use '+lint=TFIPC-L' to print out detailed information of unconnected 
  ports.


Warning-[TFIPC] Too few instance port connections
./ed25519.v, 126231
ed25519, "EDFFX1 modular_add_sub_inst_b_r_reg_48_( .D (modadd_b_in_r[48]),  .CK (CTS_258),  .E (FE_OFN7_modadd_i_valid),  .Q (modular_add_sub_inst_b_r[48]));"
  The above instance has fewer port connections than the module definition.
  Please use '+lint=TFIPC-L' to print out detailed information of unconnected 
  ports.


Warning-[TFIPC] Too few instance port connections
./ed25519.v, 126235
ed25519, "EDFFX1 modular_add_sub_inst_b_r_reg_49_( .D (modadd_b_in_r[49]),  .CK (CTS_258),  .E (FE_OFN7_modadd_i_valid),  .Q (modular_add_sub_inst_b_r[49]));"
  The above instance has fewer port connections than the module definition.
  Please use '+lint=TFIPC-L' to print out detailed information of unconnected 
  ports.


Warning-[TFIPC] Too few instance port connections
./ed25519.v, 126239
ed25519, "EDFFX1 modular_add_sub_inst_b_r_reg_50_( .D (modadd_b_in_r[50]),  .CK (CTS_255),  .E (FE_OFN7_modadd_i_valid),  .Q (modular_add_sub_inst_b_r[50]));"
  The above instance has fewer port connections than the module definition.
  Please use '+lint=TFIPC-L' to print out detailed information of unconnected 
  ports.


Warning-[TFIPC] Too few instance port connections
./ed25519.v, 126243
ed25519, "EDFFX1 modular_add_sub_inst_b_r_reg_51_( .D (FE_PHN1933_modadd_b_in_r_51),  .CK (CTS_258),  .E (FE_OFN7_modadd_i_valid),  .Q (modular_add_sub_inst_b_r[51]));"
  The above instance has fewer port connections than the module definition.
  Please use '+lint=TFIPC-L' to print out detailed information of unconnected 
  ports.


Warning-[TFIPC] Too few instance port connections
./ed25519.v, 126247
ed25519, "EDFFX1 modular_add_sub_inst_b_r_reg_52_( .D (modadd_b_in_r[52]),  .CK (CTS_255),  .E (FE_OFN5_modadd_i_valid),  .Q (modular_add_sub_inst_b_r[52]));"
  The above instance has fewer port connections than the module definition.
  Please use '+lint=TFIPC-L' to print out detailed information of unconnected 
  ports.


Warning-[TFIPC] Too few instance port connections
./ed25519.v, 126251
ed25519, "EDFFX1 modular_add_sub_inst_b_r_reg_53_( .D (modadd_b_in_r[53]),  .CK (CTS_255),  .E (FE_OFN7_modadd_i_valid),  .Q (modular_add_sub_inst_b_r[53]));"
  The above instance has fewer port connections than the module definition.
  Please use '+lint=TFIPC-L' to print out detailed information of unconnected 
  ports.


Warning-[TFIPC] Too few instance port connections
./ed25519.v, 126255
ed25519, "EDFFX1 modular_add_sub_inst_b_r_reg_54_( .D (FE_PHN2498_modadd_b_in_r_54),  .CK (CTS_255),  .E (FE_OFN5_modadd_i_valid),  .Q (modular_add_sub_inst_b_r[54]));"
  The above instance has fewer port connections than the module definition.
  Please use '+lint=TFIPC-L' to print out detailed information of unconnected 
  ports.


Warning-[TFIPC] Too few instance port connections
./ed25519.v, 126259
ed25519, "EDFFX1 modular_add_sub_inst_b_r_reg_55_( .D (FE_PHN5577_modadd_b_in_r_55),  .CK (CTS_255),  .E (FE_OFN5_modadd_i_valid),  .Q (modular_add_sub_inst_b_r[55]));"
  The above instance has fewer port connections than the module definition.
  Please use '+lint=TFIPC-L' to print out detailed information of unconnected 
  ports.


Warning-[TFIPC] Too few instance port connections
./ed25519.v, 126263
ed25519, "EDFFX1 modular_add_sub_inst_b_r_reg_57_( .D (FE_PHN2352_modadd_b_in_r_57),  .CK (CTS_256),  .E (FE_OFN5_modadd_i_valid),  .Q (modular_add_sub_inst_b_r[57]));"
  The above instance has fewer port connections than the module definition.
  Please use '+lint=TFIPC-L' to print out detailed information of unconnected 
  ports.


Warning-[TFIPC] Too few instance port connections
./ed25519.v, 126267
ed25519, "EDFFX1 modular_add_sub_inst_b_r_reg_58_( .D (FE_PHN2566_modadd_b_in_r_58),  .CK (CTS_257),  .E (FE_OFN3_modadd_i_valid),  .Q (modular_add_sub_inst_b_r[58]));"
  The above instance has fewer port connections than the module definition.
  Please use '+lint=TFIPC-L' to print out detailed information of unconnected 
  ports.


Warning-[TFIPC] Too few instance port connections
./ed25519.v, 126271
ed25519, "EDFFX1 modular_add_sub_inst_b_r_reg_59_( .D (modadd_b_in_r[59]),  .CK (CTS_256),  .E (FE_OFN3_modadd_i_valid),  .Q (modular_add_sub_inst_b_r[59]));"
  The above instance has fewer port connections than the module definition.
  Please use '+lint=TFIPC-L' to print out detailed information of unconnected 
  ports.


Warning-[TFIPC] Too few instance port connections
./ed25519.v, 126275
ed25519, "EDFFX1 modular_add_sub_inst_b_r_reg_61_( .D (modadd_b_in_r[61]),  .CK (CTS_256),  .E (FE_OFN5_modadd_i_valid),  .Q (modular_add_sub_inst_b_r[61]));"
  The above instance has fewer port connections than the module definition.
  Please use '+lint=TFIPC-L' to print out detailed information of unconnected 
  ports.


Warning-[TFIPC] Too few instance port connections
./ed25519.v, 126279
ed25519, "EDFFX1 modular_add_sub_inst_b_r_reg_62_( .D (modadd_b_in_r[62]),  .CK (CTS_257),  .E (FE_OFN3_modadd_i_valid),  .Q (modular_add_sub_inst_b_r[62]));"
  The above instance has fewer port connections than the module definition.
  Please use '+lint=TFIPC-L' to print out detailed information of unconnected 
  ports.


Warning-[TFIPC] Too few instance port connections
./ed25519.v, 126283
ed25519, "EDFFX1 modular_add_sub_inst_b_r_reg_63_( .D (FE_PHN4841_modadd_b_in_r_63),  .CK (CTS_265),  .E (FE_OFN5_modadd_i_valid),  .Q (modular_add_sub_inst_b_r[63]));"
  The above instance has fewer port connections than the module definition.
  Please use '+lint=TFIPC-L' to print out detailed information of unconnected 
  ports.


Warning-[TFIPC] Too few instance port connections
./ed25519.v, 126287
ed25519, "EDFFX1 modular_add_sub_inst_b_r_reg_64_( .D (FE_PHN1832_modadd_b_in_r_64),  .CK (CTS_299),  .E (FE_OFN1_modadd_i_valid),  .Q (modular_add_sub_inst_b_r[64]));"
  The above instance has fewer port connections than the module definition.
  Please use '+lint=TFIPC-L' to print out detailed information of unconnected 
  ports.


Warning-[TFIPC] Too few instance port connections
./ed25519.v, 126291
ed25519, "EDFFX1 modular_add_sub_inst_b_r_reg_66_( .D (modadd_b_in_r[66]),  .CK (CTS_302),  .E (FE_OFN1_modadd_i_valid),  .Q (modular_add_sub_inst_b_r[66]));"
  The above instance has fewer port connections than the module definition.
  Please use '+lint=TFIPC-L' to print out detailed information of unconnected 
  ports.


Warning-[TFIPC] Too few instance port connections
./ed25519.v, 126295
ed25519, "EDFFX1 modular_add_sub_inst_b_r_reg_67_( .D (FE_PHN5688_modadd_b_in_r_67),  .CK (CTS_303),  .E (FE_OFN1_modadd_i_valid),  .Q (modular_add_sub_inst_b_r[67]));"
  The above instance has fewer port connections than the module definition.
  Please use '+lint=TFIPC-L' to print out detailed information of unconnected 
  ports.


Warning-[TFIPC] Too few instance port connections
./ed25519.v, 126299
ed25519, "EDFFX1 modular_add_sub_inst_b_r_reg_69_( .D (FE_PHN2598_modadd_b_in_r_69),  .CK (CTS_301),  .E (FE_OFN6_modadd_i_valid),  .Q (modular_add_sub_inst_b_r[69]));"
  The above instance has fewer port connections than the module definition.
  Please use '+lint=TFIPC-L' to print out detailed information of unconnected 
  ports.


Warning-[TFIPC] Too few instance port connections
./ed25519.v, 126303
ed25519, "EDFFX1 modular_add_sub_inst_b_r_reg_70_( .D (modadd_b_in_r[70]),  .CK (CTS_301),  .E (FE_OFN6_modadd_i_valid),  .Q (modular_add_sub_inst_b_r[70]));"
  The above instance has fewer port connections than the module definition.
  Please use '+lint=TFIPC-L' to print out detailed information of unconnected 
  ports.


Warning-[TFIPC] Too few instance port connections
./ed25519.v, 126307
ed25519, "EDFFX1 modular_add_sub_inst_b_r_reg_71_( .D (modadd_b_in_r[71]),  .CK (CTS_245),  .E (FE_OFN6_modadd_i_valid),  .Q (modular_add_sub_inst_b_r[71]));"
  The above instance has fewer port connections than the module definition.
  Please use '+lint=TFIPC-L' to print out detailed information of unconnected 
  ports.


Warning-[TFIPC] Too few instance port connections
./ed25519.v, 126311
ed25519, "EDFFX1 modular_add_sub_inst_b_r_reg_72_( .D (FE_PHN4176_modadd_b_in_r_72),  .CK (CTS_308),  .E (FE_OFN6_modadd_i_valid),  .Q (modular_add_sub_inst_b_r[72]));"
  The above instance has fewer port connections than the module definition.
  Please use '+lint=TFIPC-L' to print out detailed information of unconnected 
  ports.


Warning-[TFIPC] Too few instance port connections
./ed25519.v, 126315
ed25519, "EDFFX1 modular_add_sub_inst_b_r_reg_73_( .D (FE_PHN4048_modadd_b_in_r_73),  .CK (CTS_308),  .E (FE_OFN6_modadd_i_valid),  .Q (modular_add_sub_inst_b_r[73]));"
  The above instance has fewer port connections than the module definition.
  Please use '+lint=TFIPC-L' to print out detailed information of unconnected 
  ports.


Warning-[TFIPC] Too few instance port connections
./ed25519.v, 126319
ed25519, "EDFFX1 modular_add_sub_inst_b_r_reg_74_( .D (FE_PHN4212_modadd_b_in_r_74),  .CK (CTS_308),  .E (FE_OFN6_modadd_i_valid),  .Q (modular_add_sub_inst_b_r[74]));"
  The above instance has fewer port connections than the module definition.
  Please use '+lint=TFIPC-L' to print out detailed information of unconnected 
  ports.


Warning-[TFIPC] Too few instance port connections
./ed25519.v, 126323
ed25519, "EDFFX1 modular_add_sub_inst_b_r_reg_75_( .D (FE_PHN4237_modadd_b_in_r_75),  .CK (CTS_308),  .E (FE_OFN6_modadd_i_valid),  .Q (modular_add_sub_inst_b_r[75]));"
  The above instance has fewer port connections than the module definition.
  Please use '+lint=TFIPC-L' to print out detailed information of unconnected 
  ports.


Warning-[TFIPC] Too few instance port connections
./ed25519.v, 126327
ed25519, "EDFFX1 modular_add_sub_inst_b_r_reg_76_( .D (FE_PHN2408_modadd_b_in_r_76),  .CK (CTS_301),  .E (FE_OFN6_modadd_i_valid),  .Q (modular_add_sub_inst_b_r[76]));"
  The above instance has fewer port connections than the module definition.
  Please use '+lint=TFIPC-L' to print out detailed information of unconnected 
  ports.


Warning-[TFIPC] Too few instance port connections
./ed25519.v, 126331
ed25519, "EDFFX1 modular_add_sub_inst_b_r_reg_78_( .D (modadd_b_in_r[78]),  .CK (CTS_301),  .E (FE_OFN6_modadd_i_valid),  .Q (modular_add_sub_inst_b_r[78]));"
  The above instance has fewer port connections than the module definition.
  Please use '+lint=TFIPC-L' to print out detailed information of unconnected 
  ports.


Warning-[TFIPC] Too few instance port connections
./ed25519.v, 126335
ed25519, "EDFFX1 modular_add_sub_inst_b_r_reg_79_( .D (FE_PHN2583_modadd_b_in_r_79),  .CK (CTS_245),  .E (FE_OFN6_modadd_i_valid),  .Q (modular_add_sub_inst_b_r[79]));"
  The above instance has fewer port connections than the module definition.
  Please use '+lint=TFIPC-L' to print out detailed information of unconnected 
  ports.


Warning-[TFIPC] Too few instance port connections
./ed25519.v, 126339
ed25519, "EDFFX1 modular_add_sub_inst_b_r_reg_80_( .D (FE_PHN1649_modadd_b_in_r_80),  .CK (CTS_244),  .E (FE_OFN10_modadd_i_valid),  .Q (modular_add_sub_inst_b_r[80]));"
  The above instance has fewer port connections than the module definition.
  Please use '+lint=TFIPC-L' to print out detailed information of unconnected 
  ports.


Warning-[TFIPC] Too few instance port connections
./ed25519.v, 126343
ed25519, "EDFFX1 modular_add_sub_inst_b_r_reg_81_( .D (FE_PHN2789_modadd_b_in_r_81),  .CK (CTS_244),  .E (FE_OFN10_modadd_i_valid),  .Q (modular_add_sub_inst_b_r[81]));"
  The above instance has fewer port connections than the module definition.
  Please use '+lint=TFIPC-L' to print out detailed information of unconnected 
  ports.


Warning-[TFIPC] Too few instance port connections
./ed25519.v, 126347
ed25519, "EDFFX1 modular_add_sub_inst_b_r_reg_84_( .D (modadd_b_in_r[84]),  .CK (CTS_242),  .E (FE_OFN10_modadd_i_valid),  .Q (modular_add_sub_inst_b_r[84]));"
  The above instance has fewer port connections than the module definition.
  Please use '+lint=TFIPC-L' to print out detailed information of unconnected 
  ports.


Warning-[TFIPC] Too few instance port connections
./ed25519.v, 126351
ed25519, "EDFFX1 modular_add_sub_inst_b_r_reg_86_( .D (FE_PHN4056_modadd_b_in_r_86),  .CK (CTS_242),  .E (FE_OFN9_modadd_i_valid),  .Q (modular_add_sub_inst_b_r[86]));"
  The above instance has fewer port connections than the module definition.
  Please use '+lint=TFIPC-L' to print out detailed information of unconnected 
  ports.


Warning-[TFIPC] Too few instance port connections
./ed25519.v, 126355
ed25519, "EDFFX1 modular_add_sub_inst_b_r_reg_87_( .D (FE_PHN4131_modadd_b_in_r_87),  .CK (CTS_242),  .E (FE_OFN9_modadd_i_valid),  .Q (modular_add_sub_inst_b_r[87]));"
  The above instance has fewer port connections than the module definition.
  Please use '+lint=TFIPC-L' to print out detailed information of unconnected 
  ports.


Warning-[TFIPC] Too few instance port connections
./ed25519.v, 126359
ed25519, "EDFFX1 modular_add_sub_inst_b_r_reg_88_( .D (modadd_b_in_r[88]),  .CK (CTS_281),  .E (FE_OFN0_modadd_i_valid),  .Q (modular_add_sub_inst_b_r[88]));"
  The above instance has fewer port connections than the module definition.
  Please use '+lint=TFIPC-L' to print out detailed information of unconnected 
  ports.


Warning-[TFIPC] Too few instance port connections
./ed25519.v, 126363
ed25519, "EDFFX1 modular_add_sub_inst_b_r_reg_89_( .D (modadd_b_in_r[89]),  .CK (CTS_281),  .E (FE_OFN0_modadd_i_valid),  .Q (modular_add_sub_inst_b_r[89]));"
  The above instance has fewer port connections than the module definition.
  Please use '+lint=TFIPC-L' to print out detailed information of unconnected 
  ports.


Warning-[TFIPC] Too few instance port connections
./ed25519.v, 126367
ed25519, "EDFFX1 modular_add_sub_inst_b_r_reg_90_( .D (FE_PHN1926_modadd_b_in_r_90),  .CK (CTS_281),  .E (FE_OFN0_modadd_i_valid),  .Q (modular_add_sub_inst_b_r[90]));"
  The above instance has fewer port connections than the module definition.
  Please use '+lint=TFIPC-L' to print out detailed information of unconnected 
  ports.


Warning-[TFIPC] Too few instance port connections
./ed25519.v, 126371
ed25519, "EDFFX1 modular_add_sub_inst_b_r_reg_92_( .D (FE_PHN2744_modadd_b_in_r_92),  .CK (CTS_240),  .E (FE_OFN0_modadd_i_valid),  .Q (modular_add_sub_inst_b_r[92]));"
  The above instance has fewer port connections than the module definition.
  Please use '+lint=TFIPC-L' to print out detailed information of unconnected 
  ports.


Warning-[TFIPC] Too few instance port connections
./ed25519.v, 126375
ed25519, "EDFFX1 modular_add_sub_inst_b_r_reg_93_( .D (modadd_b_in_r[93]),  .CK (CTS_240),  .E (FE_OFN9_modadd_i_valid),  .Q (modular_add_sub_inst_b_r[93]));"
  The above instance has fewer port connections than the module definition.
  Please use '+lint=TFIPC-L' to print out detailed information of unconnected 
  ports.


Warning-[TFIPC] Too few instance port connections
./ed25519.v, 126379
ed25519, "EDFFX1 modular_add_sub_inst_b_r_reg_94_( .D (FE_PHN4090_modadd_b_in_r_94),  .CK (CTS_239),  .E (FE_OFN9_modadd_i_valid),  .Q (modular_add_sub_inst_b_r[94]));"
  The above instance has fewer port connections than the module definition.
  Please use '+lint=TFIPC-L' to print out detailed information of unconnected 
  ports.


Warning-[TFIPC] Too few instance port connections
./ed25519.v, 126383
ed25519, "EDFFX1 modular_add_sub_inst_b_r_reg_95_( .D (FE_PHN2644_modadd_b_in_r_95),  .CK (CTS_239),  .E (FE_OFN9_modadd_i_valid),  .Q (modular_add_sub_inst_b_r[95]));"
  The above instance has fewer port connections than the module definition.
  Please use '+lint=TFIPC-L' to print out detailed information of unconnected 
  ports.


Warning-[TFIPC] Too few instance port connections
./ed25519.v, 126387
ed25519, "EDFFX1 modular_add_sub_inst_b_r_reg_96_( .D (FE_PHN4150_modadd_b_in_r_96),  .CK (CTS_276),  .E (FE_OFN4_modadd_i_valid),  .Q (modular_add_sub_inst_b_r[96]));"
  The above instance has fewer port connections than the module definition.
  Please use '+lint=TFIPC-L' to print out detailed information of unconnected 
  ports.


Warning-[TFIPC] Too few instance port connections
./ed25519.v, 126391
ed25519, "EDFFX1 modular_add_sub_inst_b_r_reg_97_( .D (modadd_b_in_r[97]),  .CK (CTS_276),  .E (FE_OFN4_modadd_i_valid),  .Q (modular_add_sub_inst_b_r[97]));"
  The above instance has fewer port connections than the module definition.
  Please use '+lint=TFIPC-L' to print out detailed information of unconnected 
  ports.


Warning-[TFIPC] Too few instance port connections
./ed25519.v, 126395
ed25519, "EDFFX1 modular_add_sub_inst_b_r_reg_98_( .D (FE_PHN4196_modadd_b_in_r_98),  .CK (CTS_238),  .E (FE_OFN4_modadd_i_valid),  .Q (modular_add_sub_inst_b_r[98]));"
  The above instance has fewer port connections than the module definition.
  Please use '+lint=TFIPC-L' to print out detailed information of unconnected 
  ports.


Warning-[TFIPC] Too few instance port connections
./ed25519.v, 126399
ed25519, "EDFFX1 modular_add_sub_inst_b_r_reg_99_( .D (FE_PHN2117_modadd_b_in_r_99),  .CK (CTS_274),  .E (FE_OFN8_modadd_i_valid),  .Q (modular_add_sub_inst_b_r[99]));"
  The above instance has fewer port connections than the module definition.
  Please use '+lint=TFIPC-L' to print out detailed information of unconnected 
  ports.


Warning-[TFIPC] Too few instance port connections
./ed25519.v, 126403
ed25519, "EDFFX1 modular_add_sub_inst_b_r_reg_100_( .D (modadd_b_in_r[100]),  .CK (CTS_276),  .E (FE_OFN4_modadd_i_valid),  .Q (modular_add_sub_inst_b_r[100]));"
  The above instance has fewer port connections than the module definition.
  Please use '+lint=TFIPC-L' to print out detailed information of unconnected 
  ports.


Warning-[TFIPC] Too few instance port connections
./ed25519.v, 126407
ed25519, "EDFFX1 modular_add_sub_inst_b_r_reg_101_( .D (modadd_b_in_r[101]),  .CK (CTS_238),  .E (FE_OFN4_modadd_i_valid),  .Q (modular_add_sub_inst_b_r[101]));"
  The above instance has fewer port connections than the module definition.
  Please use '+lint=TFIPC-L' to print out detailed information of unconnected 
  ports.


Warning-[TFIPC] Too few instance port connections
./ed25519.v, 126411
ed25519, "EDFFX1 modular_add_sub_inst_b_r_reg_102_( .D (FE_PHN2783_modadd_b_in_r_102),  .CK (CTS_276),  .E (FE_OFN4_modadd_i_valid),  .Q (modular_add_sub_inst_b_r[102]));"
  The above instance has fewer port connections than the module definition.
  Please use '+lint=TFIPC-L' to print out detailed information of unconnected 
  ports.


Warning-[TFIPC] Too few instance port connections
./ed25519.v, 126415
ed25519, "EDFFX1 modular_add_sub_inst_b_r_reg_103_( .D (modadd_b_in_r[103]),  .CK (CTS_276),  .E (FE_OFN4_modadd_i_valid),  .Q (modular_add_sub_inst_b_r[103]));"
  The above instance has fewer port connections than the module definition.
  Please use '+lint=TFIPC-L' to print out detailed information of unconnected 
  ports.


Warning-[TFIPC] Too few instance port connections
./ed25519.v, 126419
ed25519, "EDFFX1 modular_add_sub_inst_b_r_reg_104_( .D (modadd_b_in_r[104]),  .CK (CTS_275),  .E (FE_OFN8_modadd_i_valid),  .Q (modular_add_sub_inst_b_r[104]));"
  The above instance has fewer port connections than the module definition.
  Please use '+lint=TFIPC-L' to print out detailed information of unconnected 
  ports.


Warning-[TFIPC] Too few instance port connections
./ed25519.v, 126423
ed25519, "EDFFX1 modular_add_sub_inst_b_r_reg_105_( .D (FE_PHN5715_modadd_b_in_r_105),  .CK (CTS_275),  .E (FE_OFN8_modadd_i_valid),  .Q (modular_add_sub_inst_b_r[105]));"
  The above instance has fewer port connections than the module definition.
  Please use '+lint=TFIPC-L' to print out detailed information of unconnected 
  ports.


Warning-[TFIPC] Too few instance port connections
./ed25519.v, 126427
ed25519, "EDFFX1 modular_add_sub_inst_b_r_reg_106_( .D (FE_PHN2889_modadd_b_in_r_106),  .CK (CTS_277),  .E (FE_OFN8_modadd_i_valid),  .Q (modular_add_sub_inst_b_r[106]));"
  The above instance has fewer port connections than the module definition.
  Please use '+lint=TFIPC-L' to print out detailed information of unconnected 
  ports.


Warning-[TFIPC] Too few instance port connections
./ed25519.v, 126431
ed25519, "EDFFX1 modular_add_sub_inst_b_r_reg_107_( .D (FE_PHN2088_modadd_b_in_r_107),  .CK (CTS_275),  .E (FE_OFN8_modadd_i_valid),  .Q (modular_add_sub_inst_b_r[107]));"
  The above instance has fewer port connections than the module definition.
  Please use '+lint=TFIPC-L' to print out detailed information of unconnected 
  ports.


Warning-[TFIPC] Too few instance port connections
./ed25519.v, 126435
ed25519, "EDFFX1 modular_add_sub_inst_b_r_reg_108_( .D (FE_PHN1993_modadd_b_in_r_108),  .CK (CTS_275),  .E (FE_OFN7_modadd_i_valid),  .Q (modular_add_sub_inst_b_r[108]));"
  The above instance has fewer port connections than the module definition.
  Please use '+lint=TFIPC-L' to print out detailed information of unconnected 
  ports.


Warning-[TFIPC] Too few instance port connections
./ed25519.v, 126439
ed25519, "EDFFX1 modular_add_sub_inst_b_r_reg_109_( .D (modadd_b_in_r[109]),  .CK (CTS_275),  .E (FE_OFN8_modadd_i_valid),  .Q (modular_add_sub_inst_b_r[109]));"
  The above instance has fewer port connections than the module definition.
  Please use '+lint=TFIPC-L' to print out detailed information of unconnected 
  ports.


Warning-[TFIPC] Too few instance port connections
./ed25519.v, 126443
ed25519, "EDFFX1 modular_add_sub_inst_b_r_reg_110_( .D (FE_PHN4256_modadd_b_in_r_110),  .CK (CTS_258),  .E (FE_OFN7_modadd_i_valid),  .Q (modular_add_sub_inst_b_r[110]));"
  The above instance has fewer port connections than the module definition.
  Please use '+lint=TFIPC-L' to print out detailed information of unconnected 
  ports.


Warning-[TFIPC] Too few instance port connections
./ed25519.v, 126447
ed25519, "EDFFX1 modular_add_sub_inst_b_r_reg_111_( .D (modadd_b_in_r[111]),  .CK (CTS_258),  .E (FE_OFN7_modadd_i_valid),  .Q (modular_add_sub_inst_b_r[111]));"
  The above instance has fewer port connections than the module definition.
  Please use '+lint=TFIPC-L' to print out detailed information of unconnected 
  ports.


Warning-[TFIPC] Too few instance port connections
./ed25519.v, 126451
ed25519, "EDFFX1 modular_add_sub_inst_b_r_reg_112_( .D (modadd_b_in_r[112]),  .CK (CTS_255),  .E (FE_OFN5_modadd_i_valid),  .Q (modular_add_sub_inst_b_r[112]));"
  The above instance has fewer port connections than the module definition.
  Please use '+lint=TFIPC-L' to print out detailed information of unconnected 
  ports.


Warning-[TFIPC] Too few instance port connections
./ed25519.v, 126455
ed25519, "EDFFX1 modular_add_sub_inst_b_r_reg_113_( .D (modadd_b_in_r[113]),  .CK (CTS_255),  .E (FE_OFN5_modadd_i_valid),  .Q (modular_add_sub_inst_b_r[113]));"
  The above instance has fewer port connections than the module definition.
  Please use '+lint=TFIPC-L' to print out detailed information of unconnected 
  ports.


Warning-[TFIPC] Too few instance port connections
./ed25519.v, 126459
ed25519, "EDFFX1 modular_add_sub_inst_b_r_reg_114_( .D (modadd_b_in_r[114]),  .CK (CTS_256),  .E (FE_OFN5_modadd_i_valid),  .Q (modular_add_sub_inst_b_r[114]));"
  The above instance has fewer port connections than the module definition.
  Please use '+lint=TFIPC-L' to print out detailed information of unconnected 
  ports.


Warning-[TFIPC] Too few instance port connections
./ed25519.v, 126463
ed25519, "EDFFX1 modular_add_sub_inst_b_r_reg_115_( .D (modadd_b_in_r[115]),  .CK (CTS_256),  .E (FE_OFN5_modadd_i_valid),  .Q (modular_add_sub_inst_b_r[115]));"
  The above instance has fewer port connections than the module definition.
  Please use '+lint=TFIPC-L' to print out detailed information of unconnected 
  ports.


Warning-[TFIPC] Too few instance port connections
./ed25519.v, 126467
ed25519, "EDFFX1 modular_add_sub_inst_b_r_reg_116_( .D (FE_PHN2567_modadd_b_in_r_116),  .CK (CTS_257),  .E (FE_OFN3_modadd_i_valid),  .Q (modular_add_sub_inst_b_r[116]));"
  The above instance has fewer port connections than the module definition.
  Please use '+lint=TFIPC-L' to print out detailed information of unconnected 
  ports.


Warning-[TFIPC] Too few instance port connections
./ed25519.v, 126471
ed25519, "EDFFX1 modular_add_sub_inst_b_r_reg_117_( .D (modadd_b_in_r[117]),  .CK (CTS_256),  .E (FE_OFN5_modadd_i_valid),  .Q (modular_add_sub_inst_b_r[117]));"
  The above instance has fewer port connections than the module definition.
  Please use '+lint=TFIPC-L' to print out detailed information of unconnected 
  ports.


Warning-[TFIPC] Too few instance port connections
./ed25519.v, 126475
ed25519, "EDFFX1 modular_add_sub_inst_b_r_reg_118_( .D (modadd_b_in_r[118]),  .CK (CTS_257),  .E (FE_OFN3_modadd_i_valid),  .Q (modular_add_sub_inst_b_r[118]));"
  The above instance has fewer port connections than the module definition.
  Please use '+lint=TFIPC-L' to print out detailed information of unconnected 
  ports.


Warning-[TFIPC] Too few instance port connections
./ed25519.v, 126479
ed25519, "EDFFX1 modular_add_sub_inst_b_r_reg_119_( .D (FE_PHN2196_modadd_b_in_r_119),  .CK (CTS_257),  .E (FE_OFN3_modadd_i_valid),  .Q (modular_add_sub_inst_b_r[119]));"
  The above instance has fewer port connections than the module definition.
  Please use '+lint=TFIPC-L' to print out detailed information of unconnected 
  ports.


Warning-[TFIPC] Too few instance port connections
./ed25519.v, 126483
ed25519, "EDFFX1 modular_add_sub_inst_b_r_reg_120_( .D (modadd_b_in_r[120]),  .CK (CTS_257),  .E (FE_OFN3_modadd_i_valid),  .Q (modular_add_sub_inst_b_r[120]));"
  The above instance has fewer port connections than the module definition.
  Please use '+lint=TFIPC-L' to print out detailed information of unconnected 
  ports.


Warning-[TFIPC] Too few instance port connections
./ed25519.v, 126487
ed25519, "EDFFX1 modular_add_sub_inst_b_r_reg_121_( .D (modadd_b_in_r[121]),  .CK (CTS_257),  .E (FE_OFN3_modadd_i_valid),  .Q (modular_add_sub_inst_b_r[121]));"
  The above instance has fewer port connections than the module definition.
  Please use '+lint=TFIPC-L' to print out detailed information of unconnected 
  ports.


Warning-[TFIPC] Too few instance port connections
./ed25519.v, 126491
ed25519, "EDFFX1 modular_add_sub_inst_b_r_reg_122_( .D (modadd_b_in_r[122]),  .CK (CTS_257),  .E (FE_OFN3_modadd_i_valid),  .Q (modular_add_sub_inst_b_r[122]));"
  The above instance has fewer port connections than the module definition.
  Please use '+lint=TFIPC-L' to print out detailed information of unconnected 
  ports.


Warning-[TFIPC] Too few instance port connections
./ed25519.v, 126495
ed25519, "EDFFX1 modular_add_sub_inst_b_r_reg_123_( .D (modadd_b_in_r[123]),  .CK (CTS_257),  .E (FE_OFN3_modadd_i_valid),  .Q (modular_add_sub_inst_b_r[123]));"
  The above instance has fewer port connections than the module definition.
  Please use '+lint=TFIPC-L' to print out detailed information of unconnected 
  ports.


Warning-[TFIPC] Too few instance port connections
./ed25519.v, 126499
ed25519, "EDFFX1 modular_add_sub_inst_b_r_reg_124_( .D (modadd_b_in_r[124]),  .CK (CTS_257),  .E (FE_OFN3_modadd_i_valid),  .Q (modular_add_sub_inst_b_r[124]));"
  The above instance has fewer port connections than the module definition.
  Please use '+lint=TFIPC-L' to print out detailed information of unconnected 
  ports.


Warning-[TFIPC] Too few instance port connections
./ed25519.v, 126503
ed25519, "EDFFX1 modular_add_sub_inst_b_r_reg_125_( .D (FE_PHN2119_modadd_b_in_r_125),  .CK (CTS_253),  .E (FE_OFN3_modadd_i_valid),  .Q (modular_add_sub_inst_b_r[125]));"
  The above instance has fewer port connections than the module definition.
  Please use '+lint=TFIPC-L' to print out detailed information of unconnected 
  ports.


Warning-[TFIPC] Too few instance port connections
./ed25519.v, 126507
ed25519, "EDFFX1 modular_add_sub_inst_b_r_reg_126_( .D (FE_PHN2220_modadd_b_in_r_126),  .CK (CTS_257),  .E (FE_OFN3_modadd_i_valid),  .Q (modular_add_sub_inst_b_r[126]));"
  The above instance has fewer port connections than the module definition.
  Please use '+lint=TFIPC-L' to print out detailed information of unconnected 
  ports.


Warning-[TFIPC] Too few instance port connections
./ed25519.v, 126511
ed25519, "EDFFX1 modular_add_sub_inst_b_r_reg_127_( .D (FE_PHN4795_modadd_b_in_r_127),  .CK (CTS_265),  .E (FE_OFN5_modadd_i_valid),  .Q (modular_add_sub_inst_b_r[127]));"
  The above instance has fewer port connections than the module definition.
  Please use '+lint=TFIPC-L' to print out detailed information of unconnected 
  ports.


Warning-[TFIPC] Too few instance port connections
./ed25519.v, 126515
ed25519, "EDFFX1 modular_add_sub_inst_b_r_reg_128_( .D (FE_PHN2791_modadd_b_in_r_128),  .CK (CTS_300),  .E (FE_OFN1_modadd_i_valid),  .Q (modular_add_sub_inst_b_r[128]));"
  The above instance has fewer port connections than the module definition.
  Please use '+lint=TFIPC-L' to print out detailed information of unconnected 
  ports.


Warning-[TFIPC] Too few instance port connections
./ed25519.v, 126519
ed25519, "EDFFX1 modular_add_sub_inst_b_r_reg_129_( .D (modadd_b_in_r[129]),  .CK (CTS_300),  .E (FE_OFN1_modadd_i_valid),  .Q (modular_add_sub_inst_b_r[129]));"
  The above instance has fewer port connections than the module definition.
  Please use '+lint=TFIPC-L' to print out detailed information of unconnected 
  ports.


Warning-[TFIPC] Too few instance port connections
./ed25519.v, 126523
ed25519, "EDFFX1 modular_add_sub_inst_b_r_reg_130_( .D (modadd_b_in_r[130]),  .CK (CTS_304),  .E (FE_OFN2_modadd_i_valid),  .Q (modular_add_sub_inst_b_r[130]));"
  The above instance has fewer port connections than the module definition.
  Please use '+lint=TFIPC-L' to print out detailed information of unconnected 
  ports.


Warning-[TFIPC] Too few instance port connections
./ed25519.v, 126527
ed25519, "EDFFX1 modular_add_sub_inst_b_r_reg_131_( .D (FE_PHN1943_modadd_b_in_r_131),  .CK (CTS_304),  .E (FE_OFN2_modadd_i_valid),  .Q (modular_add_sub_inst_b_r[131]));"
  The above instance has fewer port connections than the module definition.
  Please use '+lint=TFIPC-L' to print out detailed information of unconnected 
  ports.


Warning-[TFIPC] Too few instance port connections
./ed25519.v, 126531
ed25519, "EDFFX1 modular_add_sub_inst_b_r_reg_132_( .D (modadd_b_in_r[132]),  .CK (CTS_307),  .E (FE_OFN2_modadd_i_valid),  .Q (modular_add_sub_inst_b_r[132]));"
  The above instance has fewer port connections than the module definition.
  Please use '+lint=TFIPC-L' to print out detailed information of unconnected 
  ports.


Warning-[TFIPC] Too few instance port connections
./ed25519.v, 126535
ed25519, "EDFFX1 modular_add_sub_inst_b_r_reg_133_( .D (modadd_b_in_r[133]),  .CK (CTS_307),  .E (FE_OFN2_modadd_i_valid),  .Q (modular_add_sub_inst_b_r[133]));"
  The above instance has fewer port connections than the module definition.
  Please use '+lint=TFIPC-L' to print out detailed information of unconnected 
  ports.


Warning-[TFIPC] Too few instance port connections
./ed25519.v, 126539
ed25519, "EDFFX1 modular_add_sub_inst_b_r_reg_134_( .D (FE_PHN4099_modadd_b_in_r_134),  .CK (CTS_307),  .E (FE_OFN2_modadd_i_valid),  .Q (modular_add_sub_inst_b_r[134]));"
  The above instance has fewer port connections than the module definition.
  Please use '+lint=TFIPC-L' to print out detailed information of unconnected 
  ports.


Warning-[TFIPC] Too few instance port connections
./ed25519.v, 126543
ed25519, "EDFFX1 modular_add_sub_inst_b_r_reg_136_( .D (FE_PHN4136_modadd_b_in_r_136),  .CK (CTS_307),  .E (FE_OFN2_modadd_i_valid),  .Q (modular_add_sub_inst_b_r[136]));"
  The above instance has fewer port connections than the module definition.
  Please use '+lint=TFIPC-L' to print out detailed information of unconnected 
  ports.


Warning-[TFIPC] Too few instance port connections
./ed25519.v, 126547
ed25519, "EDFFX1 modular_add_sub_inst_b_r_reg_137_( .D (FE_PHN4128_modadd_b_in_r_137),  .CK (CTS_307),  .E (FE_OFN2_modadd_i_valid),  .Q (modular_add_sub_inst_b_r[137]));"
  The above instance has fewer port connections than the module definition.
  Please use '+lint=TFIPC-L' to print out detailed information of unconnected 
  ports.


Warning-[TFIPC] Too few instance port connections
./ed25519.v, 126551
ed25519, "EDFFX1 modular_add_sub_inst_b_r_reg_138_( .D (FE_PHN4059_modadd_b_in_r_138),  .CK (CTS_307),  .E (FE_OFN2_modadd_i_valid),  .Q (modular_add_sub_inst_b_r[138]));"
  The above instance has fewer port connections than the module definition.
  Please use '+lint=TFIPC-L' to print out detailed information of unconnected 
  ports.


Warning-[TFIPC] Too few instance port connections
./ed25519.v, 126555
ed25519, "EDFFX1 modular_add_sub_inst_b_r_reg_139_( .D (FE_PHN4116_modadd_b_in_r_139),  .CK (CTS_307),  .E (FE_OFN2_modadd_i_valid),  .Q (modular_add_sub_inst_b_r[139]));"
  The above instance has fewer port connections than the module definition.
  Please use '+lint=TFIPC-L' to print out detailed information of unconnected 
  ports.


Warning-[TFIPC] Too few instance port connections
./ed25519.v, 126559
ed25519, "EDFFX1 modular_add_sub_inst_b_r_reg_140_( .D (FE_PHN4101_modadd_b_in_r_140),  .CK (CTS_307),  .E (FE_OFN2_modadd_i_valid),  .Q (modular_add_sub_inst_b_r[140]));"
  The above instance has fewer port connections than the module definition.
  Please use '+lint=TFIPC-L' to print out detailed information of unconnected 
  ports.


Warning-[TFIPC] Too few instance port connections
./ed25519.v, 126563
ed25519, "EDFFX1 modular_add_sub_inst_b_r_reg_141_( .D (modadd_b_in_r[141]),  .CK (CTS_307),  .E (FE_OFN2_modadd_i_valid),  .Q (modular_add_sub_inst_b_r[141]));"
  The above instance has fewer port connections than the module definition.
  Please use '+lint=TFIPC-L' to print out detailed information of unconnected 
  ports.


Warning-[TFIPC] Too few instance port connections
./ed25519.v, 126567
ed25519, "EDFFX1 modular_add_sub_inst_b_r_reg_142_( .D (FE_PHN4164_modadd_b_in_r_142),  .CK (CTS_307),  .E (FE_OFN2_modadd_i_valid),  .Q (modular_add_sub_inst_b_r[142]));"
  The above instance has fewer port connections than the module definition.
  Please use '+lint=TFIPC-L' to print out detailed information of unconnected 
  ports.


Warning-[TFIPC] Too few instance port connections
./ed25519.v, 126571
ed25519, "EDFFX1 modular_add_sub_inst_b_r_reg_143_( .D (modadd_b_in_r[143]),  .CK (CTS_301),  .E (FE_OFN6_modadd_i_valid),  .Q (modular_add_sub_inst_b_r[143]));"
  The above instance has fewer port connections than the module definition.
  Please use '+lint=TFIPC-L' to print out detailed information of unconnected 
  ports.


Warning-[TFIPC] Too few instance port connections
./ed25519.v, 126575
ed25519, "EDFFX1 modular_add_sub_inst_b_r_reg_144_( .D (FE_PHN4811_modadd_b_in_r_144),  .CK (CTS_299),  .E (FE_OFN1_modadd_i_valid),  .Q (modular_add_sub_inst_b_r[144]));"
  The above instance has fewer port connections than the module definition.
  Please use '+lint=TFIPC-L' to print out detailed information of unconnected 
  ports.


Warning-[TFIPC] Too few instance port connections
./ed25519.v, 126579
ed25519, "EDFFX1 modular_add_sub_inst_b_r_reg_145_( .D (modadd_b_in_r[145]),  .CK (CTS_286),  .E (FE_OFN10_modadd_i_valid),  .Q (modular_add_sub_inst_b_r[145]));"
  The above instance has fewer port connections than the module definition.
  Please use '+lint=TFIPC-L' to print out detailed information of unconnected 
  ports.


Warning-[TFIPC] Too few instance port connections
./ed25519.v, 126583
ed25519, "EDFFX1 modular_add_sub_inst_b_r_reg_146_( .D (FE_PHN1973_modadd_b_in_r_146),  .CK (CTS_286),  .E (FE_OFN10_modadd_i_valid),  .Q (modular_add_sub_inst_b_r[146]));"
  The above instance has fewer port connections than the module definition.
  Please use '+lint=TFIPC-L' to print out detailed information of unconnected 
  ports.


Warning-[TFIPC] Too few instance port connections
./ed25519.v, 126587
ed25519, "EDFFX1 modular_add_sub_inst_b_r_reg_147_( .D (modadd_b_in_r[147]),  .CK (CTS_244),  .E (FE_OFN10_modadd_i_valid),  .Q (modular_add_sub_inst_b_r[147]));"
  The above instance has fewer port connections than the module definition.
  Please use '+lint=TFIPC-L' to print out detailed information of unconnected 
  ports.


Warning-[TFIPC] Too few instance port connections
./ed25519.v, 126591
ed25519, "EDFFX1 modular_add_sub_inst_b_r_reg_148_( .D (modadd_b_in_r[148]),  .CK (CTS_242),  .E (FE_OFN10_modadd_i_valid),  .Q (modular_add_sub_inst_b_r[148]));"
  The above instance has fewer port connections than the module definition.
  Please use '+lint=TFIPC-L' to print out detailed information of unconnected 
  ports.


Warning-[TFIPC] Too few instance port connections
./ed25519.v, 126595
ed25519, "EDFFX1 modular_add_sub_inst_b_r_reg_149_( .D (modadd_b_in_r[149]),  .CK (CTS_242),  .E (FE_OFN10_modadd_i_valid),  .Q (modular_add_sub_inst_b_r[149]));"
  The above instance has fewer port connections than the module definition.
  Please use '+lint=TFIPC-L' to print out detailed information of unconnected 
  ports.


Warning-[TFIPC] Too few instance port connections
./ed25519.v, 126599
ed25519, "EDFFX1 modular_add_sub_inst_b_r_reg_151_( .D (FE_PHN4046_modadd_b_in_r_151),  .CK (CTS_242),  .E (FE_OFN10_modadd_i_valid),  .Q (modular_add_sub_inst_b_r[151]));"
  The above instance has fewer port connections than the module definition.
  Please use '+lint=TFIPC-L' to print out detailed information of unconnected 
  ports.


Warning-[TFIPC] Too few instance port connections
./ed25519.v, 126603
ed25519, "EDFFX1 modular_add_sub_inst_b_r_reg_152_( .D (FE_PHN2682_modadd_b_in_r_152),  .CK (CTS_244),  .E (FE_OFN0_modadd_i_valid),  .Q (modular_add_sub_inst_b_r[152]));"
  The above instance has fewer port connections than the module definition.
  Please use '+lint=TFIPC-L' to print out detailed information of unconnected 
  ports.


Warning-[TFIPC] Too few instance port connections
./ed25519.v, 126607
ed25519, "EDFFX1 modular_add_sub_inst_b_r_reg_153_( .D (modadd_b_in_r[153]),  .CK (CTS_244),  .E (FE_OFN0_modadd_i_valid),  .Q (modular_add_sub_inst_b_r[153]));"
  The above instance has fewer port connections than the module definition.
  Please use '+lint=TFIPC-L' to print out detailed information of unconnected 
  ports.


Warning-[TFIPC] Too few instance port connections
./ed25519.v, 126611
ed25519, "EDFFX1 modular_add_sub_inst_b_r_reg_154_( .D (modadd_b_in_r[154]),  .CK (CTS_281),  .E (FE_OFN0_modadd_i_valid),  .Q (modular_add_sub_inst_b_r[154]));"
  The above instance has fewer port connections than the module definition.
  Please use '+lint=TFIPC-L' to print out detailed information of unconnected 
  ports.


Warning-[TFIPC] Too few instance port connections
./ed25519.v, 126615
ed25519, "EDFFX1 modular_add_sub_inst_b_r_reg_155_( .D (modadd_b_in_r[155]),  .CK (CTS_281),  .E (FE_OFN0_modadd_i_valid),  .Q (modular_add_sub_inst_b_r[155]));"
  The above instance has fewer port connections than the module definition.
  Please use '+lint=TFIPC-L' to print out detailed information of unconnected 
  ports.


Warning-[TFIPC] Too few instance port connections
./ed25519.v, 126619
ed25519, "EDFFX1 modular_add_sub_inst_b_r_reg_166_( .D (modadd_b_in_r[166]),  .CK (CTS_276),  .E (FE_OFN4_modadd_i_valid),  .Q (modular_add_sub_inst_b_r[166]));"
  The above instance has fewer port connections than the module definition.
  Please use '+lint=TFIPC-L' to print out detailed information of unconnected 
  ports.


Warning-[TFIPC] Too few instance port connections
./ed25519.v, 126623
ed25519, "EDFFX1 modular_add_sub_inst_b_r_reg_167_( .D (modadd_b_in_r[167]),  .CK (CTS_276),  .E (FE_OFN4_modadd_i_valid),  .Q (modular_add_sub_inst_b_r[167]));"
  The above instance has fewer port connections than the module definition.
  Please use '+lint=TFIPC-L' to print out detailed information of unconnected 
  ports.


Warning-[TFIPC] Too few instance port connections
./ed25519.v, 126627
ed25519, "EDFFX1 modular_add_sub_inst_b_r_reg_179_( .D (FE_PHN2870_modadd_b_in_r_179),  .CK (CTS_258),  .E (FE_OFN7_modadd_i_valid),  .Q (modular_add_sub_inst_b_r[179]));"
  The above instance has fewer port connections than the module definition.
  Please use '+lint=TFIPC-L' to print out detailed information of unconnected 
  ports.


Warning-[TFIPC] Too few instance port connections
./ed25519.v, 126631
ed25519, "EDFFX1 modular_add_sub_inst_b_r_reg_191_( .D (modadd_b_in_r[191]),  .CK (CTS_265),  .E (FE_OFN5_modadd_i_valid),  .Q (modular_add_sub_inst_b_r[191]));"
  The above instance has fewer port connections than the module definition.
  Please use '+lint=TFIPC-L' to print out detailed information of unconnected 
  ports.


Warning-[TFIPC] Too few instance port connections
./ed25519.v, 126635
ed25519, "EDFFX1 modular_add_sub_inst_b_r_reg_203_( .D (FE_PHN4214_modadd_b_in_r_203),  .CK (CTS_241),  .E (FE_OFN6_modadd_i_valid),  .Q (modular_add_sub_inst_b_r[203]));"
  The above instance has fewer port connections than the module definition.
  Please use '+lint=TFIPC-L' to print out detailed information of unconnected 
  ports.


Warning-[TFIPC] Too few instance port connections
./ed25519.v, 126639
ed25519, "EDFFX1 modular_add_sub_inst_b_r_reg_215_( .D (FE_PHN4004_modadd_b_in_r_215),  .CK (CTS_239),  .E (FE_OFN9_modadd_i_valid),  .Q (modular_add_sub_inst_b_r[215]));"
  The above instance has fewer port connections than the module definition.
  Please use '+lint=TFIPC-L' to print out detailed information of unconnected 
  ports.


Warning-[TFIPC] Too few instance port connections
./ed25519.v, 126643
ed25519, "EDFFX1 modular_add_sub_inst_b_r_reg_217_( .D (FE_PHN5609_modadd_b_in_r_217),  .CK (CTS_281),  .E (FE_OFN0_modadd_i_valid),  .Q (modular_add_sub_inst_b_r[217]));"
  The above instance has fewer port connections than the module definition.
  Please use '+lint=TFIPC-L' to print out detailed information of unconnected 
  ports.


Warning-[TFIPC] Too few instance port connections
./ed25519.v, 126647
ed25519, "EDFFX1 modular_add_sub_inst_b_r_reg_218_( .D (FE_PHN1916_modadd_b_in_r_218),  .CK (CTS_281),  .E (FE_OFN0_modadd_i_valid),  .Q (modular_add_sub_inst_b_r[218]));"
  The above instance has fewer port connections than the module definition.
  Please use '+lint=TFIPC-L' to print out detailed information of unconnected 
  ports.


Warning-[TFIPC] Too few instance port connections
./ed25519.v, 126651
ed25519, "EDFFX1 modular_add_sub_inst_b_r_reg_219_( .D (modadd_b_in_r[219]),  .CK (CTS_240),  .E (FE_OFN9_modadd_i_valid),  .Q (modular_add_sub_inst_b_r[219]));"
  The above instance has fewer port connections than the module definition.
  Please use '+lint=TFIPC-L' to print out detailed information of unconnected 
  ports.


Warning-[TFIPC] Too few instance port connections
./ed25519.v, 126655
ed25519, "EDFFX1 modular_add_sub_inst_b_r_reg_221_( .D (FE_PHN1746_modadd_b_in_r_221),  .CK (CTS_240),  .E (FE_OFN9_modadd_i_valid),  .Q (modular_add_sub_inst_b_r[221]));"
  The above instance has fewer port connections than the module definition.
  Please use '+lint=TFIPC-L' to print out detailed information of unconnected 
  ports.


Warning-[TFIPC] Too few instance port connections
./ed25519.v, 126659
ed25519, "EDFFX1 modular_add_sub_inst_b_r_reg_222_( .D (FE_PHN4040_modadd_b_in_r_222),  .CK (CTS_239),  .E (FE_OFN9_modadd_i_valid),  .Q (modular_add_sub_inst_b_r[222]));"
  The above instance has fewer port connections than the module definition.
  Please use '+lint=TFIPC-L' to print out detailed information of unconnected 
  ports.


Warning-[TFIPC] Too few instance port connections
./ed25519.v, 126663
ed25519, "EDFFX1 modular_add_sub_inst_b_r_reg_223_( .D (FE_PHN1702_modadd_b_in_r_223),  .CK (CTS_239),  .E (FE_OFN9_modadd_i_valid),  .Q (modular_add_sub_inst_b_r[223]));"
  The above instance has fewer port connections than the module definition.
  Please use '+lint=TFIPC-L' to print out detailed information of unconnected 
  ports.


Warning-[TFIPC] Too few instance port connections
./ed25519.v, 126667
ed25519, "EDFFX1 modular_add_sub_inst_b_r_reg_224_( .D (FE_PHN4088_modadd_b_in_r_224),  .CK (CTS_238),  .E (FE_OFN4_modadd_i_valid),  .Q (modular_add_sub_inst_b_r[224]));"
  The above instance has fewer port connections than the module definition.
  Please use '+lint=TFIPC-L' to print out detailed information of unconnected 
  ports.


Warning-[TFIPC] Too few instance port connections
./ed25519.v, 126671
ed25519, "EDFFX1 modular_add_sub_inst_b_r_reg_226_( .D (FE_PHN1742_modadd_b_in_r_226),  .CK (CTS_276),  .E (FE_OFN4_modadd_i_valid),  .Q (modular_add_sub_inst_b_r[226]));"
  The above instance has fewer port connections than the module definition.
  Please use '+lint=TFIPC-L' to print out detailed information of unconnected 
  ports.


Warning-[TFIPC] Too few instance port connections
./ed25519.v, 126675
ed25519, "EDFFX1 modular_add_sub_inst_b_r_reg_227_( .D (FE_PHN2610_modadd_b_in_r_227),  .CK (CTS_276),  .E (FE_OFN8_modadd_i_valid),  .Q (modular_add_sub_inst_b_r[227]));"
  The above instance has fewer port connections than the module definition.
  Please use '+lint=TFIPC-L' to print out detailed information of unconnected 
  ports.


Warning-[TFIPC] Too few instance port connections
./ed25519.v, 126679
ed25519, "EDFFX1 modular_add_sub_inst_b_r_reg_228_( .D (modadd_b_in_r[228]),  .CK (CTS_274),  .E (FE_OFN8_modadd_i_valid),  .Q (modular_add_sub_inst_b_r[228]));"
  The above instance has fewer port connections than the module definition.
  Please use '+lint=TFIPC-L' to print out detailed information of unconnected 
  ports.


Warning-[TFIPC] Too few instance port connections
./ed25519.v, 126683
ed25519, "EDFFX1 modular_add_sub_inst_b_r_reg_229_( .D (FE_PHN4145_modadd_b_in_r_229),  .CK (CTS_276),  .E (FE_OFN4_modadd_i_valid),  .Q (modular_add_sub_inst_b_r[229]));"
  The above instance has fewer port connections than the module definition.
  Please use '+lint=TFIPC-L' to print out detailed information of unconnected 
  ports.


Warning-[TFIPC] Too few instance port connections
./ed25519.v, 126687
ed25519, "EDFFX1 modular_add_sub_inst_b_r_reg_230_( .D (FE_PHN2663_modadd_b_in_r_230),  .CK (CTS_274),  .E (FE_OFN8_modadd_i_valid),  .Q (modular_add_sub_inst_b_r[230]));"
  The above instance has fewer port connections than the module definition.
  Please use '+lint=TFIPC-L' to print out detailed information of unconnected 
  ports.


Warning-[TFIPC] Too few instance port connections
./ed25519.v, 126691
ed25519, "EDFFX1 modular_add_sub_inst_b_r_reg_231_( .D (modadd_b_in_r[231]),  .CK (CTS_274),  .E (FE_OFN8_modadd_i_valid),  .Q (modular_add_sub_inst_b_r[231]));"
  The above instance has fewer port connections than the module definition.
  Please use '+lint=TFIPC-L' to print out detailed information of unconnected 
  ports.


Warning-[TFIPC] Too few instance port connections
./ed25519.v, 126695
ed25519, "EDFFX1 modular_add_sub_inst_b_r_reg_232_( .D (FE_PHN2815_modadd_b_in_r_232),  .CK (CTS_275),  .E (FE_OFN8_modadd_i_valid),  .Q (modular_add_sub_inst_b_r[232]));"
  The above instance has fewer port connections than the module definition.
  Please use '+lint=TFIPC-L' to print out detailed information of unconnected 
  ports.


Warning-[TFIPC] Too few instance port connections
./ed25519.v, 126699
ed25519, "EDFFX1 modular_add_sub_inst_b_r_reg_233_( .D (modadd_b_in_r[233]),  .CK (CTS_275),  .E (FE_OFN8_modadd_i_valid),  .Q (modular_add_sub_inst_b_r[233]));"
  The above instance has fewer port connections than the module definition.
  Please use '+lint=TFIPC-L' to print out detailed information of unconnected 
  ports.


Warning-[TFIPC] Too few instance port connections
./ed25519.v, 126703
ed25519, "EDFFX1 modular_add_sub_inst_b_r_reg_234_( .D (modadd_b_in_r[234]),  .CK (CTS_275),  .E (FE_OFN8_modadd_i_valid),  .Q (modular_add_sub_inst_b_r[234]));"
  The above instance has fewer port connections than the module definition.
  Please use '+lint=TFIPC-L' to print out detailed information of unconnected 
  ports.


Warning-[TFIPC] Too few instance port connections
./ed25519.v, 126707
ed25519, "EDFFX1 modular_add_sub_inst_b_r_reg_235_( .D (modadd_b_in_r[235]),  .CK (CTS_275),  .E (FE_OFN8_modadd_i_valid),  .Q (modular_add_sub_inst_b_r[235]));"
  The above instance has fewer port connections than the module definition.
  Please use '+lint=TFIPC-L' to print out detailed information of unconnected 
  ports.


Warning-[TFIPC] Too few instance port connections
./ed25519.v, 126711
ed25519, "EDFFX1 modular_add_sub_inst_b_r_reg_236_( .D (FE_PHN1979_modadd_b_in_r_236),  .CK (CTS_275),  .E (FE_OFN7_modadd_i_valid),  .Q (modular_add_sub_inst_b_r[236]));"
  The above instance has fewer port connections than the module definition.
  Please use '+lint=TFIPC-L' to print out detailed information of unconnected 
  ports.


Warning-[TFIPC] Too few instance port connections
./ed25519.v, 126715
ed25519, "EDFFX1 modular_add_sub_inst_b_r_reg_237_( .D (modadd_b_in_r[237]),  .CK (CTS_275),  .E (FE_OFN7_modadd_i_valid),  .Q (modular_add_sub_inst_b_r[237]));"
  The above instance has fewer port connections than the module definition.
  Please use '+lint=TFIPC-L' to print out detailed information of unconnected 
  ports.


Warning-[TFIPC] Too few instance port connections
./ed25519.v, 126719
ed25519, "EDFFX1 modular_add_sub_inst_b_r_reg_238_( .D (FE_PHN2739_modadd_b_in_r_238),  .CK (CTS_258),  .E (FE_OFN7_modadd_i_valid),  .Q (modular_add_sub_inst_b_r[238]));"
  The above instance has fewer port connections than the module definition.
  Please use '+lint=TFIPC-L' to print out detailed information of unconnected 
  ports.


Warning-[TFIPC] Too few instance port connections
./ed25519.v, 126723
ed25519, "EDFFX1 modular_add_sub_inst_b_r_reg_241_( .D (modadd_b_in_r[241]),  .CK (CTS_255),  .E (FE_OFN7_modadd_i_valid),  .Q (modular_add_sub_inst_b_r[241]));"
  The above instance has fewer port connections than the module definition.
  Please use '+lint=TFIPC-L' to print out detailed information of unconnected 
  ports.


Warning-[TFIPC] Too few instance port connections
./ed25519.v, 126727
ed25519, "EDFFX1 modular_add_sub_inst_b_r_reg_242_( .D (modadd_b_in_r[242]),  .CK (CTS_255),  .E (FE_OFN5_modadd_i_valid),  .Q (modular_add_sub_inst_b_r[242]));"
  The above instance has fewer port connections than the module definition.
  Please use '+lint=TFIPC-L' to print out detailed information of unconnected 
  ports.


Warning-[TFIPC] Too few instance port connections
./ed25519.v, 126731
ed25519, "EDFFX1 modular_add_sub_inst_b_r_reg_243_( .D (FE_PHN2466_modadd_b_in_r_243),  .CK (CTS_255),  .E (FE_OFN5_modadd_i_valid),  .Q (modular_add_sub_inst_b_r[243]));"
  The above instance has fewer port connections than the module definition.
  Please use '+lint=TFIPC-L' to print out detailed information of unconnected 
  ports.


Warning-[TFIPC] Too few instance port connections
./ed25519.v, 126735
ed25519, "EDFFX1 modular_add_sub_inst_b_r_reg_244_( .D (modadd_b_in_r[244]),  .CK (CTS_256),  .E (FE_OFN5_modadd_i_valid),  .Q (modular_add_sub_inst_b_r[244]));"
  The above instance has fewer port connections than the module definition.
  Please use '+lint=TFIPC-L' to print out detailed information of unconnected 
  ports.


Warning-[TFIPC] Too few instance port connections
./ed25519.v, 126739
ed25519, "EDFFX1 modular_add_sub_inst_b_r_reg_246_( .D (modadd_b_in_r[246]),  .CK (CTS_257),  .E (FE_OFN3_modadd_i_valid),  .Q (modular_add_sub_inst_b_r[246]));"
  The above instance has fewer port connections than the module definition.
  Please use '+lint=TFIPC-L' to print out detailed information of unconnected 
  ports.


Warning-[TFIPC] Too few instance port connections
./ed25519.v, 126743
ed25519, "EDFFX1 modular_add_sub_inst_b_r_reg_248_( .D (modadd_b_in_r[248]),  .CK (CTS_257),  .E (FE_OFN3_modadd_i_valid),  .Q (modular_add_sub_inst_b_r[248]));"
  The above instance has fewer port connections than the module definition.
  Please use '+lint=TFIPC-L' to print out detailed information of unconnected 
  ports.


Warning-[TFIPC] Too few instance port connections
./ed25519.v, 126747
ed25519, "EDFFX1 modular_add_sub_inst_b_r_reg_249_( .D (modadd_b_in_r[249]),  .CK (CTS_256),  .E (FE_OFN5_modadd_i_valid),  .Q (modular_add_sub_inst_b_r[249]));"
  The above instance has fewer port connections than the module definition.
  Please use '+lint=TFIPC-L' to print out detailed information of unconnected 
  ports.


Warning-[TFIPC] Too few instance port connections
./ed25519.v, 126751
ed25519, "EDFFX1 modular_add_sub_inst_b_r_reg_250_( .D (FE_PHN2578_modadd_b_in_r_250),  .CK (CTS_253),  .E (FE_OFN3_modadd_i_valid),  .Q (modular_add_sub_inst_b_r[250]));"
  The above instance has fewer port connections than the module definition.
  Please use '+lint=TFIPC-L' to print out detailed information of unconnected 
  ports.


Warning-[TFIPC] Too few instance port connections
./ed25519.v, 126755
ed25519, "EDFFX1 modular_add_sub_inst_b_r_reg_251_( .D (modadd_b_in_r[251]),  .CK (CTS_253),  .E (FE_OFN3_modadd_i_valid),  .Q (modular_add_sub_inst_b_r[251]));"
  The above instance has fewer port connections than the module definition.
  Please use '+lint=TFIPC-L' to print out detailed information of unconnected 
  ports.


Warning-[TFIPC] Too few instance port connections
./ed25519.v, 126759
ed25519, "EDFFX1 modular_add_sub_inst_b_r_reg_252_( .D (FE_PHN4209_modadd_b_in_r_252),  .CK (CTS_253),  .E (FE_OFN3_modadd_i_valid),  .Q (modular_add_sub_inst_b_r[252]));"
  The above instance has fewer port connections than the module definition.
  Please use '+lint=TFIPC-L' to print out detailed information of unconnected 
  ports.


Warning-[TFIPC] Too few instance port connections
./ed25519.v, 126763
ed25519, "EDFFX1 modular_add_sub_inst_b_r_reg_254_( .D (FE_PHN2800_modadd_b_in_r_254),  .CK (CTS_253),  .E (FE_OFN3_modadd_i_valid),  .Q (modular_add_sub_inst_b_r[254]));"
  The above instance has fewer port connections than the module definition.
  Please use '+lint=TFIPC-L' to print out detailed information of unconnected 
  ports.


Warning-[TFIPC] Too few instance port connections
./ed25519.v, 126767
ed25519, "EDFFX1 modular_add_sub_inst_a_r_reg_1_( .D (FE_PHN2642_modadd_a_in_r_1),  .CK (CTS_300),  .E (FE_OFN1_modadd_i_valid),  .Q (modular_add_sub_inst_a_r[1]));"
  The above instance has fewer port connections than the module definition.
  Please use '+lint=TFIPC-L' to print out detailed information of unconnected 
  ports.


Warning-[TFIPC] Too few instance port connections
./ed25519.v, 126771
ed25519, "EDFFX1 modular_add_sub_inst_a_r_reg_4_( .D (modadd_a_in_r[4]),  .CK (CTS_304),  .E (FE_OFN2_modadd_i_valid),  .Q (modular_add_sub_inst_a_r[4]));"
  The above instance has fewer port connections than the module definition.
  Please use '+lint=TFIPC-L' to print out detailed information of unconnected 
  ports.


Warning-[TFIPC] Too few instance port connections
./ed25519.v, 126775
ed25519, "EDFFX1 modular_add_sub_inst_a_r_reg_5_( .D (modadd_a_in_r[5]),  .CK (CTS_304),  .E (FE_OFN2_modadd_i_valid),  .Q (modular_add_sub_inst_a_r[5]));"
  The above instance has fewer port connections than the module definition.
  Please use '+lint=TFIPC-L' to print out detailed information of unconnected 
  ports.


Warning-[TFIPC] Too few instance port connections
./ed25519.v, 126779
ed25519, "EDFFX1 modular_add_sub_inst_a_r_reg_6_( .D (modadd_a_in_r[6]),  .CK (CTS_304),  .E (FE_OFN2_modadd_i_valid),  .Q (modular_add_sub_inst_a_r[6]));"
  The above instance has fewer port connections than the module definition.
  Please use '+lint=TFIPC-L' to print out detailed information of unconnected 
  ports.


Warning-[TFIPC] Too few instance port connections
./ed25519.v, 126783
ed25519, "EDFFX1 modular_add_sub_inst_a_r_reg_7_( .D (modadd_a_in_r[7]),  .CK (CTS_304),  .E (FE_OFN2_modadd_i_valid),  .Q (modular_add_sub_inst_a_r[7]));"
  The above instance has fewer port connections than the module definition.
  Please use '+lint=TFIPC-L' to print out detailed information of unconnected 
  ports.


Warning-[TFIPC] Too few instance port connections
./ed25519.v, 126787
ed25519, "EDFFX1 modular_add_sub_inst_a_r_reg_8_( .D (modadd_a_in_r[8]),  .CK (CTS_304),  .E (FE_OFN2_modadd_i_valid),  .Q (modular_add_sub_inst_a_r[8]));"
  The above instance has fewer port connections than the module definition.
  Please use '+lint=TFIPC-L' to print out detailed information of unconnected 
  ports.


Warning-[TFIPC] Too few instance port connections
./ed25519.v, 126791
ed25519, "EDFFX1 modular_add_sub_inst_a_r_reg_9_( .D (modadd_a_in_r[9]),  .CK (CTS_304),  .E (FE_OFN2_modadd_i_valid),  .Q (modular_add_sub_inst_a_r[9]));"
  The above instance has fewer port connections than the module definition.
  Please use '+lint=TFIPC-L' to print out detailed information of unconnected 
  ports.


Warning-[TFIPC] Too few instance port connections
./ed25519.v, 126795
ed25519, "EDFFX1 modular_add_sub_inst_a_r_reg_10_( .D (modadd_a_in_r[10]),  .CK (CTS_304),  .E (FE_OFN2_modadd_i_valid),  .Q (modular_add_sub_inst_a_r[10]));"
  The above instance has fewer port connections than the module definition.
  Please use '+lint=TFIPC-L' to print out detailed information of unconnected 
  ports.


Warning-[TFIPC] Too few instance port connections
./ed25519.v, 126799
ed25519, "EDFFX1 modular_add_sub_inst_a_r_reg_11_( .D (modadd_a_in_r[11]),  .CK (CTS_307),  .E (FE_OFN2_modadd_i_valid),  .Q (modular_add_sub_inst_a_r[11]));"
  The above instance has fewer port connections than the module definition.
  Please use '+lint=TFIPC-L' to print out detailed information of unconnected 
  ports.


Warning-[TFIPC] Too few instance port connections
./ed25519.v, 126803
ed25519, "EDFFX1 modular_add_sub_inst_a_r_reg_13_( .D (FE_PHN1817_modadd_a_in_r_13),  .CK (CTS_304),  .E (FE_OFN2_modadd_i_valid),  .Q (modular_add_sub_inst_a_r[13]));"
  The above instance has fewer port connections than the module definition.
  Please use '+lint=TFIPC-L' to print out detailed information of unconnected 
  ports.


Warning-[TFIPC] Too few instance port connections
./ed25519.v, 126807
ed25519, "EDFFX1 modular_add_sub_inst_a_r_reg_14_( .D (modadd_a_in_r[14]),  .CK (CTS_304),  .E (FE_OFN2_modadd_i_valid),  .Q (modular_add_sub_inst_a_r[14]));"
  The above instance has fewer port connections than the module definition.
  Please use '+lint=TFIPC-L' to print out detailed information of unconnected 
  ports.


Warning-[TFIPC] Too few instance port connections
./ed25519.v, 126811
ed25519, "EDFFX1 modular_add_sub_inst_a_r_reg_15_( .D (FE_PHN2122_modadd_a_in_r_15),  .CK (CTS_304),  .E (FE_OFN2_modadd_i_valid),  .Q (modular_add_sub_inst_a_r[15]));"
  The above instance has fewer port connections than the module definition.
  Please use '+lint=TFIPC-L' to print out detailed information of unconnected 
  ports.


Warning-[TFIPC] Too few instance port connections
./ed25519.v, 126815
ed25519, "EDFFX1 modular_add_sub_inst_a_r_reg_17_( .D (FE_PHN2079_modadd_a_in_r_17),  .CK (CTS_247),  .E (FE_OFN1_modadd_i_valid),  .Q (modular_add_sub_inst_a_r[17]));"
  The above instance has fewer port connections than the module definition.
  Please use '+lint=TFIPC-L' to print out detailed information of unconnected 
  ports.


Warning-[TFIPC] Too few instance port connections
./ed25519.v, 126819
ed25519, "EDFFX1 modular_add_sub_inst_a_r_reg_18_( .D (FE_PHN5473_modadd_a_in_r_18),  .CK (CTS_247),  .E (FE_OFN1_modadd_i_valid),  .Q (modular_add_sub_inst_a_r[18]));"
  The above instance has fewer port connections than the module definition.
  Please use '+lint=TFIPC-L' to print out detailed information of unconnected 
  ports.


Warning-[TFIPC] Too few instance port connections
./ed25519.v, 126823
ed25519, "EDFFX1 modular_add_sub_inst_a_r_reg_19_( .D (modadd_a_in_r[19]),  .CK (CTS_247),  .E (FE_OFN1_modadd_i_valid),  .Q (modular_add_sub_inst_a_r[19]));"
  The above instance has fewer port connections than the module definition.
  Please use '+lint=TFIPC-L' to print out detailed information of unconnected 
  ports.


Warning-[TFIPC] Too few instance port connections
./ed25519.v, 126827
ed25519, "EDFFX1 modular_add_sub_inst_a_r_reg_20_( .D (modadd_a_in_r[20]),  .CK (CTS_242),  .E (FE_OFN10_modadd_i_valid),  .Q (modular_add_sub_inst_a_r[20]));"
  The above instance has fewer port connections than the module definition.
  Please use '+lint=TFIPC-L' to print out detailed information of unconnected 
  ports.


Warning-[TFIPC] Too few instance port connections
./ed25519.v, 126831
ed25519, "EDFFX1 modular_add_sub_inst_a_r_reg_21_( .D (modadd_a_in_r[21]),  .CK (CTS_242),  .E (FE_OFN10_modadd_i_valid),  .Q (modular_add_sub_inst_a_r[21]));"
  The above instance has fewer port connections than the module definition.
  Please use '+lint=TFIPC-L' to print out detailed information of unconnected 
  ports.


Warning-[TFIPC] Too few instance port connections
./ed25519.v, 126835
ed25519, "EDFFX1 modular_add_sub_inst_a_r_reg_22_( .D (FE_PHN4294_modadd_a_in_r_22),  .CK (CTS_242),  .E (FE_OFN10_modadd_i_valid),  .Q (modular_add_sub_inst_a_r[22]));"
  The above instance has fewer port connections than the module definition.
  Please use '+lint=TFIPC-L' to print out detailed information of unconnected 
  ports.


Warning-[TFIPC] Too few instance port connections
./ed25519.v, 126839
ed25519, "EDFFX1 modular_add_sub_inst_a_r_reg_23_( .D (FE_PHN4130_modadd_a_in_r_23),  .CK (CTS_242),  .E (FE_OFN10_modadd_i_valid),  .Q (modular_add_sub_inst_a_r[23]));"
  The above instance has fewer port connections than the module definition.
  Please use '+lint=TFIPC-L' to print out detailed information of unconnected 
  ports.


Warning-[TFIPC] Too few instance port connections
./ed25519.v, 126843
ed25519, "EDFFX1 modular_add_sub_inst_a_r_reg_25_( .D (modadd_a_in_r[25]),  .CK (CTS_244),  .E (FE_OFN0_modadd_i_valid),  .Q (modular_add_sub_inst_a_r[25]));"
  The above instance has fewer port connections than the module definition.
  Please use '+lint=TFIPC-L' to print out detailed information of unconnected 
  ports.


Warning-[TFIPC] Too few instance port connections
./ed25519.v, 126847
ed25519, "EDFFX1 modular_add_sub_inst_a_r_reg_26_( .D (FE_PHN5716_modadd_a_in_r_26),  .CK (CTS_281),  .E (FE_OFN0_modadd_i_valid),  .Q (modular_add_sub_inst_a_r[26]));"
  The above instance has fewer port connections than the module definition.
  Please use '+lint=TFIPC-L' to print out detailed information of unconnected 
  ports.


Warning-[TFIPC] Too few instance port connections
./ed25519.v, 126851
ed25519, "EDFFX1 modular_add_sub_inst_a_r_reg_27_( .D (modadd_a_in_r[27]),  .CK (CTS_281),  .E (FE_OFN0_modadd_i_valid),  .Q (modular_add_sub_inst_a_r[27]));"
  The above instance has fewer port connections than the module definition.
  Please use '+lint=TFIPC-L' to print out detailed information of unconnected 
  ports.


Warning-[TFIPC] Too few instance port connections
./ed25519.v, 126855
ed25519, "EDFFX1 modular_add_sub_inst_a_r_reg_28_( .D (FE_PHN2150_modadd_a_in_r_28),  .CK (CTS_244),  .E (FE_OFN0_modadd_i_valid),  .Q (modular_add_sub_inst_a_r[28]));"
  The above instance has fewer port connections than the module definition.
  Please use '+lint=TFIPC-L' to print out detailed information of unconnected 
  ports.


Warning-[TFIPC] Too few instance port connections
./ed25519.v, 126859
ed25519, "EDFFX1 modular_add_sub_inst_a_r_reg_29_( .D (FE_PHN5376_modadd_a_in_r_29),  .CK (CTS_281),  .E (FE_OFN0_modadd_i_valid),  .Q (modular_add_sub_inst_a_r[29]));"
  The above instance has fewer port connections than the module definition.
  Please use '+lint=TFIPC-L' to print out detailed information of unconnected 
  ports.


Warning-[TFIPC] Too few instance port connections
./ed25519.v, 126863
ed25519, "EDFFX1 modular_add_sub_inst_a_r_reg_33_( .D (modadd_a_in_r[33]),  .CK (CTS_276),  .E (FE_OFN4_modadd_i_valid),  .Q (modular_add_sub_inst_a_r[33]));"
  The above instance has fewer port connections than the module definition.
  Please use '+lint=TFIPC-L' to print out detailed information of unconnected 
  ports.


Warning-[TFIPC] Too few instance port connections
./ed25519.v, 126867
ed25519, "EDFFX1 modular_add_sub_inst_a_r_reg_34_( .D (FE_PHN1537_modadd_a_in_r_34),  .CK (CTS_276),  .E (FE_OFN4_modadd_i_valid),  .Q (modular_add_sub_inst_a_r[34]));"
  The above instance has fewer port connections than the module definition.
  Please use '+lint=TFIPC-L' to print out detailed information of unconnected 
  ports.


Warning-[TFIPC] Too few instance port connections
./ed25519.v, 126871
ed25519, "EDFFX1 modular_add_sub_inst_a_r_reg_35_( .D (modadd_a_in_r[35]),  .CK (CTS_276),  .E (FE_OFN4_modadd_i_valid),  .Q (modular_add_sub_inst_a_r[35]));"
  The above instance has fewer port connections than the module definition.
  Please use '+lint=TFIPC-L' to print out detailed information of unconnected 
  ports.


Warning-[TFIPC] Too few instance port connections
./ed25519.v, 126875
ed25519, "EDFFX1 modular_add_sub_inst_a_r_reg_38_( .D (FE_PHN2025_modadd_a_in_r_38),  .CK (CTS_238),  .E (FE_OFN4_modadd_i_valid),  .Q (modular_add_sub_inst_a_r[38]));"
  The above instance has fewer port connections than the module definition.
  Please use '+lint=TFIPC-L' to print out detailed information of unconnected 
  ports.


Warning-[TFIPC] Too few instance port connections
./ed25519.v, 126879
ed25519, "EDFFX1 modular_add_sub_inst_a_r_reg_40_( .D (FE_PHN2217_modadd_a_in_r_40),  .CK (CTS_274),  .E (FE_OFN8_modadd_i_valid),  .Q (modular_add_sub_inst_a_r[40]));"
  The above instance has fewer port connections than the module definition.
  Please use '+lint=TFIPC-L' to print out detailed information of unconnected 
  ports.


Warning-[TFIPC] Too few instance port connections
./ed25519.v, 126883
ed25519, "EDFFX1 modular_add_sub_inst_a_r_reg_41_( .D (modadd_a_in_r[41]),  .CK (CTS_274),  .E (FE_OFN8_modadd_i_valid),  .Q (modular_add_sub_inst_a_r[41]));"
  The above instance has fewer port connections than the module definition.
  Please use '+lint=TFIPC-L' to print out detailed information of unconnected 
  ports.


Warning-[TFIPC] Too few instance port connections
./ed25519.v, 126887
ed25519, "EDFFX1 modular_add_sub_inst_a_r_reg_42_( .D (modadd_a_in_r[42]),  .CK (CTS_274),  .E (FE_OFN8_modadd_i_valid),  .Q (modular_add_sub_inst_a_r[42]));"
  The above instance has fewer port connections than the module definition.
  Please use '+lint=TFIPC-L' to print out detailed information of unconnected 
  ports.


Warning-[TFIPC] Too few instance port connections
./ed25519.v, 126891
ed25519, "EDFFX1 modular_add_sub_inst_a_r_reg_43_( .D (modadd_a_in_r[43]),  .CK (CTS_274),  .E (FE_OFN8_modadd_i_valid),  .Q (modular_add_sub_inst_a_r[43]));"
  The above instance has fewer port connections than the module definition.
  Please use '+lint=TFIPC-L' to print out detailed information of unconnected 
  ports.


Warning-[TFIPC] Too few instance port connections
./ed25519.v, 126895
ed25519, "EDFFX1 modular_add_sub_inst_a_r_reg_44_( .D (modadd_a_in_r[44]),  .CK (CTS_275),  .E (FE_OFN8_modadd_i_valid),  .Q (modular_add_sub_inst_a_r[44]));"
  The above instance has fewer port connections than the module definition.
  Please use '+lint=TFIPC-L' to print out detailed information of unconnected 
  ports.


Warning-[TFIPC] Too few instance port connections
./ed25519.v, 126899
ed25519, "EDFFX1 modular_add_sub_inst_a_r_reg_45_( .D (modadd_a_in_r[45]),  .CK (CTS_275),  .E (FE_OFN8_modadd_i_valid),  .Q (modular_add_sub_inst_a_r[45]));"
  The above instance has fewer port connections than the module definition.
  Please use '+lint=TFIPC-L' to print out detailed information of unconnected 
  ports.


Warning-[TFIPC] Too few instance port connections
./ed25519.v, 126903
ed25519, "EDFFX1 modular_add_sub_inst_a_r_reg_47_( .D (modadd_a_in_r[47]),  .CK (CTS_275),  .E (FE_OFN7_modadd_i_valid),  .Q (modular_add_sub_inst_a_r[47]));"
  The above instance has fewer port connections than the module definition.
  Please use '+lint=TFIPC-L' to print out detailed information of unconnected 
  ports.


Warning-[TFIPC] Too few instance port connections
./ed25519.v, 126907
ed25519, "EDFFX1 modular_add_sub_inst_a_r_reg_49_( .D (modadd_a_in_r[49]),  .CK (CTS_258),  .E (FE_OFN7_modadd_i_valid),  .Q (modular_add_sub_inst_a_r[49]));"
  The above instance has fewer port connections than the module definition.
  Please use '+lint=TFIPC-L' to print out detailed information of unconnected 
  ports.


Warning-[TFIPC] Too few instance port connections
./ed25519.v, 126911
ed25519, "EDFFX1 modular_add_sub_inst_a_r_reg_50_( .D (FE_PHN2745_modadd_a_in_r_50),  .CK (CTS_255),  .E (FE_OFN7_modadd_i_valid),  .Q (modular_add_sub_inst_a_r[50]));"
  The above instance has fewer port connections than the module definition.
  Please use '+lint=TFIPC-L' to print out detailed information of unconnected 
  ports.


Warning-[TFIPC] Too few instance port connections
./ed25519.v, 126915
ed25519, "EDFFX1 modular_add_sub_inst_a_r_reg_52_( .D (FE_PHN1005_modadd_a_in_r_52),  .CK (CTS_255),  .E (FE_OFN5_modadd_i_valid),  .Q (modular_add_sub_inst_a_r[52]));"
  The above instance has fewer port connections than the module definition.
  Please use '+lint=TFIPC-L' to print out detailed information of unconnected 
  ports.


Warning-[TFIPC] Too few instance port connections
./ed25519.v, 126919
ed25519, "EDFFX1 modular_add_sub_inst_a_r_reg_53_( .D (FE_PHN2121_modadd_a_in_r_53),  .CK (CTS_255),  .E (FE_OFN5_modadd_i_valid),  .Q (modular_add_sub_inst_a_r[53]));"
  The above instance has fewer port connections than the module definition.
  Please use '+lint=TFIPC-L' to print out detailed information of unconnected 
  ports.


Warning-[TFIPC] Too few instance port connections
./ed25519.v, 126923
ed25519, "EDFFX1 modular_add_sub_inst_a_r_reg_54_( .D (modadd_a_in_r[54]),  .CK (CTS_255),  .E (FE_OFN5_modadd_i_valid),  .Q (modular_add_sub_inst_a_r[54]));"
  The above instance has fewer port connections than the module definition.
  Please use '+lint=TFIPC-L' to print out detailed information of unconnected 
  ports.


Warning-[TFIPC] Too few instance port connections
./ed25519.v, 126927
ed25519, "EDFFX1 modular_add_sub_inst_a_r_reg_55_( .D (modadd_a_in_r[55]),  .CK (CTS_255),  .E (FE_OFN5_modadd_i_valid),  .Q (modular_add_sub_inst_a_r[55]));"
  The above instance has fewer port connections than the module definition.
  Please use '+lint=TFIPC-L' to print out detailed information of unconnected 
  ports.


Warning-[TFIPC] Too few instance port connections
./ed25519.v, 126931
ed25519, "EDFFX1 modular_add_sub_inst_a_r_reg_56_( .D (modadd_a_in_r[56]),  .CK (CTS_256),  .E (FE_OFN3_modadd_i_valid),  .Q (modular_add_sub_inst_a_r[56]));"
  The above instance has fewer port connections than the module definition.
  Please use '+lint=TFIPC-L' to print out detailed information of unconnected 
  ports.


Warning-[TFIPC] Too few instance port connections
./ed25519.v, 126935
ed25519, "EDFFX1 modular_add_sub_inst_a_r_reg_57_( .D (FE_PHN1883_modadd_a_in_r_57),  .CK (CTS_256),  .E (FE_OFN3_modadd_i_valid),  .Q (modular_add_sub_inst_a_r[57]));"
  The above instance has fewer port connections than the module definition.
  Please use '+lint=TFIPC-L' to print out detailed information of unconnected 
  ports.


Warning-[TFIPC] Too few instance port connections
./ed25519.v, 126939
ed25519, "EDFFX1 modular_add_sub_inst_a_r_reg_58_( .D (modadd_a_in_r[58]),  .CK (CTS_257),  .E (FE_OFN3_modadd_i_valid),  .Q (modular_add_sub_inst_a_r[58]));"
  The above instance has fewer port connections than the module definition.
  Please use '+lint=TFIPC-L' to print out detailed information of unconnected 
  ports.


Warning-[TFIPC] Too few instance port connections
./ed25519.v, 126943
ed25519, "EDFFX1 modular_add_sub_inst_a_r_reg_59_( .D (FE_PHN2723_modadd_a_in_r_59),  .CK (CTS_256),  .E (FE_OFN3_modadd_i_valid),  .Q (modular_add_sub_inst_a_r[59]));"
  The above instance has fewer port connections than the module definition.
  Please use '+lint=TFIPC-L' to print out detailed information of unconnected 
  ports.


Warning-[TFIPC] Too few instance port connections
./ed25519.v, 126947
ed25519, "EDFFX1 modular_add_sub_inst_a_r_reg_60_( .D (modadd_a_in_r[60]),  .CK (CTS_256),  .E (FE_OFN3_modadd_i_valid),  .Q (modular_add_sub_inst_a_r[60]));"
  The above instance has fewer port connections than the module definition.
  Please use '+lint=TFIPC-L' to print out detailed information of unconnected 
  ports.


Warning-[TFIPC] Too few instance port connections
./ed25519.v, 126951
ed25519, "EDFFX1 modular_add_sub_inst_a_r_reg_61_( .D (FE_PHN1640_modadd_a_in_r_61),  .CK (CTS_256),  .E (FE_OFN5_modadd_i_valid),  .Q (modular_add_sub_inst_a_r[61]));"
  The above instance has fewer port connections than the module definition.
  Please use '+lint=TFIPC-L' to print out detailed information of unconnected 
  ports.


Warning-[TFIPC] Too few instance port connections
./ed25519.v, 126955
ed25519, "EDFFX1 modular_add_sub_inst_a_r_reg_64_( .D (modadd_a_in_r[64]),  .CK (CTS_299),  .E (FE_OFN1_modadd_i_valid),  .Q (modular_add_sub_inst_a_r[64]));"
  The above instance has fewer port connections than the module definition.
  Please use '+lint=TFIPC-L' to print out detailed information of unconnected 
  ports.


Warning-[TFIPC] Too few instance port connections
./ed25519.v, 126959
ed25519, "EDFFX1 modular_add_sub_inst_a_r_reg_65_( .D (FE_PHN2042_modadd_a_in_r_65),  .CK (CTS_299),  .E (FE_OFN1_modadd_i_valid),  .Q (modular_add_sub_inst_a_r[65]));"
  The above instance has fewer port connections than the module definition.
  Please use '+lint=TFIPC-L' to print out detailed information of unconnected 
  ports.


Warning-[TFIPC] Too few instance port connections
./ed25519.v, 126963
ed25519, "EDFFX1 modular_add_sub_inst_a_r_reg_66_( .D (FE_PHN1463_modadd_a_in_r_66),  .CK (CTS_302),  .E (FE_OFN1_modadd_i_valid),  .Q (modular_add_sub_inst_a_r[66]));"
  The above instance has fewer port connections than the module definition.
  Please use '+lint=TFIPC-L' to print out detailed information of unconnected 
  ports.


Warning-[TFIPC] Too few instance port connections
./ed25519.v, 126967
ed25519, "EDFFX1 modular_add_sub_inst_a_r_reg_67_( .D (FE_PHN4213_modadd_a_in_r_67),  .CK (CTS_303),  .E (FE_OFN1_modadd_i_valid),  .Q (modular_add_sub_inst_a_r[67]));"
  The above instance has fewer port connections than the module definition.
  Please use '+lint=TFIPC-L' to print out detailed information of unconnected 
  ports.


Warning-[TFIPC] Too few instance port connections
./ed25519.v, 126971
ed25519, "EDFFX1 modular_add_sub_inst_a_r_reg_69_( .D (FE_PHN2607_modadd_a_in_r_69),  .CK (CTS_301),  .E (FE_OFN6_modadd_i_valid),  .Q (modular_add_sub_inst_a_r[69]));"
  The above instance has fewer port connections than the module definition.
  Please use '+lint=TFIPC-L' to print out detailed information of unconnected 
  ports.


Warning-[TFIPC] Too few instance port connections
./ed25519.v, 126975
ed25519, "EDFFX1 modular_add_sub_inst_a_r_reg_70_( .D (modadd_a_in_r[70]),  .CK (CTS_301),  .E (FE_OFN6_modadd_i_valid),  .Q (modular_add_sub_inst_a_r[70]));"
  The above instance has fewer port connections than the module definition.
  Please use '+lint=TFIPC-L' to print out detailed information of unconnected 
  ports.


Warning-[TFIPC] Too few instance port connections
./ed25519.v, 126979
ed25519, "EDFFX1 modular_add_sub_inst_a_r_reg_71_( .D (FE_PHN2114_modadd_a_in_r_71),  .CK (CTS_303),  .E (FE_OFN6_modadd_i_valid),  .Q (modular_add_sub_inst_a_r[71]));"
  The above instance has fewer port connections than the module definition.
  Please use '+lint=TFIPC-L' to print out detailed information of unconnected 
  ports.


Warning-[TFIPC] Too few instance port connections
./ed25519.v, 126983
ed25519, "EDFFX1 modular_add_sub_inst_a_r_reg_72_( .D (modadd_a_in_r[72]),  .CK (CTS_308),  .E (FE_OFN6_modadd_i_valid),  .Q (modular_add_sub_inst_a_r[72]));"
  The above instance has fewer port connections than the module definition.
  Please use '+lint=TFIPC-L' to print out detailed information of unconnected 
  ports.


Warning-[TFIPC] Too few instance port connections
./ed25519.v, 126987
ed25519, "EDFFX1 modular_add_sub_inst_a_r_reg_74_( .D (FE_PHN4137_modadd_a_in_r_74),  .CK (CTS_308),  .E (FE_OFN6_modadd_i_valid),  .Q (modular_add_sub_inst_a_r[74]));"
  The above instance has fewer port connections than the module definition.
  Please use '+lint=TFIPC-L' to print out detailed information of unconnected 
  ports.


Warning-[TFIPC] Too few instance port connections
./ed25519.v, 126991
ed25519, "EDFFX1 modular_add_sub_inst_a_r_reg_75_( .D (FE_PHN4788_modadd_a_in_r_75),  .CK (CTS_308),  .E (FE_OFN6_modadd_i_valid),  .Q (modular_add_sub_inst_a_r[75]));"
  The above instance has fewer port connections than the module definition.
  Please use '+lint=TFIPC-L' to print out detailed information of unconnected 
  ports.


Warning-[TFIPC] Too few instance port connections
./ed25519.v, 126995
ed25519, "EDFFX1 modular_add_sub_inst_a_r_reg_76_( .D (modadd_a_in_r[76]),  .CK (CTS_301),  .E (FE_OFN6_modadd_i_valid),  .Q (modular_add_sub_inst_a_r[76]));"
  The above instance has fewer port connections than the module definition.
  Please use '+lint=TFIPC-L' to print out detailed information of unconnected 
  ports.


Warning-[TFIPC] Too few instance port connections
./ed25519.v, 126999
ed25519, "EDFFX1 modular_add_sub_inst_a_r_reg_77_( .D (modadd_a_in_r[77]),  .CK (CTS_245),  .E (FE_OFN6_modadd_i_valid),  .Q (modular_add_sub_inst_a_r[77]));"
  The above instance has fewer port connections than the module definition.
  Please use '+lint=TFIPC-L' to print out detailed information of unconnected 
  ports.


Warning-[TFIPC] Too few instance port connections
./ed25519.v, 127003
ed25519, "EDFFX1 modular_add_sub_inst_a_r_reg_78_( .D (FE_PHN1576_modadd_a_in_r_78),  .CK (CTS_301),  .E (FE_OFN6_modadd_i_valid),  .Q (modular_add_sub_inst_a_r[78]));"
  The above instance has fewer port connections than the module definition.
  Please use '+lint=TFIPC-L' to print out detailed information of unconnected 
  ports.


Warning-[TFIPC] Too few instance port connections
./ed25519.v, 127007
ed25519, "EDFFX1 modular_add_sub_inst_a_r_reg_91_( .D (modadd_a_in_r[91]),  .CK (CTS_240),  .E (FE_OFN9_modadd_i_valid),  .Q (modular_add_sub_inst_a_r[91]));"
  The above instance has fewer port connections than the module definition.
  Please use '+lint=TFIPC-L' to print out detailed information of unconnected 
  ports.


Warning-[TFIPC] Too few instance port connections
./ed25519.v, 127011
ed25519, "EDFFX1 modular_add_sub_inst_a_r_reg_92_( .D (FE_PHN2350_modadd_a_in_r_92),  .CK (CTS_240),  .E (FE_OFN0_modadd_i_valid),  .Q (modular_add_sub_inst_a_r[92]));"
  The above instance has fewer port connections than the module definition.
  Please use '+lint=TFIPC-L' to print out detailed information of unconnected 
  ports.


Warning-[TFIPC] Too few instance port connections
./ed25519.v, 127015
ed25519, "EDFFX1 modular_add_sub_inst_a_r_reg_104_( .D (modadd_a_in_r[104]),  .CK (CTS_274),  .E (FE_OFN8_modadd_i_valid),  .Q (modular_add_sub_inst_a_r[104]));"
  The above instance has fewer port connections than the module definition.
  Please use '+lint=TFIPC-L' to print out detailed information of unconnected 
  ports.


Warning-[TFIPC] Too few instance port connections
./ed25519.v, 127019
ed25519, "EDFFX1 modular_add_sub_inst_a_r_reg_105_( .D (modadd_a_in_r[105]),  .CK (CTS_275),  .E (FE_OFN8_modadd_i_valid),  .Q (modular_add_sub_inst_a_r[105]));"
  The above instance has fewer port connections than the module definition.
  Please use '+lint=TFIPC-L' to print out detailed information of unconnected 
  ports.


Warning-[TFIPC] Too few instance port connections
./ed25519.v, 127023
ed25519, "EDFFX1 modular_add_sub_inst_a_r_reg_106_( .D (modadd_a_in_r[106]),  .CK (CTS_275),  .E (FE_OFN8_modadd_i_valid),  .Q (modular_add_sub_inst_a_r[106]));"
  The above instance has fewer port connections than the module definition.
  Please use '+lint=TFIPC-L' to print out detailed information of unconnected 
  ports.


Warning-[TFIPC] Too few instance port connections
./ed25519.v, 127027
ed25519, "EDFFX1 modular_add_sub_inst_a_r_reg_107_( .D (FE_PHN1364_modadd_a_in_r_107),  .CK (CTS_275),  .E (FE_OFN8_modadd_i_valid),  .Q (modular_add_sub_inst_a_r[107]));"
  The above instance has fewer port connections than the module definition.
  Please use '+lint=TFIPC-L' to print out detailed information of unconnected 
  ports.


Warning-[TFIPC] Too few instance port connections
./ed25519.v, 127031
ed25519, "EDFFX1 modular_add_sub_inst_a_r_reg_108_( .D (modadd_a_in_r[108]),  .CK (CTS_275),  .E (FE_OFN7_modadd_i_valid),  .Q (modular_add_sub_inst_a_r[108]));"
  The above instance has fewer port connections than the module definition.
  Please use '+lint=TFIPC-L' to print out detailed information of unconnected 
  ports.


Warning-[TFIPC] Too few instance port connections
./ed25519.v, 127035
ed25519, "EDFFX1 modular_add_sub_inst_a_r_reg_109_( .D (FE_PHN4221_modadd_a_in_r_109),  .CK (CTS_275),  .E (FE_OFN7_modadd_i_valid),  .Q (modular_add_sub_inst_a_r[109]));"
  The above instance has fewer port connections than the module definition.
  Please use '+lint=TFIPC-L' to print out detailed information of unconnected 
  ports.


Warning-[TFIPC] Too few instance port connections
./ed25519.v, 127039
ed25519, "EDFFX1 modular_add_sub_inst_a_r_reg_111_( .D (FE_PHN4259_modadd_a_in_r_111),  .CK (CTS_258),  .E (FE_OFN7_modadd_i_valid),  .Q (modular_add_sub_inst_a_r[111]));"
  The above instance has fewer port connections than the module definition.
  Please use '+lint=TFIPC-L' to print out detailed information of unconnected 
  ports.


Warning-[TFIPC] Too few instance port connections
./ed25519.v, 127043
ed25519, "EDFFX1 modular_add_sub_inst_a_r_reg_112_( .D (FE_PHN1466_modadd_a_in_r_112),  .CK (CTS_255),  .E (FE_OFN7_modadd_i_valid),  .Q (modular_add_sub_inst_a_r[112]));"
  The above instance has fewer port connections than the module definition.
  Please use '+lint=TFIPC-L' to print out detailed information of unconnected 
  ports.


Warning-[TFIPC] Too few instance port connections
./ed25519.v, 127047
ed25519, "EDFFX1 modular_add_sub_inst_a_r_reg_113_( .D (modadd_a_in_r[113]),  .CK (CTS_255),  .E (FE_OFN5_modadd_i_valid),  .Q (modular_add_sub_inst_a_r[113]));"
  The above instance has fewer port connections than the module definition.
  Please use '+lint=TFIPC-L' to print out detailed information of unconnected 
  ports.


Warning-[TFIPC] Too few instance port connections
./ed25519.v, 127051
ed25519, "EDFFX1 modular_add_sub_inst_a_r_reg_114_( .D (modadd_a_in_r[114]),  .CK (CTS_256),  .E (FE_OFN5_modadd_i_valid),  .Q (modular_add_sub_inst_a_r[114]));"
  The above instance has fewer port connections than the module definition.
  Please use '+lint=TFIPC-L' to print out detailed information of unconnected 
  ports.


Warning-[TFIPC] Too few instance port connections
./ed25519.v, 127055
ed25519, "EDFFX1 modular_add_sub_inst_a_r_reg_115_( .D (modadd_a_in_r[115]),  .CK (CTS_256),  .E (FE_OFN5_modadd_i_valid),  .Q (modular_add_sub_inst_a_r[115]));"
  The above instance has fewer port connections than the module definition.
  Please use '+lint=TFIPC-L' to print out detailed information of unconnected 
  ports.


Warning-[TFIPC] Too few instance port connections
./ed25519.v, 127059
ed25519, "EDFFX1 modular_add_sub_inst_a_r_reg_116_( .D (modadd_a_in_r[116]),  .CK (CTS_257),  .E (FE_OFN3_modadd_i_valid),  .Q (modular_add_sub_inst_a_r[116]));"
  The above instance has fewer port connections than the module definition.
  Please use '+lint=TFIPC-L' to print out detailed information of unconnected 
  ports.


Warning-[TFIPC] Too few instance port connections
./ed25519.v, 127063
ed25519, "EDFFX1 modular_add_sub_inst_a_r_reg_117_( .D (FE_PHN2850_modadd_a_in_r_117),  .CK (CTS_256),  .E (FE_OFN5_modadd_i_valid),  .Q (modular_add_sub_inst_a_r[117]));"
  The above instance has fewer port connections than the module definition.
  Please use '+lint=TFIPC-L' to print out detailed information of unconnected 
  ports.


Warning-[TFIPC] Too few instance port connections
./ed25519.v, 127067
ed25519, "EDFFX1 modular_add_sub_inst_a_r_reg_118_( .D (modadd_a_in_r[118]),  .CK (CTS_257),  .E (FE_OFN3_modadd_i_valid),  .Q (modular_add_sub_inst_a_r[118]));"
  The above instance has fewer port connections than the module definition.
  Please use '+lint=TFIPC-L' to print out detailed information of unconnected 
  ports.


Warning-[TFIPC] Too few instance port connections
./ed25519.v, 127071
ed25519, "EDFFX1 modular_add_sub_inst_a_r_reg_119_( .D (modadd_a_in_r[119]),  .CK (CTS_257),  .E (FE_OFN3_modadd_i_valid),  .Q (modular_add_sub_inst_a_r[119]));"
  The above instance has fewer port connections than the module definition.
  Please use '+lint=TFIPC-L' to print out detailed information of unconnected 
  ports.


Warning-[TFIPC] Too few instance port connections
./ed25519.v, 127075
ed25519, "EDFFX1 modular_add_sub_inst_a_r_reg_120_( .D (FE_PHN1182_modadd_a_in_r_120),  .CK (CTS_257),  .E (FE_OFN3_modadd_i_valid),  .Q (modular_add_sub_inst_a_r[120]));"
  The above instance has fewer port connections than the module definition.
  Please use '+lint=TFIPC-L' to print out detailed information of unconnected 
  ports.


Warning-[TFIPC] Too few instance port connections
./ed25519.v, 127079
ed25519, "EDFFX1 modular_add_sub_inst_a_r_reg_121_( .D (FE_PHN1827_modadd_a_in_r_121),  .CK (CTS_257),  .E (FE_OFN3_modadd_i_valid),  .Q (modular_add_sub_inst_a_r[121]));"
  The above instance has fewer port connections than the module definition.
  Please use '+lint=TFIPC-L' to print out detailed information of unconnected 
  ports.


Warning-[TFIPC] Too few instance port connections
./ed25519.v, 127083
ed25519, "EDFFX1 modular_add_sub_inst_a_r_reg_122_( .D (FE_PHN1464_modadd_a_in_r_122),  .CK (CTS_253),  .E (FE_OFN3_modadd_i_valid),  .Q (modular_add_sub_inst_a_r[122]));"
  The above instance has fewer port connections than the module definition.
  Please use '+lint=TFIPC-L' to print out detailed information of unconnected 
  ports.


Warning-[TFIPC] Too few instance port connections
./ed25519.v, 127087
ed25519, "EDFFX1 modular_add_sub_inst_a_r_reg_123_( .D (FE_PHN2709_modadd_a_in_r_123),  .CK (CTS_257),  .E (FE_OFN3_modadd_i_valid),  .Q (modular_add_sub_inst_a_r[123]));"
  The above instance has fewer port connections than the module definition.
  Please use '+lint=TFIPC-L' to print out detailed information of unconnected 
  ports.


Warning-[TFIPC] Too few instance port connections
./ed25519.v, 127091
ed25519, "EDFFX1 modular_add_sub_inst_a_r_reg_124_( .D (FE_PHN2360_modadd_a_in_r_124),  .CK (CTS_253),  .E (FE_OFN3_modadd_i_valid),  .Q (modular_add_sub_inst_a_r[124]));"
  The above instance has fewer port connections than the module definition.
  Please use '+lint=TFIPC-L' to print out detailed information of unconnected 
  ports.


Warning-[TFIPC] Too few instance port connections
./ed25519.v, 127095
ed25519, "EDFFX1 modular_add_sub_inst_a_r_reg_126_( .D (modadd_a_in_r[126]),  .CK (CTS_257),  .E (FE_OFN3_modadd_i_valid),  .Q (modular_add_sub_inst_a_r[126]));"
  The above instance has fewer port connections than the module definition.
  Please use '+lint=TFIPC-L' to print out detailed information of unconnected 
  ports.


Warning-[TFIPC] Too few instance port connections
./ed25519.v, 127099
ed25519, "EDFFX1 modular_add_sub_inst_a_r_reg_127_( .D (FE_PHN4816_modadd_a_in_r_127),  .CK (CTS_265),  .E (FE_OFN5_modadd_i_valid),  .Q (modular_add_sub_inst_a_r[127]));"
  The above instance has fewer port connections than the module definition.
  Please use '+lint=TFIPC-L' to print out detailed information of unconnected 
  ports.


Warning-[TFIPC] Too few instance port connections
./ed25519.v, 127103
ed25519, "EDFFX1 modular_add_sub_inst_a_r_reg_128_( .D (modadd_a_in_r[128]),  .CK (CTS_300),  .E (FE_OFN1_modadd_i_valid),  .Q (modular_add_sub_inst_a_r[128]));"
  The above instance has fewer port connections than the module definition.
  Please use '+lint=TFIPC-L' to print out detailed information of unconnected 
  ports.


Warning-[TFIPC] Too few instance port connections
./ed25519.v, 127107
ed25519, "EDFFX1 modular_add_sub_inst_a_r_reg_129_( .D (modadd_a_in_r[129]),  .CK (CTS_300),  .E (FE_OFN1_modadd_i_valid),  .Q (modular_add_sub_inst_a_r[129]));"
  The above instance has fewer port connections than the module definition.
  Please use '+lint=TFIPC-L' to print out detailed information of unconnected 
  ports.


Warning-[TFIPC] Too few instance port connections
./ed25519.v, 127111
ed25519, "EDFFX1 modular_add_sub_inst_a_r_reg_130_( .D (modadd_a_in_r[130]),  .CK (CTS_304),  .E (FE_OFN2_modadd_i_valid),  .Q (modular_add_sub_inst_a_r[130]));"
  The above instance has fewer port connections than the module definition.
  Please use '+lint=TFIPC-L' to print out detailed information of unconnected 
  ports.


Warning-[TFIPC] Too few instance port connections
./ed25519.v, 127115
ed25519, "EDFFX1 modular_add_sub_inst_a_r_reg_131_( .D (FE_PHN2841_modadd_a_in_r_131),  .CK (CTS_304),  .E (FE_OFN2_modadd_i_valid),  .Q (modular_add_sub_inst_a_r[131]));"
  The above instance has fewer port connections than the module definition.
  Please use '+lint=TFIPC-L' to print out detailed information of unconnected 
  ports.


Warning-[TFIPC] Too few instance port connections
./ed25519.v, 127119
ed25519, "EDFFX1 modular_add_sub_inst_a_r_reg_132_( .D (FE_PHN2297_modadd_a_in_r_132),  .CK (CTS_307),  .E (FE_OFN2_modadd_i_valid),  .Q (modular_add_sub_inst_a_r[132]));"
  The above instance has fewer port connections than the module definition.
  Please use '+lint=TFIPC-L' to print out detailed information of unconnected 
  ports.


Warning-[TFIPC] Too few instance port connections
./ed25519.v, 127123
ed25519, "EDFFX1 modular_add_sub_inst_a_r_reg_133_( .D (modadd_a_in_r[133]),  .CK (CTS_307),  .E (FE_OFN2_modadd_i_valid),  .Q (modular_add_sub_inst_a_r[133]));"
  The above instance has fewer port connections than the module definition.
  Please use '+lint=TFIPC-L' to print out detailed information of unconnected 
  ports.


Warning-[TFIPC] Too few instance port connections
./ed25519.v, 127127
ed25519, "EDFFX1 modular_add_sub_inst_a_r_reg_134_( .D (FE_PHN4232_modadd_a_in_r_134),  .CK (CTS_307),  .E (FE_OFN2_modadd_i_valid),  .Q (modular_add_sub_inst_a_r[134]));"
  The above instance has fewer port connections than the module definition.
  Please use '+lint=TFIPC-L' to print out detailed information of unconnected 
  ports.


Warning-[TFIPC] Too few instance port connections
./ed25519.v, 127131
ed25519, "EDFFX1 modular_add_sub_inst_a_r_reg_135_( .D (modadd_a_in_r[135]),  .CK (CTS_304),  .E (FE_OFN2_modadd_i_valid),  .Q (modular_add_sub_inst_a_r[135]));"
  The above instance has fewer port connections than the module definition.
  Please use '+lint=TFIPC-L' to print out detailed information of unconnected 
  ports.


Warning-[TFIPC] Too few instance port connections
./ed25519.v, 127135
ed25519, "EDFFX1 modular_add_sub_inst_a_r_reg_136_( .D (FE_PHN4122_modadd_a_in_r_136),  .CK (CTS_307),  .E (FE_OFN2_modadd_i_valid),  .Q (modular_add_sub_inst_a_r[136]));"
  The above instance has fewer port connections than the module definition.
  Please use '+lint=TFIPC-L' to print out detailed information of unconnected 
  ports.


Warning-[TFIPC] Too few instance port connections
./ed25519.v, 127139
ed25519, "EDFFX1 modular_add_sub_inst_a_r_reg_137_( .D (FE_PHN4073_modadd_a_in_r_137),  .CK (CTS_307),  .E (FE_OFN2_modadd_i_valid),  .Q (modular_add_sub_inst_a_r[137]));"
  The above instance has fewer port connections than the module definition.
  Please use '+lint=TFIPC-L' to print out detailed information of unconnected 
  ports.


Warning-[TFIPC] Too few instance port connections
./ed25519.v, 127143
ed25519, "EDFFX1 modular_add_sub_inst_a_r_reg_138_( .D (FE_PHN4138_modadd_a_in_r_138),  .CK (CTS_307),  .E (FE_OFN2_modadd_i_valid),  .Q (modular_add_sub_inst_a_r[138]));"
  The above instance has fewer port connections than the module definition.
  Please use '+lint=TFIPC-L' to print out detailed information of unconnected 
  ports.


Warning-[TFIPC] Too few instance port connections
./ed25519.v, 127147
ed25519, "EDFFX1 modular_add_sub_inst_a_r_reg_139_( .D (FE_PHN4109_modadd_a_in_r_139),  .CK (CTS_307),  .E (FE_OFN2_modadd_i_valid),  .Q (modular_add_sub_inst_a_r[139]));"
  The above instance has fewer port connections than the module definition.
  Please use '+lint=TFIPC-L' to print out detailed information of unconnected 
  ports.


Warning-[TFIPC] Too few instance port connections
./ed25519.v, 127151
ed25519, "EDFFX1 modular_add_sub_inst_a_r_reg_151_( .D (FE_PHN4845_modadd_a_in_r_151),  .CK (CTS_242),  .E (FE_OFN10_modadd_i_valid),  .Q (modular_add_sub_inst_a_r[151]));"
  The above instance has fewer port connections than the module definition.
  Please use '+lint=TFIPC-L' to print out detailed information of unconnected 
  ports.


Warning-[TFIPC] Too few instance port connections
./ed25519.v, 127155
ed25519, "EDFFX1 modular_add_sub_inst_a_r_reg_152_( .D (FE_PHN5735_modadd_a_in_r_152),  .CK (CTS_244),  .E (FE_OFN0_modadd_i_valid),  .Q (modular_add_sub_inst_a_r[152]));"
  The above instance has fewer port connections than the module definition.
  Please use '+lint=TFIPC-L' to print out detailed information of unconnected 
  ports.


Warning-[TFIPC] Too few instance port connections
./ed25519.v, 127159
ed25519, "EDFFX1 modular_add_sub_inst_a_r_reg_164_( .D (modadd_a_in_r[164]),  .CK (CTS_276),  .E (FE_OFN4_modadd_i_valid),  .Q (modular_add_sub_inst_a_r[164]));"
  The above instance has fewer port connections than the module definition.
  Please use '+lint=TFIPC-L' to print out detailed information of unconnected 
  ports.


Warning-[TFIPC] Too few instance port connections
./ed25519.v, 127163
ed25519, "EDFFX1 modular_add_sub_inst_a_r_reg_165_( .D (modadd_a_in_r[165]),  .CK (CTS_276),  .E (FE_OFN4_modadd_i_valid),  .Q (modular_add_sub_inst_a_r[165]));"
  The above instance has fewer port connections than the module definition.
  Please use '+lint=TFIPC-L' to print out detailed information of unconnected 
  ports.


Warning-[TFIPC] Too few instance port connections
./ed25519.v, 127167
ed25519, "EDFFX1 modular_add_sub_inst_a_r_reg_166_( .D (modadd_a_in_r[166]),  .CK (CTS_276),  .E (FE_OFN4_modadd_i_valid),  .Q (modular_add_sub_inst_a_r[166]));"
  The above instance has fewer port connections than the module definition.
  Please use '+lint=TFIPC-L' to print out detailed information of unconnected 
  ports.


Warning-[TFIPC] Too few instance port connections
./ed25519.v, 127171
ed25519, "EDFFX1 modular_add_sub_inst_a_r_reg_167_( .D (modadd_a_in_r[167]),  .CK (CTS_276),  .E (FE_OFN4_modadd_i_valid),  .Q (modular_add_sub_inst_a_r[167]));"
  The above instance has fewer port connections than the module definition.
  Please use '+lint=TFIPC-L' to print out detailed information of unconnected 
  ports.


Warning-[TFIPC] Too few instance port connections
./ed25519.v, 127175
ed25519, "EDFFX1 modular_add_sub_inst_a_r_reg_168_( .D (FE_PHN2445_modadd_a_in_r_168),  .CK (CTS_274),  .E (FE_OFN8_modadd_i_valid),  .Q (modular_add_sub_inst_a_r[168]));"
  The above instance has fewer port connections than the module definition.
  Please use '+lint=TFIPC-L' to print out detailed information of unconnected 
  ports.


Warning-[TFIPC] Too few instance port connections
./ed25519.v, 127179
ed25519, "EDFFX1 modular_add_sub_inst_a_r_reg_169_( .D (FE_PHN2484_modadd_a_in_r_169),  .CK (CTS_274),  .E (FE_OFN8_modadd_i_valid),  .Q (modular_add_sub_inst_a_r[169]));"
  The above instance has fewer port connections than the module definition.
  Please use '+lint=TFIPC-L' to print out detailed information of unconnected 
  ports.


Warning-[TFIPC] Too few instance port connections
./ed25519.v, 127183
ed25519, "EDFFX1 modular_add_sub_inst_a_r_reg_171_( .D (modadd_a_in_r[171]),  .CK (CTS_274),  .E (FE_OFN8_modadd_i_valid),  .Q (modular_add_sub_inst_a_r[171]));"
  The above instance has fewer port connections than the module definition.
  Please use '+lint=TFIPC-L' to print out detailed information of unconnected 
  ports.


Warning-[TFIPC] Too few instance port connections
./ed25519.v, 127187
ed25519, "EDFFX1 modular_add_sub_inst_a_r_reg_172_( .D (modadd_a_in_r[172]),  .CK (CTS_275),  .E (FE_OFN8_modadd_i_valid),  .Q (modular_add_sub_inst_a_r[172]));"
  The above instance has fewer port connections than the module definition.
  Please use '+lint=TFIPC-L' to print out detailed information of unconnected 
  ports.


Warning-[TFIPC] Too few instance port connections
./ed25519.v, 127191
ed25519, "EDFFX1 modular_add_sub_inst_a_r_reg_173_( .D (modadd_a_in_r[173]),  .CK (CTS_275),  .E (FE_OFN8_modadd_i_valid),  .Q (modular_add_sub_inst_a_r[173]));"
  The above instance has fewer port connections than the module definition.
  Please use '+lint=TFIPC-L' to print out detailed information of unconnected 
  ports.


Warning-[TFIPC] Too few instance port connections
./ed25519.v, 127195
ed25519, "EDFFX1 modular_add_sub_inst_a_r_reg_174_( .D (FE_PHN4179_modadd_a_in_r_174),  .CK (CTS_275),  .E (FE_OFN7_modadd_i_valid),  .Q (modular_add_sub_inst_a_r[174]));"
  The above instance has fewer port connections than the module definition.
  Please use '+lint=TFIPC-L' to print out detailed information of unconnected 
  ports.


Warning-[TFIPC] Too few instance port connections
./ed25519.v, 127199
ed25519, "EDFFX1 modular_add_sub_inst_a_r_reg_175_( .D (FE_PHN4258_modadd_a_in_r_175),  .CK (CTS_258),  .E (FE_OFN7_modadd_i_valid),  .Q (modular_add_sub_inst_a_r[175]));"
  The above instance has fewer port connections than the module definition.
  Please use '+lint=TFIPC-L' to print out detailed information of unconnected 
  ports.


Warning-[TFIPC] Too few instance port connections
./ed25519.v, 127203
ed25519, "EDFFX1 modular_add_sub_inst_a_r_reg_176_( .D (FE_PHN1875_modadd_a_in_r_176),  .CK (CTS_258),  .E (FE_OFN7_modadd_i_valid),  .Q (modular_add_sub_inst_a_r[176]));"
  The above instance has fewer port connections than the module definition.
  Please use '+lint=TFIPC-L' to print out detailed information of unconnected 
  ports.


Warning-[TFIPC] Too few instance port connections
./ed25519.v, 127207
ed25519, "EDFFX1 modular_add_sub_inst_a_r_reg_177_( .D (modadd_a_in_r[177]),  .CK (CTS_258),  .E (FE_OFN7_modadd_i_valid),  .Q (modular_add_sub_inst_a_r[177]));"
  The above instance has fewer port connections than the module definition.
  Please use '+lint=TFIPC-L' to print out detailed information of unconnected 
  ports.


Warning-[TFIPC] Too few instance port connections
./ed25519.v, 127211
ed25519, "EDFFX1 modular_add_sub_inst_a_r_reg_178_( .D (modadd_a_in_r[178]),  .CK (CTS_255),  .E (FE_OFN7_modadd_i_valid),  .Q (modular_add_sub_inst_a_r[178]));"
  The above instance has fewer port connections than the module definition.
  Please use '+lint=TFIPC-L' to print out detailed information of unconnected 
  ports.


Warning-[TFIPC] Too few instance port connections
./ed25519.v, 127215
ed25519, "EDFFX1 modular_add_sub_inst_a_r_reg_179_( .D (modadd_a_in_r[179]),  .CK (CTS_258),  .E (FE_OFN7_modadd_i_valid),  .Q (modular_add_sub_inst_a_r[179]));"
  The above instance has fewer port connections than the module definition.
  Please use '+lint=TFIPC-L' to print out detailed information of unconnected 
  ports.


Warning-[TFIPC] Too few instance port connections
./ed25519.v, 127219
ed25519, "EDFFX1 modular_add_sub_inst_a_r_reg_180_( .D (modadd_a_in_r[180]),  .CK (CTS_255),  .E (FE_OFN5_modadd_i_valid),  .Q (modular_add_sub_inst_a_r[180]));"
  The above instance has fewer port connections than the module definition.
  Please use '+lint=TFIPC-L' to print out detailed information of unconnected 
  ports.


Warning-[TFIPC] Too few instance port connections
./ed25519.v, 127223
ed25519, "EDFFX1 modular_add_sub_inst_a_r_reg_181_( .D (modadd_a_in_r[181]),  .CK (CTS_255),  .E (FE_OFN7_modadd_i_valid),  .Q (modular_add_sub_inst_a_r[181]));"
  The above instance has fewer port connections than the module definition.
  Please use '+lint=TFIPC-L' to print out detailed information of unconnected 
  ports.


Warning-[TFIPC] Too few instance port connections
./ed25519.v, 127227
ed25519, "EDFFX1 modular_add_sub_inst_a_r_reg_182_( .D (FE_PHN2693_modadd_a_in_r_182),  .CK (CTS_255),  .E (FE_OFN5_modadd_i_valid),  .Q (modular_add_sub_inst_a_r[182]));"
  The above instance has fewer port connections than the module definition.
  Please use '+lint=TFIPC-L' to print out detailed information of unconnected 
  ports.


Warning-[TFIPC] Too few instance port connections
./ed25519.v, 127231
ed25519, "EDFFX1 modular_add_sub_inst_a_r_reg_183_( .D (modadd_a_in_r[183]),  .CK (CTS_255),  .E (FE_OFN5_modadd_i_valid),  .Q (modular_add_sub_inst_a_r[183]));"
  The above instance has fewer port connections than the module definition.
  Please use '+lint=TFIPC-L' to print out detailed information of unconnected 
  ports.


Warning-[TFIPC] Too few instance port connections
./ed25519.v, 127235
ed25519, "EDFFX1 modular_add_sub_inst_a_r_reg_184_( .D (modadd_a_in_r[184]),  .CK (CTS_256),  .E (FE_OFN5_modadd_i_valid),  .Q (modular_add_sub_inst_a_r[184]));"
  The above instance has fewer port connections than the module definition.
  Please use '+lint=TFIPC-L' to print out detailed information of unconnected 
  ports.


Warning-[TFIPC] Too few instance port connections
./ed25519.v, 127239
ed25519, "EDFFX1 modular_add_sub_inst_a_r_reg_186_( .D (modadd_a_in_r[186]),  .CK (CTS_256),  .E (FE_OFN5_modadd_i_valid),  .Q (modular_add_sub_inst_a_r[186]));"
  The above instance has fewer port connections than the module definition.
  Please use '+lint=TFIPC-L' to print out detailed information of unconnected 
  ports.


Warning-[TFIPC] Too few instance port connections
./ed25519.v, 127243
ed25519, "EDFFX1 modular_add_sub_inst_a_r_reg_187_( .D (FE_PHN2139_modadd_a_in_r_187),  .CK (CTS_256),  .E (FE_OFN5_modadd_i_valid),  .Q (modular_add_sub_inst_a_r[187]));"
  The above instance has fewer port connections than the module definition.
  Please use '+lint=TFIPC-L' to print out detailed information of unconnected 
  ports.


Warning-[TFIPC] Too few instance port connections
./ed25519.v, 127247
ed25519, "EDFFX1 modular_add_sub_inst_a_r_reg_188_( .D (FE_PHN729_modadd_a_in_r_188),  .CK (CTS_256),  .E (FE_OFN3_modadd_i_valid),  .Q (modular_add_sub_inst_a_r[188]));"
  The above instance has fewer port connections than the module definition.
  Please use '+lint=TFIPC-L' to print out detailed information of unconnected 
  ports.


Warning-[TFIPC] Too few instance port connections
./ed25519.v, 127251
ed25519, "EDFFX1 modular_add_sub_inst_a_r_reg_189_( .D (FE_PHN4754_modadd_a_in_r_189),  .CK (CTS_256),  .E (FE_OFN5_modadd_i_valid),  .Q (modular_add_sub_inst_a_r[189]));"
  The above instance has fewer port connections than the module definition.
  Please use '+lint=TFIPC-L' to print out detailed information of unconnected 
  ports.


Warning-[TFIPC] Too few instance port connections
./ed25519.v, 127255
ed25519, "EDFFX1 modular_add_sub_inst_a_r_reg_190_( .D (FE_PHN2520_modadd_a_in_r_190),  .CK (CTS_256),  .E (FE_OFN5_modadd_i_valid),  .Q (modular_add_sub_inst_a_r[190]));"
  The above instance has fewer port connections than the module definition.
  Please use '+lint=TFIPC-L' to print out detailed information of unconnected 
  ports.


Warning-[TFIPC] Too few instance port connections
./ed25519.v, 127259
ed25519, "EDFFX1 modular_add_sub_inst_a_r_reg_191_( .D (modadd_a_in_r[191]),  .CK (CTS_264),  .E (FE_OFN5_modadd_i_valid),  .Q (modular_add_sub_inst_a_r[191]));"
  The above instance has fewer port connections than the module definition.
  Please use '+lint=TFIPC-L' to print out detailed information of unconnected 
  ports.


Warning-[TFIPC] Too few instance port connections
./ed25519.v, 127263
ed25519, "EDFFX1 modular_add_sub_inst_a_r_reg_192_( .D (modadd_a_in_r[192]),  .CK (CTS_299),  .E (FE_OFN1_modadd_i_valid),  .Q (modular_add_sub_inst_a_r[192]));"
  The above instance has fewer port connections than the module definition.
  Please use '+lint=TFIPC-L' to print out detailed information of unconnected 
  ports.


Warning-[TFIPC] Too few instance port connections
./ed25519.v, 127267
ed25519, "EDFFX1 modular_add_sub_inst_a_r_reg_193_( .D (modadd_a_in_r[193]),  .CK (CTS_299),  .E (FE_OFN1_modadd_i_valid),  .Q (modular_add_sub_inst_a_r[193]));"
  The above instance has fewer port connections than the module definition.
  Please use '+lint=TFIPC-L' to print out detailed information of unconnected 
  ports.


Warning-[TFIPC] Too few instance port connections
./ed25519.v, 127271
ed25519, "EDFFX1 modular_add_sub_inst_a_r_reg_194_( .D (modadd_a_in_r[194]),  .CK (CTS_299),  .E (FE_OFN1_modadd_i_valid),  .Q (modular_add_sub_inst_a_r[194]));"
  The above instance has fewer port connections than the module definition.
  Please use '+lint=TFIPC-L' to print out detailed information of unconnected 
  ports.


Warning-[TFIPC] Too few instance port connections
./ed25519.v, 127275
ed25519, "EDFFX1 modular_add_sub_inst_a_r_reg_195_( .D (FE_PHN5714_modadd_a_in_r_195),  .CK (CTS_299),  .E (FE_OFN1_modadd_i_valid),  .Q (modular_add_sub_inst_a_r[195]));"
  The above instance has fewer port connections than the module definition.
  Please use '+lint=TFIPC-L' to print out detailed information of unconnected 
  ports.


Warning-[TFIPC] Too few instance port connections
./ed25519.v, 127279
ed25519, "EDFFX1 modular_add_sub_inst_a_r_reg_196_( .D (modadd_a_in_r[196]),  .CK (CTS_245),  .E (FE_OFN6_modadd_i_valid),  .Q (modular_add_sub_inst_a_r[196]));"
  The above instance has fewer port connections than the module definition.
  Please use '+lint=TFIPC-L' to print out detailed information of unconnected 
  ports.


Warning-[TFIPC] Too few instance port connections
./ed25519.v, 127283
ed25519, "EDFFX1 modular_add_sub_inst_a_r_reg_197_( .D (FE_PHN2173_modadd_a_in_r_197),  .CK (CTS_245),  .E (FE_OFN6_modadd_i_valid),  .Q (modular_add_sub_inst_a_r[197]));"
  The above instance has fewer port connections than the module definition.
  Please use '+lint=TFIPC-L' to print out detailed information of unconnected 
  ports.


Warning-[TFIPC] Too few instance port connections
./ed25519.v, 127287
ed25519, "EDFFX1 modular_add_sub_inst_a_r_reg_198_( .D (FE_PHN2244_modadd_a_in_r_198),  .CK (CTS_301),  .E (FE_OFN6_modadd_i_valid),  .Q (modular_add_sub_inst_a_r[198]));"
  The above instance has fewer port connections than the module definition.
  Please use '+lint=TFIPC-L' to print out detailed information of unconnected 
  ports.


Warning-[TFIPC] Too few instance port connections
./ed25519.v, 127291
ed25519, "EDFFX1 modular_add_sub_inst_a_r_reg_199_( .D (FE_PHN2378_modadd_a_in_r_199),  .CK (CTS_245),  .E (FE_OFN6_modadd_i_valid),  .Q (modular_add_sub_inst_a_r[199]));"
  The above instance has fewer port connections than the module definition.
  Please use '+lint=TFIPC-L' to print out detailed information of unconnected 
  ports.


Warning-[TFIPC] Too few instance port connections
./ed25519.v, 130952
ed25519, "TLATX1 modular_mult_inst_next_state_reg_2_( .D (modular_mult_inst_N345),  .G (modular_mult_inst_N342),  .Q (modular_mult_inst_next_state[2]));"
  The above instance has fewer port connections than the module definition.
  Please use '+lint=TFIPC-L' to print out detailed information of unconnected 
  ports.


Warning-[TFIPC] Too few instance port connections
./ed25519.v, 130964
ed25519, "EDFFX1 modular_add_sub_inst_a_r_reg_73_( .D (N260),  .CK (CTS_308),  .E (FE_OFN6_modadd_i_valid),  .Q (modular_add_sub_inst_a_r[73]));"
  The above instance has fewer port connections than the module definition.
  Please use '+lint=TFIPC-L' to print out detailed information of unconnected 
  ports.


Warning-[TFIPC] Too few instance port connections
./ed25519.v, 130971
ed25519, "EDFFX1 modular_add_sub_inst_a_r_reg_46_( .D (N233),  .CK (CTS_275),  .E (FE_OFN8_modadd_i_valid),  .Q (modular_add_sub_inst_a_r[46]));"
  The above instance has fewer port connections than the module definition.
  Please use '+lint=TFIPC-L' to print out detailed information of unconnected 
  ports.


Warning-[TFIPC] Too few instance port connections
./ed25519.v, 130978
ed25519, "EDFFX1 modular_add_sub_inst_a_r_reg_36_( .D (N223),  .CK (CTS_238),  .E (FE_OFN4_modadd_i_valid),  .Q (modular_add_sub_inst_a_r[36]));"
  The above instance has fewer port connections than the module definition.
  Please use '+lint=TFIPC-L' to print out detailed information of unconnected 
  ports.


Warning-[TFIPC] Too few instance port connections
./ed25519.v, 130985
ed25519, "EDFFX1 modular_add_sub_inst_a_r_reg_12_( .D (N199),  .CK (CTS_304),  .E (FE_OFN2_modadd_i_valid),  .Q (modular_add_sub_inst_a_r[12]));"
  The above instance has fewer port connections than the module definition.
  Please use '+lint=TFIPC-L' to print out detailed information of unconnected 
  ports.


Warning-[TFIPC] Too few instance port connections
./ed25519.v, 131046
ed25519, "EDFFX1 modular_add_sub_inst_a_r_reg_79_( .D (N266),  .CK (CTS_245),  .E (FE_OFN6_modadd_i_valid),  .Q (modular_add_sub_inst_a_r[79]));"
  The above instance has fewer port connections than the module definition.
  Please use '+lint=TFIPC-L' to print out detailed information of unconnected 
  ports.


Warning-[TFIPC] Too few instance port connections
./ed25519.v, 131617
ed25519, "TLATX1 modular_add_sub_inst_n_state_reg_2_( .D (n88905),  .G (modular_add_sub_inst_N39),  .Q (modular_add_sub_inst_n_state[2]));"
  The above instance has fewer port connections than the module definition.
  Please use '+lint=TFIPC-L' to print out detailed information of unconnected 
  ports.


Warning-[TFIPC] Too few instance port connections
./ed25519.v, 132156
ed25519, "TLATX1 modular_add_sub_inst_n_state_reg_0_( .D (modular_add_sub_inst_N40),  .G (modular_add_sub_inst_N39),  .Q (modular_add_sub_inst_n_state[0]));"
  The above instance has fewer port connections than the module definition.
  Please use '+lint=TFIPC-L' to print out detailed information of unconnected 
  ports.


Warning-[TFIPC] Too few instance port connections
./ed25519.v, 132159
ed25519, "TLATX1 modular_add_sub_inst_n_state_reg_1_( .D (modular_add_sub_inst_N41),  .G (modular_add_sub_inst_N39),  .Q (modular_add_sub_inst_n_state[1]));"
  The above instance has fewer port connections than the module definition.
  Please use '+lint=TFIPC-L' to print out detailed information of unconnected 
  ports.


Warning-[TFIPC] Too few instance port connections
./ed25519.v, 132162
ed25519, "TLATX1 modular_mult_inst_next_state_reg_0_( .D (modular_mult_inst_N343),  .G (modular_mult_inst_N342),  .Q (modular_mult_inst_next_state[0]));"
  The above instance has fewer port connections than the module definition.
  Please use '+lint=TFIPC-L' to print out detailed information of unconnected 
  ports.


Warning-[TFIPC] Too few instance port connections
./ed25519.v, 132165
ed25519, "TLATX1 modular_mult_inst_next_state_reg_3_( .D (modular_mult_inst_N346),  .G (modular_mult_inst_N342),  .Q (modular_mult_inst_next_state[3]));"
  The above instance has fewer port connections than the module definition.
  Please use '+lint=TFIPC-L' to print out detailed information of unconnected 
  ports.


Warning-[TFIPC] Too few instance port connections
./ed25519.v, 132168
ed25519, "TLATX1 modular_mult_inst_next_state_reg_1_( .D (modular_mult_inst_N344),  .G (modular_mult_inst_N342),  .Q (modular_mult_inst_next_state[1]));"
  The above instance has fewer port connections than the module definition.
  Please use '+lint=TFIPC-L' to print out detailed information of unconnected 
  ports.


Warning-[TFIPC] Too few instance port connections
./ed25519.v, 132171
ed25519, "TLATX1 redZ_b_in_w_reg_3_( .D (N7554),  .G (FE_OFN695_n70660),  .Q (redZ_b_in_w[3]));"
  The above instance has fewer port connections than the module definition.
  Please use '+lint=TFIPC-L' to print out detailed information of unconnected 
  ports.


Warning-[TFIPC] Too few instance port connections
./ed25519.v, 132174
ed25519, "TLATX1 redZ_b_in_w_reg_5_( .D (N7556),  .G (FE_OFN695_n70660),  .Q (redZ_b_in_w[5]));"
  The above instance has fewer port connections than the module definition.
  Please use '+lint=TFIPC-L' to print out detailed information of unconnected 
  ports.


Warning-[TFIPC] Too few instance port connections
./ed25519.v, 132177
ed25519, "TLATX1 redZ_b_in_w_reg_9_( .D (N7560),  .G (FE_OFN695_n70660),  .Q (redZ_b_in_w[9]));"
  The above instance has fewer port connections than the module definition.
  Please use '+lint=TFIPC-L' to print out detailed information of unconnected 
  ports.


Warning-[TFIPC] Too few instance port connections
./ed25519.v, 132180
ed25519, "TLATX1 redZ_b_in_w_reg_25_( .D (N7576),  .G (FE_OFN696_n70660),  .Q (redZ_b_in_w[25]));"
  The above instance has fewer port connections than the module definition.
  Please use '+lint=TFIPC-L' to print out detailed information of unconnected 
  ports.


Warning-[TFIPC] Too few instance port connections
./ed25519.v, 132183
ed25519, "TLATX1 redZ_b_in_w_reg_27_( .D (N7578),  .G (FE_OFN696_n70660),  .Q (redZ_b_in_w[27]));"
  The above instance has fewer port connections than the module definition.
  Please use '+lint=TFIPC-L' to print out detailed information of unconnected 
  ports.


Warning-[TFIPC] Too few instance port connections
./ed25519.v, 132186
ed25519, "TLATX1 redZ_b_in_w_reg_30_( .D (N7581),  .G (FE_OFN696_n70660),  .Q (redZ_b_in_w[30]));"
  The above instance has fewer port connections than the module definition.
  Please use '+lint=TFIPC-L' to print out detailed information of unconnected 
  ports.


Warning-[TFIPC] Too few instance port connections
./ed25519.v, 132189
ed25519, "TLATX1 redZ_b_in_w_reg_31_( .D (N7582),  .G (FE_OFN696_n70660),  .Q (redZ_b_in_w[31]));"
  The above instance has fewer port connections than the module definition.
  Please use '+lint=TFIPC-L' to print out detailed information of unconnected 
  ports.


Warning-[TFIPC] Too few instance port connections
./ed25519.v, 132192
ed25519, "TLATX1 redZ_b_in_w_reg_35_( .D (N7586),  .G (FE_OFN696_n70660),  .Q (redZ_b_in_w[35]));"
  The above instance has fewer port connections than the module definition.
  Please use '+lint=TFIPC-L' to print out detailed information of unconnected 
  ports.


Warning-[TFIPC] Too few instance port connections
./ed25519.v, 132195
ed25519, "TLATX1 redZ_b_in_w_reg_36_( .D (N7587),  .G (FE_OFN697_n70660),  .Q (redZ_b_in_w[36]));"
  The above instance has fewer port connections than the module definition.
  Please use '+lint=TFIPC-L' to print out detailed information of unconnected 
  ports.


Warning-[TFIPC] Too few instance port connections
./ed25519.v, 132198
ed25519, "TLATX1 redZ_b_in_w_reg_41_( .D (N7592),  .G (FE_OFN696_n70660),  .Q (redZ_b_in_w[41]));"
  The above instance has fewer port connections than the module definition.
  Please use '+lint=TFIPC-L' to print out detailed information of unconnected 
  ports.


Warning-[TFIPC] Too few instance port connections
./ed25519.v, 132201
ed25519, "TLATX1 redZ_b_in_w_reg_42_( .D (N7593),  .G (FE_OFN696_n70660),  .Q (redZ_b_in_w[42]));"
  The above instance has fewer port connections than the module definition.
  Please use '+lint=TFIPC-L' to print out detailed information of unconnected 
  ports.


Warning-[TFIPC] Too few instance port connections
./ed25519.v, 132204
ed25519, "TLATX1 redZ_b_in_w_reg_44_( .D (N7595),  .G (FE_OFN698_n70660),  .Q (redZ_b_in_w[44]));"
  The above instance has fewer port connections than the module definition.
  Please use '+lint=TFIPC-L' to print out detailed information of unconnected 
  ports.


Warning-[TFIPC] Too few instance port connections
./ed25519.v, 132207
ed25519, "TLATX1 redZ_b_in_w_reg_45_( .D (N7596),  .G (FE_OFN698_n70660),  .Q (redZ_b_in_w[45]));"
  The above instance has fewer port connections than the module definition.
  Please use '+lint=TFIPC-L' to print out detailed information of unconnected 
  ports.


Warning-[TFIPC] Too few instance port connections
./ed25519.v, 132210
ed25519, "TLATX1 redZ_b_in_w_reg_47_( .D (N7598),  .G (FE_OFN698_n70660),  .Q (redZ_b_in_w[47]));"
  The above instance has fewer port connections than the module definition.
  Please use '+lint=TFIPC-L' to print out detailed information of unconnected 
  ports.


Warning-[TFIPC] Too few instance port connections
./ed25519.v, 132213
ed25519, "TLATX1 redZ_b_in_w_reg_50_( .D (N7601),  .G (FE_OFN694_n70660),  .Q (redZ_b_in_w[50]));"
  The above instance has fewer port connections than the module definition.
  Please use '+lint=TFIPC-L' to print out detailed information of unconnected 
  ports.


Warning-[TFIPC] Too few instance port connections
./ed25519.v, 132216
ed25519, "TLATX1 redZ_b_in_w_reg_51_( .D (N7602),  .G (FE_OFN698_n70660),  .Q (redZ_b_in_w[51]));"
  The above instance has fewer port connections than the module definition.
  Please use '+lint=TFIPC-L' to print out detailed information of unconnected 
  ports.


Warning-[TFIPC] Too few instance port connections
./ed25519.v, 132219
ed25519, "TLATX1 redZ_b_in_w_reg_54_( .D (N7605),  .G (FE_OFN694_n70660),  .Q (redZ_b_in_w[54]));"
  The above instance has fewer port connections than the module definition.
  Please use '+lint=TFIPC-L' to print out detailed information of unconnected 
  ports.


Warning-[TFIPC] Too few instance port connections
./ed25519.v, 132222
ed25519, "TLATX1 redZ_b_in_w_reg_151_( .D (N7702),  .G (FE_OFN697_n70660),  .Q (redZ_b_in_w[151]));"
  The above instance has fewer port connections than the module definition.
  Please use '+lint=TFIPC-L' to print out detailed information of unconnected 
  ports.


Warning-[TFIPC] Too few instance port connections
./ed25519.v, 132225
ed25519, "TLATX1 redZ_b_in_w_reg_150_( .D (N7701),  .G (FE_OFN697_n70660),  .Q (redZ_b_in_w[150]));"
  The above instance has fewer port connections than the module definition.
  Please use '+lint=TFIPC-L' to print out detailed information of unconnected 
  ports.


Warning-[TFIPC] Too few instance port connections
./ed25519.v, 132228
ed25519, "TLATX1 redZ_b_in_w_reg_141_( .D (N7692),  .G (FE_OFN695_n70660),  .Q (redZ_b_in_w[141]));"
  The above instance has fewer port connections than the module definition.
  Please use '+lint=TFIPC-L' to print out detailed information of unconnected 
  ports.


Warning-[TFIPC] Too few instance port connections
./ed25519.v, 132231
ed25519, "TLATX1 redZ_b_in_w_reg_125_( .D (N7676),  .G (FE_OFN694_n70660),  .Q (redZ_b_in_w[125]));"
  The above instance has fewer port connections than the module definition.
  Please use '+lint=TFIPC-L' to print out detailed information of unconnected 
  ports.


Warning-[TFIPC] Too few instance port connections
./ed25519.v, 132234
ed25519, "TLATX1 redZ_b_in_w_reg_124_( .D (N7675),  .G (FE_OFN694_n70660),  .Q (redZ_b_in_w[124]));"
  The above instance has fewer port connections than the module definition.
  Please use '+lint=TFIPC-L' to print out detailed information of unconnected 
  ports.


Warning-[TFIPC] Too few instance port connections
./ed25519.v, 132237
ed25519, "TLATX1 redZ_b_in_w_reg_122_( .D (N7673),  .G (FE_OFN694_n70660),  .Q (redZ_b_in_w[122]));"
  The above instance has fewer port connections than the module definition.
  Please use '+lint=TFIPC-L' to print out detailed information of unconnected 
  ports.


Warning-[TFIPC] Too few instance port connections
./ed25519.v, 132240
ed25519, "TLATX1 redZ_b_in_w_reg_121_( .D (N7672),  .G (FE_OFN694_n70660),  .Q (redZ_b_in_w[121]));"
  The above instance has fewer port connections than the module definition.
  Please use '+lint=TFIPC-L' to print out detailed information of unconnected 
  ports.


Warning-[TFIPC] Too few instance port connections
./ed25519.v, 132243
ed25519, "TLATX1 redZ_b_in_w_reg_120_( .D (N7671),  .G (FE_OFN694_n70660),  .Q (redZ_b_in_w[120]));"
  The above instance has fewer port connections than the module definition.
  Please use '+lint=TFIPC-L' to print out detailed information of unconnected 
  ports.


Warning-[TFIPC] Too few instance port connections
./ed25519.v, 132246
ed25519, "TLATX1 redZ_b_in_w_reg_119_( .D (N7670),  .G (FE_OFN694_n70660),  .Q (redZ_b_in_w[119]));"
  The above instance has fewer port connections than the module definition.
  Please use '+lint=TFIPC-L' to print out detailed information of unconnected 
  ports.


Warning-[TFIPC] Too few instance port connections
./ed25519.v, 132249
ed25519, "TLATX1 redZ_b_in_w_reg_118_( .D (N7669),  .G (FE_OFN694_n70660),  .Q (redZ_b_in_w[118]));"
  The above instance has fewer port connections than the module definition.
  Please use '+lint=TFIPC-L' to print out detailed information of unconnected 
  ports.


Warning-[TFIPC] Too few instance port connections
./ed25519.v, 132252
ed25519, "TLATX1 redZ_b_in_w_reg_117_( .D (N7668),  .G (FE_OFN694_n70660),  .Q (redZ_b_in_w[117]));"
  The above instance has fewer port connections than the module definition.
  Please use '+lint=TFIPC-L' to print out detailed information of unconnected 
  ports.


Warning-[TFIPC] Too few instance port connections
./ed25519.v, 132255
ed25519, "TLATX1 redZ_b_in_w_reg_116_( .D (N7667),  .G (FE_OFN694_n70660),  .Q (redZ_b_in_w[116]));"
  The above instance has fewer port connections than the module definition.
  Please use '+lint=TFIPC-L' to print out detailed information of unconnected 
  ports.


Warning-[TFIPC] Too few instance port connections
./ed25519.v, 132258
ed25519, "TLATX1 redZ_b_in_w_reg_114_( .D (N7665),  .G (FE_OFN694_n70660),  .Q (redZ_b_in_w[114]));"
  The above instance has fewer port connections than the module definition.
  Please use '+lint=TFIPC-L' to print out detailed information of unconnected 
  ports.


Warning-[TFIPC] Too few instance port connections
./ed25519.v, 132261
ed25519, "TLATX1 redZ_b_in_w_reg_111_( .D (N7662),  .G (FE_OFN698_n70660),  .Q (redZ_b_in_w[111]));"
  The above instance has fewer port connections than the module definition.
  Please use '+lint=TFIPC-L' to print out detailed information of unconnected 
  ports.


Warning-[TFIPC] Too few instance port connections
./ed25519.v, 132264
ed25519, "TLATX1 redZ_b_in_w_reg_110_( .D (N7661),  .G (FE_OFN698_n70660),  .Q (redZ_b_in_w[110]));"
  The above instance has fewer port connections than the module definition.
  Please use '+lint=TFIPC-L' to print out detailed information of unconnected 
  ports.


Warning-[TFIPC] Too few instance port connections
./ed25519.v, 132267
ed25519, "TLATX1 redZ_b_in_w_reg_107_( .D (N7658),  .G (FE_OFN698_n70660),  .Q (redZ_b_in_w[107]));"
  The above instance has fewer port connections than the module definition.
  Please use '+lint=TFIPC-L' to print out detailed information of unconnected 
  ports.


Warning-[TFIPC] Too few instance port connections
./ed25519.v, 132270
ed25519, "TLATX1 redZ_b_in_w_reg_106_( .D (N7657),  .G (FE_OFN698_n70660),  .Q (redZ_b_in_w[106]));"
  The above instance has fewer port connections than the module definition.
  Please use '+lint=TFIPC-L' to print out detailed information of unconnected 
  ports.


Warning-[TFIPC] Too few instance port connections
./ed25519.v, 132273
ed25519, "TLATX1 redZ_b_in_w_reg_101_( .D (N7652),  .G (FE_OFN697_n70660),  .Q (redZ_b_in_w[101]));"
  The above instance has fewer port connections than the module definition.
  Please use '+lint=TFIPC-L' to print out detailed information of unconnected 
  ports.


Warning-[TFIPC] Too few instance port connections
./ed25519.v, 132276
ed25519, "TLATX1 redZ_b_in_w_reg_100_( .D (N7651),  .G (FE_OFN696_n70660),  .Q (redZ_b_in_w[100]));"
  The above instance has fewer port connections than the module definition.
  Please use '+lint=TFIPC-L' to print out detailed information of unconnected 
  ports.


Warning-[TFIPC] Too few instance port connections
./ed25519.v, 132279
ed25519, "TLATX1 redZ_b_in_w_reg_98_( .D (N7649),  .G (FE_OFN697_n70660),  .Q (redZ_b_in_w[98]));"
  The above instance has fewer port connections than the module definition.
  Please use '+lint=TFIPC-L' to print out detailed information of unconnected 
  ports.


Warning-[TFIPC] Too few instance port connections
./ed25519.v, 132282
ed25519, "TLATX1 redZ_b_in_w_reg_94_( .D (N7645),  .G (FE_OFN697_n70660),  .Q (redZ_b_in_w[94]));"
  The above instance has fewer port connections than the module definition.
  Please use '+lint=TFIPC-L' to print out detailed information of unconnected 
  ports.


Warning-[TFIPC] Too few instance port connections
./ed25519.v, 132285
ed25519, "TLATX1 redZ_b_in_w_reg_93_( .D (N7644),  .G (FE_OFN696_n70660),  .Q (redZ_b_in_w[93]));"
  The above instance has fewer port connections than the module definition.
  Please use '+lint=TFIPC-L' to print out detailed information of unconnected 
  ports.


Warning-[TFIPC] Too few instance port connections
./ed25519.v, 132288
ed25519, "TLATX1 redZ_b_in_w_reg_92_( .D (N7643),  .G (FE_OFN696_n70660),  .Q (redZ_b_in_w[92]));"
  The above instance has fewer port connections than the module definition.
  Please use '+lint=TFIPC-L' to print out detailed information of unconnected 
  ports.


Warning-[TFIPC] Too few instance port connections
./ed25519.v, 132291
ed25519, "TLATX1 redZ_b_in_w_reg_91_( .D (N7642),  .G (FE_OFN696_n70660),  .Q (redZ_b_in_w[91]));"
  The above instance has fewer port connections than the module definition.
  Please use '+lint=TFIPC-L' to print out detailed information of unconnected 
  ports.


Warning-[TFIPC] Too few instance port connections
./ed25519.v, 132294
ed25519, "TLATX1 redZ_b_in_w_reg_90_( .D (N7641),  .G (FE_OFN696_n70660),  .Q (redZ_b_in_w[90]));"
  The above instance has fewer port connections than the module definition.
  Please use '+lint=TFIPC-L' to print out detailed information of unconnected 
  ports.


Warning-[TFIPC] Too few instance port connections
./ed25519.v, 132297
ed25519, "TLATX1 redZ_b_in_w_reg_89_( .D (N7640),  .G (FE_OFN696_n70660),  .Q (redZ_b_in_w[89]));"
  The above instance has fewer port connections than the module definition.
  Please use '+lint=TFIPC-L' to print out detailed information of unconnected 
  ports.


Warning-[TFIPC] Too few instance port connections
./ed25519.v, 132300
ed25519, "TLATX1 redZ_b_in_w_reg_87_( .D (N7638),  .G (FE_OFN697_n70660),  .Q (redZ_b_in_w[87]));"
  The above instance has fewer port connections than the module definition.
  Please use '+lint=TFIPC-L' to print out detailed information of unconnected 
  ports.


Warning-[TFIPC] Too few instance port connections
./ed25519.v, 132303
ed25519, "TLATX1 redZ_b_in_w_reg_85_( .D (N7636),  .G (FE_OFN697_n70660),  .Q (redZ_b_in_w[85]));"
  The above instance has fewer port connections than the module definition.
  Please use '+lint=TFIPC-L' to print out detailed information of unconnected 
  ports.


Warning-[TFIPC] Too few instance port connections
./ed25519.v, 132306
ed25519, "TLATX1 redZ_b_in_w_reg_83_( .D (N7634),  .G (FE_OFN695_n70660),  .Q (redZ_b_in_w[83]));"
  The above instance has fewer port connections than the module definition.
  Please use '+lint=TFIPC-L' to print out detailed information of unconnected 
  ports.


Warning-[TFIPC] Too few instance port connections
./ed25519.v, 132309
ed25519, "TLATX1 redZ_b_in_w_reg_80_( .D (N7631),  .G (FE_OFN696_n70660),  .Q (redZ_b_in_w[80]));"
  The above instance has fewer port connections than the module definition.
  Please use '+lint=TFIPC-L' to print out detailed information of unconnected 
  ports.


Warning-[TFIPC] Too few instance port connections
./ed25519.v, 132312
ed25519, "TLATX1 redZ_b_in_w_reg_77_( .D (N7628),  .G (FE_OFN695_n70660),  .Q (redZ_b_in_w[77]));"
  The above instance has fewer port connections than the module definition.
  Please use '+lint=TFIPC-L' to print out detailed information of unconnected 
  ports.


Warning-[TFIPC] Too few instance port connections
./ed25519.v, 132315
ed25519, "TLATX1 redZ_b_in_w_reg_75_( .D (N7626),  .G (FE_OFN695_n70660),  .Q (redZ_b_in_w[75]));"
  The above instance has fewer port connections than the module definition.
  Please use '+lint=TFIPC-L' to print out detailed information of unconnected 
  ports.


Warning-[TFIPC] Too few instance port connections
./ed25519.v, 132318
ed25519, "TLATX1 redZ_b_in_w_reg_74_( .D (N7625),  .G (FE_OFN695_n70660),  .Q (redZ_b_in_w[74]));"
  The above instance has fewer port connections than the module definition.
  Please use '+lint=TFIPC-L' to print out detailed information of unconnected 
  ports.


Warning-[TFIPC] Too few instance port connections
./ed25519.v, 132321
ed25519, "TLATX1 redZ_b_in_w_reg_73_( .D (N7624),  .G (FE_OFN695_n70660),  .Q (redZ_b_in_w[73]));"
  The above instance has fewer port connections than the module definition.
  Please use '+lint=TFIPC-L' to print out detailed information of unconnected 
  ports.


Warning-[TFIPC] Too few instance port connections
./ed25519.v, 132324
ed25519, "TLATX1 redZ_b_in_w_reg_72_( .D (N7623),  .G (FE_OFN695_n70660),  .Q (redZ_b_in_w[72]));"
  The above instance has fewer port connections than the module definition.
  Please use '+lint=TFIPC-L' to print out detailed information of unconnected 
  ports.


Warning-[TFIPC] Too few instance port connections
./ed25519.v, 132327
ed25519, "TLATX1 redZ_b_in_w_reg_70_( .D (N7621),  .G (FE_OFN695_n70660),  .Q (redZ_b_in_w[70]));"
  The above instance has fewer port connections than the module definition.
  Please use '+lint=TFIPC-L' to print out detailed information of unconnected 
  ports.


Warning-[TFIPC] Too few instance port connections
./ed25519.v, 132330
ed25519, "TLATX1 redZ_b_in_w_reg_69_( .D (N7620),  .G (FE_OFN695_n70660),  .Q (redZ_b_in_w[69]));"
  The above instance has fewer port connections than the module definition.
  Please use '+lint=TFIPC-L' to print out detailed information of unconnected 
  ports.


Warning-[TFIPC] Too few instance port connections
./ed25519.v, 132333
ed25519, "TLATX1 redZ_b_in_w_reg_68_( .D (N7619),  .G (FE_OFN695_n70660),  .Q (redZ_b_in_w[68]));"
  The above instance has fewer port connections than the module definition.
  Please use '+lint=TFIPC-L' to print out detailed information of unconnected 
  ports.


Warning-[TFIPC] Too few instance port connections
./ed25519.v, 132336
ed25519, "TLATX1 redZ_b_in_w_reg_64_( .D (N7615),  .G (FE_OFN695_n70660),  .Q (redZ_b_in_w[64]));"
  The above instance has fewer port connections than the module definition.
  Please use '+lint=TFIPC-L' to print out detailed information of unconnected 
  ports.


Warning-[TFIPC] Too few instance port connections
./ed25519.v, 132339
ed25519, "TLATX1 redZ_b_in_w_reg_63_( .D (N7614),  .G (FE_OFN694_n70660),  .Q (redZ_b_in_w[63]));"
  The above instance has fewer port connections than the module definition.
  Please use '+lint=TFIPC-L' to print out detailed information of unconnected 
  ports.


Warning-[TFIPC] Too few instance port connections
./ed25519.v, 132342
ed25519, "TLATX1 redZ_b_in_w_reg_252_( .D (N7803),  .G (FE_OFN694_n70660),  .Q (redZ_b_in_w[252]));"
  The above instance has fewer port connections than the module definition.
  Please use '+lint=TFIPC-L' to print out detailed information of unconnected 
  ports.


Warning-[TFIPC] Too few instance port connections
./ed25519.v, 132345
ed25519, "TLATX1 redZ_b_in_w_reg_246_( .D (N7797),  .G (FE_OFN694_n70660),  .Q (redZ_b_in_w[246]));"
  The above instance has fewer port connections than the module definition.
  Please use '+lint=TFIPC-L' to print out detailed information of unconnected 
  ports.


Warning-[TFIPC] Too few instance port connections
./ed25519.v, 132348
ed25519, "TLATX1 redZ_b_in_w_reg_244_( .D (N7795),  .G (FE_OFN694_n70660),  .Q (redZ_b_in_w[244]));"
  The above instance has fewer port connections than the module definition.
  Please use '+lint=TFIPC-L' to print out detailed information of unconnected 
  ports.


Warning-[TFIPC] Too few instance port connections
./ed25519.v, 132351
ed25519, "TLATX1 redZ_b_in_w_reg_242_( .D (N7793),  .G (FE_OFN694_n70660),  .Q (redZ_b_in_w[242]));"
  The above instance has fewer port connections than the module definition.
  Please use '+lint=TFIPC-L' to print out detailed information of unconnected 
  ports.


Warning-[TFIPC] Too few instance port connections
./ed25519.v, 132354
ed25519, "TLATX1 redZ_b_in_w_reg_241_( .D (N7792),  .G (FE_OFN694_n70660),  .Q (redZ_b_in_w[241]));"
  The above instance has fewer port connections than the module definition.
  Please use '+lint=TFIPC-L' to print out detailed information of unconnected 
  ports.


Warning-[TFIPC] Too few instance port connections
./ed25519.v, 132357
ed25519, "TLATX1 redZ_b_in_w_reg_238_( .D (N7789),  .G (FE_OFN698_n70660),  .Q (redZ_b_in_w[238]));"
  The above instance has fewer port connections than the module definition.
  Please use '+lint=TFIPC-L' to print out detailed information of unconnected 
  ports.


Warning-[TFIPC] Too few instance port connections
./ed25519.v, 132360
ed25519, "TLATX1 redZ_b_in_w_reg_237_( .D (N7788),  .G (FE_OFN698_n70660),  .Q (redZ_b_in_w[237]));"
  The above instance has fewer port connections than the module definition.
  Please use '+lint=TFIPC-L' to print out detailed information of unconnected 
  ports.


Warning-[TFIPC] Too few instance port connections
./ed25519.v, 132363
ed25519, "TLATX1 redZ_b_in_w_reg_234_( .D (N7785),  .G (FE_OFN698_n70660),  .Q (redZ_b_in_w[234]));"
  The above instance has fewer port connections than the module definition.
  Please use '+lint=TFIPC-L' to print out detailed information of unconnected 
  ports.


Warning-[TFIPC] Too few instance port connections
./ed25519.v, 132366
ed25519, "TLATX1 redZ_b_in_w_reg_232_( .D (N7783),  .G (FE_OFN698_n70660),  .Q (redZ_b_in_w[232]));"
  The above instance has fewer port connections than the module definition.
  Please use '+lint=TFIPC-L' to print out detailed information of unconnected 
  ports.


Warning-[TFIPC] Too few instance port connections
./ed25519.v, 132369
ed25519, "TLATX1 redZ_b_in_w_reg_230_( .D (N7781),  .G (FE_OFN696_n70660),  .Q (redZ_b_in_w[230]));"
  The above instance has fewer port connections than the module definition.
  Please use '+lint=TFIPC-L' to print out detailed information of unconnected 
  ports.


Warning-[TFIPC] Too few instance port connections
./ed25519.v, 132372
ed25519, "TLATX1 redZ_b_in_w_reg_228_( .D (N7779),  .G (FE_OFN696_n70660),  .Q (redZ_b_in_w[228]));"
  The above instance has fewer port connections than the module definition.
  Please use '+lint=TFIPC-L' to print out detailed information of unconnected 
  ports.


Warning-[TFIPC] Too few instance port connections
./ed25519.v, 132375
ed25519, "TLATX1 redZ_b_in_w_reg_227_( .D (N7778),  .G (FE_OFN696_n70660),  .Q (redZ_b_in_w[227]));"
  The above instance has fewer port connections than the module definition.
  Please use '+lint=TFIPC-L' to print out detailed information of unconnected 
  ports.


Warning-[TFIPC] Too few instance port connections
./ed25519.v, 132378
ed25519, "TLATX1 redZ_b_in_w_reg_226_( .D (N7777),  .G (FE_OFN696_n70660),  .Q (redZ_b_in_w[226]));"
  The above instance has fewer port connections than the module definition.
  Please use '+lint=TFIPC-L' to print out detailed information of unconnected 
  ports.


Warning-[TFIPC] Too few instance port connections
./ed25519.v, 132381
ed25519, "TLATX1 redZ_b_in_w_reg_225_( .D (N7776),  .G (FE_OFN696_n70660),  .Q (redZ_b_in_w[225]));"
  The above instance has fewer port connections than the module definition.
  Please use '+lint=TFIPC-L' to print out detailed information of unconnected 
  ports.


Warning-[TFIPC] Too few instance port connections
./ed25519.v, 132384
ed25519, "TLATX1 redZ_b_in_w_reg_224_( .D (N7775),  .G (FE_OFN697_n70660),  .Q (redZ_b_in_w[224]));"
  The above instance has fewer port connections than the module definition.
  Please use '+lint=TFIPC-L' to print out detailed information of unconnected 
  ports.


Warning-[TFIPC] Too few instance port connections
./ed25519.v, 132387
ed25519, "TLATX1 redZ_b_in_w_reg_223_( .D (N7774),  .G (FE_OFN697_n70660),  .Q (redZ_b_in_w[223]));"
  The above instance has fewer port connections than the module definition.
  Please use '+lint=TFIPC-L' to print out detailed information of unconnected 
  ports.


Warning-[TFIPC] Too few instance port connections
./ed25519.v, 132390
ed25519, "TLATX1 redZ_b_in_w_reg_222_( .D (N7773),  .G (FE_OFN697_n70660),  .Q (redZ_b_in_w[222]));"
  The above instance has fewer port connections than the module definition.
  Please use '+lint=TFIPC-L' to print out detailed information of unconnected 
  ports.


Warning-[TFIPC] Too few instance port connections
./ed25519.v, 132393
ed25519, "TLATX1 redZ_b_in_w_reg_221_( .D (N7772),  .G (FE_OFN696_n70660),  .Q (redZ_b_in_w[221]));"
  The above instance has fewer port connections than the module definition.
  Please use '+lint=TFIPC-L' to print out detailed information of unconnected 
  ports.


Warning-[TFIPC] Too few instance port connections
./ed25519.v, 132396
ed25519, "TLATX1 redZ_b_in_w_reg_216_( .D (N7767),  .G (FE_OFN696_n70660),  .Q (redZ_b_in_w[216]));"
  The above instance has fewer port connections than the module definition.
  Please use '+lint=TFIPC-L' to print out detailed information of unconnected 
  ports.


Warning-[TFIPC] Too few instance port connections
./ed25519.v, 132399
ed25519, "TLATX1 redZ_b_in_w_reg_212_( .D (N7763),  .G (FE_OFN697_n70660),  .Q (redZ_b_in_w[212]));"
  The above instance has fewer port connections than the module definition.
  Please use '+lint=TFIPC-L' to print out detailed information of unconnected 
  ports.


Warning-[TFIPC] Too few instance port connections
./ed25519.v, 132402
ed25519, "TLATX1 redZ_b_in_w_reg_211_( .D (N7762),  .G (FE_OFN697_n70660),  .Q (redZ_b_in_w[211]));"
  The above instance has fewer port connections than the module definition.
  Please use '+lint=TFIPC-L' to print out detailed information of unconnected 
  ports.


Warning-[TFIPC] Too few instance port connections
./ed25519.v, 132405
ed25519, "TLATX1 redZ_b_in_w_reg_210_( .D (N7761),  .G (FE_OFN697_n70660),  .Q (redZ_b_in_w[210]));"
  The above instance has fewer port connections than the module definition.
  Please use '+lint=TFIPC-L' to print out detailed information of unconnected 
  ports.


Warning-[TFIPC] Too few instance port connections
./ed25519.v, 132408
ed25519, "TLATX1 redZ_b_in_w_reg_207_( .D (N7758),  .G (FE_OFN695_n70660),  .Q (redZ_b_in_w[207]));"
  The above instance has fewer port connections than the module definition.
  Please use '+lint=TFIPC-L' to print out detailed information of unconnected 
  ports.


Warning-[TFIPC] Too few instance port connections
./ed25519.v, 132411
ed25519, "TLATX1 redZ_b_in_w_reg_206_( .D (N7757),  .G (FE_OFN695_n70660),  .Q (redZ_b_in_w[206]));"
  The above instance has fewer port connections than the module definition.
  Please use '+lint=TFIPC-L' to print out detailed information of unconnected 
  ports.


Warning-[TFIPC] Too few instance port connections
./ed25519.v, 132414
ed25519, "TLATX1 redZ_b_in_w_reg_203_( .D (N7754),  .G (FE_OFN695_n70660),  .Q (redZ_b_in_w[203]));"
  The above instance has fewer port connections than the module definition.
  Please use '+lint=TFIPC-L' to print out detailed information of unconnected 
  ports.


Warning-[TFIPC] Too few instance port connections
./ed25519.v, 132417
ed25519, "TLATX1 redZ_b_in_w_reg_202_( .D (N7753),  .G (FE_OFN695_n70660),  .Q (redZ_b_in_w[202]));"
  The above instance has fewer port connections than the module definition.
  Please use '+lint=TFIPC-L' to print out detailed information of unconnected 
  ports.


Warning-[TFIPC] Too few instance port connections
./ed25519.v, 132420
ed25519, "TLATX1 redZ_b_in_w_reg_200_( .D (N7751),  .G (FE_OFN695_n70660),  .Q (redZ_b_in_w[200]));"
  The above instance has fewer port connections than the module definition.
  Please use '+lint=TFIPC-L' to print out detailed information of unconnected 
  ports.


Warning-[TFIPC] Too few instance port connections
./ed25519.v, 132423
ed25519, "TLATX1 redZ_b_in_w_reg_198_( .D (N7749),  .G (FE_OFN695_n70660),  .Q (redZ_b_in_w[198]));"
  The above instance has fewer port connections than the module definition.
  Please use '+lint=TFIPC-L' to print out detailed information of unconnected 
  ports.


Warning-[TFIPC] Too few instance port connections
./ed25519.v, 132426
ed25519, "TLATX1 redZ_b_in_w_reg_196_( .D (N7747),  .G (FE_OFN695_n70660),  .Q (redZ_b_in_w[196]));"
  The above instance has fewer port connections than the module definition.
  Please use '+lint=TFIPC-L' to print out detailed information of unconnected 
  ports.


Warning-[TFIPC] Too few instance port connections
./ed25519.v, 132429
ed25519, "TLATX1 redZ_b_in_w_reg_195_( .D (N7746),  .G (FE_OFN695_n70660),  .Q (redZ_b_in_w[195]));"
  The above instance has fewer port connections than the module definition.
  Please use '+lint=TFIPC-L' to print out detailed information of unconnected 
  ports.


Warning-[TFIPC] Too few instance port connections
./ed25519.v, 132432
ed25519, "TLATX1 redZ_b_in_w_reg_194_( .D (N7745),  .G (FE_OFN695_n70660),  .Q (redZ_b_in_w[194]));"
  The above instance has fewer port connections than the module definition.
  Please use '+lint=TFIPC-L' to print out detailed information of unconnected 
  ports.


Warning-[TFIPC] Too few instance port connections
./ed25519.v, 132435
ed25519, "TLATX1 redZ_b_in_w_reg_193_( .D (N7744),  .G (FE_OFN695_n70660),  .Q (redZ_b_in_w[193]));"
  The above instance has fewer port connections than the module definition.
  Please use '+lint=TFIPC-L' to print out detailed information of unconnected 
  ports.


Warning-[TFIPC] Too few instance port connections
./ed25519.v, 132438
ed25519, "TLATX1 redZ_b_in_w_reg_192_( .D (N7743),  .G (FE_OFN695_n70660),  .Q (redZ_b_in_w[192]));"
  The above instance has fewer port connections than the module definition.
  Please use '+lint=TFIPC-L' to print out detailed information of unconnected 
  ports.


Warning-[TFIPC] Too few instance port connections
./ed25519.v, 132441
ed25519, "TLATX1 redZ_b_in_w_reg_187_( .D (N7738),  .G (FE_OFN694_n70660),  .Q (redZ_b_in_w[187]));"
  The above instance has fewer port connections than the module definition.
  Please use '+lint=TFIPC-L' to print out detailed information of unconnected 
  ports.


Warning-[TFIPC] Too few instance port connections
./ed25519.v, 132444
ed25519, "TLATX1 redZ_b_in_w_reg_186_( .D (N7737),  .G (FE_OFN694_n70660),  .Q (redZ_b_in_w[186]));"
  The above instance has fewer port connections than the module definition.
  Please use '+lint=TFIPC-L' to print out detailed information of unconnected 
  ports.


Warning-[TFIPC] Too few instance port connections
./ed25519.v, 132447
ed25519, "TLATX1 redZ_b_in_w_reg_185_( .D (N7736),  .G (FE_OFN694_n70660),  .Q (redZ_b_in_w[185]));"
  The above instance has fewer port connections than the module definition.
  Please use '+lint=TFIPC-L' to print out detailed information of unconnected 
  ports.


Warning-[TFIPC] Too few instance port connections
./ed25519.v, 132450
ed25519, "TLATX1 redZ_b_in_w_reg_184_( .D (N7735),  .G (FE_OFN694_n70660),  .Q (redZ_b_in_w[184]));"
  The above instance has fewer port connections than the module definition.
  Please use '+lint=TFIPC-L' to print out detailed information of unconnected 
  ports.


Warning-[TFIPC] Too few instance port connections
./ed25519.v, 132453
ed25519, "TLATX1 redZ_b_in_w_reg_183_( .D (N7734),  .G (FE_OFN694_n70660),  .Q (redZ_b_in_w[183]));"
  The above instance has fewer port connections than the module definition.
  Please use '+lint=TFIPC-L' to print out detailed information of unconnected 
  ports.


Warning-[TFIPC] Too few instance port connections
./ed25519.v, 132456
ed25519, "TLATX1 redZ_b_in_w_reg_182_( .D (N7733),  .G (FE_OFN694_n70660),  .Q (redZ_b_in_w[182]));"
  The above instance has fewer port connections than the module definition.
  Please use '+lint=TFIPC-L' to print out detailed information of unconnected 
  ports.


Warning-[TFIPC] Too few instance port connections
./ed25519.v, 132459
ed25519, "TLATX1 redZ_b_in_w_reg_181_( .D (N7732),  .G (FE_OFN698_n70660),  .Q (redZ_b_in_w[181]));"
  The above instance has fewer port connections than the module definition.
  Please use '+lint=TFIPC-L' to print out detailed information of unconnected 
  ports.


Warning-[TFIPC] Too few instance port connections
./ed25519.v, 132462
ed25519, "TLATX1 redZ_b_in_w_reg_179_( .D (N7730),  .G (FE_OFN694_n70660),  .Q (redZ_b_in_w[179]));"
  The above instance has fewer port connections than the module definition.
  Please use '+lint=TFIPC-L' to print out detailed information of unconnected 
  ports.


Warning-[TFIPC] Too few instance port connections
./ed25519.v, 132465
ed25519, "TLATX1 redZ_b_in_w_reg_177_( .D (N7728),  .G (FE_OFN698_n70660),  .Q (redZ_b_in_w[177]));"
  The above instance has fewer port connections than the module definition.
  Please use '+lint=TFIPC-L' to print out detailed information of unconnected 
  ports.


Warning-[TFIPC] Too few instance port connections
./ed25519.v, 132468
ed25519, "TLATX1 redZ_b_in_w_reg_175_( .D (N7726),  .G (FE_OFN698_n70660),  .Q (redZ_b_in_w[175]));"
  The above instance has fewer port connections than the module definition.
  Please use '+lint=TFIPC-L' to print out detailed information of unconnected 
  ports.


Warning-[TFIPC] Too few instance port connections
./ed25519.v, 132471
ed25519, "TLATX1 redZ_b_in_w_reg_174_( .D (N7725),  .G (FE_OFN698_n70660),  .Q (redZ_b_in_w[174]));"
  The above instance has fewer port connections than the module definition.
  Please use '+lint=TFIPC-L' to print out detailed information of unconnected 
  ports.


Warning-[TFIPC] Too few instance port connections
./ed25519.v, 132474
ed25519, "TLATX1 redZ_b_in_w_reg_173_( .D (N7724),  .G (FE_OFN698_n70660),  .Q (redZ_b_in_w[173]));"
  The above instance has fewer port connections than the module definition.
  Please use '+lint=TFIPC-L' to print out detailed information of unconnected 
  ports.


Warning-[TFIPC] Too few instance port connections
./ed25519.v, 132477
ed25519, "TLATX1 redZ_b_in_w_reg_172_( .D (N7723),  .G (FE_OFN698_n70660),  .Q (redZ_b_in_w[172]));"
  The above instance has fewer port connections than the module definition.
  Please use '+lint=TFIPC-L' to print out detailed information of unconnected 
  ports.


Warning-[TFIPC] Too few instance port connections
./ed25519.v, 132480
ed25519, "TLATX1 redZ_b_in_w_reg_171_( .D (N7722),  .G (FE_OFN698_n70660),  .Q (redZ_b_in_w[171]));"
  The above instance has fewer port connections than the module definition.
  Please use '+lint=TFIPC-L' to print out detailed information of unconnected 
  ports.


Warning-[TFIPC] Too few instance port connections
./ed25519.v, 132483
ed25519, "TLATX1 redZ_b_in_w_reg_170_( .D (N7721),  .G (FE_OFN696_n70660),  .Q (redZ_b_in_w[170]));"
  The above instance has fewer port connections than the module definition.
  Please use '+lint=TFIPC-L' to print out detailed information of unconnected 
  ports.


Warning-[TFIPC] Too few instance port connections
./ed25519.v, 132486
ed25519, "TLATX1 redZ_b_in_w_reg_165_( .D (N7716),  .G (FE_OFN696_n70660),  .Q (redZ_b_in_w[165]));"
  The above instance has fewer port connections than the module definition.
  Please use '+lint=TFIPC-L' to print out detailed information of unconnected 
  ports.


Warning-[TFIPC] Too few instance port connections
./ed25519.v, 132489
ed25519, "TLATX1 redZ_b_in_w_reg_164_( .D (N7715),  .G (FE_OFN696_n70660),  .Q (redZ_b_in_w[164]));"
  The above instance has fewer port connections than the module definition.
  Please use '+lint=TFIPC-L' to print out detailed information of unconnected 
  ports.


Warning-[TFIPC] Too few instance port connections
./ed25519.v, 132492
ed25519, "TLATX1 redZ_b_in_w_reg_163_( .D (N7714),  .G (FE_OFN696_n70660),  .Q (redZ_b_in_w[163]));"
  The above instance has fewer port connections than the module definition.
  Please use '+lint=TFIPC-L' to print out detailed information of unconnected 
  ports.


Warning-[TFIPC] Too few instance port connections
./ed25519.v, 132495
ed25519, "TLATX1 redZ_b_in_w_reg_162_( .D (N7713),  .G (FE_OFN697_n70660),  .Q (redZ_b_in_w[162]));"
  The above instance has fewer port connections than the module definition.
  Please use '+lint=TFIPC-L' to print out detailed information of unconnected 
  ports.


Warning-[TFIPC] Too few instance port connections
./ed25519.v, 132498
ed25519, "TLATX1 redZ_b_in_w_reg_159_( .D (N7710),  .G (FE_OFN696_n70660),  .Q (redZ_b_in_w[159]));"
  The above instance has fewer port connections than the module definition.
  Please use '+lint=TFIPC-L' to print out detailed information of unconnected 
  ports.


Warning-[TFIPC] Too few instance port connections
./ed25519.v, 132501
ed25519, "TLATX1 redZ_b_in_w_reg_158_( .D (N7709),  .G (FE_OFN696_n70660),  .Q (redZ_b_in_w[158]));"
  The above instance has fewer port connections than the module definition.
  Please use '+lint=TFIPC-L' to print out detailed information of unconnected 
  ports.


Warning-[TFIPC] Too few instance port connections
./ed25519.v, 132504
ed25519, "TLATX1 redZ_b_in_w_reg_157_( .D (N7708),  .G (FE_OFN696_n70660),  .Q (redZ_b_in_w[157]));"
  The above instance has fewer port connections than the module definition.
  Please use '+lint=TFIPC-L' to print out detailed information of unconnected 
  ports.


Warning-[TFIPC] Too few instance port connections
./ed25519.v, 132507
ed25519, "TLATX1 redZ_b_in_w_reg_6_( .D (N7557),  .G (FE_OFN695_n70660),  .Q (redZ_b_in_w[6]));"
  The above instance has fewer port connections than the module definition.
  Please use '+lint=TFIPC-L' to print out detailed information of unconnected 
  ports.


Warning-[TFIPC] Too few instance port connections
./ed25519.v, 132510
ed25519, "TLATX1 redZ_b_in_w_reg_10_( .D (N7561),  .G (FE_OFN695_n70660),  .Q (redZ_b_in_w[10]));"
  The above instance has fewer port connections than the module definition.
  Please use '+lint=TFIPC-L' to print out detailed information of unconnected 
  ports.


Warning-[TFIPC] Too few instance port connections
./ed25519.v, 132513
ed25519, "TLATX1 redZ_b_in_w_reg_11_( .D (N7562),  .G (FE_OFN695_n70660),  .Q (redZ_b_in_w[11]));"
  The above instance has fewer port connections than the module definition.
  Please use '+lint=TFIPC-L' to print out detailed information of unconnected 
  ports.


Warning-[TFIPC] Too few instance port connections
./ed25519.v, 132516
ed25519, "TLATX1 redZ_b_in_w_reg_12_( .D (N7563),  .G (FE_OFN695_n70660),  .Q (redZ_b_in_w[12]));"
  The above instance has fewer port connections than the module definition.
  Please use '+lint=TFIPC-L' to print out detailed information of unconnected 
  ports.


Warning-[TFIPC] Too few instance port connections
./ed25519.v, 132519
ed25519, "TLATX1 redZ_b_in_w_reg_13_( .D (N7564),  .G (FE_OFN695_n70660),  .Q (redZ_b_in_w[13]));"
  The above instance has fewer port connections than the module definition.
  Please use '+lint=TFIPC-L' to print out detailed information of unconnected 
  ports.


Warning-[TFIPC] Too few instance port connections
./ed25519.v, 132522
ed25519, "TLATX1 redZ_b_in_w_reg_15_( .D (N7566),  .G (FE_OFN695_n70660),  .Q (redZ_b_in_w[15]));"
  The above instance has fewer port connections than the module definition.
  Please use '+lint=TFIPC-L' to print out detailed information of unconnected 
  ports.


Warning-[TFIPC] Too few instance port connections
./ed25519.v, 132525
ed25519, "TLATX1 redZ_b_in_w_reg_16_( .D (N7567),  .G (FE_OFN696_n70660),  .Q (redZ_b_in_w[16]));"
  The above instance has fewer port connections than the module definition.
  Please use '+lint=TFIPC-L' to print out detailed information of unconnected 
  ports.


Warning-[TFIPC] Too few instance port connections
./ed25519.v, 132528
ed25519, "TLATX1 redZ_b_in_w_reg_19_( .D (N7570),  .G (FE_OFN696_n70660),  .Q (redZ_b_in_w[19]));"
  The above instance has fewer port connections than the module definition.
  Please use '+lint=TFIPC-L' to print out detailed information of unconnected 
  ports.


Warning-[TFIPC] Too few instance port connections
./ed25519.v, 132531
ed25519, "TLATX1 redZ_b_in_w_reg_43_( .D (N7594),  .G (FE_OFN696_n70660),  .Q (redZ_b_in_w[43]));"
  The above instance has fewer port connections than the module definition.
  Please use '+lint=TFIPC-L' to print out detailed information of unconnected 
  ports.


Warning-[TFIPC] Too few instance port connections
./ed25519.v, 132534
ed25519, "TLATX1 redZ_b_in_w_reg_48_( .D (N7599),  .G (FE_OFN698_n70660),  .Q (redZ_b_in_w[48]));"
  The above instance has fewer port connections than the module definition.
  Please use '+lint=TFIPC-L' to print out detailed information of unconnected 
  ports.


Warning-[TFIPC] Too few instance port connections
./ed25519.v, 132537
ed25519, "TLATX1 redZ_b_in_w_reg_49_( .D (N7600),  .G (FE_OFN698_n70660),  .Q (redZ_b_in_w[49]));"
  The above instance has fewer port connections than the module definition.
  Please use '+lint=TFIPC-L' to print out detailed information of unconnected 
  ports.


Warning-[TFIPC] Too few instance port connections
./ed25519.v, 132540
ed25519, "TLATX1 redZ_b_in_w_reg_52_( .D (N7603),  .G (FE_OFN694_n70660),  .Q (redZ_b_in_w[52]));"
  The above instance has fewer port connections than the module definition.
  Please use '+lint=TFIPC-L' to print out detailed information of unconnected 
  ports.


Warning-[TFIPC] Too few instance port connections
./ed25519.v, 132543
ed25519, "TLATX1 redZ_b_in_w_reg_156_( .D (N7707),  .G (FE_OFN696_n70660),  .Q (redZ_b_in_w[156]));"
  The above instance has fewer port connections than the module definition.
  Please use '+lint=TFIPC-L' to print out detailed information of unconnected 
  ports.


Warning-[TFIPC] Too few instance port connections
./ed25519.v, 132546
ed25519, "TLATX1 redZ_b_in_w_reg_152_( .D (N7703),  .G (FE_OFN696_n70660),  .Q (redZ_b_in_w[152]));"
  The above instance has fewer port connections than the module definition.
  Please use '+lint=TFIPC-L' to print out detailed information of unconnected 
  ports.


Warning-[TFIPC] Too few instance port connections
./ed25519.v, 132549
ed25519, "TLATX1 redZ_b_in_w_reg_146_( .D (N7697),  .G (FE_OFN696_n70660),  .Q (redZ_b_in_w[146]));"
  The above instance has fewer port connections than the module definition.
  Please use '+lint=TFIPC-L' to print out detailed information of unconnected 
  ports.


Warning-[TFIPC] Too few instance port connections
./ed25519.v, 132552
ed25519, "TLATX1 redZ_b_in_w_reg_145_( .D (N7696),  .G (FE_OFN696_n70660),  .Q (redZ_b_in_w[145]));"
  The above instance has fewer port connections than the module definition.
  Please use '+lint=TFIPC-L' to print out detailed information of unconnected 
  ports.


Warning-[TFIPC] Too few instance port connections
./ed25519.v, 132555
ed25519, "TLATX1 redZ_b_in_w_reg_143_( .D (N7694),  .G (FE_OFN695_n70660),  .Q (redZ_b_in_w[143]));"
  The above instance has fewer port connections than the module definition.
  Please use '+lint=TFIPC-L' to print out detailed information of unconnected 
  ports.


Warning-[TFIPC] Too few instance port connections
./ed25519.v, 132558
ed25519, "TLATX1 redZ_b_in_w_reg_140_( .D (N7691),  .G (FE_OFN695_n70660),  .Q (redZ_b_in_w[140]));"
  The above instance has fewer port connections than the module definition.
  Please use '+lint=TFIPC-L' to print out detailed information of unconnected 
  ports.


Warning-[TFIPC] Too few instance port connections
./ed25519.v, 132561
ed25519, "TLATX1 redZ_b_in_w_reg_138_( .D (N7689),  .G (FE_OFN695_n70660),  .Q (redZ_b_in_w[138]));"
  The above instance has fewer port connections than the module definition.
  Please use '+lint=TFIPC-L' to print out detailed information of unconnected 
  ports.


Warning-[TFIPC] Too few instance port connections
./ed25519.v, 132564
ed25519, "TLATX1 redZ_b_in_w_reg_137_( .D (N7688),  .G (FE_OFN695_n70660),  .Q (redZ_b_in_w[137]));"
  The above instance has fewer port connections than the module definition.
  Please use '+lint=TFIPC-L' to print out detailed information of unconnected 
  ports.


Warning-[TFIPC] Too few instance port connections
./ed25519.v, 132567
ed25519, "TLATX1 redZ_b_in_w_reg_132_( .D (N7683),  .G (FE_OFN695_n70660),  .Q (redZ_b_in_w[132]));"
  The above instance has fewer port connections than the module definition.
  Please use '+lint=TFIPC-L' to print out detailed information of unconnected 
  ports.


Warning-[TFIPC] Too few instance port connections
./ed25519.v, 132570
ed25519, "TLATX1 redZ_b_in_w_reg_130_( .D (N7681),  .G (FE_OFN695_n70660),  .Q (redZ_b_in_w[130]));"
  The above instance has fewer port connections than the module definition.
  Please use '+lint=TFIPC-L' to print out detailed information of unconnected 
  ports.


Warning-[TFIPC] Too few instance port connections
./ed25519.v, 132573
ed25519, "TLATX1 redZ_b_in_w_reg_2_( .D (N7553),  .G (FE_OFN695_n70660),  .Q (redZ_b_in_w[2]));"
  The above instance has fewer port connections than the module definition.
  Please use '+lint=TFIPC-L' to print out detailed information of unconnected 
  ports.


Warning-[TFIPC] Too few instance port connections
./ed25519.v, 132576
ed25519, "TLATX1 redZ_b_in_w_reg_7_( .D (N7558),  .G (FE_OFN695_n70660),  .Q (redZ_b_in_w[7]));"
  The above instance has fewer port connections than the module definition.
  Please use '+lint=TFIPC-L' to print out detailed information of unconnected 
  ports.


Warning-[TFIPC] Too few instance port connections
./ed25519.v, 132579
ed25519, "TLATX1 redZ_b_in_w_reg_24_( .D (N7575),  .G (FE_OFN696_n70660),  .Q (redZ_b_in_w[24]));"
  The above instance has fewer port connections than the module definition.
  Please use '+lint=TFIPC-L' to print out detailed information of unconnected 
  ports.


Warning-[TFIPC] Too few instance port connections
./ed25519.v, 132582
ed25519, "TLATX1 redZ_b_in_w_reg_26_( .D (N7577),  .G (FE_OFN696_n70660),  .Q (redZ_b_in_w[26]));"
  The above instance has fewer port connections than the module definition.
  Please use '+lint=TFIPC-L' to print out detailed information of unconnected 
  ports.


Warning-[TFIPC] Too few instance port connections
./ed25519.v, 132585
ed25519, "TLATX1 redZ_b_in_w_reg_28_( .D (N7579),  .G (FE_OFN696_n70660),  .Q (redZ_b_in_w[28]));"
  The above instance has fewer port connections than the module definition.
  Please use '+lint=TFIPC-L' to print out detailed information of unconnected 
  ports.


Warning-[TFIPC] Too few instance port connections
./ed25519.v, 132588
ed25519, "TLATX1 redZ_b_in_w_reg_29_( .D (N7580),  .G (FE_OFN696_n70660),  .Q (redZ_b_in_w[29]));"
  The above instance has fewer port connections than the module definition.
  Please use '+lint=TFIPC-L' to print out detailed information of unconnected 
  ports.


Warning-[TFIPC] Too few instance port connections
./ed25519.v, 132591
ed25519, "TLATX1 redZ_b_in_w_reg_32_( .D (N7583),  .G (FE_OFN696_n70660),  .Q (redZ_b_in_w[32]));"
  The above instance has fewer port connections than the module definition.
  Please use '+lint=TFIPC-L' to print out detailed information of unconnected 
  ports.


Warning-[TFIPC] Too few instance port connections
./ed25519.v, 132594
ed25519, "TLATX1 redZ_b_in_w_reg_33_( .D (N7584),  .G (FE_OFN696_n70660),  .Q (redZ_b_in_w[33]));"
  The above instance has fewer port connections than the module definition.
  Please use '+lint=TFIPC-L' to print out detailed information of unconnected 
  ports.


Warning-[TFIPC] Too few instance port connections
./ed25519.v, 132597
ed25519, "TLATX1 redZ_b_in_w_reg_37_( .D (N7588),  .G (FE_OFN696_n70660),  .Q (redZ_b_in_w[37]));"
  The above instance has fewer port connections than the module definition.
  Please use '+lint=TFIPC-L' to print out detailed information of unconnected 
  ports.


Warning-[TFIPC] Too few instance port connections
./ed25519.v, 132600
ed25519, "TLATX1 redZ_b_in_w_reg_38_( .D (N7589),  .G (FE_OFN696_n70660),  .Q (redZ_b_in_w[38]));"
  The above instance has fewer port connections than the module definition.
  Please use '+lint=TFIPC-L' to print out detailed information of unconnected 
  ports.


Warning-[TFIPC] Too few instance port connections
./ed25519.v, 132603
ed25519, "TLATX1 redZ_b_in_w_reg_40_( .D (N7591),  .G (FE_OFN696_n70660),  .Q (redZ_b_in_w[40]));"
  The above instance has fewer port connections than the module definition.
  Please use '+lint=TFIPC-L' to print out detailed information of unconnected 
  ports.


Warning-[TFIPC] Too few instance port connections
./ed25519.v, 132606
ed25519, "TLATX1 redZ_b_in_w_reg_53_( .D (N7604),  .G (FE_OFN698_n70660),  .Q (redZ_b_in_w[53]));"
  The above instance has fewer port connections than the module definition.
  Please use '+lint=TFIPC-L' to print out detailed information of unconnected 
  ports.


Warning-[TFIPC] Too few instance port connections
./ed25519.v, 132609
ed25519, "TLATX1 redZ_b_in_w_reg_57_( .D (N7608),  .G (FE_OFN694_n70660),  .Q (redZ_b_in_w[57]));"
  The above instance has fewer port connections than the module definition.
  Please use '+lint=TFIPC-L' to print out detailed information of unconnected 
  ports.


Warning-[TFIPC] Too few instance port connections
./ed25519.v, 132612
ed25519, "TLATX1 redZ_b_in_w_reg_155_( .D (N7706),  .G (FE_OFN696_n70660),  .Q (redZ_b_in_w[155]));"
  The above instance has fewer port connections than the module definition.
  Please use '+lint=TFIPC-L' to print out detailed information of unconnected 
  ports.


Warning-[TFIPC] Too few instance port connections
./ed25519.v, 132615
ed25519, "TLATX1 redZ_b_in_w_reg_154_( .D (N7705),  .G (FE_OFN696_n70660),  .Q (redZ_b_in_w[154]));"
  The above instance has fewer port connections than the module definition.
  Please use '+lint=TFIPC-L' to print out detailed information of unconnected 
  ports.


Warning-[TFIPC] Too few instance port connections
./ed25519.v, 132618
ed25519, "TLATX1 redZ_b_in_w_reg_148_( .D (N7699),  .G (FE_OFN697_n70660),  .Q (redZ_b_in_w[148]));"
  The above instance has fewer port connections than the module definition.
  Please use '+lint=TFIPC-L' to print out detailed information of unconnected 
  ports.


Warning-[TFIPC] Too few instance port connections
./ed25519.v, 132621
ed25519, "TLATX1 redZ_b_in_w_reg_147_( .D (N7698),  .G (FE_OFN695_n70660),  .Q (redZ_b_in_w[147]));"
  The above instance has fewer port connections than the module definition.
  Please use '+lint=TFIPC-L' to print out detailed information of unconnected 
  ports.


Warning-[TFIPC] Too few instance port connections
./ed25519.v, 132624
ed25519, "TLATX1 redZ_b_in_w_reg_144_( .D (N7695),  .G (FE_OFN696_n70660),  .Q (redZ_b_in_w[144]));"
  The above instance has fewer port connections than the module definition.
  Please use '+lint=TFIPC-L' to print out detailed information of unconnected 
  ports.


Warning-[TFIPC] Too few instance port connections
./ed25519.v, 132627
ed25519, "TLATX1 redZ_b_in_w_reg_142_( .D (N7693),  .G (FE_OFN695_n70660),  .Q (redZ_b_in_w[142]));"
  The above instance has fewer port connections than the module definition.
  Please use '+lint=TFIPC-L' to print out detailed information of unconnected 
  ports.


Warning-[TFIPC] Too few instance port connections
./ed25519.v, 132630
ed25519, "TLATX1 redZ_b_in_w_reg_123_( .D (N7674),  .G (FE_OFN694_n70660),  .Q (redZ_b_in_w[123]));"
  The above instance has fewer port connections than the module definition.
  Please use '+lint=TFIPC-L' to print out detailed information of unconnected 
  ports.


Warning-[TFIPC] Too few instance port connections
./ed25519.v, 132633
ed25519, "TLATX1 redZ_b_in_w_reg_115_( .D (N7666),  .G (FE_OFN694_n70660),  .Q (redZ_b_in_w[115]));"
  The above instance has fewer port connections than the module definition.
  Please use '+lint=TFIPC-L' to print out detailed information of unconnected 
  ports.


Warning-[TFIPC] Too few instance port connections
./ed25519.v, 132636
ed25519, "TLATX1 redZ_b_in_w_reg_113_( .D (N7664),  .G (FE_OFN694_n70660),  .Q (redZ_b_in_w[113]));"
  The above instance has fewer port connections than the module definition.
  Please use '+lint=TFIPC-L' to print out detailed information of unconnected 
  ports.


Warning-[TFIPC] Too few instance port connections
./ed25519.v, 132639
ed25519, "TLATX1 redZ_b_in_w_reg_112_( .D (N7663),  .G (FE_OFN694_n70660),  .Q (redZ_b_in_w[112]));"
  The above instance has fewer port connections than the module definition.
  Please use '+lint=TFIPC-L' to print out detailed information of unconnected 
  ports.


Warning-[TFIPC] Too few instance port connections
./ed25519.v, 132642
ed25519, "TLATX1 redZ_b_in_w_reg_109_( .D (N7660),  .G (FE_OFN698_n70660),  .Q (redZ_b_in_w[109]));"
  The above instance has fewer port connections than the module definition.
  Please use '+lint=TFIPC-L' to print out detailed information of unconnected 
  ports.


Warning-[TFIPC] Too few instance port connections
./ed25519.v, 132645
ed25519, "TLATX1 redZ_b_in_w_reg_108_( .D (N7659),  .G (FE_OFN698_n70660),  .Q (redZ_b_in_w[108]));"
  The above instance has fewer port connections than the module definition.
  Please use '+lint=TFIPC-L' to print out detailed information of unconnected 
  ports.


Warning-[TFIPC] Too few instance port connections
./ed25519.v, 132648
ed25519, "TLATX1 redZ_b_in_w_reg_105_( .D (N7656),  .G (FE_OFN698_n70660),  .Q (redZ_b_in_w[105]));"
  The above instance has fewer port connections than the module definition.
  Please use '+lint=TFIPC-L' to print out detailed information of unconnected 
  ports.


Warning-[TFIPC] Too few instance port connections
./ed25519.v, 132651
ed25519, "TLATX1 redZ_b_in_w_reg_104_( .D (N7655),  .G (FE_OFN696_n70660),  .Q (redZ_b_in_w[104]));"
  The above instance has fewer port connections than the module definition.
  Please use '+lint=TFIPC-L' to print out detailed information of unconnected 
  ports.


Warning-[TFIPC] Too few instance port connections
./ed25519.v, 132654
ed25519, "TLATX1 redZ_b_in_w_reg_103_( .D (N7654),  .G (FE_OFN696_n70660),  .Q (redZ_b_in_w[103]));"
  The above instance has fewer port connections than the module definition.
  Please use '+lint=TFIPC-L' to print out detailed information of unconnected 
  ports.


Warning-[TFIPC] Too few instance port connections
./ed25519.v, 132657
ed25519, "TLATX1 redZ_b_in_w_reg_102_( .D (N7653),  .G (FE_OFN696_n70660),  .Q (redZ_b_in_w[102]));"
  The above instance has fewer port connections than the module definition.
  Please use '+lint=TFIPC-L' to print out detailed information of unconnected 
  ports.


Warning-[TFIPC] Too few instance port connections
./ed25519.v, 132660
ed25519, "TLATX1 redZ_b_in_w_reg_99_( .D (N7650),  .G (FE_OFN696_n70660),  .Q (redZ_b_in_w[99]));"
  The above instance has fewer port connections than the module definition.
  Please use '+lint=TFIPC-L' to print out detailed information of unconnected 
  ports.


Warning-[TFIPC] Too few instance port connections
./ed25519.v, 132663
ed25519, "TLATX1 redZ_b_in_w_reg_97_( .D (N7648),  .G (FE_OFN696_n70660),  .Q (redZ_b_in_w[97]));"
  The above instance has fewer port connections than the module definition.
  Please use '+lint=TFIPC-L' to print out detailed information of unconnected 
  ports.


Warning-[TFIPC] Too few instance port connections
./ed25519.v, 132666
ed25519, "TLATX1 redZ_b_in_w_reg_96_( .D (N7647),  .G (FE_OFN696_n70660),  .Q (redZ_b_in_w[96]));"
  The above instance has fewer port connections than the module definition.
  Please use '+lint=TFIPC-L' to print out detailed information of unconnected 
  ports.


Warning-[TFIPC] Too few instance port connections
./ed25519.v, 132669
ed25519, "TLATX1 redZ_b_in_w_reg_88_( .D (N7639),  .G (FE_OFN696_n70660),  .Q (redZ_b_in_w[88]));"
  The above instance has fewer port connections than the module definition.
  Please use '+lint=TFIPC-L' to print out detailed information of unconnected 
  ports.


Warning-[TFIPC] Too few instance port connections
./ed25519.v, 132672
ed25519, "TLATX1 redZ_b_in_w_reg_86_( .D (N7637),  .G (FE_OFN697_n70660),  .Q (redZ_b_in_w[86]));"
  The above instance has fewer port connections than the module definition.
  Please use '+lint=TFIPC-L' to print out detailed information of unconnected 
  ports.


Warning-[TFIPC] Too few instance port connections
./ed25519.v, 132675
ed25519, "TLATX1 redZ_b_in_w_reg_82_( .D (N7633),  .G (FE_OFN695_n70660),  .Q (redZ_b_in_w[82]));"
  The above instance has fewer port connections than the module definition.
  Please use '+lint=TFIPC-L' to print out detailed information of unconnected 
  ports.


Warning-[TFIPC] Too few instance port connections
./ed25519.v, 132678
ed25519, "TLATX1 redZ_b_in_w_reg_81_( .D (N7632),  .G (FE_OFN697_n70660),  .Q (redZ_b_in_w[81]));"
  The above instance has fewer port connections than the module definition.
  Please use '+lint=TFIPC-L' to print out detailed information of unconnected 
  ports.


Warning-[TFIPC] Too few instance port connections
./ed25519.v, 132681
ed25519, "TLATX1 redZ_b_in_w_reg_79_( .D (N7630),  .G (FE_OFN695_n70660),  .Q (redZ_b_in_w[79]));"
  The above instance has fewer port connections than the module definition.
  Please use '+lint=TFIPC-L' to print out detailed information of unconnected 
  ports.


Warning-[TFIPC] Too few instance port connections
./ed25519.v, 132684
ed25519, "TLATX1 redZ_b_in_w_reg_78_( .D (N7629),  .G (FE_OFN695_n70660),  .Q (redZ_b_in_w[78]));"
  The above instance has fewer port connections than the module definition.
  Please use '+lint=TFIPC-L' to print out detailed information of unconnected 
  ports.


Warning-[TFIPC] Too few instance port connections
./ed25519.v, 132687
ed25519, "TLATX1 redZ_b_in_w_reg_76_( .D (N7627),  .G (FE_OFN695_n70660),  .Q (redZ_b_in_w[76]));"
  The above instance has fewer port connections than the module definition.
  Please use '+lint=TFIPC-L' to print out detailed information of unconnected 
  ports.


Warning-[TFIPC] Too few instance port connections
./ed25519.v, 132690
ed25519, "TLATX1 redZ_b_in_w_reg_71_( .D (N7622),  .G (FE_OFN695_n70660),  .Q (redZ_b_in_w[71]));"
  The above instance has fewer port connections than the module definition.
  Please use '+lint=TFIPC-L' to print out detailed information of unconnected 
  ports.


Warning-[TFIPC] Too few instance port connections
./ed25519.v, 132693
ed25519, "TLATX1 redZ_b_in_w_reg_67_( .D (N7618),  .G (FE_OFN695_n70660),  .Q (redZ_b_in_w[67]));"
  The above instance has fewer port connections than the module definition.
  Please use '+lint=TFIPC-L' to print out detailed information of unconnected 
  ports.


Warning-[TFIPC] Too few instance port connections
./ed25519.v, 132696
ed25519, "TLATX1 redZ_b_in_w_reg_66_( .D (N7617),  .G (FE_OFN695_n70660),  .Q (redZ_b_in_w[66]));"
  The above instance has fewer port connections than the module definition.
  Please use '+lint=TFIPC-L' to print out detailed information of unconnected 
  ports.


Warning-[TFIPC] Too few instance port connections
./ed25519.v, 132699
ed25519, "TLATX1 redZ_b_in_w_reg_65_( .D (N7616),  .G (FE_OFN695_n70660),  .Q (redZ_b_in_w[65]));"
  The above instance has fewer port connections than the module definition.
  Please use '+lint=TFIPC-L' to print out detailed information of unconnected 
  ports.


Warning-[TFIPC] Too few instance port connections
./ed25519.v, 132702
ed25519, "TLATX1 redZ_b_in_w_reg_62_( .D (N7613),  .G (FE_OFN694_n70660),  .Q (redZ_b_in_w[62]));"
  The above instance has fewer port connections than the module definition.
  Please use '+lint=TFIPC-L' to print out detailed information of unconnected 
  ports.


Warning-[TFIPC] Too few instance port connections
./ed25519.v, 132705
ed25519, "TLATX1 redZ_b_in_w_reg_61_( .D (N7612),  .G (FE_OFN694_n70660),  .Q (redZ_b_in_w[61]));"
  The above instance has fewer port connections than the module definition.
  Please use '+lint=TFIPC-L' to print out detailed information of unconnected 
  ports.


Warning-[TFIPC] Too few instance port connections
./ed25519.v, 132708
ed25519, "TLATX1 redZ_b_in_w_reg_60_( .D (N7611),  .G (FE_OFN694_n70660),  .Q (redZ_b_in_w[60]));"
  The above instance has fewer port connections than the module definition.
  Please use '+lint=TFIPC-L' to print out detailed information of unconnected 
  ports.


Warning-[TFIPC] Too few instance port connections
./ed25519.v, 132711
ed25519, "TLATX1 redZ_b_in_w_reg_59_( .D (N7610),  .G (FE_OFN694_n70660),  .Q (redZ_b_in_w[59]));"
  The above instance has fewer port connections than the module definition.
  Please use '+lint=TFIPC-L' to print out detailed information of unconnected 
  ports.


Warning-[TFIPC] Too few instance port connections
./ed25519.v, 132714
ed25519, "TLATX1 redZ_b_in_w_reg_58_( .D (N7609),  .G (FE_OFN694_n70660),  .Q (redZ_b_in_w[58]));"
  The above instance has fewer port connections than the module definition.
  Please use '+lint=TFIPC-L' to print out detailed information of unconnected 
  ports.


Warning-[TFIPC] Too few instance port connections
./ed25519.v, 132717
ed25519, "TLATX1 redZ_b_in_w_reg_254_( .D (N7805),  .G (FE_OFN694_n70660),  .Q (redZ_b_in_w[254]));"
  The above instance has fewer port connections than the module definition.
  Please use '+lint=TFIPC-L' to print out detailed information of unconnected 
  ports.


Warning-[TFIPC] Too few instance port connections
./ed25519.v, 132720
ed25519, "TLATX1 redZ_b_in_w_reg_253_( .D (N7804),  .G (FE_OFN694_n70660),  .Q (redZ_b_in_w[253]));"
  The above instance has fewer port connections than the module definition.
  Please use '+lint=TFIPC-L' to print out detailed information of unconnected 
  ports.


Warning-[TFIPC] Too few instance port connections
./ed25519.v, 132723
ed25519, "TLATX1 redZ_b_in_w_reg_251_( .D (N7802),  .G (FE_OFN694_n70660),  .Q (redZ_b_in_w[251]));"
  The above instance has fewer port connections than the module definition.
  Please use '+lint=TFIPC-L' to print out detailed information of unconnected 
  ports.


Warning-[TFIPC] Too few instance port connections
./ed25519.v, 132726
ed25519, "TLATX1 redZ_b_in_w_reg_250_( .D (N7801),  .G (FE_OFN694_n70660),  .Q (redZ_b_in_w[250]));"
  The above instance has fewer port connections than the module definition.
  Please use '+lint=TFIPC-L' to print out detailed information of unconnected 
  ports.


Warning-[TFIPC] Too few instance port connections
./ed25519.v, 132729
ed25519, "TLATX1 redZ_b_in_w_reg_249_( .D (N7800),  .G (FE_OFN694_n70660),  .Q (redZ_b_in_w[249]));"
  The above instance has fewer port connections than the module definition.
  Please use '+lint=TFIPC-L' to print out detailed information of unconnected 
  ports.


Warning-[TFIPC] Too few instance port connections
./ed25519.v, 132732
ed25519, "TLATX1 redZ_b_in_w_reg_248_( .D (N7799),  .G (FE_OFN694_n70660),  .Q (redZ_b_in_w[248]));"
  The above instance has fewer port connections than the module definition.
  Please use '+lint=TFIPC-L' to print out detailed information of unconnected 
  ports.


Warning-[TFIPC] Too few instance port connections
./ed25519.v, 132735
ed25519, "TLATX1 redZ_b_in_w_reg_247_( .D (N7798),  .G (FE_OFN694_n70660),  .Q (redZ_b_in_w[247]));"
  The above instance has fewer port connections than the module definition.
  Please use '+lint=TFIPC-L' to print out detailed information of unconnected 
  ports.


Warning-[TFIPC] Too few instance port connections
./ed25519.v, 132738
ed25519, "TLATX1 redZ_b_in_w_reg_245_( .D (N7796),  .G (FE_OFN694_n70660),  .Q (redZ_b_in_w[245]));"
  The above instance has fewer port connections than the module definition.
  Please use '+lint=TFIPC-L' to print out detailed information of unconnected 
  ports.


Warning-[TFIPC] Too few instance port connections
./ed25519.v, 132741
ed25519, "TLATX1 redZ_b_in_w_reg_243_( .D (N7794),  .G (FE_OFN694_n70660),  .Q (redZ_b_in_w[243]));"
  The above instance has fewer port connections than the module definition.
  Please use '+lint=TFIPC-L' to print out detailed information of unconnected 
  ports.


Warning-[TFIPC] Too few instance port connections
./ed25519.v, 132744
ed25519, "TLATX1 redZ_b_in_w_reg_240_( .D (N7791),  .G (FE_OFN698_n70660),  .Q (redZ_b_in_w[240]));"
  The above instance has fewer port connections than the module definition.
  Please use '+lint=TFIPC-L' to print out detailed information of unconnected 
  ports.


Warning-[TFIPC] Too few instance port connections
./ed25519.v, 132747
ed25519, "TLATX1 redZ_b_in_w_reg_239_( .D (N7790),  .G (FE_OFN698_n70660),  .Q (redZ_b_in_w[239]));"
  The above instance has fewer port connections than the module definition.
  Please use '+lint=TFIPC-L' to print out detailed information of unconnected 
  ports.


Warning-[TFIPC] Too few instance port connections
./ed25519.v, 132750
ed25519, "TLATX1 redZ_b_in_w_reg_236_( .D (N7787),  .G (FE_OFN698_n70660),  .Q (redZ_b_in_w[236]));"
  The above instance has fewer port connections than the module definition.
  Please use '+lint=TFIPC-L' to print out detailed information of unconnected 
  ports.


Warning-[TFIPC] Too few instance port connections
./ed25519.v, 132753
ed25519, "TLATX1 redZ_b_in_w_reg_235_( .D (N7786),  .G (FE_OFN698_n70660),  .Q (redZ_b_in_w[235]));"
  The above instance has fewer port connections than the module definition.
  Please use '+lint=TFIPC-L' to print out detailed information of unconnected 
  ports.


Warning-[TFIPC] Too few instance port connections
./ed25519.v, 132756
ed25519, "TLATX1 redZ_b_in_w_reg_233_( .D (N7784),  .G (FE_OFN698_n70660),  .Q (redZ_b_in_w[233]));"
  The above instance has fewer port connections than the module definition.
  Please use '+lint=TFIPC-L' to print out detailed information of unconnected 
  ports.


Warning-[TFIPC] Too few instance port connections
./ed25519.v, 132759
ed25519, "TLATX1 redZ_b_in_w_reg_231_( .D (N7782),  .G (FE_OFN696_n70660),  .Q (redZ_b_in_w[231]));"
  The above instance has fewer port connections than the module definition.
  Please use '+lint=TFIPC-L' to print out detailed information of unconnected 
  ports.


Warning-[TFIPC] Too few instance port connections
./ed25519.v, 132762
ed25519, "TLATX1 redZ_b_in_w_reg_229_( .D (N7780),  .G (FE_OFN697_n70660),  .Q (redZ_b_in_w[229]));"
  The above instance has fewer port connections than the module definition.
  Please use '+lint=TFIPC-L' to print out detailed information of unconnected 
  ports.


Warning-[TFIPC] Too few instance port connections
./ed25519.v, 132765
ed25519, "TLATX1 redZ_b_in_w_reg_220_( .D (N7771),  .G (FE_OFN696_n70660),  .Q (redZ_b_in_w[220]));"
  The above instance has fewer port connections than the module definition.
  Please use '+lint=TFIPC-L' to print out detailed information of unconnected 
  ports.


Warning-[TFIPC] Too few instance port connections
./ed25519.v, 132768
ed25519, "TLATX1 redZ_b_in_w_reg_219_( .D (N7770),  .G (FE_OFN696_n70660),  .Q (redZ_b_in_w[219]));"
  The above instance has fewer port connections than the module definition.
  Please use '+lint=TFIPC-L' to print out detailed information of unconnected 
  ports.


Warning-[TFIPC] Too few instance port connections
./ed25519.v, 132771
ed25519, "TLATX1 redZ_b_in_w_reg_218_( .D (N7769),  .G (FE_OFN696_n70660),  .Q (redZ_b_in_w[218]));"
  The above instance has fewer port connections than the module definition.
  Please use '+lint=TFIPC-L' to print out detailed information of unconnected 
  ports.


Warning-[TFIPC] Too few instance port connections
./ed25519.v, 132774
ed25519, "TLATX1 redZ_b_in_w_reg_217_( .D (N7768),  .G (FE_OFN696_n70660),  .Q (redZ_b_in_w[217]));"
  The above instance has fewer port connections than the module definition.
  Please use '+lint=TFIPC-L' to print out detailed information of unconnected 
  ports.


Warning-[TFIPC] Too few instance port connections
./ed25519.v, 132777
ed25519, "TLATX1 redZ_b_in_w_reg_215_( .D (N7766),  .G (FE_OFN697_n70660),  .Q (redZ_b_in_w[215]));"
  The above instance has fewer port connections than the module definition.
  Please use '+lint=TFIPC-L' to print out detailed information of unconnected 
  ports.


Warning-[TFIPC] Too few instance port connections
./ed25519.v, 132780
ed25519, "TLATX1 redZ_b_in_w_reg_214_( .D (N7765),  .G (FE_OFN697_n70660),  .Q (redZ_b_in_w[214]));"
  The above instance has fewer port connections than the module definition.
  Please use '+lint=TFIPC-L' to print out detailed information of unconnected 
  ports.


Warning-[TFIPC] Too few instance port connections
./ed25519.v, 132783
ed25519, "TLATX1 redZ_b_in_w_reg_213_( .D (N7764),  .G (FE_OFN697_n70660),  .Q (redZ_b_in_w[213]));"
  The above instance has fewer port connections than the module definition.
  Please use '+lint=TFIPC-L' to print out detailed information of unconnected 
  ports.


Warning-[TFIPC] Too few instance port connections
./ed25519.v, 132786
ed25519, "TLATX1 redZ_b_in_w_reg_209_( .D (N7760),  .G (FE_OFN697_n70660),  .Q (redZ_b_in_w[209]));"
  The above instance has fewer port connections than the module definition.
  Please use '+lint=TFIPC-L' to print out detailed information of unconnected 
  ports.


Warning-[TFIPC] Too few instance port connections
./ed25519.v, 132789
ed25519, "TLATX1 redZ_b_in_w_reg_208_( .D (N7759),  .G (FE_OFN695_n70660),  .Q (redZ_b_in_w[208]));"
  The above instance has fewer port connections than the module definition.
  Please use '+lint=TFIPC-L' to print out detailed information of unconnected 
  ports.


Warning-[TFIPC] Too few instance port connections
./ed25519.v, 132792
ed25519, "TLATX1 redZ_b_in_w_reg_205_( .D (N7756),  .G (FE_OFN695_n70660),  .Q (redZ_b_in_w[205]));"
  The above instance has fewer port connections than the module definition.
  Please use '+lint=TFIPC-L' to print out detailed information of unconnected 
  ports.


Warning-[TFIPC] Too few instance port connections
./ed25519.v, 132795
ed25519, "TLATX1 redZ_b_in_w_reg_204_( .D (N7755),  .G (FE_OFN695_n70660),  .Q (redZ_b_in_w[204]));"
  The above instance has fewer port connections than the module definition.
  Please use '+lint=TFIPC-L' to print out detailed information of unconnected 
  ports.


Warning-[TFIPC] Too few instance port connections
./ed25519.v, 132798
ed25519, "TLATX1 redZ_b_in_w_reg_201_( .D (N7752),  .G (FE_OFN695_n70660),  .Q (redZ_b_in_w[201]));"
  The above instance has fewer port connections than the module definition.
  Please use '+lint=TFIPC-L' to print out detailed information of unconnected 
  ports.


Warning-[TFIPC] Too few instance port connections
./ed25519.v, 132801
ed25519, "TLATX1 redZ_b_in_w_reg_199_( .D (N7750),  .G (FE_OFN695_n70660),  .Q (redZ_b_in_w[199]));"
  The above instance has fewer port connections than the module definition.
  Please use '+lint=TFIPC-L' to print out detailed information of unconnected 
  ports.


Warning-[TFIPC] Too few instance port connections
./ed25519.v, 132804
ed25519, "TLATX1 redZ_b_in_w_reg_197_( .D (N7748),  .G (FE_OFN695_n70660),  .Q (redZ_b_in_w[197]));"
  The above instance has fewer port connections than the module definition.
  Please use '+lint=TFIPC-L' to print out detailed information of unconnected 
  ports.


Warning-[TFIPC] Too few instance port connections
./ed25519.v, 132807
ed25519, "TLATX1 redZ_b_in_w_reg_191_( .D (N7742),  .G (FE_OFN694_n70660),  .Q (redZ_b_in_w[191]));"
  The above instance has fewer port connections than the module definition.
  Please use '+lint=TFIPC-L' to print out detailed information of unconnected 
  ports.


Warning-[TFIPC] Too few instance port connections
./ed25519.v, 132810
ed25519, "TLATX1 redZ_b_in_w_reg_190_( .D (N7741),  .G (FE_OFN694_n70660),  .Q (redZ_b_in_w[190]));"
  The above instance has fewer port connections than the module definition.
  Please use '+lint=TFIPC-L' to print out detailed information of unconnected 
  ports.


Warning-[TFIPC] Too few instance port connections
./ed25519.v, 132813
ed25519, "TLATX1 redZ_b_in_w_reg_189_( .D (N7740),  .G (FE_OFN694_n70660),  .Q (redZ_b_in_w[189]));"
  The above instance has fewer port connections than the module definition.
  Please use '+lint=TFIPC-L' to print out detailed information of unconnected 
  ports.


Warning-[TFIPC] Too few instance port connections
./ed25519.v, 132816
ed25519, "TLATX1 redZ_b_in_w_reg_188_( .D (N7739),  .G (FE_OFN694_n70660),  .Q (redZ_b_in_w[188]));"
  The above instance has fewer port connections than the module definition.
  Please use '+lint=TFIPC-L' to print out detailed information of unconnected 
  ports.


Warning-[TFIPC] Too few instance port connections
./ed25519.v, 132819
ed25519, "TLATX1 redZ_b_in_w_reg_180_( .D (N7731),  .G (FE_OFN694_n70660),  .Q (redZ_b_in_w[180]));"
  The above instance has fewer port connections than the module definition.
  Please use '+lint=TFIPC-L' to print out detailed information of unconnected 
  ports.


Warning-[TFIPC] Too few instance port connections
./ed25519.v, 132822
ed25519, "TLATX1 redZ_b_in_w_reg_178_( .D (N7729),  .G (FE_OFN694_n70660),  .Q (redZ_b_in_w[178]));"
  The above instance has fewer port connections than the module definition.
  Please use '+lint=TFIPC-L' to print out detailed information of unconnected 
  ports.


Warning-[TFIPC] Too few instance port connections
./ed25519.v, 132825
ed25519, "TLATX1 redZ_b_in_w_reg_176_( .D (N7727),  .G (FE_OFN698_n70660),  .Q (redZ_b_in_w[176]));"
  The above instance has fewer port connections than the module definition.
  Please use '+lint=TFIPC-L' to print out detailed information of unconnected 
  ports.


Warning-[TFIPC] Too few instance port connections
./ed25519.v, 132828
ed25519, "TLATX1 redZ_b_in_w_reg_169_( .D (N7720),  .G (FE_OFN696_n70660),  .Q (redZ_b_in_w[169]));"
  The above instance has fewer port connections than the module definition.
  Please use '+lint=TFIPC-L' to print out detailed information of unconnected 
  ports.


Warning-[TFIPC] Too few instance port connections
./ed25519.v, 132831
ed25519, "TLATX1 redZ_b_in_w_reg_168_( .D (N7719),  .G (FE_OFN696_n70660),  .Q (redZ_b_in_w[168]));"
  The above instance has fewer port connections than the module definition.
  Please use '+lint=TFIPC-L' to print out detailed information of unconnected 
  ports.


Warning-[TFIPC] Too few instance port connections
./ed25519.v, 132834
ed25519, "TLATX1 redZ_b_in_w_reg_167_( .D (N7718),  .G (FE_OFN696_n70660),  .Q (redZ_b_in_w[167]));"
  The above instance has fewer port connections than the module definition.
  Please use '+lint=TFIPC-L' to print out detailed information of unconnected 
  ports.


Warning-[TFIPC] Too few instance port connections
./ed25519.v, 132837
ed25519, "TLATX1 redZ_b_in_w_reg_166_( .D (N7717),  .G (FE_OFN697_n70660),  .Q (redZ_b_in_w[166]));"
  The above instance has fewer port connections than the module definition.
  Please use '+lint=TFIPC-L' to print out detailed information of unconnected 
  ports.


Warning-[TFIPC] Too few instance port connections
./ed25519.v, 132840
ed25519, "TLATX1 redZ_b_in_w_reg_161_( .D (N7712),  .G (FE_OFN697_n70660),  .Q (redZ_b_in_w[161]));"
  The above instance has fewer port connections than the module definition.
  Please use '+lint=TFIPC-L' to print out detailed information of unconnected 
  ports.


Warning-[TFIPC] Too few instance port connections
./ed25519.v, 132843
ed25519, "TLATX1 redZ_b_in_w_reg_160_( .D (N7711),  .G (FE_OFN697_n70660),  .Q (redZ_b_in_w[160]));"
  The above instance has fewer port connections than the module definition.
  Please use '+lint=TFIPC-L' to print out detailed information of unconnected 
  ports.


Warning-[TFIPC] Too few instance port connections
./ed25519.v, 132846
ed25519, "TLATX1 redZ_b_in_w_reg_8_( .D (N7559),  .G (FE_OFN695_n70660),  .Q (redZ_b_in_w[8]));"
  The above instance has fewer port connections than the module definition.
  Please use '+lint=TFIPC-L' to print out detailed information of unconnected 
  ports.


Warning-[TFIPC] Too few instance port connections
./ed25519.v, 132849
ed25519, "TLATX1 redZ_b_in_w_reg_14_( .D (N7565),  .G (FE_OFN695_n70660),  .Q (redZ_b_in_w[14]));"
  The above instance has fewer port connections than the module definition.
  Please use '+lint=TFIPC-L' to print out detailed information of unconnected 
  ports.


Warning-[TFIPC] Too few instance port connections
./ed25519.v, 132852
ed25519, "TLATX1 redZ_b_in_w_reg_17_( .D (N7568),  .G (FE_OFN696_n70660),  .Q (redZ_b_in_w[17]));"
  The above instance has fewer port connections than the module definition.
  Please use '+lint=TFIPC-L' to print out detailed information of unconnected 
  ports.


Warning-[TFIPC] Too few instance port connections
./ed25519.v, 132855
ed25519, "TLATX1 redZ_b_in_w_reg_18_( .D (N7569),  .G (FE_OFN696_n70660),  .Q (redZ_b_in_w[18]));"
  The above instance has fewer port connections than the module definition.
  Please use '+lint=TFIPC-L' to print out detailed information of unconnected 
  ports.


Warning-[TFIPC] Too few instance port connections
./ed25519.v, 132858
ed25519, "TLATX1 redZ_b_in_w_reg_20_( .D (N7571),  .G (FE_OFN697_n70660),  .Q (redZ_b_in_w[20]));"
  The above instance has fewer port connections than the module definition.
  Please use '+lint=TFIPC-L' to print out detailed information of unconnected 
  ports.


Warning-[TFIPC] Too few instance port connections
./ed25519.v, 132861
ed25519, "TLATX1 redZ_b_in_w_reg_21_( .D (N7572),  .G (FE_OFN697_n70660),  .Q (redZ_b_in_w[21]));"
  The above instance has fewer port connections than the module definition.
  Please use '+lint=TFIPC-L' to print out detailed information of unconnected 
  ports.


Warning-[TFIPC] Too few instance port connections
./ed25519.v, 132864
ed25519, "TLATX1 redZ_b_in_w_reg_22_( .D (N7573),  .G (FE_OFN697_n70660),  .Q (redZ_b_in_w[22]));"
  The above instance has fewer port connections than the module definition.
  Please use '+lint=TFIPC-L' to print out detailed information of unconnected 
  ports.


Warning-[TFIPC] Too few instance port connections
./ed25519.v, 132867
ed25519, "TLATX1 redZ_b_in_w_reg_23_( .D (N7574),  .G (FE_OFN697_n70660),  .Q (redZ_b_in_w[23]));"
  The above instance has fewer port connections than the module definition.
  Please use '+lint=TFIPC-L' to print out detailed information of unconnected 
  ports.


Warning-[TFIPC] Too few instance port connections
./ed25519.v, 132870
ed25519, "TLATX1 redZ_b_in_w_reg_34_( .D (N7585),  .G (FE_OFN696_n70660),  .Q (redZ_b_in_w[34]));"
  The above instance has fewer port connections than the module definition.
  Please use '+lint=TFIPC-L' to print out detailed information of unconnected 
  ports.


Warning-[TFIPC] Too few instance port connections
./ed25519.v, 132873
ed25519, "TLATX1 redZ_b_in_w_reg_39_( .D (N7590),  .G (FE_OFN696_n70660),  .Q (redZ_b_in_w[39]));"
  The above instance has fewer port connections than the module definition.
  Please use '+lint=TFIPC-L' to print out detailed information of unconnected 
  ports.


Warning-[TFIPC] Too few instance port connections
./ed25519.v, 132876
ed25519, "TLATX1 redZ_b_in_w_reg_46_( .D (N7597),  .G (FE_OFN698_n70660),  .Q (redZ_b_in_w[46]));"
  The above instance has fewer port connections than the module definition.
  Please use '+lint=TFIPC-L' to print out detailed information of unconnected 
  ports.


Warning-[TFIPC] Too few instance port connections
./ed25519.v, 132879
ed25519, "TLATX1 redZ_b_in_w_reg_55_( .D (N7606),  .G (FE_OFN694_n70660),  .Q (redZ_b_in_w[55]));"
  The above instance has fewer port connections than the module definition.
  Please use '+lint=TFIPC-L' to print out detailed information of unconnected 
  ports.


Warning-[TFIPC] Too few instance port connections
./ed25519.v, 132882
ed25519, "TLATX1 redZ_b_in_w_reg_56_( .D (N7607),  .G (FE_OFN694_n70660),  .Q (redZ_b_in_w[56]));"
  The above instance has fewer port connections than the module definition.
  Please use '+lint=TFIPC-L' to print out detailed information of unconnected 
  ports.


Warning-[TFIPC] Too few instance port connections
./ed25519.v, 132885
ed25519, "TLATX1 redZ_b_in_w_reg_153_( .D (N7704),  .G (FE_OFN696_n70660),  .Q (redZ_b_in_w[153]));"
  The above instance has fewer port connections than the module definition.
  Please use '+lint=TFIPC-L' to print out detailed information of unconnected 
  ports.


Warning-[TFIPC] Too few instance port connections
./ed25519.v, 132888
ed25519, "TLATX1 redZ_b_in_w_reg_149_( .D (N7700),  .G (FE_OFN697_n70660),  .Q (redZ_b_in_w[149]));"
  The above instance has fewer port connections than the module definition.
  Please use '+lint=TFIPC-L' to print out detailed information of unconnected 
  ports.


Warning-[TFIPC] Too few instance port connections
./ed25519.v, 132891
ed25519, "TLATX1 redZ_b_in_w_reg_139_( .D (N7690),  .G (FE_OFN695_n70660),  .Q (redZ_b_in_w[139]));"
  The above instance has fewer port connections than the module definition.
  Please use '+lint=TFIPC-L' to print out detailed information of unconnected 
  ports.


Warning-[TFIPC] Too few instance port connections
./ed25519.v, 132894
ed25519, "TLATX1 redZ_b_in_w_reg_136_( .D (N7687),  .G (FE_OFN695_n70660),  .Q (redZ_b_in_w[136]));"
  The above instance has fewer port connections than the module definition.
  Please use '+lint=TFIPC-L' to print out detailed information of unconnected 
  ports.


Warning-[TFIPC] Too few instance port connections
./ed25519.v, 132897
ed25519, "TLATX1 redZ_b_in_w_reg_135_( .D (N7686),  .G (FE_OFN695_n70660),  .Q (redZ_b_in_w[135]));"
  The above instance has fewer port connections than the module definition.
  Please use '+lint=TFIPC-L' to print out detailed information of unconnected 
  ports.


Warning-[TFIPC] Too few instance port connections
./ed25519.v, 132900
ed25519, "TLATX1 redZ_b_in_w_reg_134_( .D (N7685),  .G (FE_OFN695_n70660),  .Q (redZ_b_in_w[134]));"
  The above instance has fewer port connections than the module definition.
  Please use '+lint=TFIPC-L' to print out detailed information of unconnected 
  ports.


Warning-[TFIPC] Too few instance port connections
./ed25519.v, 132903
ed25519, "TLATX1 redZ_b_in_w_reg_131_( .D (N7682),  .G (FE_OFN695_n70660),  .Q (redZ_b_in_w[131]));"
  The above instance has fewer port connections than the module definition.
  Please use '+lint=TFIPC-L' to print out detailed information of unconnected 
  ports.


Warning-[TFIPC] Too few instance port connections
./ed25519.v, 132906
ed25519, "TLATX1 redZ_b_in_w_reg_129_( .D (N7680),  .G (FE_OFN695_n70660),  .Q (redZ_b_in_w[129]));"
  The above instance has fewer port connections than the module definition.
  Please use '+lint=TFIPC-L' to print out detailed information of unconnected 
  ports.


Warning-[TFIPC] Too few instance port connections
./ed25519.v, 132909
ed25519, "TLATX1 redZ_b_in_w_reg_128_( .D (N7679),  .G (FE_OFN695_n70660),  .Q (redZ_b_in_w[128]));"
  The above instance has fewer port connections than the module definition.
  Please use '+lint=TFIPC-L' to print out detailed information of unconnected 
  ports.


Warning-[TFIPC] Too few instance port connections
./ed25519.v, 132912
ed25519, "TLATX1 redZ_b_in_w_reg_127_( .D (N7678),  .G (FE_OFN694_n70660),  .Q (redZ_b_in_w[127]));"
  The above instance has fewer port connections than the module definition.
  Please use '+lint=TFIPC-L' to print out detailed information of unconnected 
  ports.


Warning-[TFIPC] Too few instance port connections
./ed25519.v, 132915
ed25519, "TLATX1 redZ_b_in_w_reg_126_( .D (N7677),  .G (FE_OFN694_n70660),  .Q (redZ_b_in_w[126]));"
  The above instance has fewer port connections than the module definition.
  Please use '+lint=TFIPC-L' to print out detailed information of unconnected 
  ports.


Warning-[TFIPC] Too few instance port connections
./ed25519.v, 132918
ed25519, "TLATX1 redZ_b_in_w_reg_255_( .D (N7806),  .G (FE_OFN694_n70660),  .Q (redZ_b_in_w[255]));"
  The above instance has fewer port connections than the module definition.
  Please use '+lint=TFIPC-L' to print out detailed information of unconnected 
  ports.


Warning-[TFIPC] Too few instance port connections
./ed25519.v, 132921
ed25519, "TLATX1 redZ_b_in_w_reg_1_( .D (N7551),  .G (FE_OFN695_n70660),  .Q (redZ_b_in_w[1]));"
  The above instance has fewer port connections than the module definition.
  Please use '+lint=TFIPC-L' to print out detailed information of unconnected 
  ports.


Warning-[TFIPC] Too few instance port connections
./ed25519.v, 132924
ed25519, "TLATX1 redZ_b_in_w_reg_0_( .D (N7549),  .G (FE_OFN695_n70660),  .Q (redZ_b_in_w[0]));"
  The above instance has fewer port connections than the module definition.
  Please use '+lint=TFIPC-L' to print out detailed information of unconnected 
  ports.


Warning-[TFIPC] Too few instance port connections
./ed25519.v, 132927
ed25519, "TLATX1 redZ_b_in_w_reg_4_( .D (N7555),  .G (FE_OFN695_n70660),  .Q (redZ_b_in_w[4]));"
  The above instance has fewer port connections than the module definition.
  Please use '+lint=TFIPC-L' to print out detailed information of unconnected 
  ports.


Warning-[TFIPC] Too few instance port connections
./ed25519.v, 132930
ed25519, "TLATX1 redZ_b_in_w_reg_95_( .D (N7646),  .G (FE_OFN697_n70660),  .Q (redZ_b_in_w[95]));"
  The above instance has fewer port connections than the module definition.
  Please use '+lint=TFIPC-L' to print out detailed information of unconnected 
  ports.


Warning-[TFIPC] Too few instance port connections
./ed25519.v, 132933
ed25519, "TLATX1 redZ_b_in_w_reg_84_( .D (N7635),  .G (FE_OFN697_n70660),  .Q (redZ_b_in_w[84]));"
  The above instance has fewer port connections than the module definition.
  Please use '+lint=TFIPC-L' to print out detailed information of unconnected 
  ports.


Warning-[TFIPC] Too few instance port connections
./ed25519.v, 132936
ed25519, "TLATX1 redZ_b_in_w_reg_133_( .D (N7684),  .G (FE_OFN695_n70660),  .Q (redZ_b_in_w[133]));"
  The above instance has fewer port connections than the module definition.
  Please use '+lint=TFIPC-L' to print out detailed information of unconnected 
  ports.


Warning-[TFIPC] Too few instance port connections
./ed25519.v, 132939
ed25519, "TLATX1 next_inv_state_reg_1_( .D (N8075),  .G (n15627),  .Q (next_inv_state[1]));"
  The above instance has fewer port connections than the module definition.
  Please use '+lint=TFIPC-L' to print out detailed information of unconnected 
  ports.


Warning-[TFIPC] Too few instance port connections
./ed25519.v, 135136
ed25519, "EDFFX1 modular_add_sub_inst_b_r_reg_15_( .D (FE_PHN2198_modadd_b_in_r_15),  .CK (CTS_304),  .E (FE_OFN2_modadd_i_valid),  .Q (modular_add_sub_inst_b_r[15]));"
  The above instance has fewer port connections than the module definition.
  Please use '+lint=TFIPC-L' to print out detailed information of unconnected 
  ports.


Warning-[TFIPC] Too few instance port connections
./ed25519.v, 135140
ed25519, "EDFFX1 modular_add_sub_inst_b_r_reg_60_( .D (modadd_b_in_r[60]),  .CK (CTS_256),  .E (FE_OFN3_modadd_i_valid),  .Q (modular_add_sub_inst_b_r[60]));"
  The above instance has fewer port connections than the module definition.
  Please use '+lint=TFIPC-L' to print out detailed information of unconnected 
  ports.


Warning-[TFIPC] Too few instance port connections
./ed25519.v, 135144
ed25519, "EDFFXL modular_add_sub_inst_b_r_reg_135_( .D (FE_PHN1906_modadd_b_in_r_135),  .CK (CTS_304),  .E (FE_OFN2_modadd_i_valid),  .Q (modular_add_sub_inst_b_r[135]));"
  The above instance has fewer port connections than the module definition.
  Please use '+lint=TFIPC-L' to print out detailed information of unconnected 
  ports.


Warning-[TFIPC] Too few instance port connections
./ed25519.v, 135148
ed25519, "EDFFXL modular_add_sub_inst_b_r_reg_150_( .D (FE_PHN4045_modadd_b_in_r_150),  .CK (CTS_242),  .E (FE_OFN10_modadd_i_valid),  .Q (modular_add_sub_inst_b_r[150]));"
  The above instance has fewer port connections than the module definition.
  Please use '+lint=TFIPC-L' to print out detailed information of unconnected 
  ports.


Warning-[TFIPC] Too few instance port connections
./ed25519.v, 135152
ed25519, "EDFFXL modular_add_sub_inst_b_r_reg_165_( .D (modadd_b_in_r[165]),  .CK (CTS_276),  .E (FE_OFN4_modadd_i_valid),  .Q (modular_add_sub_inst_b_r[165]));"
  The above instance has fewer port connections than the module definition.
  Please use '+lint=TFIPC-L' to print out detailed information of unconnected 
  ports.


Warning-[TFIPC] Too few instance port connections
./ed25519.v, 135156
ed25519, "EDFFXL modular_add_sub_inst_b_r_reg_180_( .D (modadd_b_in_r[180]),  .CK (CTS_255),  .E (FE_OFN5_modadd_i_valid),  .Q (modular_add_sub_inst_b_r[180]));"
  The above instance has fewer port connections than the module definition.
  Please use '+lint=TFIPC-L' to print out detailed information of unconnected 
  ports.


Warning-[TFIPC] Too few instance port connections
./ed25519.v, 135160
ed25519, "EDFFX1 modular_add_sub_inst_b_r_reg_195_( .D (FE_PHN4819_modadd_b_in_r_195),  .CK (CTS_299),  .E (FE_OFN1_modadd_i_valid),  .Q (modular_add_sub_inst_b_r[195]));"
  The above instance has fewer port connections than the module definition.
  Please use '+lint=TFIPC-L' to print out detailed information of unconnected 
  ports.


Warning-[TFIPC] Too few instance port connections
./ed25519.v, 135164
ed25519, "EDFFXL modular_add_sub_inst_b_r_reg_210_( .D (modadd_b_in_r[210]),  .CK (CTS_242),  .E (FE_OFN10_modadd_i_valid),  .Q (modular_add_sub_inst_b_r[210]));"
  The above instance has fewer port connections than the module definition.
  Please use '+lint=TFIPC-L' to print out detailed information of unconnected 
  ports.


Warning-[TFIPC] Too few instance port connections
./ed25519.v, 135168
ed25519, "EDFFXL modular_add_sub_inst_b_r_reg_225_( .D (modadd_b_in_r[225]),  .CK (CTS_276),  .E (FE_OFN4_modadd_i_valid),  .Q (modular_add_sub_inst_b_r[225]));"
  The above instance has fewer port connections than the module definition.
  Please use '+lint=TFIPC-L' to print out detailed information of unconnected 
  ports.


Warning-[TFIPC] Too few instance port connections
./ed25519.v, 135172
ed25519, "EDFFX1 modular_add_sub_inst_b_r_reg_240_( .D (FE_PHN2873_modadd_b_in_r_240),  .CK (CTS_258),  .E (FE_OFN7_modadd_i_valid),  .Q (modular_add_sub_inst_b_r[240]));"
  The above instance has fewer port connections than the module definition.
  Please use '+lint=TFIPC-L' to print out detailed information of unconnected 
  ports.


Warning-[TFIPC] Too few instance port connections
./ed25519.v, 135176
ed25519, "EDFFX1 modular_add_sub_inst_a_r_reg_0_( .D (modadd_a_in_r[0]),  .CK (CTS_293),  .E (FE_OFN1_modadd_i_valid),  .Q (modular_add_sub_inst_a_r[0]));"
  The above instance has fewer port connections than the module definition.
  Please use '+lint=TFIPC-L' to print out detailed information of unconnected 
  ports.


Warning-[TFIPC] Too few instance port connections
./ed25519.v, 135180
ed25519, "EDFFX1 modular_add_sub_inst_a_r_reg_16_( .D (FE_PHN5903_modadd_a_in_r_16),  .CK (CTS_299),  .E (FE_OFN1_modadd_i_valid),  .Q (modular_add_sub_inst_a_r[16]));"
  The above instance has fewer port connections than the module definition.
  Please use '+lint=TFIPC-L' to print out detailed information of unconnected 
  ports.


Warning-[TFIPC] Too few instance port connections
./ed25519.v, 135184
ed25519, "EDFFX1 modular_add_sub_inst_a_r_reg_31_( .D (FE_PHN4114_modadd_a_in_r_31),  .CK (CTS_239),  .E (FE_OFN9_modadd_i_valid),  .Q (modular_add_sub_inst_a_r[31]));"
  The above instance has fewer port connections than the module definition.
  Please use '+lint=TFIPC-L' to print out detailed information of unconnected 
  ports.


Warning-[TFIPC] Too few instance port connections
./ed25519.v, 135188
ed25519, "EDFFX1 modular_add_sub_inst_a_r_reg_48_( .D (modadd_a_in_r[48]),  .CK (CTS_258),  .E (FE_OFN7_modadd_i_valid),  .Q (modular_add_sub_inst_a_r[48]));"
  The above instance has fewer port connections than the module definition.
  Please use '+lint=TFIPC-L' to print out detailed information of unconnected 
  ports.


Warning-[TFIPC] Too few instance port connections
./ed25519.v, 135192
ed25519, "EDFFX1 modular_add_sub_inst_a_r_reg_63_( .D (modadd_a_in_r[63]),  .CK (CTS_265),  .E (FE_OFN5_modadd_i_valid),  .Q (modular_add_sub_inst_a_r[63]));"
  The above instance has fewer port connections than the module definition.
  Please use '+lint=TFIPC-L' to print out detailed information of unconnected 
  ports.


Warning-[TFIPC] Too few instance port connections
./ed25519.v, 135196
ed25519, "EDFFXL modular_add_sub_inst_a_r_reg_80_( .D (modadd_a_in_r[80]),  .CK (CTS_244),  .E (FE_OFN10_modadd_i_valid),  .Q (modular_add_sub_inst_a_r[80]));"
  The above instance has fewer port connections than the module definition.
  Please use '+lint=TFIPC-L' to print out detailed information of unconnected 
  ports.


Warning-[TFIPC] Too few instance port connections
./ed25519.v, 135200
ed25519, "EDFFX1 modular_add_sub_inst_a_r_reg_95_( .D (FE_PHN4163_modadd_a_in_r_95),  .CK (CTS_239),  .E (FE_OFN9_modadd_i_valid),  .Q (modular_add_sub_inst_a_r[95]));"
  The above instance has fewer port connections than the module definition.
  Please use '+lint=TFIPC-L' to print out detailed information of unconnected 
  ports.


Warning-[TFIPC] Too few instance port connections
./ed25519.v, 135204
ed25519, "EDFFX1 modular_add_sub_inst_a_r_reg_110_( .D (FE_PHN4301_modadd_a_in_r_110),  .CK (CTS_258),  .E (FE_OFN7_modadd_i_valid),  .Q (modular_add_sub_inst_a_r[110]));"
  The above instance has fewer port connections than the module definition.
  Please use '+lint=TFIPC-L' to print out detailed information of unconnected 
  ports.


Warning-[TFIPC] Too few instance port connections
./ed25519.v, 135208
ed25519, "EDFFX1 modular_add_sub_inst_a_r_reg_125_( .D (modadd_a_in_r[125]),  .CK (CTS_253),  .E (FE_OFN3_modadd_i_valid),  .Q (modular_add_sub_inst_a_r[125]));"
  The above instance has fewer port connections than the module definition.
  Please use '+lint=TFIPC-L' to print out detailed information of unconnected 
  ports.


Warning-[TFIPC] Too few instance port connections
./ed25519.v, 135212
ed25519, "EDFFX1 modular_add_sub_inst_a_r_reg_140_( .D (FE_PHN4015_modadd_a_in_r_140),  .CK (CTS_307),  .E (FE_OFN2_modadd_i_valid),  .Q (modular_add_sub_inst_a_r[140]));"
  The above instance has fewer port connections than the module definition.
  Please use '+lint=TFIPC-L' to print out detailed information of unconnected 
  ports.


Warning-[TFIPC] Too few instance port connections
./ed25519.v, 135216
ed25519, "EDFFXL modular_add_sub_inst_a_r_reg_155_( .D (modadd_a_in_r[155]),  .CK (CTS_281),  .E (FE_OFN0_modadd_i_valid),  .Q (modular_add_sub_inst_a_r[155]));"
  The above instance has fewer port connections than the module definition.
  Please use '+lint=TFIPC-L' to print out detailed information of unconnected 
  ports.


Warning-[TFIPC] Too few instance port connections
./ed25519.v, 135220
ed25519, "EDFFXL modular_add_sub_inst_a_r_reg_170_( .D (modadd_a_in_r[170]),  .CK (CTS_274),  .E (FE_OFN8_modadd_i_valid),  .Q (modular_add_sub_inst_a_r[170]));"
  The above instance has fewer port connections than the module definition.
  Please use '+lint=TFIPC-L' to print out detailed information of unconnected 
  ports.


Warning-[TFIPC] Too few instance port connections
./ed25519.v, 135224
ed25519, "EDFFX1 modular_add_sub_inst_a_r_reg_185_( .D (FE_PHN1952_modadd_a_in_r_185),  .CK (CTS_255),  .E (FE_OFN5_modadd_i_valid),  .Q (modular_add_sub_inst_a_r[185]));"
  The above instance has fewer port connections than the module definition.
  Please use '+lint=TFIPC-L' to print out detailed information of unconnected 
  ports.


Warning-[TFIPC] Too few instance port connections
./ed25519.v, 135228
ed25519, "EDFFX1 modular_add_sub_inst_a_r_reg_200_( .D (FE_PHN2860_modadd_a_in_r_200),  .CK (CTS_308),  .E (FE_OFN6_modadd_i_valid),  .Q (modular_add_sub_inst_a_r[200]));"
  The above instance has fewer port connections than the module definition.
  Please use '+lint=TFIPC-L' to print out detailed information of unconnected 
  ports.


Warning-[TFIPC] Too few instance port connections
./ed25519.v, 135232
ed25519, "EDFFXL modular_add_sub_inst_a_r_reg_217_( .D (modadd_a_in_r[217]),  .CK (CTS_281),  .E (FE_OFN0_modadd_i_valid),  .Q (modular_add_sub_inst_a_r[217]));"
  The above instance has fewer port connections than the module definition.
  Please use '+lint=TFIPC-L' to print out detailed information of unconnected 
  ports.


Warning-[TFIPC] Too few instance port connections
./ed25519.v, 135236
ed25519, "EDFFXL modular_add_sub_inst_a_r_reg_234_( .D (modadd_a_in_r[234]),  .CK (CTS_275),  .E (FE_OFN8_modadd_i_valid),  .Q (modular_add_sub_inst_a_r[234]));"
  The above instance has fewer port connections than the module definition.
  Please use '+lint=TFIPC-L' to print out detailed information of unconnected 
  ports.


Warning-[TFIPC] Too few instance port connections
./ed25519.v, 135240
ed25519, "EDFFXL modular_add_sub_inst_a_r_reg_249_( .D (FE_PHN2331_modadd_a_in_r_249),  .CK (CTS_256),  .E (FE_OFN5_modadd_i_valid),  .Q (modular_add_sub_inst_a_r[249]));"
  The above instance has fewer port connections than the module definition.
  Please use '+lint=TFIPC-L' to print out detailed information of unconnected 
  ports.


Warning-[TFIPC] Too few instance port connections
./ed25519.v, 135244
ed25519, "EDFFXL modular_add_sub_inst_a_r_reg_254_( .D (modadd_a_in_r[254]),  .CK (CTS_253),  .E (FE_OFN3_modadd_i_valid),  .Q (modular_add_sub_inst_a_r[254]));"
  The above instance has fewer port connections than the module definition.
  Please use '+lint=TFIPC-L' to print out detailed information of unconnected 
  ports.


Warning-[TFIPC] Too few instance port connections
./ed25519.v, 135248
ed25519, "EDFFX1 modular_add_sub_inst_a_r_reg_212_( .D (N399),  .CK (CTS_243),  .E (FE_OFN10_modadd_i_valid),  .Q (modular_add_sub_inst_a_r[212]));"
  The above instance has fewer port connections than the module definition.
  Please use '+lint=TFIPC-L' to print out detailed information of unconnected 
  ports.


Warning-[TFIPC] Too few instance port connections
./ed25519.v, 135252
ed25519, "EDFFX1 modular_add_sub_inst_a_r_reg_201_( .D (N388),  .CK (CTS_308),  .E (FE_OFN6_modadd_i_valid),  .Q (modular_add_sub_inst_a_r[201]));"
  The above instance has fewer port connections than the module definition.
  Please use '+lint=TFIPC-L' to print out detailed information of unconnected 
  ports.


Warning-[TFIPC] Too few instance port connections
./ed25519.v, 135586
ed25519, "EDFFXL modular_add_sub_inst_b_r_reg_156_( .D (modadd_b_in_r[156]),  .CK (CTS_281),  .E (FE_OFN0_modadd_i_valid),  .Q (modular_add_sub_inst_b_r[156]));"
  The above instance has fewer port connections than the module definition.
  Please use '+lint=TFIPC-L' to print out detailed information of unconnected 
  ports.


Warning-[TFIPC] Too few instance port connections
./ed25519.v, 135590
ed25519, "EDFFXL modular_add_sub_inst_b_r_reg_157_( .D (modadd_b_in_r[157]),  .CK (CTS_244),  .E (FE_OFN0_modadd_i_valid),  .Q (modular_add_sub_inst_b_r[157]));"
  The above instance has fewer port connections than the module definition.
  Please use '+lint=TFIPC-L' to print out detailed information of unconnected 
  ports.


Warning-[TFIPC] Too few instance port connections
./ed25519.v, 135594
ed25519, "EDFFXL modular_add_sub_inst_b_r_reg_158_( .D (FE_PHN2740_modadd_b_in_r_158),  .CK (CTS_240),  .E (FE_OFN0_modadd_i_valid),  .Q (modular_add_sub_inst_b_r[158]));"
  The above instance has fewer port connections than the module definition.
  Please use '+lint=TFIPC-L' to print out detailed information of unconnected 
  ports.


Warning-[TFIPC] Too few instance port connections
./ed25519.v, 135598
ed25519, "EDFFXL modular_add_sub_inst_b_r_reg_159_( .D (modadd_b_in_r[159]),  .CK (CTS_240),  .E (FE_OFN9_modadd_i_valid),  .Q (modular_add_sub_inst_b_r[159]));"
  The above instance has fewer port connections than the module definition.
  Please use '+lint=TFIPC-L' to print out detailed information of unconnected 
  ports.


Warning-[TFIPC] Too few instance port connections
./ed25519.v, 135602
ed25519, "EDFFX1 modular_add_sub_inst_b_r_reg_160_( .D (FE_PHN4144_modadd_b_in_r_160),  .CK (CTS_238),  .E (FE_OFN4_modadd_i_valid),  .Q (modular_add_sub_inst_b_r[160]));"
  The above instance has fewer port connections than the module definition.
  Please use '+lint=TFIPC-L' to print out detailed information of unconnected 
  ports.


Warning-[TFIPC] Too few instance port connections
./ed25519.v, 135606
ed25519, "EDFFX1 modular_add_sub_inst_b_r_reg_161_( .D (modadd_b_in_r[161]),  .CK (CTS_276),  .E (FE_OFN4_modadd_i_valid),  .Q (modular_add_sub_inst_b_r[161]));"
  The above instance has fewer port connections than the module definition.
  Please use '+lint=TFIPC-L' to print out detailed information of unconnected 
  ports.


Warning-[TFIPC] Too few instance port connections
./ed25519.v, 135610
ed25519, "EDFFX1 modular_add_sub_inst_b_r_reg_162_( .D (modadd_b_in_r[162]),  .CK (CTS_238),  .E (FE_OFN4_modadd_i_valid),  .Q (modular_add_sub_inst_b_r[162]));"
  The above instance has fewer port connections than the module definition.
  Please use '+lint=TFIPC-L' to print out detailed information of unconnected 
  ports.


Warning-[TFIPC] Too few instance port connections
./ed25519.v, 135614
ed25519, "EDFFX1 modular_add_sub_inst_b_r_reg_163_( .D (FE_PHN2124_modadd_b_in_r_163),  .CK (CTS_276),  .E (FE_OFN4_modadd_i_valid),  .Q (modular_add_sub_inst_b_r[163]));"
  The above instance has fewer port connections than the module definition.
  Please use '+lint=TFIPC-L' to print out detailed information of unconnected 
  ports.


Warning-[TFIPC] Too few instance port connections
./ed25519.v, 135618
ed25519, "EDFFX1 modular_add_sub_inst_b_r_reg_164_( .D (modadd_b_in_r[164]),  .CK (CTS_276),  .E (FE_OFN4_modadd_i_valid),  .Q (modular_add_sub_inst_b_r[164]));"
  The above instance has fewer port connections than the module definition.
  Please use '+lint=TFIPC-L' to print out detailed information of unconnected 
  ports.


Warning-[TFIPC] Too few instance port connections
./ed25519.v, 135622
ed25519, "EDFFXL modular_add_sub_inst_b_r_reg_168_( .D (modadd_b_in_r[168]),  .CK (CTS_274),  .E (FE_OFN8_modadd_i_valid),  .Q (modular_add_sub_inst_b_r[168]));"
  The above instance has fewer port connections than the module definition.
  Please use '+lint=TFIPC-L' to print out detailed information of unconnected 
  ports.


Warning-[TFIPC] Too few instance port connections
./ed25519.v, 135626
ed25519, "EDFFXL modular_add_sub_inst_b_r_reg_169_( .D (modadd_b_in_r[169]),  .CK (CTS_274),  .E (FE_OFN8_modadd_i_valid),  .Q (modular_add_sub_inst_b_r[169]));"
  The above instance has fewer port connections than the module definition.
  Please use '+lint=TFIPC-L' to print out detailed information of unconnected 
  ports.


Warning-[TFIPC] Too few instance port connections
./ed25519.v, 135630
ed25519, "EDFFXL modular_add_sub_inst_b_r_reg_170_( .D (modadd_b_in_r[170]),  .CK (CTS_274),  .E (FE_OFN8_modadd_i_valid),  .Q (modular_add_sub_inst_b_r[170]));"
  The above instance has fewer port connections than the module definition.
  Please use '+lint=TFIPC-L' to print out detailed information of unconnected 
  ports.


Warning-[TFIPC] Too few instance port connections
./ed25519.v, 135634
ed25519, "EDFFXL modular_add_sub_inst_b_r_reg_171_( .D (FE_PHN5887_modadd_b_in_r_171),  .CK (CTS_274),  .E (FE_OFN8_modadd_i_valid),  .Q (modular_add_sub_inst_b_r[171]));"
  The above instance has fewer port connections than the module definition.
  Please use '+lint=TFIPC-L' to print out detailed information of unconnected 
  ports.


Warning-[TFIPC] Too few instance port connections
./ed25519.v, 135638
ed25519, "EDFFXL modular_add_sub_inst_b_r_reg_172_( .D (FE_PHN4599_modadd_b_in_r_172),  .CK (CTS_275),  .E (FE_OFN8_modadd_i_valid),  .Q (modular_add_sub_inst_b_r[172]));"
  The above instance has fewer port connections than the module definition.
  Please use '+lint=TFIPC-L' to print out detailed information of unconnected 
  ports.


Warning-[TFIPC] Too few instance port connections
./ed25519.v, 135642
ed25519, "EDFFXL modular_add_sub_inst_b_r_reg_173_( .D (modadd_b_in_r[173]),  .CK (CTS_275),  .E (FE_OFN7_modadd_i_valid),  .Q (modular_add_sub_inst_b_r[173]));"
  The above instance has fewer port connections than the module definition.
  Please use '+lint=TFIPC-L' to print out detailed information of unconnected 
  ports.


Warning-[TFIPC] Too few instance port connections
./ed25519.v, 135646
ed25519, "EDFFXL modular_add_sub_inst_b_r_reg_174_( .D (FE_PHN4173_modadd_b_in_r_174),  .CK (CTS_275),  .E (FE_OFN7_modadd_i_valid),  .Q (modular_add_sub_inst_b_r[174]));"
  The above instance has fewer port connections than the module definition.
  Please use '+lint=TFIPC-L' to print out detailed information of unconnected 
  ports.


Warning-[TFIPC] Too few instance port connections
./ed25519.v, 135650
ed25519, "EDFFXL modular_add_sub_inst_b_r_reg_175_( .D (FE_PHN4165_modadd_b_in_r_175),  .CK (CTS_258),  .E (FE_OFN7_modadd_i_valid),  .Q (modular_add_sub_inst_b_r[175]));"
  The above instance has fewer port connections than the module definition.
  Please use '+lint=TFIPC-L' to print out detailed information of unconnected 
  ports.


Warning-[TFIPC] Too few instance port connections
./ed25519.v, 135654
ed25519, "EDFFXL modular_add_sub_inst_b_r_reg_176_( .D (FE_PHN2866_modadd_b_in_r_176),  .CK (CTS_258),  .E (FE_OFN7_modadd_i_valid),  .Q (modular_add_sub_inst_b_r[176]));"
  The above instance has fewer port connections than the module definition.
  Please use '+lint=TFIPC-L' to print out detailed information of unconnected 
  ports.


Warning-[TFIPC] Too few instance port connections
./ed25519.v, 135658
ed25519, "EDFFXL modular_add_sub_inst_b_r_reg_177_( .D (FE_PHN5896_modadd_b_in_r_177),  .CK (CTS_258),  .E (FE_OFN7_modadd_i_valid),  .Q (modular_add_sub_inst_b_r[177]));"
  The above instance has fewer port connections than the module definition.
  Please use '+lint=TFIPC-L' to print out detailed information of unconnected 
  ports.


Warning-[TFIPC] Too few instance port connections
./ed25519.v, 135662
ed25519, "EDFFXL modular_add_sub_inst_b_r_reg_178_( .D (modadd_b_in_r[178]),  .CK (CTS_255),  .E (FE_OFN7_modadd_i_valid),  .Q (modular_add_sub_inst_b_r[178]));"
  The above instance has fewer port connections than the module definition.
  Please use '+lint=TFIPC-L' to print out detailed information of unconnected 
  ports.


Warning-[TFIPC] Too few instance port connections
./ed25519.v, 135666
ed25519, "EDFFXL modular_add_sub_inst_b_r_reg_181_( .D (FE_PHN1583_modadd_b_in_r_181),  .CK (CTS_255),  .E (FE_OFN7_modadd_i_valid),  .Q (modular_add_sub_inst_b_r[181]));"
  The above instance has fewer port connections than the module definition.
  Please use '+lint=TFIPC-L' to print out detailed information of unconnected 
  ports.


Warning-[TFIPC] Too few instance port connections
./ed25519.v, 135670
ed25519, "EDFFXL modular_add_sub_inst_b_r_reg_182_( .D (FE_PHN2046_modadd_b_in_r_182),  .CK (CTS_255),  .E (FE_OFN5_modadd_i_valid),  .Q (modular_add_sub_inst_b_r[182]));"
  The above instance has fewer port connections than the module definition.
  Please use '+lint=TFIPC-L' to print out detailed information of unconnected 
  ports.


Warning-[TFIPC] Too few instance port connections
./ed25519.v, 135674
ed25519, "EDFFXL modular_add_sub_inst_b_r_reg_183_( .D (modadd_b_in_r[183]),  .CK (CTS_255),  .E (FE_OFN5_modadd_i_valid),  .Q (modular_add_sub_inst_b_r[183]));"
  The above instance has fewer port connections than the module definition.
  Please use '+lint=TFIPC-L' to print out detailed information of unconnected 
  ports.


Warning-[TFIPC] Too few instance port connections
./ed25519.v, 135678
ed25519, "EDFFX1 modular_add_sub_inst_b_r_reg_184_( .D (modadd_b_in_r[184]),  .CK (CTS_256),  .E (FE_OFN5_modadd_i_valid),  .Q (modular_add_sub_inst_b_r[184]));"
  The above instance has fewer port connections than the module definition.
  Please use '+lint=TFIPC-L' to print out detailed information of unconnected 
  ports.


Warning-[TFIPC] Too few instance port connections
./ed25519.v, 135682
ed25519, "EDFFX1 modular_add_sub_inst_b_r_reg_185_( .D (modadd_b_in_r[185]),  .CK (CTS_255),  .E (FE_OFN5_modadd_i_valid),  .Q (modular_add_sub_inst_b_r[185]));"
  The above instance has fewer port connections than the module definition.
  Please use '+lint=TFIPC-L' to print out detailed information of unconnected 
  ports.


Warning-[TFIPC] Too few instance port connections
./ed25519.v, 135686
ed25519, "EDFFX1 modular_add_sub_inst_b_r_reg_186_( .D (modadd_b_in_r[186]),  .CK (CTS_256),  .E (FE_OFN3_modadd_i_valid),  .Q (modular_add_sub_inst_b_r[186]));"
  The above instance has fewer port connections than the module definition.
  Please use '+lint=TFIPC-L' to print out detailed information of unconnected 
  ports.


Warning-[TFIPC] Too few instance port connections
./ed25519.v, 135690
ed25519, "EDFFX1 modular_add_sub_inst_b_r_reg_187_( .D (FE_PHN5496_modadd_b_in_r_187),  .CK (CTS_256),  .E (FE_OFN5_modadd_i_valid),  .Q (modular_add_sub_inst_b_r[187]));"
  The above instance has fewer port connections than the module definition.
  Please use '+lint=TFIPC-L' to print out detailed information of unconnected 
  ports.


Warning-[TFIPC] Too few instance port connections
./ed25519.v, 135694
ed25519, "EDFFX1 modular_add_sub_inst_b_r_reg_188_( .D (modadd_b_in_r[188]),  .CK (CTS_256),  .E (FE_OFN3_modadd_i_valid),  .Q (modular_add_sub_inst_b_r[188]));"
  The above instance has fewer port connections than the module definition.
  Please use '+lint=TFIPC-L' to print out detailed information of unconnected 
  ports.


Warning-[TFIPC] Too few instance port connections
./ed25519.v, 135698
ed25519, "EDFFXL modular_add_sub_inst_b_r_reg_189_( .D (modadd_b_in_r[189]),  .CK (CTS_256),  .E (FE_OFN5_modadd_i_valid),  .Q (modular_add_sub_inst_b_r[189]));"
  The above instance has fewer port connections than the module definition.
  Please use '+lint=TFIPC-L' to print out detailed information of unconnected 
  ports.


Warning-[TFIPC] Too few instance port connections
./ed25519.v, 135702
ed25519, "EDFFX1 modular_add_sub_inst_b_r_reg_190_( .D (modadd_b_in_r[190]),  .CK (CTS_256),  .E (FE_OFN5_modadd_i_valid),  .Q (modular_add_sub_inst_b_r[190]));"
  The above instance has fewer port connections than the module definition.
  Please use '+lint=TFIPC-L' to print out detailed information of unconnected 
  ports.


Warning-[TFIPC] Too few instance port connections
./ed25519.v, 135706
ed25519, "EDFFX1 modular_add_sub_inst_b_r_reg_192_( .D (FE_PHN1904_modadd_b_in_r_192),  .CK (CTS_299),  .E (FE_OFN1_modadd_i_valid),  .Q (modular_add_sub_inst_b_r[192]));"
  The above instance has fewer port connections than the module definition.
  Please use '+lint=TFIPC-L' to print out detailed information of unconnected 
  ports.


Warning-[TFIPC] Too few instance port connections
./ed25519.v, 135710
ed25519, "EDFFX1 modular_add_sub_inst_b_r_reg_193_( .D (FE_PHN1751_modadd_b_in_r_193),  .CK (CTS_299),  .E (FE_OFN1_modadd_i_valid),  .Q (modular_add_sub_inst_b_r[193]));"
  The above instance has fewer port connections than the module definition.
  Please use '+lint=TFIPC-L' to print out detailed information of unconnected 
  ports.


Warning-[TFIPC] Too few instance port connections
./ed25519.v, 135714
ed25519, "EDFFX1 modular_add_sub_inst_b_r_reg_194_( .D (FE_PHN1481_modadd_b_in_r_194),  .CK (CTS_299),  .E (FE_OFN1_modadd_i_valid),  .Q (modular_add_sub_inst_b_r[194]));"
  The above instance has fewer port connections than the module definition.
  Please use '+lint=TFIPC-L' to print out detailed information of unconnected 
  ports.


Warning-[TFIPC] Too few instance port connections
./ed25519.v, 135718
ed25519, "EDFFX1 modular_add_sub_inst_b_r_reg_196_( .D (modadd_b_in_r[196]),  .CK (CTS_245),  .E (FE_OFN6_modadd_i_valid),  .Q (modular_add_sub_inst_b_r[196]));"
  The above instance has fewer port connections than the module definition.
  Please use '+lint=TFIPC-L' to print out detailed information of unconnected 
  ports.


Warning-[TFIPC] Too few instance port connections
./ed25519.v, 135722
ed25519, "EDFFXL modular_add_sub_inst_b_r_reg_197_( .D (FE_PHN2950_modadd_b_in_r_197),  .CK (CTS_245),  .E (FE_OFN6_modadd_i_valid),  .Q (modular_add_sub_inst_b_r[197]));"
  The above instance has fewer port connections than the module definition.
  Please use '+lint=TFIPC-L' to print out detailed information of unconnected 
  ports.


Warning-[TFIPC] Too few instance port connections
./ed25519.v, 135726
ed25519, "EDFFX1 modular_add_sub_inst_b_r_reg_198_( .D (FE_PHN2839_modadd_b_in_r_198),  .CK (CTS_308),  .E (FE_OFN6_modadd_i_valid),  .Q (modular_add_sub_inst_b_r[198]));"
  The above instance has fewer port connections than the module definition.
  Please use '+lint=TFIPC-L' to print out detailed information of unconnected 
  ports.


Warning-[TFIPC] Too few instance port connections
./ed25519.v, 135730
ed25519, "EDFFXL modular_add_sub_inst_b_r_reg_199_( .D (modadd_b_in_r[199]),  .CK (CTS_245),  .E (FE_OFN6_modadd_i_valid),  .Q (modular_add_sub_inst_b_r[199]));"
  The above instance has fewer port connections than the module definition.
  Please use '+lint=TFIPC-L' to print out detailed information of unconnected 
  ports.


Warning-[TFIPC] Too few instance port connections
./ed25519.v, 135734
ed25519, "EDFFX1 modular_add_sub_inst_b_r_reg_200_( .D (modadd_b_in_r[200]),  .CK (CTS_301),  .E (FE_OFN6_modadd_i_valid),  .Q (modular_add_sub_inst_b_r[200]));"
  The above instance has fewer port connections than the module definition.
  Please use '+lint=TFIPC-L' to print out detailed information of unconnected 
  ports.


Warning-[TFIPC] Too few instance port connections
./ed25519.v, 135738
ed25519, "EDFFX1 modular_add_sub_inst_b_r_reg_201_( .D (FE_PHN4098_modadd_b_in_r_201),  .CK (CTS_308),  .E (FE_OFN6_modadd_i_valid),  .Q (modular_add_sub_inst_b_r[201]));"
  The above instance has fewer port connections than the module definition.
  Please use '+lint=TFIPC-L' to print out detailed information of unconnected 
  ports.


Warning-[TFIPC] Too few instance port connections
./ed25519.v, 135742
ed25519, "EDFFX1 modular_add_sub_inst_b_r_reg_202_( .D (FE_PHN4023_modadd_b_in_r_202),  .CK (CTS_241),  .E (FE_OFN6_modadd_i_valid),  .Q (modular_add_sub_inst_b_r[202]));"
  The above instance has fewer port connections than the module definition.
  Please use '+lint=TFIPC-L' to print out detailed information of unconnected 
  ports.


Warning-[TFIPC] Too few instance port connections
./ed25519.v, 135746
ed25519, "EDFFX1 modular_add_sub_inst_b_r_reg_204_( .D (FE_PHN4037_modadd_b_in_r_204),  .CK (CTS_308),  .E (FE_OFN6_modadd_i_valid),  .Q (modular_add_sub_inst_b_r[204]));"
  The above instance has fewer port connections than the module definition.
  Please use '+lint=TFIPC-L' to print out detailed information of unconnected 
  ports.


Warning-[TFIPC] Too few instance port connections
./ed25519.v, 135750
ed25519, "EDFFX1 modular_add_sub_inst_b_r_reg_205_( .D (FE_PHN4174_modadd_b_in_r_205),  .CK (CTS_241),  .E (FE_OFN6_modadd_i_valid),  .Q (modular_add_sub_inst_b_r[205]));"
  The above instance has fewer port connections than the module definition.
  Please use '+lint=TFIPC-L' to print out detailed information of unconnected 
  ports.


Warning-[TFIPC] Too few instance port connections
./ed25519.v, 135754
ed25519, "EDFFX1 modular_add_sub_inst_b_r_reg_206_( .D (FE_PHN4153_modadd_b_in_r_206),  .CK (CTS_241),  .E (FE_OFN6_modadd_i_valid),  .Q (modular_add_sub_inst_b_r[206]));"
  The above instance has fewer port connections than the module definition.
  Please use '+lint=TFIPC-L' to print out detailed information of unconnected 
  ports.


Warning-[TFIPC] Too few instance port connections
./ed25519.v, 135758
ed25519, "EDFFX1 modular_add_sub_inst_b_r_reg_207_( .D (FE_PHN2572_modadd_b_in_r_207),  .CK (CTS_245),  .E (FE_OFN6_modadd_i_valid),  .Q (modular_add_sub_inst_b_r[207]));"
  The above instance has fewer port connections than the module definition.
  Please use '+lint=TFIPC-L' to print out detailed information of unconnected 
  ports.


Warning-[TFIPC] Too few instance port connections
./ed25519.v, 135762
ed25519, "EDFFX1 modular_add_sub_inst_b_r_reg_208_( .D (FE_PHN1764_modadd_b_in_r_208),  .CK (CTS_244),  .E (FE_OFN10_modadd_i_valid),  .Q (modular_add_sub_inst_b_r[208]));"
  The above instance has fewer port connections than the module definition.
  Please use '+lint=TFIPC-L' to print out detailed information of unconnected 
  ports.


Warning-[TFIPC] Too few instance port connections
./ed25519.v, 135766
ed25519, "EDFFX1 modular_add_sub_inst_b_r_reg_209_( .D (FE_PHN2750_modadd_b_in_r_209),  .CK (CTS_244),  .E (FE_OFN10_modadd_i_valid),  .Q (modular_add_sub_inst_b_r[209]));"
  The above instance has fewer port connections than the module definition.
  Please use '+lint=TFIPC-L' to print out detailed information of unconnected 
  ports.


Warning-[TFIPC] Too few instance port connections
./ed25519.v, 135770
ed25519, "EDFFXL modular_add_sub_inst_b_r_reg_211_( .D (FE_PHN2972_modadd_b_in_r_211),  .CK (CTS_242),  .E (FE_OFN10_modadd_i_valid),  .Q (modular_add_sub_inst_b_r[211]));"
  The above instance has fewer port connections than the module definition.
  Please use '+lint=TFIPC-L' to print out detailed information of unconnected 
  ports.


Warning-[TFIPC] Too few instance port connections
./ed25519.v, 135774
ed25519, "EDFFX1 modular_add_sub_inst_b_r_reg_212_( .D (FE_PHN4058_modadd_b_in_r_212),  .CK (CTS_243),  .E (FE_OFN10_modadd_i_valid),  .Q (modular_add_sub_inst_b_r[212]));"
  The above instance has fewer port connections than the module definition.
  Please use '+lint=TFIPC-L' to print out detailed information of unconnected 
  ports.


Warning-[TFIPC] Too few instance port connections
./ed25519.v, 135778
ed25519, "EDFFXL modular_add_sub_inst_b_r_reg_213_( .D (FE_PHN4009_modadd_b_in_r_213),  .CK (CTS_243),  .E (FE_OFN10_modadd_i_valid),  .Q (modular_add_sub_inst_b_r[213]));"
  The above instance has fewer port connections than the module definition.
  Please use '+lint=TFIPC-L' to print out detailed information of unconnected 
  ports.


Warning-[TFIPC] Too few instance port connections
./ed25519.v, 135782
ed25519, "EDFFXL modular_add_sub_inst_b_r_reg_214_( .D (FE_PHN4020_modadd_b_in_r_214),  .CK (CTS_243),  .E (FE_OFN9_modadd_i_valid),  .Q (modular_add_sub_inst_b_r[214]));"
  The above instance has fewer port connections than the module definition.
  Please use '+lint=TFIPC-L' to print out detailed information of unconnected 
  ports.


Warning-[TFIPC] Too few instance port connections
./ed25519.v, 135786
ed25519, "EDFFXL modular_add_sub_inst_b_r_reg_216_( .D (FE_PHN5471_modadd_b_in_r_216),  .CK (CTS_244),  .E (FE_OFN0_modadd_i_valid),  .Q (modular_add_sub_inst_b_r[216]));"
  The above instance has fewer port connections than the module definition.
  Please use '+lint=TFIPC-L' to print out detailed information of unconnected 
  ports.


Warning-[TFIPC] Too few instance port connections
./ed25519.v, 135790
ed25519, "EDFFXL modular_add_sub_inst_b_r_reg_220_( .D (FE_PHN2816_modadd_b_in_r_220),  .CK (CTS_240),  .E (FE_OFN0_modadd_i_valid),  .Q (modular_add_sub_inst_b_r[220]));"
  The above instance has fewer port connections than the module definition.
  Please use '+lint=TFIPC-L' to print out detailed information of unconnected 
  ports.


Warning-[TFIPC] Too few instance port connections
./ed25519.v, 135794
ed25519, "EDFFX1 modular_add_sub_inst_b_r_reg_239_( .D (modadd_b_in_r[239]),  .CK (CTS_258),  .E (FE_OFN7_modadd_i_valid),  .Q (modular_add_sub_inst_b_r[239]));"
  The above instance has fewer port connections than the module definition.
  Please use '+lint=TFIPC-L' to print out detailed information of unconnected 
  ports.


Warning-[TFIPC] Too few instance port connections
./ed25519.v, 135798
ed25519, "EDFFXL modular_add_sub_inst_b_r_reg_245_( .D (modadd_b_in_r[245]),  .CK (CTS_255),  .E (FE_OFN5_modadd_i_valid),  .Q (modular_add_sub_inst_b_r[245]));"
  The above instance has fewer port connections than the module definition.
  Please use '+lint=TFIPC-L' to print out detailed information of unconnected 
  ports.


Warning-[TFIPC] Too few instance port connections
./ed25519.v, 135802
ed25519, "EDFFXL modular_add_sub_inst_b_r_reg_247_( .D (FE_PHN2405_modadd_b_in_r_247),  .CK (CTS_256),  .E (FE_OFN5_modadd_i_valid),  .Q (modular_add_sub_inst_b_r[247]));"
  The above instance has fewer port connections than the module definition.
  Please use '+lint=TFIPC-L' to print out detailed information of unconnected 
  ports.


Warning-[TFIPC] Too few instance port connections
./ed25519.v, 135806
ed25519, "EDFFXL modular_add_sub_inst_b_r_reg_253_( .D (modadd_b_in_r[253]),  .CK (CTS_253),  .E (FE_OFN3_modadd_i_valid),  .Q (modular_add_sub_inst_b_r[253]));"
  The above instance has fewer port connections than the module definition.
  Please use '+lint=TFIPC-L' to print out detailed information of unconnected 
  ports.


Warning-[TFIPC] Too few instance port connections
./ed25519.v, 135810
ed25519, "EDFFX1 modular_add_sub_inst_a_r_reg_2_( .D (modadd_a_in_r[2]),  .CK (CTS_296),  .E (FE_OFN2_modadd_i_valid),  .Q (modular_add_sub_inst_a_r[2]));"
  The above instance has fewer port connections than the module definition.
  Please use '+lint=TFIPC-L' to print out detailed information of unconnected 
  ports.


Warning-[TFIPC] Too few instance port connections
./ed25519.v, 135814
ed25519, "EDFFX1 modular_add_sub_inst_a_r_reg_3_( .D (FE_PHN2051_modadd_a_in_r_3),  .CK (CTS_296),  .E (FE_OFN2_modadd_i_valid),  .Q (modular_add_sub_inst_a_r[3]));"
  The above instance has fewer port connections than the module definition.
  Please use '+lint=TFIPC-L' to print out detailed information of unconnected 
  ports.


Warning-[TFIPC] Too few instance port connections
./ed25519.v, 135818
ed25519, "EDFFXL modular_add_sub_inst_a_r_reg_24_( .D (FE_PHN4810_modadd_a_in_r_24),  .CK (CTS_244),  .E (FE_OFN0_modadd_i_valid),  .Q (modular_add_sub_inst_a_r[24]));"
  The above instance has fewer port connections than the module definition.
  Please use '+lint=TFIPC-L' to print out detailed information of unconnected 
  ports.


Warning-[TFIPC] Too few instance port connections
./ed25519.v, 135822
ed25519, "EDFFX1 modular_add_sub_inst_a_r_reg_30_( .D (modadd_a_in_r[30]),  .CK (CTS_240),  .E (FE_OFN9_modadd_i_valid),  .Q (modular_add_sub_inst_a_r[30]));"
  The above instance has fewer port connections than the module definition.
  Please use '+lint=TFIPC-L' to print out detailed information of unconnected 
  ports.


Warning-[TFIPC] Too few instance port connections
./ed25519.v, 135826
ed25519, "EDFFXL modular_add_sub_inst_a_r_reg_32_( .D (FE_PHN4222_modadd_a_in_r_32),  .CK (CTS_276),  .E (FE_OFN4_modadd_i_valid),  .Q (modular_add_sub_inst_a_r[32]));"
  The above instance has fewer port connections than the module definition.
  Please use '+lint=TFIPC-L' to print out detailed information of unconnected 
  ports.


Warning-[TFIPC] Too few instance port connections
./ed25519.v, 135830
ed25519, "EDFFX1 modular_add_sub_inst_a_r_reg_37_( .D (FE_PHN2747_modadd_a_in_r_37),  .CK (CTS_238),  .E (FE_OFN4_modadd_i_valid),  .Q (modular_add_sub_inst_a_r[37]));"
  The above instance has fewer port connections than the module definition.
  Please use '+lint=TFIPC-L' to print out detailed information of unconnected 
  ports.


Warning-[TFIPC] Too few instance port connections
./ed25519.v, 135834
ed25519, "EDFFX1 modular_add_sub_inst_a_r_reg_39_( .D (modadd_a_in_r[39]),  .CK (CTS_276),  .E (FE_OFN4_modadd_i_valid),  .Q (modular_add_sub_inst_a_r[39]));"
  The above instance has fewer port connections than the module definition.
  Please use '+lint=TFIPC-L' to print out detailed information of unconnected 
  ports.


Warning-[TFIPC] Too few instance port connections
./ed25519.v, 135838
ed25519, "EDFFX1 modular_add_sub_inst_a_r_reg_51_( .D (modadd_a_in_r[51]),  .CK (CTS_258),  .E (FE_OFN7_modadd_i_valid),  .Q (modular_add_sub_inst_a_r[51]));"
  The above instance has fewer port connections than the module definition.
  Please use '+lint=TFIPC-L' to print out detailed information of unconnected 
  ports.


Warning-[TFIPC] Too few instance port connections
./ed25519.v, 135842
ed25519, "EDFFX1 modular_add_sub_inst_a_r_reg_62_( .D (modadd_a_in_r[62]),  .CK (CTS_257),  .E (FE_OFN3_modadd_i_valid),  .Q (modular_add_sub_inst_a_r[62]));"
  The above instance has fewer port connections than the module definition.
  Please use '+lint=TFIPC-L' to print out detailed information of unconnected 
  ports.


Warning-[TFIPC] Too few instance port connections
./ed25519.v, 135846
ed25519, "EDFFX1 modular_add_sub_inst_a_r_reg_68_( .D (modadd_a_in_r[68]),  .CK (CTS_301),  .E (FE_OFN6_modadd_i_valid),  .Q (modular_add_sub_inst_a_r[68]));"
  The above instance has fewer port connections than the module definition.
  Please use '+lint=TFIPC-L' to print out detailed information of unconnected 
  ports.


Warning-[TFIPC] Too few instance port connections
./ed25519.v, 135850
ed25519, "EDFFX1 modular_add_sub_inst_a_r_reg_81_( .D (modadd_a_in_r[81]),  .CK (CTS_244),  .E (FE_OFN10_modadd_i_valid),  .Q (modular_add_sub_inst_a_r[81]));"
  The above instance has fewer port connections than the module definition.
  Please use '+lint=TFIPC-L' to print out detailed information of unconnected 
  ports.


Warning-[TFIPC] Too few instance port connections
./ed25519.v, 135854
ed25519, "EDFFX1 modular_add_sub_inst_a_r_reg_82_( .D (FE_PHN2422_modadd_a_in_r_82),  .CK (CTS_244),  .E (FE_OFN10_modadd_i_valid),  .Q (modular_add_sub_inst_a_r[82]));"
  The above instance has fewer port connections than the module definition.
  Please use '+lint=TFIPC-L' to print out detailed information of unconnected 
  ports.


Warning-[TFIPC] Too few instance port connections
./ed25519.v, 135858
ed25519, "EDFFX1 modular_add_sub_inst_a_r_reg_83_( .D (modadd_a_in_r[83]),  .CK (CTS_244),  .E (FE_OFN10_modadd_i_valid),  .Q (modular_add_sub_inst_a_r[83]));"
  The above instance has fewer port connections than the module definition.
  Please use '+lint=TFIPC-L' to print out detailed information of unconnected 
  ports.


Warning-[TFIPC] Too few instance port connections
./ed25519.v, 135862
ed25519, "EDFFX1 modular_add_sub_inst_a_r_reg_84_( .D (modadd_a_in_r[84]),  .CK (CTS_242),  .E (FE_OFN10_modadd_i_valid),  .Q (modular_add_sub_inst_a_r[84]));"
  The above instance has fewer port connections than the module definition.
  Please use '+lint=TFIPC-L' to print out detailed information of unconnected 
  ports.


Warning-[TFIPC] Too few instance port connections
./ed25519.v, 135866
ed25519, "EDFFX1 modular_add_sub_inst_a_r_reg_85_( .D (modadd_a_in_r[85]),  .CK (CTS_242),  .E (FE_OFN10_modadd_i_valid),  .Q (modular_add_sub_inst_a_r[85]));"
  The above instance has fewer port connections than the module definition.
  Please use '+lint=TFIPC-L' to print out detailed information of unconnected 
  ports.


Warning-[TFIPC] Too few instance port connections
./ed25519.v, 135870
ed25519, "EDFFXL modular_add_sub_inst_a_r_reg_86_( .D (FE_PHN4043_modadd_a_in_r_86),  .CK (CTS_242),  .E (FE_OFN9_modadd_i_valid),  .Q (modular_add_sub_inst_a_r[86]));"
  The above instance has fewer port connections than the module definition.
  Please use '+lint=TFIPC-L' to print out detailed information of unconnected 
  ports.


Warning-[TFIPC] Too few instance port connections
./ed25519.v, 135874
ed25519, "EDFFXL modular_add_sub_inst_a_r_reg_87_( .D (FE_PHN4185_modadd_a_in_r_87),  .CK (CTS_239),  .E (FE_OFN9_modadd_i_valid),  .Q (modular_add_sub_inst_a_r[87]));"
  The above instance has fewer port connections than the module definition.
  Please use '+lint=TFIPC-L' to print out detailed information of unconnected 
  ports.


Warning-[TFIPC] Too few instance port connections
./ed25519.v, 135878
ed25519, "EDFFX1 modular_add_sub_inst_a_r_reg_88_( .D (FE_PHN2036_modadd_a_in_r_88),  .CK (CTS_281),  .E (FE_OFN0_modadd_i_valid),  .Q (modular_add_sub_inst_a_r[88]));"
  The above instance has fewer port connections than the module definition.
  Please use '+lint=TFIPC-L' to print out detailed information of unconnected 
  ports.


Warning-[TFIPC] Too few instance port connections
./ed25519.v, 135882
ed25519, "EDFFX1 modular_add_sub_inst_a_r_reg_89_( .D (modadd_a_in_r[89]),  .CK (CTS_281),  .E (FE_OFN0_modadd_i_valid),  .Q (modular_add_sub_inst_a_r[89]));"
  The above instance has fewer port connections than the module definition.
  Please use '+lint=TFIPC-L' to print out detailed information of unconnected 
  ports.


Warning-[TFIPC] Too few instance port connections
./ed25519.v, 135886
ed25519, "EDFFX1 modular_add_sub_inst_a_r_reg_90_( .D (FE_PHN4809_modadd_a_in_r_90),  .CK (CTS_240),  .E (FE_OFN0_modadd_i_valid),  .Q (modular_add_sub_inst_a_r[90]));"
  The above instance has fewer port connections than the module definition.
  Please use '+lint=TFIPC-L' to print out detailed information of unconnected 
  ports.


Warning-[TFIPC] Too few instance port connections
./ed25519.v, 135890
ed25519, "EDFFX1 modular_add_sub_inst_a_r_reg_93_( .D (modadd_a_in_r[93]),  .CK (CTS_240),  .E (FE_OFN9_modadd_i_valid),  .Q (modular_add_sub_inst_a_r[93]));"
  The above instance has fewer port connections than the module definition.
  Please use '+lint=TFIPC-L' to print out detailed information of unconnected 
  ports.


Warning-[TFIPC] Too few instance port connections
./ed25519.v, 135894
ed25519, "EDFFX1 modular_add_sub_inst_a_r_reg_94_( .D (FE_PHN4124_modadd_a_in_r_94),  .CK (CTS_239),  .E (FE_OFN9_modadd_i_valid),  .Q (modular_add_sub_inst_a_r[94]));"
  The above instance has fewer port connections than the module definition.
  Please use '+lint=TFIPC-L' to print out detailed information of unconnected 
  ports.


Warning-[TFIPC] Too few instance port connections
./ed25519.v, 135898
ed25519, "EDFFX1 modular_add_sub_inst_a_r_reg_96_( .D (FE_PHN4155_modadd_a_in_r_96),  .CK (CTS_276),  .E (FE_OFN4_modadd_i_valid),  .Q (modular_add_sub_inst_a_r[96]));"
  The above instance has fewer port connections than the module definition.
  Please use '+lint=TFIPC-L' to print out detailed information of unconnected 
  ports.


Warning-[TFIPC] Too few instance port connections
./ed25519.v, 135902
ed25519, "EDFFX1 modular_add_sub_inst_a_r_reg_97_( .D (modadd_a_in_r[97]),  .CK (CTS_276),  .E (FE_OFN4_modadd_i_valid),  .Q (modular_add_sub_inst_a_r[97]));"
  The above instance has fewer port connections than the module definition.
  Please use '+lint=TFIPC-L' to print out detailed information of unconnected 
  ports.


Warning-[TFIPC] Too few instance port connections
./ed25519.v, 135906
ed25519, "EDFFX1 modular_add_sub_inst_a_r_reg_98_( .D (FE_PHN4108_modadd_a_in_r_98),  .CK (CTS_238),  .E (FE_OFN4_modadd_i_valid),  .Q (modular_add_sub_inst_a_r[98]));"
  The above instance has fewer port connections than the module definition.
  Please use '+lint=TFIPC-L' to print out detailed information of unconnected 
  ports.


Warning-[TFIPC] Too few instance port connections
./ed25519.v, 135910
ed25519, "EDFFX1 modular_add_sub_inst_a_r_reg_99_( .D (modadd_a_in_r[99]),  .CK (CTS_274),  .E (FE_OFN8_modadd_i_valid),  .Q (modular_add_sub_inst_a_r[99]));"
  The above instance has fewer port connections than the module definition.
  Please use '+lint=TFIPC-L' to print out detailed information of unconnected 
  ports.


Warning-[TFIPC] Too few instance port connections
./ed25519.v, 135914
ed25519, "EDFFX1 modular_add_sub_inst_a_r_reg_100_( .D (FE_PHN1149_modadd_a_in_r_100),  .CK (CTS_276),  .E (FE_OFN4_modadd_i_valid),  .Q (modular_add_sub_inst_a_r[100]));"
  The above instance has fewer port connections than the module definition.
  Please use '+lint=TFIPC-L' to print out detailed information of unconnected 
  ports.


Warning-[TFIPC] Too few instance port connections
./ed25519.v, 135918
ed25519, "EDFFX1 modular_add_sub_inst_a_r_reg_101_( .D (FE_PHN4276_modadd_a_in_r_101),  .CK (CTS_238),  .E (FE_OFN4_modadd_i_valid),  .Q (modular_add_sub_inst_a_r[101]));"
  The above instance has fewer port connections than the module definition.
  Please use '+lint=TFIPC-L' to print out detailed information of unconnected 
  ports.


Warning-[TFIPC] Too few instance port connections
./ed25519.v, 135922
ed25519, "EDFFX1 modular_add_sub_inst_a_r_reg_102_( .D (FE_PHN4149_modadd_a_in_r_102),  .CK (CTS_276),  .E (FE_OFN4_modadd_i_valid),  .Q (modular_add_sub_inst_a_r[102]));"
  The above instance has fewer port connections than the module definition.
  Please use '+lint=TFIPC-L' to print out detailed information of unconnected 
  ports.


Warning-[TFIPC] Too few instance port connections
./ed25519.v, 135926
ed25519, "EDFFX1 modular_add_sub_inst_a_r_reg_103_( .D (modadd_a_in_r[103]),  .CK (CTS_276),  .E (FE_OFN4_modadd_i_valid),  .Q (modular_add_sub_inst_a_r[103]));"
  The above instance has fewer port connections than the module definition.
  Please use '+lint=TFIPC-L' to print out detailed information of unconnected 
  ports.


Warning-[TFIPC] Too few instance port connections
./ed25519.v, 135930
ed25519, "EDFFX1 modular_add_sub_inst_a_r_reg_141_( .D (FE_PHN1368_modadd_a_in_r_141),  .CK (CTS_307),  .E (FE_OFN2_modadd_i_valid),  .Q (modular_add_sub_inst_a_r[141]));"
  The above instance has fewer port connections than the module definition.
  Please use '+lint=TFIPC-L' to print out detailed information of unconnected 
  ports.


Warning-[TFIPC] Too few instance port connections
./ed25519.v, 135934
ed25519, "EDFFX1 modular_add_sub_inst_a_r_reg_142_( .D (modadd_a_in_r[142]),  .CK (CTS_307),  .E (FE_OFN2_modadd_i_valid),  .Q (modular_add_sub_inst_a_r[142]));"
  The above instance has fewer port connections than the module definition.
  Please use '+lint=TFIPC-L' to print out detailed information of unconnected 
  ports.


Warning-[TFIPC] Too few instance port connections
./ed25519.v, 135938
ed25519, "EDFFX1 modular_add_sub_inst_a_r_reg_143_( .D (FE_PHN1308_modadd_a_in_r_143),  .CK (CTS_301),  .E (FE_OFN6_modadd_i_valid),  .Q (modular_add_sub_inst_a_r[143]));"
  The above instance has fewer port connections than the module definition.
  Please use '+lint=TFIPC-L' to print out detailed information of unconnected 
  ports.


Warning-[TFIPC] Too few instance port connections
./ed25519.v, 135942
ed25519, "EDFFX1 modular_add_sub_inst_a_r_reg_144_( .D (FE_PHN5712_modadd_a_in_r_144),  .CK (CTS_299),  .E (FE_OFN1_modadd_i_valid),  .Q (modular_add_sub_inst_a_r[144]));"
  The above instance has fewer port connections than the module definition.
  Please use '+lint=TFIPC-L' to print out detailed information of unconnected 
  ports.


Warning-[TFIPC] Too few instance port connections
./ed25519.v, 135946
ed25519, "EDFFXL modular_add_sub_inst_a_r_reg_145_( .D (FE_PHN1930_modadd_a_in_r_145),  .CK (CTS_244),  .E (FE_OFN10_modadd_i_valid),  .Q (modular_add_sub_inst_a_r[145]));"
  The above instance has fewer port connections than the module definition.
  Please use '+lint=TFIPC-L' to print out detailed information of unconnected 
  ports.


Warning-[TFIPC] Too few instance port connections
./ed25519.v, 135950
ed25519, "EDFFXL modular_add_sub_inst_a_r_reg_146_( .D (FE_PHN5717_modadd_a_in_r_146),  .CK (CTS_244),  .E (FE_OFN10_modadd_i_valid),  .Q (modular_add_sub_inst_a_r[146]));"
  The above instance has fewer port connections than the module definition.
  Please use '+lint=TFIPC-L' to print out detailed information of unconnected 
  ports.


Warning-[TFIPC] Too few instance port connections
./ed25519.v, 135954
ed25519, "EDFFXL modular_add_sub_inst_a_r_reg_147_( .D (modadd_a_in_r[147]),  .CK (CTS_244),  .E (FE_OFN10_modadd_i_valid),  .Q (modular_add_sub_inst_a_r[147]));"
  The above instance has fewer port connections than the module definition.
  Please use '+lint=TFIPC-L' to print out detailed information of unconnected 
  ports.


Warning-[TFIPC] Too few instance port connections
./ed25519.v, 135958
ed25519, "EDFFXL modular_add_sub_inst_a_r_reg_148_( .D (modadd_a_in_r[148]),  .CK (CTS_242),  .E (FE_OFN10_modadd_i_valid),  .Q (modular_add_sub_inst_a_r[148]));"
  The above instance has fewer port connections than the module definition.
  Please use '+lint=TFIPC-L' to print out detailed information of unconnected 
  ports.


Warning-[TFIPC] Too few instance port connections
./ed25519.v, 135962
ed25519, "EDFFXL modular_add_sub_inst_a_r_reg_149_( .D (FE_PHN2549_modadd_a_in_r_149),  .CK (CTS_242),  .E (FE_OFN10_modadd_i_valid),  .Q (modular_add_sub_inst_a_r[149]));"
  The above instance has fewer port connections than the module definition.
  Please use '+lint=TFIPC-L' to print out detailed information of unconnected 
  ports.


Warning-[TFIPC] Too few instance port connections
./ed25519.v, 135966
ed25519, "EDFFXL modular_add_sub_inst_a_r_reg_150_( .D (FE_PHN4055_modadd_a_in_r_150),  .CK (CTS_242),  .E (FE_OFN10_modadd_i_valid),  .Q (modular_add_sub_inst_a_r[150]));"
  The above instance has fewer port connections than the module definition.
  Please use '+lint=TFIPC-L' to print out detailed information of unconnected 
  ports.


Warning-[TFIPC] Too few instance port connections
./ed25519.v, 135970
ed25519, "EDFFXL modular_add_sub_inst_a_r_reg_153_( .D (FE_PHN5718_modadd_a_in_r_153),  .CK (CTS_244),  .E (FE_OFN0_modadd_i_valid),  .Q (modular_add_sub_inst_a_r[153]));"
  The above instance has fewer port connections than the module definition.
  Please use '+lint=TFIPC-L' to print out detailed information of unconnected 
  ports.


Warning-[TFIPC] Too few instance port connections
./ed25519.v, 135974
ed25519, "EDFFXL modular_add_sub_inst_a_r_reg_154_( .D (FE_PHN5499_modadd_a_in_r_154),  .CK (CTS_281),  .E (FE_OFN0_modadd_i_valid),  .Q (modular_add_sub_inst_a_r[154]));"
  The above instance has fewer port connections than the module definition.
  Please use '+lint=TFIPC-L' to print out detailed information of unconnected 
  ports.


Warning-[TFIPC] Too few instance port connections
./ed25519.v, 135978
ed25519, "EDFFXL modular_add_sub_inst_a_r_reg_156_( .D (FE_PHN5374_modadd_a_in_r_156),  .CK (CTS_281),  .E (FE_OFN0_modadd_i_valid),  .Q (modular_add_sub_inst_a_r[156]));"
  The above instance has fewer port connections than the module definition.
  Please use '+lint=TFIPC-L' to print out detailed information of unconnected 
  ports.


Warning-[TFIPC] Too few instance port connections
./ed25519.v, 135982
ed25519, "EDFFXL modular_add_sub_inst_a_r_reg_157_( .D (FE_PHN5491_modadd_a_in_r_157),  .CK (CTS_244),  .E (FE_OFN0_modadd_i_valid),  .Q (modular_add_sub_inst_a_r[157]));"
  The above instance has fewer port connections than the module definition.
  Please use '+lint=TFIPC-L' to print out detailed information of unconnected 
  ports.


Warning-[TFIPC] Too few instance port connections
./ed25519.v, 135986
ed25519, "EDFFXL modular_add_sub_inst_a_r_reg_158_( .D (FE_PHN1940_modadd_a_in_r_158),  .CK (CTS_240),  .E (FE_OFN0_modadd_i_valid),  .Q (modular_add_sub_inst_a_r[158]));"
  The above instance has fewer port connections than the module definition.
  Please use '+lint=TFIPC-L' to print out detailed information of unconnected 
  ports.


Warning-[TFIPC] Too few instance port connections
./ed25519.v, 135990
ed25519, "EDFFXL modular_add_sub_inst_a_r_reg_159_( .D (FE_PHN2917_modadd_a_in_r_159),  .CK (CTS_239),  .E (FE_OFN9_modadd_i_valid),  .Q (modular_add_sub_inst_a_r[159]));"
  The above instance has fewer port connections than the module definition.
  Please use '+lint=TFIPC-L' to print out detailed information of unconnected 
  ports.


Warning-[TFIPC] Too few instance port connections
./ed25519.v, 135994
ed25519, "EDFFXL modular_add_sub_inst_a_r_reg_160_( .D (FE_PHN4013_modadd_a_in_r_160),  .CK (CTS_238),  .E (FE_OFN4_modadd_i_valid),  .Q (modular_add_sub_inst_a_r[160]));"
  The above instance has fewer port connections than the module definition.
  Please use '+lint=TFIPC-L' to print out detailed information of unconnected 
  ports.


Warning-[TFIPC] Too few instance port connections
./ed25519.v, 135998
ed25519, "EDFFXL modular_add_sub_inst_a_r_reg_161_( .D (FE_PHN4219_modadd_a_in_r_161),  .CK (CTS_276),  .E (FE_OFN4_modadd_i_valid),  .Q (modular_add_sub_inst_a_r[161]));"
  The above instance has fewer port connections than the module definition.
  Please use '+lint=TFIPC-L' to print out detailed information of unconnected 
  ports.


Warning-[TFIPC] Too few instance port connections
./ed25519.v, 136002
ed25519, "EDFFX1 modular_add_sub_inst_a_r_reg_162_( .D (FE_PHN4177_modadd_a_in_r_162),  .CK (CTS_238),  .E (FE_OFN4_modadd_i_valid),  .Q (modular_add_sub_inst_a_r[162]));"
  The above instance has fewer port connections than the module definition.
  Please use '+lint=TFIPC-L' to print out detailed information of unconnected 
  ports.


Warning-[TFIPC] Too few instance port connections
./ed25519.v, 136006
ed25519, "EDFFXL modular_add_sub_inst_a_r_reg_163_( .D (modadd_a_in_r[163]),  .CK (CTS_276),  .E (FE_OFN4_modadd_i_valid),  .Q (modular_add_sub_inst_a_r[163]));"
  The above instance has fewer port connections than the module definition.
  Please use '+lint=TFIPC-L' to print out detailed information of unconnected 
  ports.


Warning-[TFIPC] Too few instance port connections
./ed25519.v, 136010
ed25519, "EDFFX1 modular_add_sub_inst_a_r_reg_202_( .D (FE_PHN4154_modadd_a_in_r_202),  .CK (CTS_241),  .E (FE_OFN6_modadd_i_valid),  .Q (modular_add_sub_inst_a_r[202]));"
  The above instance has fewer port connections than the module definition.
  Please use '+lint=TFIPC-L' to print out detailed information of unconnected 
  ports.


Warning-[TFIPC] Too few instance port connections
./ed25519.v, 136014
ed25519, "EDFFX1 modular_add_sub_inst_a_r_reg_203_( .D (FE_PHN3995_modadd_a_in_r_203),  .CK (CTS_241),  .E (FE_OFN6_modadd_i_valid),  .Q (modular_add_sub_inst_a_r[203]));"
  The above instance has fewer port connections than the module definition.
  Please use '+lint=TFIPC-L' to print out detailed information of unconnected 
  ports.


Warning-[TFIPC] Too few instance port connections
./ed25519.v, 136018
ed25519, "EDFFX1 modular_add_sub_inst_a_r_reg_204_( .D (FE_PHN4139_modadd_a_in_r_204),  .CK (CTS_308),  .E (FE_OFN6_modadd_i_valid),  .Q (modular_add_sub_inst_a_r[204]));"
  The above instance has fewer port connections than the module definition.
  Please use '+lint=TFIPC-L' to print out detailed information of unconnected 
  ports.


Warning-[TFIPC] Too few instance port connections
./ed25519.v, 136022
ed25519, "EDFFX1 modular_add_sub_inst_a_r_reg_205_( .D (FE_PHN4080_modadd_a_in_r_205),  .CK (CTS_241),  .E (FE_OFN6_modadd_i_valid),  .Q (modular_add_sub_inst_a_r[205]));"
  The above instance has fewer port connections than the module definition.
  Please use '+lint=TFIPC-L' to print out detailed information of unconnected 
  ports.


Warning-[TFIPC] Too few instance port connections
./ed25519.v, 136026
ed25519, "EDFFX1 modular_add_sub_inst_a_r_reg_206_( .D (FE_PHN4161_modadd_a_in_r_206),  .CK (CTS_241),  .E (FE_OFN6_modadd_i_valid),  .Q (modular_add_sub_inst_a_r[206]));"
  The above instance has fewer port connections than the module definition.
  Please use '+lint=TFIPC-L' to print out detailed information of unconnected 
  ports.


Warning-[TFIPC] Too few instance port connections
./ed25519.v, 136030
ed25519, "EDFFX1 modular_add_sub_inst_a_r_reg_207_( .D (modadd_a_in_r[207]),  .CK (CTS_245),  .E (FE_OFN6_modadd_i_valid),  .Q (modular_add_sub_inst_a_r[207]));"
  The above instance has fewer port connections than the module definition.
  Please use '+lint=TFIPC-L' to print out detailed information of unconnected 
  ports.


Warning-[TFIPC] Too few instance port connections
./ed25519.v, 136034
ed25519, "EDFFX1 modular_add_sub_inst_a_r_reg_208_( .D (modadd_a_in_r[208]),  .CK (CTS_244),  .E (FE_OFN10_modadd_i_valid),  .Q (modular_add_sub_inst_a_r[208]));"
  The above instance has fewer port connections than the module definition.
  Please use '+lint=TFIPC-L' to print out detailed information of unconnected 
  ports.


Warning-[TFIPC] Too few instance port connections
./ed25519.v, 136038
ed25519, "EDFFX1 modular_add_sub_inst_a_r_reg_209_( .D (FE_PHN2597_modadd_a_in_r_209),  .CK (CTS_242),  .E (FE_OFN10_modadd_i_valid),  .Q (modular_add_sub_inst_a_r[209]));"
  The above instance has fewer port connections than the module definition.
  Please use '+lint=TFIPC-L' to print out detailed information of unconnected 
  ports.


Warning-[TFIPC] Too few instance port connections
./ed25519.v, 136042
ed25519, "EDFFXL modular_add_sub_inst_a_r_reg_210_( .D (FE_PHN2467_modadd_a_in_r_210),  .CK (CTS_242),  .E (FE_OFN10_modadd_i_valid),  .Q (modular_add_sub_inst_a_r[210]));"
  The above instance has fewer port connections than the module definition.
  Please use '+lint=TFIPC-L' to print out detailed information of unconnected 
  ports.


Warning-[TFIPC] Too few instance port connections
./ed25519.v, 136046
ed25519, "EDFFXL modular_add_sub_inst_a_r_reg_211_( .D (FE_PHN2994_modadd_a_in_r_211),  .CK (CTS_242),  .E (FE_OFN10_modadd_i_valid),  .Q (modular_add_sub_inst_a_r[211]));"
  The above instance has fewer port connections than the module definition.
  Please use '+lint=TFIPC-L' to print out detailed information of unconnected 
  ports.


Warning-[TFIPC] Too few instance port connections
./ed25519.v, 136050
ed25519, "EDFFXL modular_add_sub_inst_a_r_reg_213_( .D (FE_PHN4021_modadd_a_in_r_213),  .CK (CTS_243),  .E (FE_OFN9_modadd_i_valid),  .Q (modular_add_sub_inst_a_r[213]));"
  The above instance has fewer port connections than the module definition.
  Please use '+lint=TFIPC-L' to print out detailed information of unconnected 
  ports.


Warning-[TFIPC] Too few instance port connections
./ed25519.v, 136054
ed25519, "EDFFXL modular_add_sub_inst_a_r_reg_214_( .D (FE_PHN4044_modadd_a_in_r_214),  .CK (CTS_243),  .E (FE_OFN9_modadd_i_valid),  .Q (modular_add_sub_inst_a_r[214]));"
  The above instance has fewer port connections than the module definition.
  Please use '+lint=TFIPC-L' to print out detailed information of unconnected 
  ports.


Warning-[TFIPC] Too few instance port connections
./ed25519.v, 136058
ed25519, "EDFFX1 modular_add_sub_inst_a_r_reg_215_( .D (FE_PHN4132_modadd_a_in_r_215),  .CK (CTS_239),  .E (FE_OFN9_modadd_i_valid),  .Q (modular_add_sub_inst_a_r[215]));"
  The above instance has fewer port connections than the module definition.
  Please use '+lint=TFIPC-L' to print out detailed information of unconnected 
  ports.


Warning-[TFIPC] Too few instance port connections
./ed25519.v, 136062
ed25519, "EDFFXL modular_add_sub_inst_a_r_reg_216_( .D (modadd_a_in_r[216]),  .CK (CTS_281),  .E (FE_OFN0_modadd_i_valid),  .Q (modular_add_sub_inst_a_r[216]));"
  The above instance has fewer port connections than the module definition.
  Please use '+lint=TFIPC-L' to print out detailed information of unconnected 
  ports.


Warning-[TFIPC] Too few instance port connections
./ed25519.v, 136066
ed25519, "EDFFXL modular_add_sub_inst_a_r_reg_218_( .D (FE_PHN5720_modadd_a_in_r_218),  .CK (CTS_281),  .E (FE_OFN0_modadd_i_valid),  .Q (modular_add_sub_inst_a_r[218]));"
  The above instance has fewer port connections than the module definition.
  Please use '+lint=TFIPC-L' to print out detailed information of unconnected 
  ports.


Warning-[TFIPC] Too few instance port connections
./ed25519.v, 136070
ed25519, "EDFFXL modular_add_sub_inst_a_r_reg_219_( .D (modadd_a_in_r[219]),  .CK (CTS_240),  .E (FE_OFN9_modadd_i_valid),  .Q (modular_add_sub_inst_a_r[219]));"
  The above instance has fewer port connections than the module definition.
  Please use '+lint=TFIPC-L' to print out detailed information of unconnected 
  ports.


Warning-[TFIPC] Too few instance port connections
./ed25519.v, 136074
ed25519, "EDFFXL modular_add_sub_inst_a_r_reg_220_( .D (modadd_a_in_r[220]),  .CK (CTS_240),  .E (FE_OFN0_modadd_i_valid),  .Q (modular_add_sub_inst_a_r[220]));"
  The above instance has fewer port connections than the module definition.
  Please use '+lint=TFIPC-L' to print out detailed information of unconnected 
  ports.


Warning-[TFIPC] Too few instance port connections
./ed25519.v, 136078
ed25519, "EDFFXL modular_add_sub_inst_a_r_reg_222_( .D (FE_PHN4010_modadd_a_in_r_222),  .CK (CTS_239),  .E (FE_OFN9_modadd_i_valid),  .Q (modular_add_sub_inst_a_r[222]));"
  The above instance has fewer port connections than the module definition.
  Please use '+lint=TFIPC-L' to print out detailed information of unconnected 
  ports.


Warning-[TFIPC] Too few instance port connections
./ed25519.v, 136082
ed25519, "EDFFXL modular_add_sub_inst_a_r_reg_223_( .D (FE_PHN4002_modadd_a_in_r_223),  .CK (CTS_239),  .E (FE_OFN9_modadd_i_valid),  .Q (modular_add_sub_inst_a_r[223]));"
  The above instance has fewer port connections than the module definition.
  Please use '+lint=TFIPC-L' to print out detailed information of unconnected 
  ports.


Warning-[TFIPC] Too few instance port connections
./ed25519.v, 136086
ed25519, "EDFFX1 modular_add_sub_inst_a_r_reg_224_( .D (FE_PHN4117_modadd_a_in_r_224),  .CK (CTS_276),  .E (FE_OFN4_modadd_i_valid),  .Q (modular_add_sub_inst_a_r[224]));"
  The above instance has fewer port connections than the module definition.
  Please use '+lint=TFIPC-L' to print out detailed information of unconnected 
  ports.


Warning-[TFIPC] Too few instance port connections
./ed25519.v, 136090
ed25519, "EDFFXL modular_add_sub_inst_a_r_reg_225_( .D (FE_PHN2232_modadd_a_in_r_225),  .CK (CTS_276),  .E (FE_OFN4_modadd_i_valid),  .Q (modular_add_sub_inst_a_r[225]));"
  The above instance has fewer port connections than the module definition.
  Please use '+lint=TFIPC-L' to print out detailed information of unconnected 
  ports.


Warning-[TFIPC] Too few instance port connections
./ed25519.v, 136094
ed25519, "EDFFXL modular_add_sub_inst_a_r_reg_226_( .D (FE_PHN4159_modadd_a_in_r_226),  .CK (CTS_276),  .E (FE_OFN4_modadd_i_valid),  .Q (modular_add_sub_inst_a_r[226]));"
  The above instance has fewer port connections than the module definition.
  Please use '+lint=TFIPC-L' to print out detailed information of unconnected 
  ports.


Warning-[TFIPC] Too few instance port connections
./ed25519.v, 136098
ed25519, "EDFFXL modular_add_sub_inst_a_r_reg_227_( .D (modadd_a_in_r[227]),  .CK (CTS_276),  .E (FE_OFN4_modadd_i_valid),  .Q (modular_add_sub_inst_a_r[227]));"
  The above instance has fewer port connections than the module definition.
  Please use '+lint=TFIPC-L' to print out detailed information of unconnected 
  ports.


Warning-[TFIPC] Too few instance port connections
./ed25519.v, 136102
ed25519, "EDFFXL modular_add_sub_inst_a_r_reg_228_( .D (modadd_a_in_r[228]),  .CK (CTS_274),  .E (FE_OFN8_modadd_i_valid),  .Q (modular_add_sub_inst_a_r[228]));"
  The above instance has fewer port connections than the module definition.
  Please use '+lint=TFIPC-L' to print out detailed information of unconnected 
  ports.


Warning-[TFIPC] Too few instance port connections
./ed25519.v, 136106
ed25519, "EDFFX1 modular_add_sub_inst_a_r_reg_229_( .D (FE_PHN4041_modadd_a_in_r_229),  .CK (CTS_276),  .E (FE_OFN4_modadd_i_valid),  .Q (modular_add_sub_inst_a_r[229]));"
  The above instance has fewer port connections than the module definition.
  Please use '+lint=TFIPC-L' to print out detailed information of unconnected 
  ports.


Warning-[TFIPC] Too few instance port connections
./ed25519.v, 136110
ed25519, "EDFFXL modular_add_sub_inst_a_r_reg_230_( .D (modadd_a_in_r[230]),  .CK (CTS_274),  .E (FE_OFN8_modadd_i_valid),  .Q (modular_add_sub_inst_a_r[230]));"
  The above instance has fewer port connections than the module definition.
  Please use '+lint=TFIPC-L' to print out detailed information of unconnected 
  ports.


Warning-[TFIPC] Too few instance port connections
./ed25519.v, 136114
ed25519, "EDFFXL modular_add_sub_inst_a_r_reg_231_( .D (modadd_a_in_r[231]),  .CK (CTS_274),  .E (FE_OFN8_modadd_i_valid),  .Q (modular_add_sub_inst_a_r[231]));"
  The above instance has fewer port connections than the module definition.
  Please use '+lint=TFIPC-L' to print out detailed information of unconnected 
  ports.


Warning-[TFIPC] Too few instance port connections
./ed25519.v, 136118
ed25519, "EDFFXL modular_add_sub_inst_a_r_reg_233_( .D (FE_PHN6129_modadd_a_in_r_233),  .CK (CTS_275),  .E (FE_OFN8_modadd_i_valid),  .Q (modular_add_sub_inst_a_r[233]));"
  The above instance has fewer port connections than the module definition.
  Please use '+lint=TFIPC-L' to print out detailed information of unconnected 
  ports.


Warning-[TFIPC] Too few instance port connections
./ed25519.v, 136122
ed25519, "EDFFXL modular_add_sub_inst_a_r_reg_235_( .D (modadd_a_in_r[235]),  .CK (CTS_275),  .E (FE_OFN8_modadd_i_valid),  .Q (modular_add_sub_inst_a_r[235]));"
  The above instance has fewer port connections than the module definition.
  Please use '+lint=TFIPC-L' to print out detailed information of unconnected 
  ports.


Warning-[TFIPC] Too few instance port connections
./ed25519.v, 136126
ed25519, "EDFFXL modular_add_sub_inst_a_r_reg_236_( .D (FE_PHN6027_modadd_a_in_r_236),  .CK (CTS_275),  .E (FE_OFN7_modadd_i_valid),  .Q (modular_add_sub_inst_a_r[236]));"
  The above instance has fewer port connections than the module definition.
  Please use '+lint=TFIPC-L' to print out detailed information of unconnected 
  ports.


Warning-[TFIPC] Too few instance port connections
./ed25519.v, 136130
ed25519, "EDFFXL modular_add_sub_inst_a_r_reg_237_( .D (FE_PHN4066_modadd_a_in_r_237),  .CK (CTS_275),  .E (FE_OFN7_modadd_i_valid),  .Q (modular_add_sub_inst_a_r[237]));"
  The above instance has fewer port connections than the module definition.
  Please use '+lint=TFIPC-L' to print out detailed information of unconnected 
  ports.


Warning-[TFIPC] Too few instance port connections
./ed25519.v, 136134
ed25519, "EDFFXL modular_add_sub_inst_a_r_reg_238_( .D (FE_PHN4113_modadd_a_in_r_238),  .CK (CTS_258),  .E (FE_OFN7_modadd_i_valid),  .Q (modular_add_sub_inst_a_r[238]));"
  The above instance has fewer port connections than the module definition.
  Please use '+lint=TFIPC-L' to print out detailed information of unconnected 
  ports.


Warning-[TFIPC] Too few instance port connections
./ed25519.v, 136138
ed25519, "EDFFX1 modular_add_sub_inst_a_r_reg_239_( .D (FE_PHN6052_modadd_a_in_r_239),  .CK (CTS_258),  .E (FE_OFN7_modadd_i_valid),  .Q (modular_add_sub_inst_a_r[239]));"
  The above instance has fewer port connections than the module definition.
  Please use '+lint=TFIPC-L' to print out detailed information of unconnected 
  ports.


Warning-[TFIPC] Too few instance port connections
./ed25519.v, 136142
ed25519, "EDFFX1 modular_add_sub_inst_a_r_reg_240_( .D (modadd_a_in_r[240]),  .CK (CTS_258),  .E (FE_OFN7_modadd_i_valid),  .Q (modular_add_sub_inst_a_r[240]));"
  The above instance has fewer port connections than the module definition.
  Please use '+lint=TFIPC-L' to print out detailed information of unconnected 
  ports.


Warning-[TFIPC] Too few instance port connections
./ed25519.v, 136146
ed25519, "EDFFX1 modular_add_sub_inst_a_r_reg_241_( .D (modadd_a_in_r[241]),  .CK (CTS_255),  .E (FE_OFN7_modadd_i_valid),  .Q (modular_add_sub_inst_a_r[241]));"
  The above instance has fewer port connections than the module definition.
  Please use '+lint=TFIPC-L' to print out detailed information of unconnected 
  ports.


Warning-[TFIPC] Too few instance port connections
./ed25519.v, 136150
ed25519, "EDFFX1 modular_add_sub_inst_a_r_reg_242_( .D (FE_PHN3944_modadd_a_in_r_242),  .CK (CTS_256),  .E (FE_OFN5_modadd_i_valid),  .Q (modular_add_sub_inst_a_r[242]));"
  The above instance has fewer port connections than the module definition.
  Please use '+lint=TFIPC-L' to print out detailed information of unconnected 
  ports.


Warning-[TFIPC] Too few instance port connections
./ed25519.v, 136154
ed25519, "EDFFXL modular_add_sub_inst_a_r_reg_243_( .D (FE_PHN2538_modadd_a_in_r_243),  .CK (CTS_255),  .E (FE_OFN5_modadd_i_valid),  .Q (modular_add_sub_inst_a_r[243]));"
  The above instance has fewer port connections than the module definition.
  Please use '+lint=TFIPC-L' to print out detailed information of unconnected 
  ports.


Warning-[TFIPC] Too few instance port connections
./ed25519.v, 136158
ed25519, "EDFFXL modular_add_sub_inst_a_r_reg_244_( .D (modadd_a_in_r[244]),  .CK (CTS_256),  .E (FE_OFN5_modadd_i_valid),  .Q (modular_add_sub_inst_a_r[244]));"
  The above instance has fewer port connections than the module definition.
  Please use '+lint=TFIPC-L' to print out detailed information of unconnected 
  ports.


Warning-[TFIPC] Too few instance port connections
./ed25519.v, 136162
ed25519, "EDFFXL modular_add_sub_inst_a_r_reg_245_( .D (modadd_a_in_r[245]),  .CK (CTS_255),  .E (FE_OFN5_modadd_i_valid),  .Q (modular_add_sub_inst_a_r[245]));"
  The above instance has fewer port connections than the module definition.
  Please use '+lint=TFIPC-L' to print out detailed information of unconnected 
  ports.


Warning-[TFIPC] Too few instance port connections
./ed25519.v, 136166
ed25519, "EDFFX1 modular_add_sub_inst_a_r_reg_246_( .D (FE_PHN2605_modadd_a_in_r_246),  .CK (CTS_257),  .E (FE_OFN3_modadd_i_valid),  .Q (modular_add_sub_inst_a_r[246]));"
  The above instance has fewer port connections than the module definition.
  Please use '+lint=TFIPC-L' to print out detailed information of unconnected 
  ports.


Warning-[TFIPC] Too few instance port connections
./ed25519.v, 136170
ed25519, "EDFFXL modular_add_sub_inst_a_r_reg_247_( .D (FE_PHN2349_modadd_a_in_r_247),  .CK (CTS_256),  .E (FE_OFN5_modadd_i_valid),  .Q (modular_add_sub_inst_a_r[247]));"
  The above instance has fewer port connections than the module definition.
  Please use '+lint=TFIPC-L' to print out detailed information of unconnected 
  ports.


Warning-[TFIPC] Too few instance port connections
./ed25519.v, 136174
ed25519, "EDFFXL modular_add_sub_inst_a_r_reg_248_( .D (modadd_a_in_r[248]),  .CK (CTS_256),  .E (FE_OFN3_modadd_i_valid),  .Q (modular_add_sub_inst_a_r[248]));"
  The above instance has fewer port connections than the module definition.
  Please use '+lint=TFIPC-L' to print out detailed information of unconnected 
  ports.


Warning-[TFIPC] Too few instance port connections
./ed25519.v, 136178
ed25519, "EDFFXL modular_add_sub_inst_a_r_reg_250_( .D (FE_PHN6147_modadd_a_in_r_250),  .CK (CTS_253),  .E (FE_OFN3_modadd_i_valid),  .Q (modular_add_sub_inst_a_r[250]));"
  The above instance has fewer port connections than the module definition.
  Please use '+lint=TFIPC-L' to print out detailed information of unconnected 
  ports.


Warning-[TFIPC] Too few instance port connections
./ed25519.v, 136182
ed25519, "EDFFXL modular_add_sub_inst_a_r_reg_251_( .D (modadd_a_in_r[251]),  .CK (CTS_253),  .E (FE_OFN3_modadd_i_valid),  .Q (modular_add_sub_inst_a_r[251]));"
  The above instance has fewer port connections than the module definition.
  Please use '+lint=TFIPC-L' to print out detailed information of unconnected 
  ports.


Warning-[TFIPC] Too few instance port connections
./ed25519.v, 136186
ed25519, "EDFFXL modular_add_sub_inst_a_r_reg_252_( .D (modadd_a_in_r[252]),  .CK (CTS_253),  .E (FE_OFN3_modadd_i_valid),  .Q (modular_add_sub_inst_a_r[252]));"
  The above instance has fewer port connections than the module definition.
  Please use '+lint=TFIPC-L' to print out detailed information of unconnected 
  ports.


Warning-[TFIPC] Too few instance port connections
./ed25519.v, 136190
ed25519, "EDFFXL modular_add_sub_inst_a_r_reg_253_( .D (modadd_a_in_r[253]),  .CK (CTS_253),  .E (FE_OFN3_modadd_i_valid),  .Q (modular_add_sub_inst_a_r[253]));"
  The above instance has fewer port connections than the module definition.
  Please use '+lint=TFIPC-L' to print out detailed information of unconnected 
  ports.


Warning-[TFIPC] Too few instance port connections
./ed25519.v, 136197
ed25519, "EDFFXL modular_add_sub_inst_a_r_reg_232_( .D (N419),  .CK (CTS_274),  .E (FE_OFN8_modadd_i_valid),  .Q (modular_add_sub_inst_a_r[232]));"
  The above instance has fewer port connections than the module definition.
  Please use '+lint=TFIPC-L' to print out detailed information of unconnected 
  ports.


Warning-[TFIPC] Too few instance port connections
./ed25519.v, 136201
ed25519, "EDFFXL modular_add_sub_inst_a_r_reg_221_( .D (N408),  .CK (CTS_240),  .E (FE_OFN9_modadd_i_valid),  .Q (modular_add_sub_inst_a_r[221]));"
  The above instance has fewer port connections than the module definition.
  Please use '+lint=TFIPC-L' to print out detailed information of unconnected 
  ports.


Warning-[TFIPC] Too few instance port connections
./ed25519.v, 136316
ed25519, "EDFFX1 modular_add_sub_inst_b_r_reg_16_( .D (FE_PHN2646_modadd_b_in_r_16),  .CK (CTS_299),  .E (FE_OFN1_modadd_i_valid),  .Q (modular_add_sub_inst_b_r[16]));"
  The above instance has fewer port connections than the module definition.
  Please use '+lint=TFIPC-L' to print out detailed information of unconnected 
  ports.


Warning-[TFIPC] Too few instance port connections
./ed25519.v, 136320
ed25519, "EDFFX1 modular_add_sub_inst_b_r_reg_19_( .D (FE_PHN2654_modadd_b_in_r_19),  .CK (CTS_247),  .E (FE_OFN1_modadd_i_valid),  .Q (modular_add_sub_inst_b_r[19]));"
  The above instance has fewer port connections than the module definition.
  Please use '+lint=TFIPC-L' to print out detailed information of unconnected 
  ports.


Warning-[TFIPC] Too few instance port connections
./ed25519.v, 136324
ed25519, "EDFFX1 modular_add_sub_inst_b_r_reg_38_( .D (modadd_b_in_r[38]),  .CK (CTS_238),  .E (FE_OFN4_modadd_i_valid),  .Q (modular_add_sub_inst_b_r[38]));"
  The above instance has fewer port connections than the module definition.
  Please use '+lint=TFIPC-L' to print out detailed information of unconnected 
  ports.


Warning-[TFIPC] Too few instance port connections
./ed25519.v, 136328
ed25519, "EDFFX1 modular_add_sub_inst_b_r_reg_56_( .D (FE_PHN2407_modadd_b_in_r_56),  .CK (CTS_256),  .E (FE_OFN3_modadd_i_valid),  .Q (modular_add_sub_inst_b_r[56]));"
  The above instance has fewer port connections than the module definition.
  Please use '+lint=TFIPC-L' to print out detailed information of unconnected 
  ports.


Warning-[TFIPC] Too few instance port connections
./ed25519.v, 136332
ed25519, "EDFFX1 modular_add_sub_inst_b_r_reg_65_( .D (modadd_b_in_r[65]),  .CK (CTS_299),  .E (FE_OFN1_modadd_i_valid),  .Q (modular_add_sub_inst_b_r[65]));"
  The above instance has fewer port connections than the module definition.
  Please use '+lint=TFIPC-L' to print out detailed information of unconnected 
  ports.


Warning-[TFIPC] Too few instance port connections
./ed25519.v, 136336
ed25519, "EDFFX1 modular_add_sub_inst_b_r_reg_68_( .D (modadd_b_in_r[68]),  .CK (CTS_301),  .E (FE_OFN6_modadd_i_valid),  .Q (modular_add_sub_inst_b_r[68]));"
  The above instance has fewer port connections than the module definition.
  Please use '+lint=TFIPC-L' to print out detailed information of unconnected 
  ports.


Warning-[TFIPC] Too few instance port connections
./ed25519.v, 136340
ed25519, "EDFFX1 modular_add_sub_inst_b_r_reg_77_( .D (modadd_b_in_r[77]),  .CK (CTS_245),  .E (FE_OFN6_modadd_i_valid),  .Q (modular_add_sub_inst_b_r[77]));"
  The above instance has fewer port connections than the module definition.
  Please use '+lint=TFIPC-L' to print out detailed information of unconnected 
  ports.


Warning-[TFIPC] Too few instance port connections
./ed25519.v, 136344
ed25519, "EDFFX1 modular_add_sub_inst_b_r_reg_82_( .D (modadd_b_in_r[82]),  .CK (CTS_244),  .E (FE_OFN10_modadd_i_valid),  .Q (modular_add_sub_inst_b_r[82]));"
  The above instance has fewer port connections than the module definition.
  Please use '+lint=TFIPC-L' to print out detailed information of unconnected 
  ports.


Warning-[TFIPC] Too few instance port connections
./ed25519.v, 136348
ed25519, "EDFFX1 modular_add_sub_inst_b_r_reg_83_( .D (modadd_b_in_r[83]),  .CK (CTS_244),  .E (FE_OFN10_modadd_i_valid),  .Q (modular_add_sub_inst_b_r[83]));"
  The above instance has fewer port connections than the module definition.
  Please use '+lint=TFIPC-L' to print out detailed information of unconnected 
  ports.


Warning-[TFIPC] Too few instance port connections
./ed25519.v, 136352
ed25519, "EDFFXL modular_add_sub_inst_b_r_reg_85_( .D (FE_PHN2767_modadd_b_in_r_85),  .CK (CTS_242),  .E (FE_OFN10_modadd_i_valid),  .Q (modular_add_sub_inst_b_r[85]));"
  The above instance has fewer port connections than the module definition.
  Please use '+lint=TFIPC-L' to print out detailed information of unconnected 
  ports.


Warning-[TFIPC] Too few instance port connections
./ed25519.v, 136356
ed25519, "EDFFX1 modular_add_sub_inst_b_r_reg_91_( .D (modadd_b_in_r[91]),  .CK (CTS_240),  .E (FE_OFN9_modadd_i_valid),  .Q (modular_add_sub_inst_b_r[91]));"
  The above instance has fewer port connections than the module definition.
  Please use '+lint=TFIPC-L' to print out detailed information of unconnected 
  ports.


   ***   $sdf_annotate() version 1.2R
   ***    SDF file: "/home/MingKe/NTU_CVSD2024/FINAL/05_POST/ed25519.sdf"
   ***    Annotation scope: testbench.u_ed25519
   ***    No MTM selection argument specified
   ***    No SCALE FACTORS argument specified
   ***    No SCALE TYPE argument specified
   ***    MTM selection defaulted to "TOOL_CONTROL":
               (+maxdelays compiled, MAXIMUM delays selected)
   ***    SCALE FACTORS defaulted to "1.0:1.0:1.0":
   ***    SCALE TYPE defaulted to: "FROM_MTM"
   ***    Turnoff delay: "FROM_FILE"
   ***    Approximation (mipd) policy: "MAXIMUM"

   ***    SDF annotation begin: Wed Dec 11 17:02:57 2024


SDF Info: +pulse_r/100, +pulse_e/100 in effect

Warning-[SDFCOM_UHICD] Up-hierarchy Interconnect Delay ignored
/home/MingKe/NTU_CVSD2024/FINAL/05_POST/ed25519.sdf, 8822
module: INVX20, "instance: testbench.u_ed25519.U16715"
  SDF Warning: INTERCONNECT Delay to up-hierarchy destination accOutput is 
  ignored, DEVICE Delay on port 'Y' applied.
  Up-hierarchy interconnect delay arises when the load is hierarchically above
  the source.


Warning-[SDFCOM_CFIIS] Cannot find instance in scope
/home/MingKe/NTU_CVSD2024/FINAL/05_POST/ed25519.sdf, 8830
module: ed25519, "instance: testbench.u_ed25519"
  SDF Warning: Cannot find instance DIODE_2 in scope testbench.u_ed25519


Warning-[SDFCOM_CFIIS] Cannot find instance in scope
/home/MingKe/NTU_CVSD2024/FINAL/05_POST/ed25519.sdf, 8884
module: ed25519, "instance: testbench.u_ed25519"
  SDF Warning: Cannot find instance DIODE_1 in scope testbench.u_ed25519


Warning-[SDFCOM_UHICD] Up-hierarchy Interconnect Delay ignored
/home/MingKe/NTU_CVSD2024/FINAL/05_POST/ed25519.sdf, 8889
module: BUFX16, "instance: testbench.u_ed25519.FE_OFC125_o_out_valid"
  SDF Warning: INTERCONNECT Delay to up-hierarchy destination accOutput is 
  ignored, DEVICE Delay on port 'Y' applied.
  Up-hierarchy interconnect delay arises when the load is hierarchically above
  the source.


Warning-[SDFCOM_UHICD] Up-hierarchy Interconnect Delay ignored
/home/MingKe/NTU_CVSD2024/FINAL/05_POST/ed25519.sdf, 8892
module: INVX16, "instance: testbench.u_ed25519.U43248"
  SDF Warning: INTERCONNECT Delay to up-hierarchy destination accOutput is 
  ignored, DEVICE Delay on port 'Y' applied.
  Up-hierarchy interconnect delay arises when the load is hierarchically above
  the source.


Warning-[SDFCOM_UHICD] Up-hierarchy Interconnect Delay ignored
/home/MingKe/NTU_CVSD2024/FINAL/05_POST/ed25519.sdf, 8893
module: INVX16, "instance: testbench.u_ed25519.FE_OFC59_o_out_data_62"
  SDF Warning: INTERCONNECT Delay to up-hierarchy destination accOutput is 
  ignored, DEVICE Delay on port 'Y' applied.
  Up-hierarchy interconnect delay arises when the load is hierarchically above
  the source.


Warning-[SDFCOM_UHICD] Up-hierarchy Interconnect Delay ignored
/home/MingKe/NTU_CVSD2024/FINAL/05_POST/ed25519.sdf, 8896
module: BUFX16, "instance: testbench.u_ed25519.FE_OFC61_o_out_data_61"
  SDF Warning: INTERCONNECT Delay to up-hierarchy destination accOutput is 
  ignored, DEVICE Delay on port 'Y' applied.
  Up-hierarchy interconnect delay arises when the load is hierarchically above
  the source.


Warning-[SDFCOM_UHICD] Up-hierarchy Interconnect Delay ignored
/home/MingKe/NTU_CVSD2024/FINAL/05_POST/ed25519.sdf, 8899
module: BUFX16, "instance: testbench.u_ed25519.FE_OFC62_o_out_data_60"
  SDF Warning: INTERCONNECT Delay to up-hierarchy destination accOutput is 
  ignored, DEVICE Delay on port 'Y' applied.
  Up-hierarchy interconnect delay arises when the load is hierarchically above
  the source.


Warning-[SDFCOM_UHICD] Up-hierarchy Interconnect Delay ignored
/home/MingKe/NTU_CVSD2024/FINAL/05_POST/ed25519.sdf, 8902
module: BUFX16, "instance: testbench.u_ed25519.FE_OFC63_o_out_data_59"
  SDF Warning: INTERCONNECT Delay to up-hierarchy destination accOutput is 
  ignored, DEVICE Delay on port 'Y' applied.
  Up-hierarchy interconnect delay arises when the load is hierarchically above
  the source.

All future warnings not reported; use +sdfverbose to report them.

Warning-[SDFCOM_UHICD] Up-hierarchy Interconnect Delay ignored
/home/MingKe/NTU_CVSD2024/FINAL/05_POST/ed25519.sdf, 8905
module: BUFX16, "instance: testbench.u_ed25519.FE_OFC64_o_out_data_58"
  SDF Warning: INTERCONNECT Delay to up-hierarchy destination accOutput is 
  ignored, DEVICE Delay on port 'Y' applied.
  Up-hierarchy interconnect delay arises when the load is hierarchically above
  the source.


          Total errors: 0
          Total warnings: 69
   ***    SDF annotation completed: Wed Dec 11 17:02:59 2024



Warning-[DRTZ] Detect delay value roundoff to 0
  Delay from design or SDF file roundoff to 0 based on timescale
  Please use switch -diag timescale to dump detailed information.

Starting vcs inline pass...
233 modules and 4 UDPs read.
recompiling module ed25519
recompiling module BUFX2
recompiling module BUFX3
recompiling module BUFX4
recompiling module BUFX6
recompiling module BUFX8
recompiling module BUFX12
recompiling module BUFX16
recompiling module BUFX20
recompiling module INVXL
recompiling module INVX1
recompiling module INVX3
recompiling module INVX8
recompiling module INVX12
recompiling module AND2XL
recompiling module AND2X4
recompiling module AOI21XL
recompiling module AOI21X1
recompiling module AOI21X2
recompiling module AOI21X4
recompiling module AOI211XL
recompiling module AOI211X1
recompiling module AOI211X4
recompiling module AOI22XL
recompiling module AOI22X1
recompiling module AOI222XL
recompiling module AOI222X1
recompiling module AOI222X2
recompiling module AOI222X4
recompiling module AO21X1
recompiling module AO21X2
recompiling module NAND2XL
recompiling module NAND2X1
recompiling module NAND2X2
recompiling module NAND2X4
recompiling module NAND2BX1
recompiling module NAND2BX2
recompiling module NOR2XL
recompiling module NOR2X1
recompiling module NOR2X2
recompiling module NOR2X4
recompiling module NOR2X6
recompiling module NOR3X1
recompiling module NOR3X2
recompiling module NOR4XL
recompiling module NOR4X1
recompiling module NOR2BXL
recompiling module NOR2BX1
recompiling module NOR2BX2
recompiling module NOR2BX4
50 of 233 modules done
recompiling module NOR3BXL
recompiling module NOR3BX4
recompiling module NOR4BX1
recompiling module NOR4BX4
recompiling module OR2XL
recompiling module OR2X1
recompiling module OR2X2
recompiling module OR2X4
recompiling module OR2X6
recompiling module OR2X8
recompiling module OR3X2
recompiling module OR4X1
recompiling module OAI21XL
recompiling module OAI21X1
recompiling module OAI21X2
recompiling module OAI21X4
recompiling module OAI211XL
recompiling module OAI211X1
recompiling module OAI211X2
recompiling module OAI211X4
recompiling module OAI22XL
recompiling module OAI22X1
recompiling module OAI22X2
recompiling module OAI22X4
recompiling module OAI221XL
recompiling module OAI222XL
recompiling module OAI222X1
recompiling module OAI222X4
recompiling module OAI31XL
recompiling module OAI32XL
recompiling module OAI32X1
recompiling module OAI2BB1XL
recompiling module OAI2BB1X1
recompiling module OAI2BB1X2
recompiling module OAI2BB1X4
recompiling module OAI2BB2XL
recompiling module OAI2BB2X1
recompiling module OAI2BB2X2
recompiling module OAI2BB2X4
recompiling module OA21XL
recompiling module OA21X1
recompiling module OA21X2
recompiling module OA21X4
recompiling module OA22X1
recompiling module OA22X2
recompiling module OA22X4
recompiling module CLKXOR2X1
recompiling module CLKXOR2X2
recompiling module CLKXOR2X4
recompiling module CLKXOR2X8
100 of 233 modules done
recompiling module XOR2XL
recompiling module XOR2X1
recompiling module XOR2X2
recompiling module XOR2X4
recompiling module XOR3XL
recompiling module XOR3X1
recompiling module XOR3X2
recompiling module XOR3X4
recompiling module XNOR2XL
recompiling module XNOR2X1
recompiling module XNOR2X2
recompiling module XNOR2X4
recompiling module CLKBUFX2
recompiling module CLKBUFX3
recompiling module CLKBUFX4
recompiling module CLKBUFX6
recompiling module CLKBUFX8
recompiling module CLKBUFX12
recompiling module CLKBUFX16
recompiling module CLKBUFX20
recompiling module CLKINVX1
recompiling module CLKINVX2
recompiling module CLKINVX3
recompiling module CLKINVX4
recompiling module CLKINVX6
recompiling module CLKINVX8
recompiling module CLKINVX12
recompiling module CLKINVX16
recompiling module CLKINVX20
recompiling module CLKAND2X3
recompiling module CLKAND2X4
recompiling module CLKAND2X6
recompiling module CLKAND2X8
recompiling module CLKAND2X12
recompiling module CLKMX2X2
recompiling module ADDHXL
recompiling module ADDHX1
recompiling module ADDHX2
recompiling module ADDHX4
recompiling module ADDFXL
recompiling module ADDFX1
recompiling module ADDFX2
recompiling module ADDFHX1
recompiling module ADDFHX2
recompiling module ADDFHX4
recompiling module CMPR32X2
recompiling module ACHCONX2
recompiling module CMPR42X1
recompiling module CMPR42X2
recompiling module DFFXL
150 of 233 modules done
recompiling module DFFQX1
recompiling module DFFQX2
recompiling module DFFQX4
recompiling module DFFQXL
recompiling module EDFFXL
recompiling module EDFFX1
recompiling module DFFHQX2
recompiling module DFFHQX4
recompiling module DFFHQX8
recompiling module MDFFHQX4
recompiling module TLATX1
recompiling module DLY1X1
recompiling module DLY2X1
recompiling module DLY3X1
recompiling module DLY4X1
recompiling module DLY1X4
recompiling module DLY2X4
recompiling module DLY3X4
recompiling module DLY4X4
recompiling module TIEHI
recompiling module TIELO
171 of 233 modules done
	However, due to incremental compilation, only 171 modules need to be compiled. 
rm -f _cuarc*.so _csrc*.so pre_vcsobj_*.so share_vcsobj_*.so
ld -shared  -Bsymbolic   -o .//../simv.daidir//_cuarc0.so objs/amcQw_d.o 
rm -f _cuarc0.so
if [ -x ../simv ]; then chmod a-x ../simv; fi
g++  -o ../simv      -rdynamic  -Wl,-rpath='$ORIGIN'/simv.daidir -Wl,-rpath=./simv.daidir -Wl,-rpath=/usr/cad/synopsys/vcs/cur/linux64/lib -L/usr/cad/synopsys/vcs/cur/linux64/lib  -Wl,-rpath-link=./ -Wl,--no-as-needed  /usr/lib64/libnuma.so.1     _1076_archive_1.so _prev_archive_1.so _cuarc0.so objs/udps/U7Vwg.o objs/udps/exIG1.o objs/udps/gSqMj.o objs/udps/Cpxa2.o  SIM_l.o      rmapats_mop.o rmapats.o rmar.o rmar_nd.o  rmar_llvm_0_1.o rmar_llvm_0_0.o           -lvirsim -lerrorinf -lsnpsmalloc -lvfs /usr/cad/synopsys/verdi/cur/share/PLI/VCS/LINUX64/pli.a    -lvcsnew -lsimprofile -luclinative /usr/cad/synopsys/vcs/cur/linux64/lib/vcs_tls.o   -Wl,-whole-archive  -lvcsucli    -Wl,-no-whole-archive        _vcs_pli_stub_.o   /usr/cad/synopsys/vcs/cur/linux64/lib/vcs_save_restore_new.o -ldl -lm  -lc -lpthread -ldl 
../simv up to date
Chronologic VCS simulator copyright 1991-2021
Contains Synopsys proprietary information.
Compiler version S-2021.09_Full64; Runtime version S-2021.09_Full64;  Dec 11 17:03 2024
Doing SDF annotation ...... Done
122419173743215769621545555079080525399973555900879260948350807211175411419169380928719189447267803901945734541275686986854

"/home/MingKe/Study/NTU_CVSD2023/HW3/CBDK_IC_Contest_v2.1/Verilog/tsmc13_neg.v", 18064: Timing violation in testbench.u_ed25519.R_5449
    $setuphold( posedge CK &&& (flag == 1'b1):5770, negedge D:5766, limits: (235,0) );


"/home/MingKe/Study/NTU_CVSD2023/HW3/CBDK_IC_Contest_v2.1/Verilog/tsmc13_neg.v", 18063: Timing violation in testbench.u_ed25519.R_4141
    $setuphold( posedge CK &&& (flag == 1'b1):5772, posedge D:5650, limits: (266,0) );


"/home/MingKe/Study/NTU_CVSD2023/HW3/CBDK_IC_Contest_v2.1/Verilog/tsmc13_neg.v", 18063: Timing violation in testbench.u_ed25519.R_2718
    $setuphold( posedge CK &&& (flag == 1'b1):5777, posedge D:5611, limits: (241,0) );

"/home/MingKe/Study/NTU_CVSD2023/HW3/CBDK_IC_Contest_v2.1/Verilog/tsmc13_neg.v", 18064: Timing violation in testbench.u_ed25519.R_3301
    $setuphold( posedge CK &&& (flag == 1'b1):5777, negedge D:5597, limits: (287,0) );

"/home/MingKe/Study/NTU_CVSD2023/HW3/CBDK_IC_Contest_v2.1/Verilog/tsmc13_neg.v", 18064: Timing violation in testbench.u_ed25519.R_4043
    $setuphold( posedge CK &&& (flag == 1'b1):5777, negedge D:5587, limits: (221,0) );

"/home/MingKe/Study/NTU_CVSD2023/HW3/CBDK_IC_Contest_v2.1/Verilog/tsmc13_neg.v", 18064: Timing violation in testbench.u_ed25519.R_3800
    $setuphold( posedge CK &&& (flag == 1'b1):5777, negedge D:5598, limits: (287,0) );

"/home/MingKe/Study/NTU_CVSD2023/HW3/CBDK_IC_Contest_v2.1/Verilog/tsmc13_neg.v", 18063: Timing violation in testbench.u_ed25519.R_855
    $setuphold( posedge CK &&& (flag == 1'b1):5777, posedge D:5582, limits: (242,0) );


"/home/MingKe/Study/NTU_CVSD2023/HW3/CBDK_IC_Contest_v2.1/Verilog/tsmc13_neg.v", 18113: Timing violation in testbench.u_ed25519.R_5457
    $setuphold( posedge CK &&& (flag == 1'b1):5786, posedge D:5777, limits: (259,0) );

"/home/MingKe/Study/NTU_CVSD2023/HW3/CBDK_IC_Contest_v2.1/Verilog/tsmc13_neg.v", 18063: Timing violation in testbench.u_ed25519.R_5518
    $setuphold( posedge CK &&& (flag == 1'b1):5786, posedge D:5606, limits: (252,0) );


"/home/MingKe/Study/NTU_CVSD2023/HW3/CBDK_IC_Contest_v2.1/Verilog/tsmc13_neg.v", 23468: Timing violation in testbench.u_ed25519.R_5027
    $setuphold( posedge CK &&& (flag == 1'b1):5793, negedge D:5605, limits: (201,0) );


"/home/MingKe/Study/NTU_CVSD2023/HW3/CBDK_IC_Contest_v2.1/Verilog/tsmc13_neg.v", 23518: Timing violation in testbench.u_ed25519.R_4044
    $setuphold( posedge CK &&& (flag == 1'b1):5796, negedge D:5606, limits: (201,0) );

"/home/MingKe/Study/NTU_CVSD2023/HW3/CBDK_IC_Contest_v2.1/Verilog/tsmc13_neg.v", 18114: Timing violation in testbench.u_ed25519.R_5488
    $setuphold( posedge CK &&& (flag == 1'b1):5796, negedge D:5610, limits: (302,0) );


"/home/MingKe/Study/NTU_CVSD2023/HW3/CBDK_IC_Contest_v2.1/Verilog/tsmc13_neg.v", 23518: Timing violation in testbench.u_ed25519.R_4210
    $setuphold( posedge CK &&& (flag == 1'b1):5797, negedge D:5606, limits: (201,0) );


"/home/MingKe/Study/NTU_CVSD2023/HW3/CBDK_IC_Contest_v2.1/Verilog/tsmc13_neg.v", 26816: Timing violation in testbench.u_ed25519.next_inv_state_reg_1_
    $setuphold( negedge G &&& (SandR == 1'b1):366442, negedge D:366346, limits: (117,65) );


"/home/MingKe/Study/NTU_CVSD2023/HW3/CBDK_IC_Contest_v2.1/Verilog/tsmc13_neg.v", 26816: Timing violation in testbench.u_ed25519.next_inv_state_reg_1_
    $setuphold( negedge G &&& (SandR == 1'b1):1156442, negedge D:1156346, limits: (117,65) );


"/home/MingKe/Study/NTU_CVSD2023/HW3/CBDK_IC_Contest_v2.1/Verilog/tsmc13_neg.v", 26816: Timing violation in testbench.u_ed25519.redZ_b_in_w_reg_10_
    $setuphold( negedge G &&& (SandR == 1'b1):1928266, negedge D:1928325, limits: (118,75) );


"/home/MingKe/Study/NTU_CVSD2023/HW3/CBDK_IC_Contest_v2.1/Verilog/tsmc13_neg.v", 26816: Timing violation in testbench.u_ed25519.redZ_b_in_w_reg_1_
    $setuphold( negedge G &&& (SandR == 1'b1):1928265, negedge D:1928326, limits: (119,74) );


"/home/MingKe/Study/NTU_CVSD2023/HW3/CBDK_IC_Contest_v2.1/Verilog/tsmc13_neg.v", 26816: Timing violation in testbench.u_ed25519.redZ_b_in_w_reg_194_
    $setuphold( negedge G &&& (SandR == 1'b1):1928263, negedge D:1928330, limits: (120,73) );


"/home/MingKe/Study/NTU_CVSD2023/HW3/CBDK_IC_Contest_v2.1/Verilog/tsmc13_neg.v", 26816: Timing violation in testbench.u_ed25519.redZ_b_in_w_reg_13_
    $setuphold( negedge G &&& (SandR == 1'b1):1928266, negedge D:1928331, limits: (117,76) );


"/home/MingKe/Study/NTU_CVSD2023/HW3/CBDK_IC_Contest_v2.1/Verilog/tsmc13_neg.v", 26816: Timing violation in testbench.u_ed25519.redZ_b_in_w_reg_7_
    $setuphold( negedge G &&& (SandR == 1'b1):1928272, negedge D:1928335, limits: (117,75) );

"/home/MingKe/Study/NTU_CVSD2023/HW3/CBDK_IC_Contest_v2.1/Verilog/tsmc13_neg.v", 26816: Timing violation in testbench.u_ed25519.redZ_b_in_w_reg_5_
    $setuphold( negedge G &&& (SandR == 1'b1):1928266, negedge D:1928335, limits: (120,73) );


"/home/MingKe/Study/NTU_CVSD2023/HW3/CBDK_IC_Contest_v2.1/Verilog/tsmc13_neg.v", 26816: Timing violation in testbench.u_ed25519.redZ_b_in_w_reg_129_
    $setuphold( negedge G &&& (SandR == 1'b1):1928263, negedge D:1928336, limits: (118,75) );


"/home/MingKe/Study/NTU_CVSD2023/HW3/CBDK_IC_Contest_v2.1/Verilog/tsmc13_neg.v", 26816: Timing violation in testbench.u_ed25519.redZ_b_in_w_reg_9_
    $setuphold( negedge G &&& (SandR == 1'b1):1928272, negedge D:1928338, limits: (118,75) );


"/home/MingKe/Study/NTU_CVSD2023/HW3/CBDK_IC_Contest_v2.1/Verilog/tsmc13_neg.v", 26816: Timing violation in testbench.u_ed25519.redZ_b_in_w_reg_238_
    $setuphold( negedge G &&& (SandR == 1'b1):1928943, negedge D:1928859, limits: (124,71) );

"/home/MingKe/Study/NTU_CVSD2023/HW3/CBDK_IC_Contest_v2.1/Verilog/tsmc13_neg.v", 26816: Timing violation in testbench.u_ed25519.redZ_b_in_w_reg_237_
    $setuphold( negedge G &&& (SandR == 1'b1):1928943, negedge D:1928843, limits: (118,75) );

"/home/MingKe/Study/NTU_CVSD2023/HW3/CBDK_IC_Contest_v2.1/Verilog/tsmc13_neg.v", 26816: Timing violation in testbench.u_ed25519.redZ_b_in_w_reg_174_
    $setuphold( negedge G &&& (SandR == 1'b1):1928943, negedge D:1928837, limits: (117,75) );

"/home/MingKe/Study/NTU_CVSD2023/HW3/CBDK_IC_Contest_v2.1/Verilog/tsmc13_neg.v", 26816: Timing violation in testbench.u_ed25519.redZ_b_in_w_reg_240_
    $setuphold( negedge G &&& (SandR == 1'b1):1928943, negedge D:1928830, limits: (119,75) );

"/home/MingKe/Study/NTU_CVSD2023/HW3/CBDK_IC_Contest_v2.1/Verilog/tsmc13_neg.v", 26816: Timing violation in testbench.u_ed25519.redZ_b_in_w_reg_239_
    $setuphold( negedge G &&& (SandR == 1'b1):1928943, negedge D:1928839, limits: (117,75) );

"/home/MingKe/Study/NTU_CVSD2023/HW3/CBDK_IC_Contest_v2.1/Verilog/tsmc13_neg.v", 26816: Timing violation in testbench.u_ed25519.redZ_b_in_w_reg_46_
    $setuphold( negedge G &&& (SandR == 1'b1):1928943, negedge D:1928855, limits: (120,73) );


"/home/MingKe/Study/NTU_CVSD2023/HW3/CBDK_IC_Contest_v2.1/Verilog/tsmc13_neg.v", 26816: Timing violation in testbench.u_ed25519.redZ_b_in_w_reg_107_
    $setuphold( negedge G &&& (SandR == 1'b1):1928938, negedge D:1928990, limits: (118,74) );


"/home/MingKe/Study/NTU_CVSD2023/HW3/CBDK_IC_Contest_v2.1/Verilog/tsmc13_neg.v", 26816: Timing violation in testbench.u_ed25519.redZ_b_in_w_reg_171_
    $setuphold( negedge G &&& (SandR == 1'b1):1928934, negedge D:1928994, limits: (121,76) );


"/home/MingKe/Study/NTU_CVSD2023/HW3/CBDK_IC_Contest_v2.1/Verilog/tsmc13_neg.v", 26816: Timing violation in testbench.u_ed25519.redZ_b_in_w_reg_176_
    $setuphold( negedge G &&& (SandR == 1'b1):1928942, negedge D:1928995, limits: (120,74) );


"/home/MingKe/Study/NTU_CVSD2023/HW3/CBDK_IC_Contest_v2.1/Verilog/tsmc13_neg.v", 26816: Timing violation in testbench.u_ed25519.redZ_b_in_w_reg_105_
    $setuphold( negedge G &&& (SandR == 1'b1):1928935, negedge D:1928996, limits: (117,75) );


"/home/MingKe/Study/NTU_CVSD2023/HW3/CBDK_IC_Contest_v2.1/Verilog/tsmc13_neg.v", 26816: Timing violation in testbench.u_ed25519.redZ_b_in_w_reg_172_
    $setuphold( negedge G &&& (SandR == 1'b1):1928939, negedge D:1928997, limits: (116,76) );

"/home/MingKe/Study/NTU_CVSD2023/HW3/CBDK_IC_Contest_v2.1/Verilog/tsmc13_neg.v", 26816: Timing violation in testbench.u_ed25519.redZ_b_in_w_reg_233_
    $setuphold( negedge G &&& (SandR == 1'b1):1928936, negedge D:1928997, limits: (116,75) );


"/home/MingKe/Study/NTU_CVSD2023/HW3/CBDK_IC_Contest_v2.1/Verilog/tsmc13_neg.v", 26816: Timing violation in testbench.u_ed25519.redZ_b_in_w_reg_106_
    $setuphold( negedge G &&& (SandR == 1'b1):1928936, negedge D:1929001, limits: (120,73) );


"/home/MingKe/Study/NTU_CVSD2023/HW3/CBDK_IC_Contest_v2.1/Verilog/tsmc13_neg.v", 26816: Timing violation in testbench.u_ed25519.redZ_b_in_w_reg_48_
    $setuphold( negedge G &&& (SandR == 1'b1):1928942, negedge D:1929009, limits: (120,74) );


"/home/MingKe/Study/NTU_CVSD2023/HW3/CBDK_IC_Contest_v2.1/Verilog/tsmc13_neg.v", 26816: Timing violation in testbench.u_ed25519.next_inv_state_reg_1_
    $setuphold( negedge G &&& (SandR == 1'b1):1936442, negedge D:1936346, limits: (117,65) );


"/home/MingKe/Study/NTU_CVSD2023/HW3/CBDK_IC_Contest_v2.1/Verilog/tsmc13_neg.v", 26815: Timing violation in testbench.u_ed25519.redZ_b_in_w_reg_16_
    $setuphold( negedge G &&& (SandR == 1'b1):1938724, posedge D:1938672, limits: (127,54) );


"/home/MingKe/Study/NTU_CVSD2023/HW3/CBDK_IC_Contest_v2.1/Verilog/tsmc13_neg.v", 26815: Timing violation in testbench.u_ed25519.redZ_b_in_w_reg_144_
    $setuphold( negedge G &&& (SandR == 1'b1):1938725, posedge D:1938679, limits: (128,54) );


"/home/MingKe/Study/NTU_CVSD2023/HW3/CBDK_IC_Contest_v2.1/Verilog/tsmc13_neg.v", 26815: Timing violation in testbench.u_ed25519.redZ_b_in_w_reg_18_
    $setuphold( negedge G &&& (SandR == 1'b1):1938728, posedge D:1938678, limits: (127,55) );


"/home/MingKe/Study/NTU_CVSD2023/HW3/CBDK_IC_Contest_v2.1/Verilog/tsmc13_neg.v", 26815: Timing violation in testbench.u_ed25519.redZ_b_in_w_reg_146_
    $setuphold( negedge G &&& (SandR == 1'b1):1938730, posedge D:1938675, limits: (126,55) );


"/home/MingKe/Study/NTU_CVSD2023/HW3/CBDK_IC_Contest_v2.1/Verilog/tsmc13_neg.v", 26815: Timing violation in testbench.u_ed25519.redZ_b_in_w_reg_17_
    $setuphold( negedge G &&& (SandR == 1'b1):1938732, posedge D:1938677, limits: (127,55) );


"/home/MingKe/Study/NTU_CVSD2023/HW3/CBDK_IC_Contest_v2.1/Verilog/tsmc13_neg.v", 26815: Timing violation in testbench.u_ed25519.redZ_b_in_w_reg_80_
    $setuphold( negedge G &&& (SandR == 1'b1):1938740, posedge D:1938728, limits: (127,56) );


"/home/MingKe/Study/NTU_CVSD2023/HW3/CBDK_IC_Contest_v2.1/Verilog/tsmc13_neg.v", 26815: Timing violation in testbench.u_ed25519.redZ_b_in_w_reg_25_
    $setuphold( negedge G &&& (SandR == 1'b1):1938743, posedge D:1938731, limits: (127,56) );


"/home/MingKe/Study/NTU_CVSD2023/HW3/CBDK_IC_Contest_v2.1/Verilog/tsmc13_neg.v", 26815: Timing violation in testbench.u_ed25519.redZ_b_in_w_reg_153_
    $setuphold( negedge G &&& (SandR == 1'b1):1938750, posedge D:1938735, limits: (129,55) );


"/home/MingKe/Study/NTU_CVSD2023/HW3/CBDK_IC_Contest_v2.1/Verilog/tsmc13_neg.v", 26815: Timing violation in testbench.u_ed25519.redZ_b_in_w_reg_19_
    $setuphold( negedge G &&& (SandR == 1'b1):1938739, posedge D:1938751, limits: (130,54) );


"/home/MingKe/Study/NTU_CVSD2023/HW3/CBDK_IC_Contest_v2.1/Verilog/tsmc13_neg.v", 26815: Timing violation in testbench.u_ed25519.redZ_b_in_w_reg_157_
    $setuphold( negedge G &&& (SandR == 1'b1):1938752, posedge D:1938746, limits: (128,56) );


"/home/MingKe/Study/NTU_CVSD2023/HW3/CBDK_IC_Contest_v2.1/Verilog/tsmc13_neg.v", 26815: Timing violation in testbench.u_ed25519.redZ_b_in_w_reg_88_
    $setuphold( negedge G &&& (SandR == 1'b1):1938755, posedge D:1938675, limits: (125,59) );


"/home/MingKe/Study/NTU_CVSD2023/HW3/CBDK_IC_Contest_v2.1/Verilog/tsmc13_neg.v", 26815: Timing violation in testbench.u_ed25519.redZ_b_in_w_reg_29_
    $setuphold( negedge G &&& (SandR == 1'b1):1938758, posedge D:1938735, limits: (127,57) );


"/home/MingKe/Study/NTU_CVSD2023/HW3/CBDK_IC_Contest_v2.1/Verilog/tsmc13_neg.v", 26815: Timing violation in testbench.u_ed25519.redZ_b_in_w_reg_217_
    $setuphold( negedge G &&& (SandR == 1'b1):1938759, posedge D:1938681, limits: (125,58) );


"/home/MingKe/Study/NTU_CVSD2023/HW3/CBDK_IC_Contest_v2.1/Verilog/tsmc13_neg.v", 26816: Timing violation in testbench.u_ed25519.redZ_b_in_w_reg_1_
    $setuphold( negedge G &&& (SandR == 1'b1):2978265, negedge D:2978326, limits: (119,74) );


"/home/MingKe/Study/NTU_CVSD2023/HW3/CBDK_IC_Contest_v2.1/Verilog/tsmc13_neg.v", 26816: Timing violation in testbench.u_ed25519.redZ_b_in_w_reg_3_
    $setuphold( negedge G &&& (SandR == 1'b1):2978266, negedge D:2978327, limits: (119,74) );


"/home/MingKe/Study/NTU_CVSD2023/HW3/CBDK_IC_Contest_v2.1/Verilog/tsmc13_neg.v", 26816: Timing violation in testbench.u_ed25519.redZ_b_in_w_reg_4_
    $setuphold( negedge G &&& (SandR == 1'b1):2978266, negedge D:2978330, limits: (117,76) );


"/home/MingKe/Study/NTU_CVSD2023/HW3/CBDK_IC_Contest_v2.1/Verilog/tsmc13_neg.v", 26816: Timing violation in testbench.u_ed25519.redZ_b_in_w_reg_66_
    $setuphold( negedge G &&& (SandR == 1'b1):2978265, negedge D:2978332, limits: (120,73) );


"/home/MingKe/Study/NTU_CVSD2023/HW3/CBDK_IC_Contest_v2.1/Verilog/tsmc13_neg.v", 26816: Timing violation in testbench.u_ed25519.redZ_b_in_w_reg_5_
    $setuphold( negedge G &&& (SandR == 1'b1):2978266, negedge D:2978335, limits: (120,73) );


"/home/MingKe/Study/NTU_CVSD2023/HW3/CBDK_IC_Contest_v2.1/Verilog/tsmc13_neg.v", 26816: Timing violation in testbench.u_ed25519.redZ_b_in_w_reg_14_
    $setuphold( negedge G &&& (SandR == 1'b1):2978272, negedge D:2978336, limits: (118,75) );


"/home/MingKe/Study/NTU_CVSD2023/HW3/CBDK_IC_Contest_v2.1/Verilog/tsmc13_neg.v", 26816: Timing violation in testbench.u_ed25519.redZ_b_in_w_reg_47_
    $setuphold( negedge G &&& (SandR == 1'b1):2978943, negedge D:2978827, limits: (117,76) );

"/home/MingKe/Study/NTU_CVSD2023/HW3/CBDK_IC_Contest_v2.1/Verilog/tsmc13_neg.v", 26816: Timing violation in testbench.u_ed25519.redZ_b_in_w_reg_237_
    $setuphold( negedge G &&& (SandR == 1'b1):2978943, negedge D:2978843, limits: (118,75) );

"/home/MingKe/Study/NTU_CVSD2023/HW3/CBDK_IC_Contest_v2.1/Verilog/tsmc13_neg.v", 26816: Timing violation in testbench.u_ed25519.redZ_b_in_w_reg_175_
    $setuphold( negedge G &&& (SandR == 1'b1):2978943, negedge D:2978833, limits: (120,76) );

"/home/MingKe/Study/NTU_CVSD2023/HW3/CBDK_IC_Contest_v2.1/Verilog/tsmc13_neg.v", 26816: Timing violation in testbench.u_ed25519.redZ_b_in_w_reg_174_
    $setuphold( negedge G &&& (SandR == 1'b1):2978943, negedge D:2978837, limits: (117,75) );

"/home/MingKe/Study/NTU_CVSD2023/HW3/CBDK_IC_Contest_v2.1/Verilog/tsmc13_neg.v", 26816: Timing violation in testbench.u_ed25519.redZ_b_in_w_reg_240_
    $setuphold( negedge G &&& (SandR == 1'b1):2978943, negedge D:2978830, limits: (119,75) );


"/home/MingKe/Study/NTU_CVSD2023/HW3/CBDK_IC_Contest_v2.1/Verilog/tsmc13_neg.v", 26816: Timing violation in testbench.u_ed25519.redZ_b_in_w_reg_232_
    $setuphold( negedge G &&& (SandR == 1'b1):2978934, negedge D:2978994, limits: (116,76) );


"/home/MingKe/Study/NTU_CVSD2023/HW3/CBDK_IC_Contest_v2.1/Verilog/tsmc13_neg.v", 26816: Timing violation in testbench.u_ed25519.redZ_b_in_w_reg_106_
    $setuphold( negedge G &&& (SandR == 1'b1):2978936, negedge D:2979001, limits: (120,73) );


"/home/MingKe/Study/NTU_CVSD2023/HW3/CBDK_IC_Contest_v2.1/Verilog/tsmc13_neg.v", 26816: Timing violation in testbench.u_ed25519.redZ_b_in_w_reg_234_
    $setuphold( negedge G &&& (SandR == 1'b1):2978937, negedge D:2979006, limits: (121,72) );


"/home/MingKe/Study/NTU_CVSD2023/HW3/CBDK_IC_Contest_v2.1/Verilog/tsmc13_neg.v", 26816: Timing violation in testbench.u_ed25519.redZ_b_in_w_reg_48_
    $setuphold( negedge G &&& (SandR == 1'b1):2978942, negedge D:2979009, limits: (120,74) );


"/home/MingKe/Study/NTU_CVSD2023/HW3/CBDK_IC_Contest_v2.1/Verilog/tsmc13_neg.v", 26816: Timing violation in testbench.u_ed25519.next_inv_state_reg_1_
    $setuphold( negedge G &&& (SandR == 1'b1):2986442, negedge D:2986346, limits: (117,65) );


"/home/MingKe/Study/NTU_CVSD2023/HW3/CBDK_IC_Contest_v2.1/Verilog/tsmc13_neg.v", 26815: Timing violation in testbench.u_ed25519.redZ_b_in_w_reg_145_
    $setuphold( negedge G &&& (SandR == 1'b1):2988734, posedge D:2988689, limits: (128,55) );


"/home/MingKe/Study/NTU_CVSD2023/HW3/CBDK_IC_Contest_v2.1/Verilog/tsmc13_neg.v", 26815: Timing violation in testbench.u_ed25519.redZ_b_in_w_reg_80_
    $setuphold( negedge G &&& (SandR == 1'b1):2988740, posedge D:2988728, limits: (127,56) );


"/home/MingKe/Study/NTU_CVSD2023/HW3/CBDK_IC_Contest_v2.1/Verilog/tsmc13_neg.v", 26815: Timing violation in testbench.u_ed25519.redZ_b_in_w_reg_153_
    $setuphold( negedge G &&& (SandR == 1'b1):2988750, posedge D:2988735, limits: (129,55) );


"/home/MingKe/Study/NTU_CVSD2023/HW3/CBDK_IC_Contest_v2.1/Verilog/tsmc13_neg.v", 26816: Timing violation in testbench.u_ed25519.redZ_b_in_w_reg_10_
    $setuphold( negedge G &&& (SandR == 1'b1):3768266, negedge D:3768325, limits: (118,75) );


"/home/MingKe/Study/NTU_CVSD2023/HW3/CBDK_IC_Contest_v2.1/Verilog/tsmc13_neg.v", 26816: Timing violation in testbench.u_ed25519.redZ_b_in_w_reg_8_
    $setuphold( negedge G &&& (SandR == 1'b1):3768272, negedge D:3768327, limits: (119,74) );


"/home/MingKe/Study/NTU_CVSD2023/HW3/CBDK_IC_Contest_v2.1/Verilog/tsmc13_neg.v", 26816: Timing violation in testbench.u_ed25519.redZ_b_in_w_reg_7_
    $setuphold( negedge G &&& (SandR == 1'b1):3768272, negedge D:3768335, limits: (117,75) );

"/home/MingKe/Study/NTU_CVSD2023/HW3/CBDK_IC_Contest_v2.1/Verilog/tsmc13_neg.v", 26816: Timing violation in testbench.u_ed25519.redZ_b_in_w_reg_5_
    $setuphold( negedge G &&& (SandR == 1'b1):3768266, negedge D:3768335, limits: (120,73) );


"/home/MingKe/Study/NTU_CVSD2023/HW3/CBDK_IC_Contest_v2.1/Verilog/tsmc13_neg.v", 26816: Timing violation in testbench.u_ed25519.redZ_b_in_w_reg_129_
    $setuphold( negedge G &&& (SandR == 1'b1):3768263, negedge D:3768336, limits: (118,75) );


"/home/MingKe/Study/NTU_CVSD2023/HW3/CBDK_IC_Contest_v2.1/Verilog/tsmc13_neg.v", 26816: Timing violation in testbench.u_ed25519.redZ_b_in_w_reg_9_
    $setuphold( negedge G &&& (SandR == 1'b1):3768272, negedge D:3768338, limits: (118,75) );


"/home/MingKe/Study/NTU_CVSD2023/HW3/CBDK_IC_Contest_v2.1/Verilog/tsmc13_neg.v", 26816: Timing violation in testbench.u_ed25519.redZ_b_in_w_reg_108_
    $setuphold( negedge G &&& (SandR == 1'b1):3768942, negedge D:3768831, limits: (118,75) );


"/home/MingKe/Study/NTU_CVSD2023/HW3/CBDK_IC_Contest_v2.1/Verilog/tsmc13_neg.v", 26816: Timing violation in testbench.u_ed25519.redZ_b_in_w_reg_175_
    $setuphold( negedge G &&& (SandR == 1'b1):3768943, negedge D:3768833, limits: (120,76) );

"/home/MingKe/Study/NTU_CVSD2023/HW3/CBDK_IC_Contest_v2.1/Verilog/tsmc13_neg.v", 26816: Timing violation in testbench.u_ed25519.redZ_b_in_w_reg_174_
    $setuphold( negedge G &&& (SandR == 1'b1):3768943, negedge D:3768837, limits: (117,75) );

"/home/MingKe/Study/NTU_CVSD2023/HW3/CBDK_IC_Contest_v2.1/Verilog/tsmc13_neg.v", 26816: Timing violation in testbench.u_ed25519.redZ_b_in_w_reg_240_
    $setuphold( negedge G &&& (SandR == 1'b1):3768943, negedge D:3768830, limits: (119,75) );

"/home/MingKe/Study/NTU_CVSD2023/HW3/CBDK_IC_Contest_v2.1/Verilog/tsmc13_neg.v", 26816: Timing violation in testbench.u_ed25519.redZ_b_in_w_reg_46_
    $setuphold( negedge G &&& (SandR == 1'b1):3768943, negedge D:3768855, limits: (120,73) );


"/home/MingKe/Study/NTU_CVSD2023/HW3/CBDK_IC_Contest_v2.1/Verilog/tsmc13_neg.v", 26816: Timing violation in testbench.u_ed25519.redZ_b_in_w_reg_107_
    $setuphold( negedge G &&& (SandR == 1'b1):3768938, negedge D:3768990, limits: (118,74) );


"/home/MingKe/Study/NTU_CVSD2023/HW3/CBDK_IC_Contest_v2.1/Verilog/tsmc13_neg.v", 26816: Timing violation in testbench.u_ed25519.redZ_b_in_w_reg_49_
    $setuphold( negedge G &&& (SandR == 1'b1):3768942, negedge D:3768991, limits: (119,74) );


"/home/MingKe/Study/NTU_CVSD2023/HW3/CBDK_IC_Contest_v2.1/Verilog/tsmc13_neg.v", 26816: Timing violation in testbench.u_ed25519.redZ_b_in_w_reg_233_
    $setuphold( negedge G &&& (SandR == 1'b1):3768936, negedge D:3768997, limits: (116,75) );


"/home/MingKe/Study/NTU_CVSD2023/HW3/CBDK_IC_Contest_v2.1/Verilog/tsmc13_neg.v", 26816: Timing violation in testbench.u_ed25519.redZ_b_in_w_reg_44_
    $setuphold( negedge G &&& (SandR == 1'b1):3768940, negedge D:3769000, limits: (117,75) );


"/home/MingKe/Study/NTU_CVSD2023/HW3/CBDK_IC_Contest_v2.1/Verilog/tsmc13_neg.v", 26816: Timing violation in testbench.u_ed25519.next_inv_state_reg_1_
    $setuphold( negedge G &&& (SandR == 1'b1):3776442, negedge D:3776346, limits: (117,65) );


"/home/MingKe/Study/NTU_CVSD2023/HW3/CBDK_IC_Contest_v2.1/Verilog/tsmc13_neg.v", 26815: Timing violation in testbench.u_ed25519.redZ_b_in_w_reg_16_
    $setuphold( negedge G &&& (SandR == 1'b1):3778724, posedge D:3778672, limits: (127,54) );


"/home/MingKe/Study/NTU_CVSD2023/HW3/CBDK_IC_Contest_v2.1/Verilog/tsmc13_neg.v", 26815: Timing violation in testbench.u_ed25519.redZ_b_in_w_reg_144_
    $setuphold( negedge G &&& (SandR == 1'b1):3778725, posedge D:3778679, limits: (128,54) );


"/home/MingKe/Study/NTU_CVSD2023/HW3/CBDK_IC_Contest_v2.1/Verilog/tsmc13_neg.v", 26815: Timing violation in testbench.u_ed25519.redZ_b_in_w_reg_17_
    $setuphold( negedge G &&& (SandR == 1'b1):3778732, posedge D:3778677, limits: (127,55) );


"/home/MingKe/Study/NTU_CVSD2023/HW3/CBDK_IC_Contest_v2.1/Verilog/tsmc13_neg.v", 26815: Timing violation in testbench.u_ed25519.redZ_b_in_w_reg_25_
    $setuphold( negedge G &&& (SandR == 1'b1):3778743, posedge D:3778731, limits: (127,56) );


"/home/MingKe/Study/NTU_CVSD2023/HW3/CBDK_IC_Contest_v2.1/Verilog/tsmc13_neg.v", 26815: Timing violation in testbench.u_ed25519.redZ_b_in_w_reg_24_
    $setuphold( negedge G &&& (SandR == 1'b1):3778746, posedge D:3778676, limits: (125,58) );

"/home/MingKe/Study/NTU_CVSD2023/HW3/CBDK_IC_Contest_v2.1/Verilog/tsmc13_neg.v", 26815: Timing violation in testbench.u_ed25519.redZ_b_in_w_reg_28_
    $setuphold( negedge G &&& (SandR == 1'b1):3778746, posedge D:3778734, limits: (127,56) );


"/home/MingKe/Study/NTU_CVSD2023/HW3/CBDK_IC_Contest_v2.1/Verilog/tsmc13_neg.v", 26816: Timing violation in testbench.u_ed25519.redZ_b_in_w_reg_10_
    $setuphold( negedge G &&& (SandR == 1'b1):4558266, negedge D:4558325, limits: (118,75) );


"/home/MingKe/Study/NTU_CVSD2023/HW3/CBDK_IC_Contest_v2.1/Verilog/tsmc13_neg.v", 26816: Timing violation in testbench.u_ed25519.redZ_b_in_w_reg_1_
    $setuphold( negedge G &&& (SandR == 1'b1):4558265, negedge D:4558326, limits: (119,74) );


"/home/MingKe/Study/NTU_CVSD2023/HW3/CBDK_IC_Contest_v2.1/Verilog/tsmc13_neg.v", 26816: Timing violation in testbench.u_ed25519.redZ_b_in_w_reg_194_
    $setuphold( negedge G &&& (SandR == 1'b1):4558263, negedge D:4558330, limits: (120,73) );


"/home/MingKe/Study/NTU_CVSD2023/HW3/CBDK_IC_Contest_v2.1/Verilog/tsmc13_neg.v", 26816: Timing violation in testbench.u_ed25519.redZ_b_in_w_reg_66_
    $setuphold( negedge G &&& (SandR == 1'b1):4558265, negedge D:4558332, limits: (120,73) );


"/home/MingKe/Study/NTU_CVSD2023/HW3/CBDK_IC_Contest_v2.1/Verilog/tsmc13_neg.v", 26816: Timing violation in testbench.u_ed25519.redZ_b_in_w_reg_7_
    $setuphold( negedge G &&& (SandR == 1'b1):4558272, negedge D:4558335, limits: (117,75) );


"/home/MingKe/Study/NTU_CVSD2023/HW3/CBDK_IC_Contest_v2.1/Verilog/tsmc13_neg.v", 26816: Timing violation in testbench.u_ed25519.redZ_b_in_w_reg_129_
    $setuphold( negedge G &&& (SandR == 1'b1):4558263, negedge D:4558336, limits: (118,75) );


"/home/MingKe/Study/NTU_CVSD2023/HW3/CBDK_IC_Contest_v2.1/Verilog/tsmc13_neg.v", 26816: Timing violation in testbench.u_ed25519.redZ_b_in_w_reg_9_
    $setuphold( negedge G &&& (SandR == 1'b1):4558272, negedge D:4558338, limits: (118,75) );


"/home/MingKe/Study/NTU_CVSD2023/HW3/CBDK_IC_Contest_v2.1/Verilog/tsmc13_neg.v", 26816: Timing violation in testbench.u_ed25519.redZ_b_in_w_reg_108_
    $setuphold( negedge G &&& (SandR == 1'b1):4558942, negedge D:4558831, limits: (118,75) );


"/home/MingKe/Study/NTU_CVSD2023/HW3/CBDK_IC_Contest_v2.1/Verilog/tsmc13_neg.v", 26816: Timing violation in testbench.u_ed25519.redZ_b_in_w_reg_47_
    $setuphold( negedge G &&& (SandR == 1'b1):4558943, negedge D:4558827, limits: (117,76) );

"/home/MingKe/Study/NTU_CVSD2023/HW3/CBDK_IC_Contest_v2.1/Verilog/tsmc13_neg.v", 26816: Timing violation in testbench.u_ed25519.redZ_b_in_w_reg_111_
    $setuphold( negedge G &&& (SandR == 1'b1):4558943, negedge D:4558828, limits: (118,76) );

"/home/MingKe/Study/NTU_CVSD2023/HW3/CBDK_IC_Contest_v2.1/Verilog/tsmc13_neg.v", 26816: Timing violation in testbench.u_ed25519.redZ_b_in_w_reg_237_
    $setuphold( negedge G &&& (SandR == 1'b1):4558943, negedge D:4558843, limits: (118,75) );

"/home/MingKe/Study/NTU_CVSD2023/HW3/CBDK_IC_Contest_v2.1/Verilog/tsmc13_neg.v", 26816: Timing violation in testbench.u_ed25519.redZ_b_in_w_reg_174_
    $setuphold( negedge G &&& (SandR == 1'b1):4558943, negedge D:4558837, limits: (117,75) );

"/home/MingKe/Study/NTU_CVSD2023/HW3/CBDK_IC_Contest_v2.1/Verilog/tsmc13_neg.v", 26816: Timing violation in testbench.u_ed25519.redZ_b_in_w_reg_109_
    $setuphold( negedge G &&& (SandR == 1'b1):4558943, negedge D:4558834, limits: (116,76) );

"/home/MingKe/Study/NTU_CVSD2023/HW3/CBDK_IC_Contest_v2.1/Verilog/tsmc13_neg.v", 26816: Timing violation in testbench.u_ed25519.redZ_b_in_w_reg_239_
    $setuphold( negedge G &&& (SandR == 1'b1):4558943, negedge D:4558839, limits: (117,75) );


"/home/MingKe/Study/NTU_CVSD2023/HW3/CBDK_IC_Contest_v2.1/Verilog/tsmc13_neg.v", 26816: Timing violation in testbench.u_ed25519.redZ_b_in_w_reg_49_
    $setuphold( negedge G &&& (SandR == 1'b1):4558942, negedge D:4558991, limits: (119,74) );


"/home/MingKe/Study/NTU_CVSD2023/HW3/CBDK_IC_Contest_v2.1/Verilog/tsmc13_neg.v", 26816: Timing violation in testbench.u_ed25519.redZ_b_in_w_reg_177_
    $setuphold( negedge G &&& (SandR == 1'b1):4558942, negedge D:4558994, limits: (120,74) );

"/home/MingKe/Study/NTU_CVSD2023/HW3/CBDK_IC_Contest_v2.1/Verilog/tsmc13_neg.v", 26816: Timing violation in testbench.u_ed25519.redZ_b_in_w_reg_232_
    $setuphold( negedge G &&& (SandR == 1'b1):4558934, negedge D:4558994, limits: (116,76) );


"/home/MingKe/Study/NTU_CVSD2023/HW3/CBDK_IC_Contest_v2.1/Verilog/tsmc13_neg.v", 26816: Timing violation in testbench.u_ed25519.redZ_b_in_w_reg_176_
    $setuphold( negedge G &&& (SandR == 1'b1):4558942, negedge D:4558995, limits: (120,74) );


"/home/MingKe/Study/NTU_CVSD2023/HW3/CBDK_IC_Contest_v2.1/Verilog/tsmc13_neg.v", 26816: Timing violation in testbench.u_ed25519.redZ_b_in_w_reg_105_
    $setuphold( negedge G &&& (SandR == 1'b1):4558935, negedge D:4558996, limits: (117,75) );


"/home/MingKe/Study/NTU_CVSD2023/HW3/CBDK_IC_Contest_v2.1/Verilog/tsmc13_neg.v", 26816: Timing violation in testbench.u_ed25519.redZ_b_in_w_reg_233_
    $setuphold( negedge G &&& (SandR == 1'b1):4558936, negedge D:4558997, limits: (116,75) );


"/home/MingKe/Study/NTU_CVSD2023/HW3/CBDK_IC_Contest_v2.1/Verilog/tsmc13_neg.v", 26816: Timing violation in testbench.u_ed25519.redZ_b_in_w_reg_44_
    $setuphold( negedge G &&& (SandR == 1'b1):4558940, negedge D:4559000, limits: (117,75) );


"/home/MingKe/Study/NTU_CVSD2023/HW3/CBDK_IC_Contest_v2.1/Verilog/tsmc13_neg.v", 26816: Timing violation in testbench.u_ed25519.redZ_b_in_w_reg_234_
    $setuphold( negedge G &&& (SandR == 1'b1):4558937, negedge D:4559006, limits: (121,72) );


"/home/MingKe/Study/NTU_CVSD2023/HW3/CBDK_IC_Contest_v2.1/Verilog/tsmc13_neg.v", 26816: Timing violation in testbench.u_ed25519.next_inv_state_reg_1_
    $setuphold( negedge G &&& (SandR == 1'b1):4566442, negedge D:4566346, limits: (117,65) );


"/home/MingKe/Study/NTU_CVSD2023/HW3/CBDK_IC_Contest_v2.1/Verilog/tsmc13_neg.v", 26815: Timing violation in testbench.u_ed25519.redZ_b_in_w_reg_18_
    $setuphold( negedge G &&& (SandR == 1'b1):4568728, posedge D:4568678, limits: (127,55) );


"/home/MingKe/Study/NTU_CVSD2023/HW3/CBDK_IC_Contest_v2.1/Verilog/tsmc13_neg.v", 26815: Timing violation in testbench.u_ed25519.redZ_b_in_w_reg_80_
    $setuphold( negedge G &&& (SandR == 1'b1):4568740, posedge D:4568728, limits: (127,56) );


"/home/MingKe/Study/NTU_CVSD2023/HW3/CBDK_IC_Contest_v2.1/Verilog/tsmc13_neg.v", 26815: Timing violation in testbench.u_ed25519.redZ_b_in_w_reg_28_
    $setuphold( negedge G &&& (SandR == 1'b1):4568746, posedge D:4568734, limits: (127,56) );


"/home/MingKe/Study/NTU_CVSD2023/HW3/CBDK_IC_Contest_v2.1/Verilog/tsmc13_neg.v", 26815: Timing violation in testbench.u_ed25519.redZ_b_in_w_reg_19_
    $setuphold( negedge G &&& (SandR == 1'b1):4568739, posedge D:4568751, limits: (130,54) );


"/home/MingKe/Study/NTU_CVSD2023/HW3/CBDK_IC_Contest_v2.1/Verilog/tsmc13_neg.v", 26815: Timing violation in testbench.u_ed25519.redZ_b_in_w_reg_217_
    $setuphold( negedge G &&& (SandR == 1'b1):4568759, posedge D:4568681, limits: (125,58) );


"/home/MingKe/Study/NTU_CVSD2023/HW3/CBDK_IC_Contest_v2.1/Verilog/tsmc13_neg.v", 26816: Timing violation in testbench.u_ed25519.redZ_b_in_w_reg_10_
    $setuphold( negedge G &&& (SandR == 1'b1):5338266, negedge D:5338325, limits: (118,75) );


"/home/MingKe/Study/NTU_CVSD2023/HW3/CBDK_IC_Contest_v2.1/Verilog/tsmc13_neg.v", 26816: Timing violation in testbench.u_ed25519.redZ_b_in_w_reg_1_
    $setuphold( negedge G &&& (SandR == 1'b1):5338265, negedge D:5338326, limits: (119,74) );


"/home/MingKe/Study/NTU_CVSD2023/HW3/CBDK_IC_Contest_v2.1/Verilog/tsmc13_neg.v", 26816: Timing violation in testbench.u_ed25519.redZ_b_in_w_reg_194_
    $setuphold( negedge G &&& (SandR == 1'b1):5338263, negedge D:5338330, limits: (120,73) );


"/home/MingKe/Study/NTU_CVSD2023/HW3/CBDK_IC_Contest_v2.1/Verilog/tsmc13_neg.v", 26816: Timing violation in testbench.u_ed25519.redZ_b_in_w_reg_13_
    $setuphold( negedge G &&& (SandR == 1'b1):5338266, negedge D:5338331, limits: (117,76) );


"/home/MingKe/Study/NTU_CVSD2023/HW3/CBDK_IC_Contest_v2.1/Verilog/tsmc13_neg.v", 26816: Timing violation in testbench.u_ed25519.redZ_b_in_w_reg_7_
    $setuphold( negedge G &&& (SandR == 1'b1):5338272, negedge D:5338335, limits: (117,75) );

"/home/MingKe/Study/NTU_CVSD2023/HW3/CBDK_IC_Contest_v2.1/Verilog/tsmc13_neg.v", 26816: Timing violation in testbench.u_ed25519.redZ_b_in_w_reg_5_
    $setuphold( negedge G &&& (SandR == 1'b1):5338266, negedge D:5338335, limits: (120,73) );


"/home/MingKe/Study/NTU_CVSD2023/HW3/CBDK_IC_Contest_v2.1/Verilog/tsmc13_neg.v", 26816: Timing violation in testbench.u_ed25519.redZ_b_in_w_reg_129_
    $setuphold( negedge G &&& (SandR == 1'b1):5338263, negedge D:5338336, limits: (118,75) );


"/home/MingKe/Study/NTU_CVSD2023/HW3/CBDK_IC_Contest_v2.1/Verilog/tsmc13_neg.v", 26816: Timing violation in testbench.u_ed25519.redZ_b_in_w_reg_9_
    $setuphold( negedge G &&& (SandR == 1'b1):5338272, negedge D:5338338, limits: (118,75) );


"/home/MingKe/Study/NTU_CVSD2023/HW3/CBDK_IC_Contest_v2.1/Verilog/tsmc13_neg.v", 26816: Timing violation in testbench.u_ed25519.redZ_b_in_w_reg_238_
    $setuphold( negedge G &&& (SandR == 1'b1):5338943, negedge D:5338859, limits: (124,71) );

"/home/MingKe/Study/NTU_CVSD2023/HW3/CBDK_IC_Contest_v2.1/Verilog/tsmc13_neg.v", 26816: Timing violation in testbench.u_ed25519.redZ_b_in_w_reg_237_
    $setuphold( negedge G &&& (SandR == 1'b1):5338943, negedge D:5338843, limits: (118,75) );

"/home/MingKe/Study/NTU_CVSD2023/HW3/CBDK_IC_Contest_v2.1/Verilog/tsmc13_neg.v", 26816: Timing violation in testbench.u_ed25519.redZ_b_in_w_reg_174_
    $setuphold( negedge G &&& (SandR == 1'b1):5338943, negedge D:5338837, limits: (117,75) );

"/home/MingKe/Study/NTU_CVSD2023/HW3/CBDK_IC_Contest_v2.1/Verilog/tsmc13_neg.v", 26816: Timing violation in testbench.u_ed25519.redZ_b_in_w_reg_240_
    $setuphold( negedge G &&& (SandR == 1'b1):5338943, negedge D:5338830, limits: (119,75) );

"/home/MingKe/Study/NTU_CVSD2023/HW3/CBDK_IC_Contest_v2.1/Verilog/tsmc13_neg.v", 26816: Timing violation in testbench.u_ed25519.redZ_b_in_w_reg_239_
    $setuphold( negedge G &&& (SandR == 1'b1):5338943, negedge D:5338839, limits: (117,75) );

"/home/MingKe/Study/NTU_CVSD2023/HW3/CBDK_IC_Contest_v2.1/Verilog/tsmc13_neg.v", 26816: Timing violation in testbench.u_ed25519.redZ_b_in_w_reg_46_
    $setuphold( negedge G &&& (SandR == 1'b1):5338943, negedge D:5338855, limits: (120,73) );


"/home/MingKe/Study/NTU_CVSD2023/HW3/CBDK_IC_Contest_v2.1/Verilog/tsmc13_neg.v", 26816: Timing violation in testbench.u_ed25519.redZ_b_in_w_reg_107_
    $setuphold( negedge G &&& (SandR == 1'b1):5338938, negedge D:5338990, limits: (118,74) );


"/home/MingKe/Study/NTU_CVSD2023/HW3/CBDK_IC_Contest_v2.1/Verilog/tsmc13_neg.v", 26816: Timing violation in testbench.u_ed25519.redZ_b_in_w_reg_171_
    $setuphold( negedge G &&& (SandR == 1'b1):5338934, negedge D:5338994, limits: (121,76) );


"/home/MingKe/Study/NTU_CVSD2023/HW3/CBDK_IC_Contest_v2.1/Verilog/tsmc13_neg.v", 26816: Timing violation in testbench.u_ed25519.redZ_b_in_w_reg_176_
    $setuphold( negedge G &&& (SandR == 1'b1):5338942, negedge D:5338995, limits: (120,74) );


"/home/MingKe/Study/NTU_CVSD2023/HW3/CBDK_IC_Contest_v2.1/Verilog/tsmc13_neg.v", 26816: Timing violation in testbench.u_ed25519.redZ_b_in_w_reg_105_
    $setuphold( negedge G &&& (SandR == 1'b1):5338935, negedge D:5338996, limits: (117,75) );


"/home/MingKe/Study/NTU_CVSD2023/HW3/CBDK_IC_Contest_v2.1/Verilog/tsmc13_neg.v", 26816: Timing violation in testbench.u_ed25519.redZ_b_in_w_reg_172_
    $setuphold( negedge G &&& (SandR == 1'b1):5338939, negedge D:5338997, limits: (116,76) );

"/home/MingKe/Study/NTU_CVSD2023/HW3/CBDK_IC_Contest_v2.1/Verilog/tsmc13_neg.v", 26816: Timing violation in testbench.u_ed25519.redZ_b_in_w_reg_233_
    $setuphold( negedge G &&& (SandR == 1'b1):5338936, negedge D:5338997, limits: (116,75) );


"/home/MingKe/Study/NTU_CVSD2023/HW3/CBDK_IC_Contest_v2.1/Verilog/tsmc13_neg.v", 26816: Timing violation in testbench.u_ed25519.redZ_b_in_w_reg_106_
    $setuphold( negedge G &&& (SandR == 1'b1):5338936, negedge D:5339001, limits: (120,73) );


"/home/MingKe/Study/NTU_CVSD2023/HW3/CBDK_IC_Contest_v2.1/Verilog/tsmc13_neg.v", 26816: Timing violation in testbench.u_ed25519.redZ_b_in_w_reg_48_
    $setuphold( negedge G &&& (SandR == 1'b1):5338942, negedge D:5339009, limits: (120,74) );


"/home/MingKe/Study/NTU_CVSD2023/HW3/CBDK_IC_Contest_v2.1/Verilog/tsmc13_neg.v", 26816: Timing violation in testbench.u_ed25519.next_inv_state_reg_1_
    $setuphold( negedge G &&& (SandR == 1'b1):5346442, negedge D:5346346, limits: (117,65) );


"/home/MingKe/Study/NTU_CVSD2023/HW3/CBDK_IC_Contest_v2.1/Verilog/tsmc13_neg.v", 26815: Timing violation in testbench.u_ed25519.redZ_b_in_w_reg_16_
    $setuphold( negedge G &&& (SandR == 1'b1):5348724, posedge D:5348672, limits: (127,54) );


"/home/MingKe/Study/NTU_CVSD2023/HW3/CBDK_IC_Contest_v2.1/Verilog/tsmc13_neg.v", 26815: Timing violation in testbench.u_ed25519.redZ_b_in_w_reg_145_
    $setuphold( negedge G &&& (SandR == 1'b1):5348734, posedge D:5348689, limits: (128,55) );


"/home/MingKe/Study/NTU_CVSD2023/HW3/CBDK_IC_Contest_v2.1/Verilog/tsmc13_neg.v", 26815: Timing violation in testbench.u_ed25519.redZ_b_in_w_reg_152_
    $setuphold( negedge G &&& (SandR == 1'b1):5348748, posedge D:5348685, limits: (126,57) );


"/home/MingKe/Study/NTU_CVSD2023/HW3/CBDK_IC_Contest_v2.1/Verilog/tsmc13_neg.v", 26815: Timing violation in testbench.u_ed25519.redZ_b_in_w_reg_19_
    $setuphold( negedge G &&& (SandR == 1'b1):5348739, posedge D:5348751, limits: (130,54) );


"/home/MingKe/Study/NTU_CVSD2023/HW3/CBDK_IC_Contest_v2.1/Verilog/tsmc13_neg.v", 26815: Timing violation in testbench.u_ed25519.redZ_b_in_w_reg_157_
    $setuphold( negedge G &&& (SandR == 1'b1):5348752, posedge D:5348746, limits: (128,56) );


"/home/MingKe/Study/NTU_CVSD2023/HW3/CBDK_IC_Contest_v2.1/Verilog/tsmc13_neg.v", 26815: Timing violation in testbench.u_ed25519.redZ_b_in_w_reg_217_
    $setuphold( negedge G &&& (SandR == 1'b1):5348759, posedge D:5348681, limits: (125,58) );


"/home/MingKe/Study/NTU_CVSD2023/HW3/CBDK_IC_Contest_v2.1/Verilog/tsmc13_neg.v", 26816: Timing violation in testbench.u_ed25519.redZ_b_in_w_reg_10_
    $setuphold( negedge G &&& (SandR == 1'b1):6388266, negedge D:6388325, limits: (118,75) );


"/home/MingKe/Study/NTU_CVSD2023/HW3/CBDK_IC_Contest_v2.1/Verilog/tsmc13_neg.v", 26816: Timing violation in testbench.u_ed25519.redZ_b_in_w_reg_1_
    $setuphold( negedge G &&& (SandR == 1'b1):6388265, negedge D:6388326, limits: (119,74) );


"/home/MingKe/Study/NTU_CVSD2023/HW3/CBDK_IC_Contest_v2.1/Verilog/tsmc13_neg.v", 26816: Timing violation in testbench.u_ed25519.redZ_b_in_w_reg_3_
    $setuphold( negedge G &&& (SandR == 1'b1):6388266, negedge D:6388327, limits: (119,74) );


"/home/MingKe/Study/NTU_CVSD2023/HW3/CBDK_IC_Contest_v2.1/Verilog/tsmc13_neg.v", 26816: Timing violation in testbench.u_ed25519.redZ_b_in_w_reg_4_
    $setuphold( negedge G &&& (SandR == 1'b1):6388266, negedge D:6388330, limits: (117,76) );

"/home/MingKe/Study/NTU_CVSD2023/HW3/CBDK_IC_Contest_v2.1/Verilog/tsmc13_neg.v", 26816: Timing violation in testbench.u_ed25519.redZ_b_in_w_reg_194_
    $setuphold( negedge G &&& (SandR == 1'b1):6388263, negedge D:6388330, limits: (120,73) );


"/home/MingKe/Study/NTU_CVSD2023/HW3/CBDK_IC_Contest_v2.1/Verilog/tsmc13_neg.v", 26816: Timing violation in testbench.u_ed25519.redZ_b_in_w_reg_13_
    $setuphold( negedge G &&& (SandR == 1'b1):6388266, negedge D:6388331, limits: (117,76) );


"/home/MingKe/Study/NTU_CVSD2023/HW3/CBDK_IC_Contest_v2.1/Verilog/tsmc13_neg.v", 26816: Timing violation in testbench.u_ed25519.redZ_b_in_w_reg_5_
    $setuphold( negedge G &&& (SandR == 1'b1):6388266, negedge D:6388335, limits: (120,73) );


"/home/MingKe/Study/NTU_CVSD2023/HW3/CBDK_IC_Contest_v2.1/Verilog/tsmc13_neg.v", 26816: Timing violation in testbench.u_ed25519.redZ_b_in_w_reg_14_
    $setuphold( negedge G &&& (SandR == 1'b1):6388272, negedge D:6388336, limits: (118,75) );


"/home/MingKe/Study/NTU_CVSD2023/HW3/CBDK_IC_Contest_v2.1/Verilog/tsmc13_neg.v", 26816: Timing violation in testbench.u_ed25519.redZ_b_in_w_reg_9_
    $setuphold( negedge G &&& (SandR == 1'b1):6388272, negedge D:6388338, limits: (118,75) );


"/home/MingKe/Study/NTU_CVSD2023/HW3/CBDK_IC_Contest_v2.1/Verilog/tsmc13_neg.v", 26816: Timing violation in testbench.u_ed25519.redZ_b_in_w_reg_173_
    $setuphold( negedge G &&& (SandR == 1'b1):6388942, negedge D:6388836, limits: (119,75) );


"/home/MingKe/Study/NTU_CVSD2023/HW3/CBDK_IC_Contest_v2.1/Verilog/tsmc13_neg.v", 26816: Timing violation in testbench.u_ed25519.redZ_b_in_w_reg_238_
    $setuphold( negedge G &&& (SandR == 1'b1):6388943, negedge D:6388859, limits: (124,71) );

"/home/MingKe/Study/NTU_CVSD2023/HW3/CBDK_IC_Contest_v2.1/Verilog/tsmc13_neg.v", 26816: Timing violation in testbench.u_ed25519.redZ_b_in_w_reg_175_
    $setuphold( negedge G &&& (SandR == 1'b1):6388943, negedge D:6388833, limits: (120,76) );

"/home/MingKe/Study/NTU_CVSD2023/HW3/CBDK_IC_Contest_v2.1/Verilog/tsmc13_neg.v", 26816: Timing violation in testbench.u_ed25519.redZ_b_in_w_reg_109_
    $setuphold( negedge G &&& (SandR == 1'b1):6388943, negedge D:6388834, limits: (116,76) );

"/home/MingKe/Study/NTU_CVSD2023/HW3/CBDK_IC_Contest_v2.1/Verilog/tsmc13_neg.v", 26816: Timing violation in testbench.u_ed25519.redZ_b_in_w_reg_239_
    $setuphold( negedge G &&& (SandR == 1'b1):6388943, negedge D:6388839, limits: (117,75) );

"/home/MingKe/Study/NTU_CVSD2023/HW3/CBDK_IC_Contest_v2.1/Verilog/tsmc13_neg.v", 26816: Timing violation in testbench.u_ed25519.redZ_b_in_w_reg_46_
    $setuphold( negedge G &&& (SandR == 1'b1):6388943, negedge D:6388855, limits: (120,73) );


"/home/MingKe/Study/NTU_CVSD2023/HW3/CBDK_IC_Contest_v2.1/Verilog/tsmc13_neg.v", 26816: Timing violation in testbench.u_ed25519.redZ_b_in_w_reg_107_
    $setuphold( negedge G &&& (SandR == 1'b1):6388938, negedge D:6388990, limits: (118,74) );


"/home/MingKe/Study/NTU_CVSD2023/HW3/CBDK_IC_Contest_v2.1/Verilog/tsmc13_neg.v", 26816: Timing violation in testbench.u_ed25519.redZ_b_in_w_reg_171_
    $setuphold( negedge G &&& (SandR == 1'b1):6388934, negedge D:6388994, limits: (121,76) );


"/home/MingKe/Study/NTU_CVSD2023/HW3/CBDK_IC_Contest_v2.1/Verilog/tsmc13_neg.v", 26816: Timing violation in testbench.u_ed25519.redZ_b_in_w_reg_176_
    $setuphold( negedge G &&& (SandR == 1'b1):6388942, negedge D:6388995, limits: (120,74) );


"/home/MingKe/Study/NTU_CVSD2023/HW3/CBDK_IC_Contest_v2.1/Verilog/tsmc13_neg.v", 26816: Timing violation in testbench.u_ed25519.redZ_b_in_w_reg_105_
    $setuphold( negedge G &&& (SandR == 1'b1):6388935, negedge D:6388996, limits: (117,75) );


"/home/MingKe/Study/NTU_CVSD2023/HW3/CBDK_IC_Contest_v2.1/Verilog/tsmc13_neg.v", 26816: Timing violation in testbench.u_ed25519.redZ_b_in_w_reg_172_
    $setuphold( negedge G &&& (SandR == 1'b1):6388939, negedge D:6388997, limits: (116,76) );

"/home/MingKe/Study/NTU_CVSD2023/HW3/CBDK_IC_Contest_v2.1/Verilog/tsmc13_neg.v", 26816: Timing violation in testbench.u_ed25519.redZ_b_in_w_reg_233_
    $setuphold( negedge G &&& (SandR == 1'b1):6388936, negedge D:6388997, limits: (116,75) );


"/home/MingKe/Study/NTU_CVSD2023/HW3/CBDK_IC_Contest_v2.1/Verilog/tsmc13_neg.v", 26816: Timing violation in testbench.u_ed25519.redZ_b_in_w_reg_234_
    $setuphold( negedge G &&& (SandR == 1'b1):6388937, negedge D:6389006, limits: (121,72) );


"/home/MingKe/Study/NTU_CVSD2023/HW3/CBDK_IC_Contest_v2.1/Verilog/tsmc13_neg.v", 26816: Timing violation in testbench.u_ed25519.next_inv_state_reg_1_
    $setuphold( negedge G &&& (SandR == 1'b1):6396442, negedge D:6396346, limits: (117,65) );


"/home/MingKe/Study/NTU_CVSD2023/HW3/CBDK_IC_Contest_v2.1/Verilog/tsmc13_neg.v", 26815: Timing violation in testbench.u_ed25519.redZ_b_in_w_reg_18_
    $setuphold( negedge G &&& (SandR == 1'b1):6398728, posedge D:6398678, limits: (127,55) );


"/home/MingKe/Study/NTU_CVSD2023/HW3/CBDK_IC_Contest_v2.1/Verilog/tsmc13_neg.v", 26815: Timing violation in testbench.u_ed25519.redZ_b_in_w_reg_146_
    $setuphold( negedge G &&& (SandR == 1'b1):6398730, posedge D:6398675, limits: (126,55) );


"/home/MingKe/Study/NTU_CVSD2023/HW3/CBDK_IC_Contest_v2.1/Verilog/tsmc13_neg.v", 26816: Timing violation in testbench.u_ed25519.redZ_b_in_w_reg_10_
    $setuphold( negedge G &&& (SandR == 1'b1):7178266, negedge D:7178325, limits: (118,75) );


"/home/MingKe/Study/NTU_CVSD2023/HW3/CBDK_IC_Contest_v2.1/Verilog/tsmc13_neg.v", 26816: Timing violation in testbench.u_ed25519.redZ_b_in_w_reg_194_
    $setuphold( negedge G &&& (SandR == 1'b1):7178263, negedge D:7178330, limits: (120,73) );


"/home/MingKe/Study/NTU_CVSD2023/HW3/CBDK_IC_Contest_v2.1/Verilog/tsmc13_neg.v", 26816: Timing violation in testbench.u_ed25519.redZ_b_in_w_reg_7_
    $setuphold( negedge G &&& (SandR == 1'b1):7178272, negedge D:7178335, limits: (117,75) );

"/home/MingKe/Study/NTU_CVSD2023/HW3/CBDK_IC_Contest_v2.1/Verilog/tsmc13_neg.v", 26816: Timing violation in testbench.u_ed25519.redZ_b_in_w_reg_5_
    $setuphold( negedge G &&& (SandR == 1'b1):7178266, negedge D:7178335, limits: (120,73) );


"/home/MingKe/Study/NTU_CVSD2023/HW3/CBDK_IC_Contest_v2.1/Verilog/tsmc13_neg.v", 26816: Timing violation in testbench.u_ed25519.redZ_b_in_w_reg_14_
    $setuphold( negedge G &&& (SandR == 1'b1):7178272, negedge D:7178336, limits: (118,75) );


"/home/MingKe/Study/NTU_CVSD2023/HW3/CBDK_IC_Contest_v2.1/Verilog/tsmc13_neg.v", 26816: Timing violation in testbench.u_ed25519.redZ_b_in_w_reg_9_
    $setuphold( negedge G &&& (SandR == 1'b1):7178272, negedge D:7178338, limits: (118,75) );


"/home/MingKe/Study/NTU_CVSD2023/HW3/CBDK_IC_Contest_v2.1/Verilog/tsmc13_neg.v", 26816: Timing violation in testbench.u_ed25519.redZ_b_in_w_reg_173_
    $setuphold( negedge G &&& (SandR == 1'b1):7178942, negedge D:7178836, limits: (119,75) );


"/home/MingKe/Study/NTU_CVSD2023/HW3/CBDK_IC_Contest_v2.1/Verilog/tsmc13_neg.v", 26816: Timing violation in testbench.u_ed25519.redZ_b_in_w_reg_47_
    $setuphold( negedge G &&& (SandR == 1'b1):7178943, negedge D:7178827, limits: (117,76) );

"/home/MingKe/Study/NTU_CVSD2023/HW3/CBDK_IC_Contest_v2.1/Verilog/tsmc13_neg.v", 26816: Timing violation in testbench.u_ed25519.redZ_b_in_w_reg_238_
    $setuphold( negedge G &&& (SandR == 1'b1):7178943, negedge D:7178859, limits: (124,71) );

"/home/MingKe/Study/NTU_CVSD2023/HW3/CBDK_IC_Contest_v2.1/Verilog/tsmc13_neg.v", 26816: Timing violation in testbench.u_ed25519.redZ_b_in_w_reg_237_
    $setuphold( negedge G &&& (SandR == 1'b1):7178943, negedge D:7178843, limits: (118,75) );

"/home/MingKe/Study/NTU_CVSD2023/HW3/CBDK_IC_Contest_v2.1/Verilog/tsmc13_neg.v", 26816: Timing violation in testbench.u_ed25519.redZ_b_in_w_reg_236_
    $setuphold( negedge G &&& (SandR == 1'b1):7178943, negedge D:7178835, limits: (116,76) );


"/home/MingKe/Study/NTU_CVSD2023/HW3/CBDK_IC_Contest_v2.1/Verilog/tsmc13_neg.v", 26816: Timing violation in testbench.u_ed25519.redZ_b_in_w_reg_107_
    $setuphold( negedge G &&& (SandR == 1'b1):7178938, negedge D:7178990, limits: (118,74) );


"/home/MingKe/Study/NTU_CVSD2023/HW3/CBDK_IC_Contest_v2.1/Verilog/tsmc13_neg.v", 26816: Timing violation in testbench.u_ed25519.redZ_b_in_w_reg_49_
    $setuphold( negedge G &&& (SandR == 1'b1):7178942, negedge D:7178991, limits: (119,74) );


"/home/MingKe/Study/NTU_CVSD2023/HW3/CBDK_IC_Contest_v2.1/Verilog/tsmc13_neg.v", 26816: Timing violation in testbench.u_ed25519.redZ_b_in_w_reg_177_
    $setuphold( negedge G &&& (SandR == 1'b1):7178942, negedge D:7178994, limits: (120,74) );

"/home/MingKe/Study/NTU_CVSD2023/HW3/CBDK_IC_Contest_v2.1/Verilog/tsmc13_neg.v", 26816: Timing violation in testbench.u_ed25519.redZ_b_in_w_reg_232_
    $setuphold( negedge G &&& (SandR == 1'b1):7178934, negedge D:7178994, limits: (116,76) );

"/home/MingKe/Study/NTU_CVSD2023/HW3/CBDK_IC_Contest_v2.1/Verilog/tsmc13_neg.v", 26816: Timing violation in testbench.u_ed25519.redZ_b_in_w_reg_171_
    $setuphold( negedge G &&& (SandR == 1'b1):7178934, negedge D:7178994, limits: (121,76) );


"/home/MingKe/Study/NTU_CVSD2023/HW3/CBDK_IC_Contest_v2.1/Verilog/tsmc13_neg.v", 26816: Timing violation in testbench.u_ed25519.redZ_b_in_w_reg_176_
    $setuphold( negedge G &&& (SandR == 1'b1):7178942, negedge D:7178995, limits: (120,74) );


"/home/MingKe/Study/NTU_CVSD2023/HW3/CBDK_IC_Contest_v2.1/Verilog/tsmc13_neg.v", 26816: Timing violation in testbench.u_ed25519.redZ_b_in_w_reg_105_
    $setuphold( negedge G &&& (SandR == 1'b1):7178935, negedge D:7178996, limits: (117,75) );


"/home/MingKe/Study/NTU_CVSD2023/HW3/CBDK_IC_Contest_v2.1/Verilog/tsmc13_neg.v", 26816: Timing violation in testbench.u_ed25519.redZ_b_in_w_reg_44_
    $setuphold( negedge G &&& (SandR == 1'b1):7178940, negedge D:7179000, limits: (117,75) );


"/home/MingKe/Study/NTU_CVSD2023/HW3/CBDK_IC_Contest_v2.1/Verilog/tsmc13_neg.v", 26816: Timing violation in testbench.u_ed25519.redZ_b_in_w_reg_106_
    $setuphold( negedge G &&& (SandR == 1'b1):7178936, negedge D:7179001, limits: (120,73) );


"/home/MingKe/Study/NTU_CVSD2023/HW3/CBDK_IC_Contest_v2.1/Verilog/tsmc13_neg.v", 26816: Timing violation in testbench.u_ed25519.redZ_b_in_w_reg_48_
    $setuphold( negedge G &&& (SandR == 1'b1):7178942, negedge D:7179009, limits: (120,74) );


"/home/MingKe/Study/NTU_CVSD2023/HW3/CBDK_IC_Contest_v2.1/Verilog/tsmc13_neg.v", 26816: Timing violation in testbench.u_ed25519.next_inv_state_reg_1_
    $setuphold( negedge G &&& (SandR == 1'b1):7186442, negedge D:7186346, limits: (117,65) );


"/home/MingKe/Study/NTU_CVSD2023/HW3/CBDK_IC_Contest_v2.1/Verilog/tsmc13_neg.v", 26815: Timing violation in testbench.u_ed25519.redZ_b_in_w_reg_145_
    $setuphold( negedge G &&& (SandR == 1'b1):7188734, posedge D:7188689, limits: (128,55) );


"/home/MingKe/Study/NTU_CVSD2023/HW3/CBDK_IC_Contest_v2.1/Verilog/tsmc13_neg.v", 26815: Timing violation in testbench.u_ed25519.redZ_b_in_w_reg_153_
    $setuphold( negedge G &&& (SandR == 1'b1):7188750, posedge D:7188735, limits: (129,55) );


"/home/MingKe/Study/NTU_CVSD2023/HW3/CBDK_IC_Contest_v2.1/Verilog/tsmc13_neg.v", 26815: Timing violation in testbench.u_ed25519.redZ_b_in_w_reg_89_
    $setuphold( negedge G &&& (SandR == 1'b1):7188757, posedge D:7188739, limits: (127,57) );


"/home/MingKe/Study/NTU_CVSD2023/HW3/CBDK_IC_Contest_v2.1/Verilog/tsmc13_neg.v", 26816: Timing violation in testbench.u_ed25519.redZ_b_in_w_reg_10_
    $setuphold( negedge G &&& (SandR == 1'b1):7958266, negedge D:7958325, limits: (118,75) );


"/home/MingKe/Study/NTU_CVSD2023/HW3/CBDK_IC_Contest_v2.1/Verilog/tsmc13_neg.v", 26816: Timing violation in testbench.u_ed25519.redZ_b_in_w_reg_1_
    $setuphold( negedge G &&& (SandR == 1'b1):7958265, negedge D:7958326, limits: (119,74) );


"/home/MingKe/Study/NTU_CVSD2023/HW3/CBDK_IC_Contest_v2.1/Verilog/tsmc13_neg.v", 26816: Timing violation in testbench.u_ed25519.redZ_b_in_w_reg_194_
    $setuphold( negedge G &&& (SandR == 1'b1):7958263, negedge D:7958330, limits: (120,73) );


"/home/MingKe/Study/NTU_CVSD2023/HW3/CBDK_IC_Contest_v2.1/Verilog/tsmc13_neg.v", 26816: Timing violation in testbench.u_ed25519.redZ_b_in_w_reg_13_
    $setuphold( negedge G &&& (SandR == 1'b1):7958266, negedge D:7958331, limits: (117,76) );


"/home/MingKe/Study/NTU_CVSD2023/HW3/CBDK_IC_Contest_v2.1/Verilog/tsmc13_neg.v", 26816: Timing violation in testbench.u_ed25519.redZ_b_in_w_reg_7_
    $setuphold( negedge G &&& (SandR == 1'b1):7958272, negedge D:7958335, limits: (117,75) );

"/home/MingKe/Study/NTU_CVSD2023/HW3/CBDK_IC_Contest_v2.1/Verilog/tsmc13_neg.v", 26816: Timing violation in testbench.u_ed25519.redZ_b_in_w_reg_5_
    $setuphold( negedge G &&& (SandR == 1'b1):7958266, negedge D:7958335, limits: (120,73) );


"/home/MingKe/Study/NTU_CVSD2023/HW3/CBDK_IC_Contest_v2.1/Verilog/tsmc13_neg.v", 26816: Timing violation in testbench.u_ed25519.redZ_b_in_w_reg_129_
    $setuphold( negedge G &&& (SandR == 1'b1):7958263, negedge D:7958336, limits: (118,75) );


"/home/MingKe/Study/NTU_CVSD2023/HW3/CBDK_IC_Contest_v2.1/Verilog/tsmc13_neg.v", 26816: Timing violation in testbench.u_ed25519.redZ_b_in_w_reg_9_
    $setuphold( negedge G &&& (SandR == 1'b1):7958272, negedge D:7958338, limits: (118,75) );


"/home/MingKe/Study/NTU_CVSD2023/HW3/CBDK_IC_Contest_v2.1/Verilog/tsmc13_neg.v", 26816: Timing violation in testbench.u_ed25519.redZ_b_in_w_reg_238_
    $setuphold( negedge G &&& (SandR == 1'b1):7958943, negedge D:7958859, limits: (124,71) );

"/home/MingKe/Study/NTU_CVSD2023/HW3/CBDK_IC_Contest_v2.1/Verilog/tsmc13_neg.v", 26816: Timing violation in testbench.u_ed25519.redZ_b_in_w_reg_237_
    $setuphold( negedge G &&& (SandR == 1'b1):7958943, negedge D:7958843, limits: (118,75) );

"/home/MingKe/Study/NTU_CVSD2023/HW3/CBDK_IC_Contest_v2.1/Verilog/tsmc13_neg.v", 26816: Timing violation in testbench.u_ed25519.redZ_b_in_w_reg_174_
    $setuphold( negedge G &&& (SandR == 1'b1):7958943, negedge D:7958837, limits: (117,75) );

"/home/MingKe/Study/NTU_CVSD2023/HW3/CBDK_IC_Contest_v2.1/Verilog/tsmc13_neg.v", 26816: Timing violation in testbench.u_ed25519.redZ_b_in_w_reg_240_
    $setuphold( negedge G &&& (SandR == 1'b1):7958943, negedge D:7958830, limits: (119,75) );

"/home/MingKe/Study/NTU_CVSD2023/HW3/CBDK_IC_Contest_v2.1/Verilog/tsmc13_neg.v", 26816: Timing violation in testbench.u_ed25519.redZ_b_in_w_reg_239_
    $setuphold( negedge G &&& (SandR == 1'b1):7958943, negedge D:7958839, limits: (117,75) );

"/home/MingKe/Study/NTU_CVSD2023/HW3/CBDK_IC_Contest_v2.1/Verilog/tsmc13_neg.v", 26816: Timing violation in testbench.u_ed25519.redZ_b_in_w_reg_46_
    $setuphold( negedge G &&& (SandR == 1'b1):7958943, negedge D:7958855, limits: (120,73) );


"/home/MingKe/Study/NTU_CVSD2023/HW3/CBDK_IC_Contest_v2.1/Verilog/tsmc13_neg.v", 26816: Timing violation in testbench.u_ed25519.redZ_b_in_w_reg_107_
    $setuphold( negedge G &&& (SandR == 1'b1):7958938, negedge D:7958990, limits: (118,74) );


"/home/MingKe/Study/NTU_CVSD2023/HW3/CBDK_IC_Contest_v2.1/Verilog/tsmc13_neg.v", 26816: Timing violation in testbench.u_ed25519.redZ_b_in_w_reg_171_
    $setuphold( negedge G &&& (SandR == 1'b1):7958934, negedge D:7958994, limits: (121,76) );


"/home/MingKe/Study/NTU_CVSD2023/HW3/CBDK_IC_Contest_v2.1/Verilog/tsmc13_neg.v", 26816: Timing violation in testbench.u_ed25519.redZ_b_in_w_reg_176_
    $setuphold( negedge G &&& (SandR == 1'b1):7958942, negedge D:7958995, limits: (120,74) );


"/home/MingKe/Study/NTU_CVSD2023/HW3/CBDK_IC_Contest_v2.1/Verilog/tsmc13_neg.v", 26816: Timing violation in testbench.u_ed25519.redZ_b_in_w_reg_105_
    $setuphold( negedge G &&& (SandR == 1'b1):7958935, negedge D:7958996, limits: (117,75) );


"/home/MingKe/Study/NTU_CVSD2023/HW3/CBDK_IC_Contest_v2.1/Verilog/tsmc13_neg.v", 26816: Timing violation in testbench.u_ed25519.redZ_b_in_w_reg_172_
    $setuphold( negedge G &&& (SandR == 1'b1):7958939, negedge D:7958997, limits: (116,76) );

"/home/MingKe/Study/NTU_CVSD2023/HW3/CBDK_IC_Contest_v2.1/Verilog/tsmc13_neg.v", 26816: Timing violation in testbench.u_ed25519.redZ_b_in_w_reg_233_
    $setuphold( negedge G &&& (SandR == 1'b1):7958936, negedge D:7958997, limits: (116,75) );


"/home/MingKe/Study/NTU_CVSD2023/HW3/CBDK_IC_Contest_v2.1/Verilog/tsmc13_neg.v", 26816: Timing violation in testbench.u_ed25519.redZ_b_in_w_reg_106_
    $setuphold( negedge G &&& (SandR == 1'b1):7958936, negedge D:7959001, limits: (120,73) );


"/home/MingKe/Study/NTU_CVSD2023/HW3/CBDK_IC_Contest_v2.1/Verilog/tsmc13_neg.v", 26816: Timing violation in testbench.u_ed25519.redZ_b_in_w_reg_48_
    $setuphold( negedge G &&& (SandR == 1'b1):7958942, negedge D:7959009, limits: (120,74) );


"/home/MingKe/Study/NTU_CVSD2023/HW3/CBDK_IC_Contest_v2.1/Verilog/tsmc13_neg.v", 26816: Timing violation in testbench.u_ed25519.next_inv_state_reg_1_
    $setuphold( negedge G &&& (SandR == 1'b1):7966442, negedge D:7966346, limits: (117,65) );


"/home/MingKe/Study/NTU_CVSD2023/HW3/CBDK_IC_Contest_v2.1/Verilog/tsmc13_neg.v", 26815: Timing violation in testbench.u_ed25519.redZ_b_in_w_reg_18_
    $setuphold( negedge G &&& (SandR == 1'b1):7968728, posedge D:7968678, limits: (127,55) );


"/home/MingKe/Study/NTU_CVSD2023/HW3/CBDK_IC_Contest_v2.1/Verilog/tsmc13_neg.v", 26815: Timing violation in testbench.u_ed25519.redZ_b_in_w_reg_146_
    $setuphold( negedge G &&& (SandR == 1'b1):7968730, posedge D:7968675, limits: (126,55) );


"/home/MingKe/Study/NTU_CVSD2023/HW3/CBDK_IC_Contest_v2.1/Verilog/tsmc13_neg.v", 26815: Timing violation in testbench.u_ed25519.redZ_b_in_w_reg_17_
    $setuphold( negedge G &&& (SandR == 1'b1):7968732, posedge D:7968677, limits: (127,55) );


"/home/MingKe/Study/NTU_CVSD2023/HW3/CBDK_IC_Contest_v2.1/Verilog/tsmc13_neg.v", 26815: Timing violation in testbench.u_ed25519.redZ_b_in_w_reg_80_
    $setuphold( negedge G &&& (SandR == 1'b1):7968740, posedge D:7968728, limits: (127,56) );


"/home/MingKe/Study/NTU_CVSD2023/HW3/CBDK_IC_Contest_v2.1/Verilog/tsmc13_neg.v", 26815: Timing violation in testbench.u_ed25519.redZ_b_in_w_reg_25_
    $setuphold( negedge G &&& (SandR == 1'b1):7968743, posedge D:7968731, limits: (127,56) );


"/home/MingKe/Study/NTU_CVSD2023/HW3/CBDK_IC_Contest_v2.1/Verilog/tsmc13_neg.v", 26815: Timing violation in testbench.u_ed25519.redZ_b_in_w_reg_24_
    $setuphold( negedge G &&& (SandR == 1'b1):7968746, posedge D:7968676, limits: (125,58) );

"/home/MingKe/Study/NTU_CVSD2023/HW3/CBDK_IC_Contest_v2.1/Verilog/tsmc13_neg.v", 26815: Timing violation in testbench.u_ed25519.redZ_b_in_w_reg_28_
    $setuphold( negedge G &&& (SandR == 1'b1):7968746, posedge D:7968734, limits: (127,56) );


"/home/MingKe/Study/NTU_CVSD2023/HW3/CBDK_IC_Contest_v2.1/Verilog/tsmc13_neg.v", 26815: Timing violation in testbench.u_ed25519.redZ_b_in_w_reg_19_
    $setuphold( negedge G &&& (SandR == 1'b1):7968739, posedge D:7968751, limits: (130,54) );


"/home/MingKe/Study/NTU_CVSD2023/HW3/CBDK_IC_Contest_v2.1/Verilog/tsmc13_neg.v", 26815: Timing violation in testbench.u_ed25519.redZ_b_in_w_reg_88_
    $setuphold( negedge G &&& (SandR == 1'b1):7968755, posedge D:7968675, limits: (125,59) );


"/home/MingKe/Study/NTU_CVSD2023/HW3/CBDK_IC_Contest_v2.1/Verilog/tsmc13_neg.v", 26815: Timing violation in testbench.u_ed25519.redZ_b_in_w_reg_89_
    $setuphold( negedge G &&& (SandR == 1'b1):7968757, posedge D:7968739, limits: (127,57) );


"/home/MingKe/Study/NTU_CVSD2023/HW3/CBDK_IC_Contest_v2.1/Verilog/tsmc13_neg.v", 26815: Timing violation in testbench.u_ed25519.redZ_b_in_w_reg_217_
    $setuphold( negedge G &&& (SandR == 1'b1):7968759, posedge D:7968681, limits: (125,58) );


"/home/MingKe/Study/NTU_CVSD2023/HW3/CBDK_IC_Contest_v2.1/Verilog/tsmc13_neg.v", 26816: Timing violation in testbench.u_ed25519.redZ_b_in_w_reg_1_
    $setuphold( negedge G &&& (SandR == 1'b1):9008265, negedge D:9008326, limits: (119,74) );


"/home/MingKe/Study/NTU_CVSD2023/HW3/CBDK_IC_Contest_v2.1/Verilog/tsmc13_neg.v", 26816: Timing violation in testbench.u_ed25519.redZ_b_in_w_reg_8_
    $setuphold( negedge G &&& (SandR == 1'b1):9008272, negedge D:9008327, limits: (119,74) );


"/home/MingKe/Study/NTU_CVSD2023/HW3/CBDK_IC_Contest_v2.1/Verilog/tsmc13_neg.v", 26816: Timing violation in testbench.u_ed25519.redZ_b_in_w_reg_4_
    $setuphold( negedge G &&& (SandR == 1'b1):9008266, negedge D:9008330, limits: (117,76) );


"/home/MingKe/Study/NTU_CVSD2023/HW3/CBDK_IC_Contest_v2.1/Verilog/tsmc13_neg.v", 26816: Timing violation in testbench.u_ed25519.redZ_b_in_w_reg_14_
    $setuphold( negedge G &&& (SandR == 1'b1):9008272, negedge D:9008336, limits: (118,75) );


"/home/MingKe/Study/NTU_CVSD2023/HW3/CBDK_IC_Contest_v2.1/Verilog/tsmc13_neg.v", 26816: Timing violation in testbench.u_ed25519.redZ_b_in_w_reg_9_
    $setuphold( negedge G &&& (SandR == 1'b1):9008272, negedge D:9008338, limits: (118,75) );


"/home/MingKe/Study/NTU_CVSD2023/HW3/CBDK_IC_Contest_v2.1/Verilog/tsmc13_neg.v", 26816: Timing violation in testbench.u_ed25519.redZ_b_in_w_reg_238_
    $setuphold( negedge G &&& (SandR == 1'b1):9008943, negedge D:9008859, limits: (124,71) );

"/home/MingKe/Study/NTU_CVSD2023/HW3/CBDK_IC_Contest_v2.1/Verilog/tsmc13_neg.v", 26816: Timing violation in testbench.u_ed25519.redZ_b_in_w_reg_237_
    $setuphold( negedge G &&& (SandR == 1'b1):9008943, negedge D:9008843, limits: (118,75) );

"/home/MingKe/Study/NTU_CVSD2023/HW3/CBDK_IC_Contest_v2.1/Verilog/tsmc13_neg.v", 26816: Timing violation in testbench.u_ed25519.redZ_b_in_w_reg_175_
    $setuphold( negedge G &&& (SandR == 1'b1):9008943, negedge D:9008833, limits: (120,76) );

"/home/MingKe/Study/NTU_CVSD2023/HW3/CBDK_IC_Contest_v2.1/Verilog/tsmc13_neg.v", 26816: Timing violation in testbench.u_ed25519.redZ_b_in_w_reg_109_
    $setuphold( negedge G &&& (SandR == 1'b1):9008943, negedge D:9008834, limits: (116,76) );

"/home/MingKe/Study/NTU_CVSD2023/HW3/CBDK_IC_Contest_v2.1/Verilog/tsmc13_neg.v", 26816: Timing violation in testbench.u_ed25519.redZ_b_in_w_reg_239_
    $setuphold( negedge G &&& (SandR == 1'b1):9008943, negedge D:9008839, limits: (117,75) );


"/home/MingKe/Study/NTU_CVSD2023/HW3/CBDK_IC_Contest_v2.1/Verilog/tsmc13_neg.v", 26816: Timing violation in testbench.u_ed25519.redZ_b_in_w_reg_49_
    $setuphold( negedge G &&& (SandR == 1'b1):9008942, negedge D:9008991, limits: (119,74) );


"/home/MingKe/Study/NTU_CVSD2023/HW3/CBDK_IC_Contest_v2.1/Verilog/tsmc13_neg.v", 26816: Timing violation in testbench.u_ed25519.redZ_b_in_w_reg_176_
    $setuphold( negedge G &&& (SandR == 1'b1):9008942, negedge D:9008995, limits: (120,74) );


"/home/MingKe/Study/NTU_CVSD2023/HW3/CBDK_IC_Contest_v2.1/Verilog/tsmc13_neg.v", 26816: Timing violation in testbench.u_ed25519.redZ_b_in_w_reg_105_
    $setuphold( negedge G &&& (SandR == 1'b1):9008935, negedge D:9008996, limits: (117,75) );


"/home/MingKe/Study/NTU_CVSD2023/HW3/CBDK_IC_Contest_v2.1/Verilog/tsmc13_neg.v", 26816: Timing violation in testbench.u_ed25519.redZ_b_in_w_reg_172_
    $setuphold( negedge G &&& (SandR == 1'b1):9008939, negedge D:9008997, limits: (116,76) );

"/home/MingKe/Study/NTU_CVSD2023/HW3/CBDK_IC_Contest_v2.1/Verilog/tsmc13_neg.v", 26816: Timing violation in testbench.u_ed25519.redZ_b_in_w_reg_233_
    $setuphold( negedge G &&& (SandR == 1'b1):9008936, negedge D:9008997, limits: (116,75) );


"/home/MingKe/Study/NTU_CVSD2023/HW3/CBDK_IC_Contest_v2.1/Verilog/tsmc13_neg.v", 26816: Timing violation in testbench.u_ed25519.next_inv_state_reg_1_
    $setuphold( negedge G &&& (SandR == 1'b1):9016442, negedge D:9016346, limits: (117,65) );


"/home/MingKe/Study/NTU_CVSD2023/HW3/CBDK_IC_Contest_v2.1/Verilog/tsmc13_neg.v", 26815: Timing violation in testbench.u_ed25519.redZ_b_in_w_reg_18_
    $setuphold( negedge G &&& (SandR == 1'b1):9018728, posedge D:9018678, limits: (127,55) );


"/home/MingKe/Study/NTU_CVSD2023/HW3/CBDK_IC_Contest_v2.1/Verilog/tsmc13_neg.v", 26815: Timing violation in testbench.u_ed25519.redZ_b_in_w_reg_17_
    $setuphold( negedge G &&& (SandR == 1'b1):9018732, posedge D:9018677, limits: (127,55) );


"/home/MingKe/Study/NTU_CVSD2023/HW3/CBDK_IC_Contest_v2.1/Verilog/tsmc13_neg.v", 26815: Timing violation in testbench.u_ed25519.redZ_b_in_w_reg_28_
    $setuphold( negedge G &&& (SandR == 1'b1):9018746, posedge D:9018734, limits: (127,56) );


"/home/MingKe/Study/NTU_CVSD2023/HW3/CBDK_IC_Contest_v2.1/Verilog/tsmc13_neg.v", 26815: Timing violation in testbench.u_ed25519.redZ_b_in_w_reg_157_
    $setuphold( negedge G &&& (SandR == 1'b1):9018752, posedge D:9018746, limits: (128,56) );


"/home/MingKe/Study/NTU_CVSD2023/HW3/CBDK_IC_Contest_v2.1/Verilog/tsmc13_neg.v", 26816: Timing violation in testbench.u_ed25519.redZ_b_in_w_reg_10_
    $setuphold( negedge G &&& (SandR == 1'b1):9788266, negedge D:9788325, limits: (118,75) );


"/home/MingKe/Study/NTU_CVSD2023/HW3/CBDK_IC_Contest_v2.1/Verilog/tsmc13_neg.v", 26816: Timing violation in testbench.u_ed25519.redZ_b_in_w_reg_1_
    $setuphold( negedge G &&& (SandR == 1'b1):9788265, negedge D:9788326, limits: (119,74) );


"/home/MingKe/Study/NTU_CVSD2023/HW3/CBDK_IC_Contest_v2.1/Verilog/tsmc13_neg.v", 26816: Timing violation in testbench.u_ed25519.redZ_b_in_w_reg_194_
    $setuphold( negedge G &&& (SandR == 1'b1):9788263, negedge D:9788330, limits: (120,73) );


"/home/MingKe/Study/NTU_CVSD2023/HW3/CBDK_IC_Contest_v2.1/Verilog/tsmc13_neg.v", 26816: Timing violation in testbench.u_ed25519.redZ_b_in_w_reg_13_
    $setuphold( negedge G &&& (SandR == 1'b1):9788266, negedge D:9788331, limits: (117,76) );


"/home/MingKe/Study/NTU_CVSD2023/HW3/CBDK_IC_Contest_v2.1/Verilog/tsmc13_neg.v", 26816: Timing violation in testbench.u_ed25519.redZ_b_in_w_reg_7_
    $setuphold( negedge G &&& (SandR == 1'b1):9788272, negedge D:9788335, limits: (117,75) );

"/home/MingKe/Study/NTU_CVSD2023/HW3/CBDK_IC_Contest_v2.1/Verilog/tsmc13_neg.v", 26816: Timing violation in testbench.u_ed25519.redZ_b_in_w_reg_5_
    $setuphold( negedge G &&& (SandR == 1'b1):9788266, negedge D:9788335, limits: (120,73) );


"/home/MingKe/Study/NTU_CVSD2023/HW3/CBDK_IC_Contest_v2.1/Verilog/tsmc13_neg.v", 26816: Timing violation in testbench.u_ed25519.redZ_b_in_w_reg_129_
    $setuphold( negedge G &&& (SandR == 1'b1):9788263, negedge D:9788336, limits: (118,75) );


"/home/MingKe/Study/NTU_CVSD2023/HW3/CBDK_IC_Contest_v2.1/Verilog/tsmc13_neg.v", 26816: Timing violation in testbench.u_ed25519.redZ_b_in_w_reg_9_
    $setuphold( negedge G &&& (SandR == 1'b1):9788272, negedge D:9788338, limits: (118,75) );


"/home/MingKe/Study/NTU_CVSD2023/HW3/CBDK_IC_Contest_v2.1/Verilog/tsmc13_neg.v", 26816: Timing violation in testbench.u_ed25519.redZ_b_in_w_reg_238_
    $setuphold( negedge G &&& (SandR == 1'b1):9788943, negedge D:9788859, limits: (124,71) );

"/home/MingKe/Study/NTU_CVSD2023/HW3/CBDK_IC_Contest_v2.1/Verilog/tsmc13_neg.v", 26816: Timing violation in testbench.u_ed25519.redZ_b_in_w_reg_237_
    $setuphold( negedge G &&& (SandR == 1'b1):9788943, negedge D:9788843, limits: (118,75) );

"/home/MingKe/Study/NTU_CVSD2023/HW3/CBDK_IC_Contest_v2.1/Verilog/tsmc13_neg.v", 26816: Timing violation in testbench.u_ed25519.redZ_b_in_w_reg_174_
    $setuphold( negedge G &&& (SandR == 1'b1):9788943, negedge D:9788837, limits: (117,75) );

"/home/MingKe/Study/NTU_CVSD2023/HW3/CBDK_IC_Contest_v2.1/Verilog/tsmc13_neg.v", 26816: Timing violation in testbench.u_ed25519.redZ_b_in_w_reg_240_
    $setuphold( negedge G &&& (SandR == 1'b1):9788943, negedge D:9788830, limits: (119,75) );

"/home/MingKe/Study/NTU_CVSD2023/HW3/CBDK_IC_Contest_v2.1/Verilog/tsmc13_neg.v", 26816: Timing violation in testbench.u_ed25519.redZ_b_in_w_reg_239_
    $setuphold( negedge G &&& (SandR == 1'b1):9788943, negedge D:9788839, limits: (117,75) );

"/home/MingKe/Study/NTU_CVSD2023/HW3/CBDK_IC_Contest_v2.1/Verilog/tsmc13_neg.v", 26816: Timing violation in testbench.u_ed25519.redZ_b_in_w_reg_46_
    $setuphold( negedge G &&& (SandR == 1'b1):9788943, negedge D:9788855, limits: (120,73) );


"/home/MingKe/Study/NTU_CVSD2023/HW3/CBDK_IC_Contest_v2.1/Verilog/tsmc13_neg.v", 26816: Timing violation in testbench.u_ed25519.redZ_b_in_w_reg_107_
    $setuphold( negedge G &&& (SandR == 1'b1):9788938, negedge D:9788990, limits: (118,74) );


"/home/MingKe/Study/NTU_CVSD2023/HW3/CBDK_IC_Contest_v2.1/Verilog/tsmc13_neg.v", 26816: Timing violation in testbench.u_ed25519.redZ_b_in_w_reg_171_
    $setuphold( negedge G &&& (SandR == 1'b1):9788934, negedge D:9788994, limits: (121,76) );


"/home/MingKe/Study/NTU_CVSD2023/HW3/CBDK_IC_Contest_v2.1/Verilog/tsmc13_neg.v", 26816: Timing violation in testbench.u_ed25519.redZ_b_in_w_reg_176_
    $setuphold( negedge G &&& (SandR == 1'b1):9788942, negedge D:9788995, limits: (120,74) );


"/home/MingKe/Study/NTU_CVSD2023/HW3/CBDK_IC_Contest_v2.1/Verilog/tsmc13_neg.v", 26816: Timing violation in testbench.u_ed25519.redZ_b_in_w_reg_105_
    $setuphold( negedge G &&& (SandR == 1'b1):9788935, negedge D:9788996, limits: (117,75) );


"/home/MingKe/Study/NTU_CVSD2023/HW3/CBDK_IC_Contest_v2.1/Verilog/tsmc13_neg.v", 26816: Timing violation in testbench.u_ed25519.redZ_b_in_w_reg_172_
    $setuphold( negedge G &&& (SandR == 1'b1):9788939, negedge D:9788997, limits: (116,76) );

"/home/MingKe/Study/NTU_CVSD2023/HW3/CBDK_IC_Contest_v2.1/Verilog/tsmc13_neg.v", 26816: Timing violation in testbench.u_ed25519.redZ_b_in_w_reg_233_
    $setuphold( negedge G &&& (SandR == 1'b1):9788936, negedge D:9788997, limits: (116,75) );


"/home/MingKe/Study/NTU_CVSD2023/HW3/CBDK_IC_Contest_v2.1/Verilog/tsmc13_neg.v", 26816: Timing violation in testbench.u_ed25519.redZ_b_in_w_reg_106_
    $setuphold( negedge G &&& (SandR == 1'b1):9788936, negedge D:9789001, limits: (120,73) );


"/home/MingKe/Study/NTU_CVSD2023/HW3/CBDK_IC_Contest_v2.1/Verilog/tsmc13_neg.v", 26816: Timing violation in testbench.u_ed25519.redZ_b_in_w_reg_48_
    $setuphold( negedge G &&& (SandR == 1'b1):9788942, negedge D:9789009, limits: (120,74) );


"/home/MingKe/Study/NTU_CVSD2023/HW3/CBDK_IC_Contest_v2.1/Verilog/tsmc13_neg.v", 26816: Timing violation in testbench.u_ed25519.next_inv_state_reg_1_
    $setuphold( negedge G &&& (SandR == 1'b1):9796442, negedge D:9796346, limits: (117,65) );


"/home/MingKe/Study/NTU_CVSD2023/HW3/CBDK_IC_Contest_v2.1/Verilog/tsmc13_neg.v", 26815: Timing violation in testbench.u_ed25519.redZ_b_in_w_reg_146_
    $setuphold( negedge G &&& (SandR == 1'b1):9798730, posedge D:9798675, limits: (126,55) );


"/home/MingKe/Study/NTU_CVSD2023/HW3/CBDK_IC_Contest_v2.1/Verilog/tsmc13_neg.v", 26815: Timing violation in testbench.u_ed25519.redZ_b_in_w_reg_25_
    $setuphold( negedge G &&& (SandR == 1'b1):9798743, posedge D:9798731, limits: (127,56) );


"/home/MingKe/Study/NTU_CVSD2023/HW3/CBDK_IC_Contest_v2.1/Verilog/tsmc13_neg.v", 26815: Timing violation in testbench.u_ed25519.redZ_b_in_w_reg_19_
    $setuphold( negedge G &&& (SandR == 1'b1):9798739, posedge D:9798751, limits: (130,54) );


"/home/MingKe/Study/NTU_CVSD2023/HW3/CBDK_IC_Contest_v2.1/Verilog/tsmc13_neg.v", 26815: Timing violation in testbench.u_ed25519.redZ_b_in_w_reg_88_
    $setuphold( negedge G &&& (SandR == 1'b1):9798755, posedge D:9798675, limits: (125,59) );


"/home/MingKe/Study/NTU_CVSD2023/HW3/CBDK_IC_Contest_v2.1/Verilog/tsmc13_neg.v", 26816: Timing violation in testbench.u_ed25519.redZ_b_in_w_reg_10_
    $setuphold( negedge G &&& (SandR == 1'b1):10838266, negedge D:10838325, limits: (118,75) );


"/home/MingKe/Study/NTU_CVSD2023/HW3/CBDK_IC_Contest_v2.1/Verilog/tsmc13_neg.v", 26816: Timing violation in testbench.u_ed25519.redZ_b_in_w_reg_1_
    $setuphold( negedge G &&& (SandR == 1'b1):10838265, negedge D:10838326, limits: (119,74) );


"/home/MingKe/Study/NTU_CVSD2023/HW3/CBDK_IC_Contest_v2.1/Verilog/tsmc13_neg.v", 26816: Timing violation in testbench.u_ed25519.redZ_b_in_w_reg_8_
    $setuphold( negedge G &&& (SandR == 1'b1):10838272, negedge D:10838327, limits: (119,74) );


"/home/MingKe/Study/NTU_CVSD2023/HW3/CBDK_IC_Contest_v2.1/Verilog/tsmc13_neg.v", 26816: Timing violation in testbench.u_ed25519.redZ_b_in_w_reg_194_
    $setuphold( negedge G &&& (SandR == 1'b1):10838263, negedge D:10838330, limits: (120,73) );


"/home/MingKe/Study/NTU_CVSD2023/HW3/CBDK_IC_Contest_v2.1/Verilog/tsmc13_neg.v", 26816: Timing violation in testbench.u_ed25519.redZ_b_in_w_reg_13_
    $setuphold( negedge G &&& (SandR == 1'b1):10838266, negedge D:10838331, limits: (117,76) );


"/home/MingKe/Study/NTU_CVSD2023/HW3/CBDK_IC_Contest_v2.1/Verilog/tsmc13_neg.v", 26816: Timing violation in testbench.u_ed25519.redZ_b_in_w_reg_129_
    $setuphold( negedge G &&& (SandR == 1'b1):10838263, negedge D:10838336, limits: (118,75) );


"/home/MingKe/Study/NTU_CVSD2023/HW3/CBDK_IC_Contest_v2.1/Verilog/tsmc13_neg.v", 26816: Timing violation in testbench.u_ed25519.redZ_b_in_w_reg_111_
    $setuphold( negedge G &&& (SandR == 1'b1):10838943, negedge D:10838828, limits: (118,76) );

"/home/MingKe/Study/NTU_CVSD2023/HW3/CBDK_IC_Contest_v2.1/Verilog/tsmc13_neg.v", 26816: Timing violation in testbench.u_ed25519.redZ_b_in_w_reg_237_
    $setuphold( negedge G &&& (SandR == 1'b1):10838943, negedge D:10838843, limits: (118,75) );

"/home/MingKe/Study/NTU_CVSD2023/HW3/CBDK_IC_Contest_v2.1/Verilog/tsmc13_neg.v", 26816: Timing violation in testbench.u_ed25519.redZ_b_in_w_reg_175_
    $setuphold( negedge G &&& (SandR == 1'b1):10838943, negedge D:10838833, limits: (120,76) );

"/home/MingKe/Study/NTU_CVSD2023/HW3/CBDK_IC_Contest_v2.1/Verilog/tsmc13_neg.v", 26816: Timing violation in testbench.u_ed25519.redZ_b_in_w_reg_236_
    $setuphold( negedge G &&& (SandR == 1'b1):10838943, negedge D:10838835, limits: (116,76) );

"/home/MingKe/Study/NTU_CVSD2023/HW3/CBDK_IC_Contest_v2.1/Verilog/tsmc13_neg.v", 26816: Timing violation in testbench.u_ed25519.redZ_b_in_w_reg_46_
    $setuphold( negedge G &&& (SandR == 1'b1):10838943, negedge D:10838855, limits: (120,73) );


"/home/MingKe/Study/NTU_CVSD2023/HW3/CBDK_IC_Contest_v2.1/Verilog/tsmc13_neg.v", 26816: Timing violation in testbench.u_ed25519.redZ_b_in_w_reg_107_
    $setuphold( negedge G &&& (SandR == 1'b1):10838938, negedge D:10838990, limits: (118,74) );


"/home/MingKe/Study/NTU_CVSD2023/HW3/CBDK_IC_Contest_v2.1/Verilog/tsmc13_neg.v", 26816: Timing violation in testbench.u_ed25519.redZ_b_in_w_reg_49_
    $setuphold( negedge G &&& (SandR == 1'b1):10838942, negedge D:10838991, limits: (119,74) );


"/home/MingKe/Study/NTU_CVSD2023/HW3/CBDK_IC_Contest_v2.1/Verilog/tsmc13_neg.v", 26816: Timing violation in testbench.u_ed25519.redZ_b_in_w_reg_105_
    $setuphold( negedge G &&& (SandR == 1'b1):10838935, negedge D:10838996, limits: (117,75) );


"/home/MingKe/Study/NTU_CVSD2023/HW3/CBDK_IC_Contest_v2.1/Verilog/tsmc13_neg.v", 26816: Timing violation in testbench.u_ed25519.redZ_b_in_w_reg_233_
    $setuphold( negedge G &&& (SandR == 1'b1):10838936, negedge D:10838997, limits: (116,75) );


"/home/MingKe/Study/NTU_CVSD2023/HW3/CBDK_IC_Contest_v2.1/Verilog/tsmc13_neg.v", 26816: Timing violation in testbench.u_ed25519.redZ_b_in_w_reg_106_
    $setuphold( negedge G &&& (SandR == 1'b1):10838936, negedge D:10839001, limits: (120,73) );


"/home/MingKe/Study/NTU_CVSD2023/HW3/CBDK_IC_Contest_v2.1/Verilog/tsmc13_neg.v", 26816: Timing violation in testbench.u_ed25519.redZ_b_in_w_reg_234_
    $setuphold( negedge G &&& (SandR == 1'b1):10838937, negedge D:10839006, limits: (121,72) );


"/home/MingKe/Study/NTU_CVSD2023/HW3/CBDK_IC_Contest_v2.1/Verilog/tsmc13_neg.v", 26816: Timing violation in testbench.u_ed25519.redZ_b_in_w_reg_48_
    $setuphold( negedge G &&& (SandR == 1'b1):10838942, negedge D:10839009, limits: (120,74) );


"/home/MingKe/Study/NTU_CVSD2023/HW3/CBDK_IC_Contest_v2.1/Verilog/tsmc13_neg.v", 26816: Timing violation in testbench.u_ed25519.next_inv_state_reg_1_
    $setuphold( negedge G &&& (SandR == 1'b1):10846442, negedge D:10846346, limits: (117,65) );


"/home/MingKe/Study/NTU_CVSD2023/HW3/CBDK_IC_Contest_v2.1/Verilog/tsmc13_neg.v", 26815: Timing violation in testbench.u_ed25519.redZ_b_in_w_reg_146_
    $setuphold( negedge G &&& (SandR == 1'b1):10848730, posedge D:10848675, limits: (126,55) );


"/home/MingKe/Study/NTU_CVSD2023/HW3/CBDK_IC_Contest_v2.1/Verilog/tsmc13_neg.v", 26815: Timing violation in testbench.u_ed25519.redZ_b_in_w_reg_24_
    $setuphold( negedge G &&& (SandR == 1'b1):10848746, posedge D:10848676, limits: (125,58) );


"/home/MingKe/Study/NTU_CVSD2023/HW3/CBDK_IC_Contest_v2.1/Verilog/tsmc13_neg.v", 26815: Timing violation in testbench.u_ed25519.redZ_b_in_w_reg_216_
    $setuphold( negedge G &&& (SandR == 1'b1):10848753, posedge D:10848677, limits: (125,58) );


"/home/MingKe/Study/NTU_CVSD2023/HW3/CBDK_IC_Contest_v2.1/Verilog/tsmc13_neg.v", 26815: Timing violation in testbench.u_ed25519.redZ_b_in_w_reg_29_
    $setuphold( negedge G &&& (SandR == 1'b1):10848758, posedge D:10848735, limits: (127,57) );


"/home/MingKe/Study/NTU_CVSD2023/HW3/CBDK_IC_Contest_v2.1/Verilog/tsmc13_neg.v", 26815: Timing violation in testbench.u_ed25519.redZ_b_in_w_reg_217_
    $setuphold( negedge G &&& (SandR == 1'b1):10848759, posedge D:10848681, limits: (125,58) );


"/home/MingKe/Study/NTU_CVSD2023/HW3/CBDK_IC_Contest_v2.1/Verilog/tsmc13_neg.v", 26816: Timing violation in testbench.u_ed25519.redZ_b_in_w_reg_1_
    $setuphold( negedge G &&& (SandR == 1'b1):11628265, negedge D:11628326, limits: (119,74) );


"/home/MingKe/Study/NTU_CVSD2023/HW3/CBDK_IC_Contest_v2.1/Verilog/tsmc13_neg.v", 26816: Timing violation in testbench.u_ed25519.redZ_b_in_w_reg_8_
    $setuphold( negedge G &&& (SandR == 1'b1):11628272, negedge D:11628327, limits: (119,74) );


"/home/MingKe/Study/NTU_CVSD2023/HW3/CBDK_IC_Contest_v2.1/Verilog/tsmc13_neg.v", 26816: Timing violation in testbench.u_ed25519.redZ_b_in_w_reg_194_
    $setuphold( negedge G &&& (SandR == 1'b1):11628263, negedge D:11628330, limits: (120,73) );


"/home/MingKe/Study/NTU_CVSD2023/HW3/CBDK_IC_Contest_v2.1/Verilog/tsmc13_neg.v", 26816: Timing violation in testbench.u_ed25519.redZ_b_in_w_reg_13_
    $setuphold( negedge G &&& (SandR == 1'b1):11628266, negedge D:11628331, limits: (117,76) );


"/home/MingKe/Study/NTU_CVSD2023/HW3/CBDK_IC_Contest_v2.1/Verilog/tsmc13_neg.v", 26816: Timing violation in testbench.u_ed25519.redZ_b_in_w_reg_66_
    $setuphold( negedge G &&& (SandR == 1'b1):11628265, negedge D:11628332, limits: (120,73) );


"/home/MingKe/Study/NTU_CVSD2023/HW3/CBDK_IC_Contest_v2.1/Verilog/tsmc13_neg.v", 26816: Timing violation in testbench.u_ed25519.redZ_b_in_w_reg_14_
    $setuphold( negedge G &&& (SandR == 1'b1):11628272, negedge D:11628336, limits: (118,75) );


"/home/MingKe/Study/NTU_CVSD2023/HW3/CBDK_IC_Contest_v2.1/Verilog/tsmc13_neg.v", 26816: Timing violation in testbench.u_ed25519.redZ_b_in_w_reg_9_
    $setuphold( negedge G &&& (SandR == 1'b1):11628272, negedge D:11628338, limits: (118,75) );


"/home/MingKe/Study/NTU_CVSD2023/HW3/CBDK_IC_Contest_v2.1/Verilog/tsmc13_neg.v", 26816: Timing violation in testbench.u_ed25519.redZ_b_in_w_reg_108_
    $setuphold( negedge G &&& (SandR == 1'b1):11628942, negedge D:11628831, limits: (118,75) );


"/home/MingKe/Study/NTU_CVSD2023/HW3/CBDK_IC_Contest_v2.1/Verilog/tsmc13_neg.v", 26816: Timing violation in testbench.u_ed25519.redZ_b_in_w_reg_47_
    $setuphold( negedge G &&& (SandR == 1'b1):11628943, negedge D:11628827, limits: (117,76) );

"/home/MingKe/Study/NTU_CVSD2023/HW3/CBDK_IC_Contest_v2.1/Verilog/tsmc13_neg.v", 26816: Timing violation in testbench.u_ed25519.redZ_b_in_w_reg_111_
    $setuphold( negedge G &&& (SandR == 1'b1):11628943, negedge D:11628828, limits: (118,76) );

"/home/MingKe/Study/NTU_CVSD2023/HW3/CBDK_IC_Contest_v2.1/Verilog/tsmc13_neg.v", 26816: Timing violation in testbench.u_ed25519.redZ_b_in_w_reg_237_
    $setuphold( negedge G &&& (SandR == 1'b1):11628943, negedge D:11628843, limits: (118,75) );

"/home/MingKe/Study/NTU_CVSD2023/HW3/CBDK_IC_Contest_v2.1/Verilog/tsmc13_neg.v", 26816: Timing violation in testbench.u_ed25519.redZ_b_in_w_reg_175_
    $setuphold( negedge G &&& (SandR == 1'b1):11628943, negedge D:11628833, limits: (120,76) );

"/home/MingKe/Study/NTU_CVSD2023/HW3/CBDK_IC_Contest_v2.1/Verilog/tsmc13_neg.v", 26816: Timing violation in testbench.u_ed25519.redZ_b_in_w_reg_174_
    $setuphold( negedge G &&& (SandR == 1'b1):11628943, negedge D:11628837, limits: (117,75) );

"/home/MingKe/Study/NTU_CVSD2023/HW3/CBDK_IC_Contest_v2.1/Verilog/tsmc13_neg.v", 26816: Timing violation in testbench.u_ed25519.redZ_b_in_w_reg_109_
    $setuphold( negedge G &&& (SandR == 1'b1):11628943, negedge D:11628834, limits: (116,76) );

"/home/MingKe/Study/NTU_CVSD2023/HW3/CBDK_IC_Contest_v2.1/Verilog/tsmc13_neg.v", 26816: Timing violation in testbench.u_ed25519.redZ_b_in_w_reg_240_
    $setuphold( negedge G &&& (SandR == 1'b1):11628943, negedge D:11628830, limits: (119,75) );

"/home/MingKe/Study/NTU_CVSD2023/HW3/CBDK_IC_Contest_v2.1/Verilog/tsmc13_neg.v", 26816: Timing violation in testbench.u_ed25519.redZ_b_in_w_reg_239_
    $setuphold( negedge G &&& (SandR == 1'b1):11628943, negedge D:11628839, limits: (117,75) );


"/home/MingKe/Study/NTU_CVSD2023/HW3/CBDK_IC_Contest_v2.1/Verilog/tsmc13_neg.v", 26816: Timing violation in testbench.u_ed25519.redZ_b_in_w_reg_49_
    $setuphold( negedge G &&& (SandR == 1'b1):11628942, negedge D:11628991, limits: (119,74) );


"/home/MingKe/Study/NTU_CVSD2023/HW3/CBDK_IC_Contest_v2.1/Verilog/tsmc13_neg.v", 26816: Timing violation in testbench.u_ed25519.redZ_b_in_w_reg_177_
    $setuphold( negedge G &&& (SandR == 1'b1):11628942, negedge D:11628994, limits: (120,74) );


"/home/MingKe/Study/NTU_CVSD2023/HW3/CBDK_IC_Contest_v2.1/Verilog/tsmc13_neg.v", 26816: Timing violation in testbench.u_ed25519.redZ_b_in_w_reg_176_
    $setuphold( negedge G &&& (SandR == 1'b1):11628942, negedge D:11628995, limits: (120,74) );


"/home/MingKe/Study/NTU_CVSD2023/HW3/CBDK_IC_Contest_v2.1/Verilog/tsmc13_neg.v", 26816: Timing violation in testbench.u_ed25519.redZ_b_in_w_reg_233_
    $setuphold( negedge G &&& (SandR == 1'b1):11628936, negedge D:11628997, limits: (116,75) );


"/home/MingKe/Study/NTU_CVSD2023/HW3/CBDK_IC_Contest_v2.1/Verilog/tsmc13_neg.v", 26816: Timing violation in testbench.u_ed25519.redZ_b_in_w_reg_44_
    $setuphold( negedge G &&& (SandR == 1'b1):11628940, negedge D:11629000, limits: (117,75) );


"/home/MingKe/Study/NTU_CVSD2023/HW3/CBDK_IC_Contest_v2.1/Verilog/tsmc13_neg.v", 26816: Timing violation in testbench.u_ed25519.redZ_b_in_w_reg_106_
    $setuphold( negedge G &&& (SandR == 1'b1):11628936, negedge D:11629001, limits: (120,73) );


"/home/MingKe/Study/NTU_CVSD2023/HW3/CBDK_IC_Contest_v2.1/Verilog/tsmc13_neg.v", 26816: Timing violation in testbench.u_ed25519.redZ_b_in_w_reg_48_
    $setuphold( negedge G &&& (SandR == 1'b1):11628942, negedge D:11629009, limits: (120,74) );


"/home/MingKe/Study/NTU_CVSD2023/HW3/CBDK_IC_Contest_v2.1/Verilog/tsmc13_neg.v", 26816: Timing violation in testbench.u_ed25519.next_inv_state_reg_1_
    $setuphold( negedge G &&& (SandR == 1'b1):11636442, negedge D:11636346, limits: (117,65) );


"/home/MingKe/Study/NTU_CVSD2023/HW3/CBDK_IC_Contest_v2.1/Verilog/tsmc13_neg.v", 26815: Timing violation in testbench.u_ed25519.redZ_b_in_w_reg_144_
    $setuphold( negedge G &&& (SandR == 1'b1):11638725, posedge D:11638679, limits: (128,54) );


"/home/MingKe/Study/NTU_CVSD2023/HW3/CBDK_IC_Contest_v2.1/Verilog/tsmc13_neg.v", 26815: Timing violation in testbench.u_ed25519.redZ_b_in_w_reg_145_
    $setuphold( negedge G &&& (SandR == 1'b1):11638734, posedge D:11638689, limits: (128,55) );


"/home/MingKe/Study/NTU_CVSD2023/HW3/CBDK_IC_Contest_v2.1/Verilog/tsmc13_neg.v", 26815: Timing violation in testbench.u_ed25519.redZ_b_in_w_reg_217_
    $setuphold( negedge G &&& (SandR == 1'b1):11638759, posedge D:11638681, limits: (125,58) );


"/home/MingKe/Study/NTU_CVSD2023/HW3/CBDK_IC_Contest_v2.1/Verilog/tsmc13_neg.v", 26816: Timing violation in testbench.u_ed25519.redZ_b_in_w_reg_1_
    $setuphold( negedge G &&& (SandR == 1'b1):12418265, negedge D:12418326, limits: (119,74) );


"/home/MingKe/Study/NTU_CVSD2023/HW3/CBDK_IC_Contest_v2.1/Verilog/tsmc13_neg.v", 26816: Timing violation in testbench.u_ed25519.redZ_b_in_w_reg_66_
    $setuphold( negedge G &&& (SandR == 1'b1):12418265, negedge D:12418332, limits: (120,73) );


"/home/MingKe/Study/NTU_CVSD2023/HW3/CBDK_IC_Contest_v2.1/Verilog/tsmc13_neg.v", 26816: Timing violation in testbench.u_ed25519.redZ_b_in_w_reg_5_
    $setuphold( negedge G &&& (SandR == 1'b1):12418266, negedge D:12418335, limits: (120,73) );


"/home/MingKe/Study/NTU_CVSD2023/HW3/CBDK_IC_Contest_v2.1/Verilog/tsmc13_neg.v", 26816: Timing violation in testbench.u_ed25519.redZ_b_in_w_reg_129_
    $setuphold( negedge G &&& (SandR == 1'b1):12418263, negedge D:12418336, limits: (118,75) );


"/home/MingKe/Study/NTU_CVSD2023/HW3/CBDK_IC_Contest_v2.1/Verilog/tsmc13_neg.v", 26816: Timing violation in testbench.u_ed25519.redZ_b_in_w_reg_9_
    $setuphold( negedge G &&& (SandR == 1'b1):12418272, negedge D:12418338, limits: (118,75) );


"/home/MingKe/Study/NTU_CVSD2023/HW3/CBDK_IC_Contest_v2.1/Verilog/tsmc13_neg.v", 26816: Timing violation in testbench.u_ed25519.redZ_b_in_w_reg_111_
    $setuphold( negedge G &&& (SandR == 1'b1):12418943, negedge D:12418828, limits: (118,76) );

"/home/MingKe/Study/NTU_CVSD2023/HW3/CBDK_IC_Contest_v2.1/Verilog/tsmc13_neg.v", 26816: Timing violation in testbench.u_ed25519.redZ_b_in_w_reg_238_
    $setuphold( negedge G &&& (SandR == 1'b1):12418943, negedge D:12418859, limits: (124,71) );

"/home/MingKe/Study/NTU_CVSD2023/HW3/CBDK_IC_Contest_v2.1/Verilog/tsmc13_neg.v", 26816: Timing violation in testbench.u_ed25519.redZ_b_in_w_reg_174_
    $setuphold( negedge G &&& (SandR == 1'b1):12418943, negedge D:12418837, limits: (117,75) );

"/home/MingKe/Study/NTU_CVSD2023/HW3/CBDK_IC_Contest_v2.1/Verilog/tsmc13_neg.v", 26816: Timing violation in testbench.u_ed25519.redZ_b_in_w_reg_240_
    $setuphold( negedge G &&& (SandR == 1'b1):12418943, negedge D:12418830, limits: (119,75) );

"/home/MingKe/Study/NTU_CVSD2023/HW3/CBDK_IC_Contest_v2.1/Verilog/tsmc13_neg.v", 26816: Timing violation in testbench.u_ed25519.redZ_b_in_w_reg_239_
    $setuphold( negedge G &&& (SandR == 1'b1):12418943, negedge D:12418839, limits: (117,75) );


"/home/MingKe/Study/NTU_CVSD2023/HW3/CBDK_IC_Contest_v2.1/Verilog/tsmc13_neg.v", 26816: Timing violation in testbench.u_ed25519.redZ_b_in_w_reg_107_
    $setuphold( negedge G &&& (SandR == 1'b1):12418938, negedge D:12418990, limits: (118,74) );


"/home/MingKe/Study/NTU_CVSD2023/HW3/CBDK_IC_Contest_v2.1/Verilog/tsmc13_neg.v", 26816: Timing violation in testbench.u_ed25519.redZ_b_in_w_reg_177_
    $setuphold( negedge G &&& (SandR == 1'b1):12418942, negedge D:12418994, limits: (120,74) );

"/home/MingKe/Study/NTU_CVSD2023/HW3/CBDK_IC_Contest_v2.1/Verilog/tsmc13_neg.v", 26816: Timing violation in testbench.u_ed25519.redZ_b_in_w_reg_232_
    $setuphold( negedge G &&& (SandR == 1'b1):12418934, negedge D:12418994, limits: (116,76) );


"/home/MingKe/Study/NTU_CVSD2023/HW3/CBDK_IC_Contest_v2.1/Verilog/tsmc13_neg.v", 26816: Timing violation in testbench.u_ed25519.redZ_b_in_w_reg_176_
    $setuphold( negedge G &&& (SandR == 1'b1):12418942, negedge D:12418995, limits: (120,74) );


"/home/MingKe/Study/NTU_CVSD2023/HW3/CBDK_IC_Contest_v2.1/Verilog/tsmc13_neg.v", 26816: Timing violation in testbench.u_ed25519.redZ_b_in_w_reg_172_
    $setuphold( negedge G &&& (SandR == 1'b1):12418939, negedge D:12418997, limits: (116,76) );


"/home/MingKe/Study/NTU_CVSD2023/HW3/CBDK_IC_Contest_v2.1/Verilog/tsmc13_neg.v", 26816: Timing violation in testbench.u_ed25519.redZ_b_in_w_reg_106_
    $setuphold( negedge G &&& (SandR == 1'b1):12418936, negedge D:12419001, limits: (120,73) );


"/home/MingKe/Study/NTU_CVSD2023/HW3/CBDK_IC_Contest_v2.1/Verilog/tsmc13_neg.v", 26816: Timing violation in testbench.u_ed25519.redZ_b_in_w_reg_234_
    $setuphold( negedge G &&& (SandR == 1'b1):12418937, negedge D:12419006, limits: (121,72) );


"/home/MingKe/Study/NTU_CVSD2023/HW3/CBDK_IC_Contest_v2.1/Verilog/tsmc13_neg.v", 26816: Timing violation in testbench.u_ed25519.next_inv_state_reg_1_
    $setuphold( negedge G &&& (SandR == 1'b1):12426442, negedge D:12426346, limits: (117,65) );


"/home/MingKe/Study/NTU_CVSD2023/HW3/CBDK_IC_Contest_v2.1/Verilog/tsmc13_neg.v", 26815: Timing violation in testbench.u_ed25519.redZ_b_in_w_reg_80_
    $setuphold( negedge G &&& (SandR == 1'b1):12428740, posedge D:12428728, limits: (127,56) );


"/home/MingKe/Study/NTU_CVSD2023/HW3/CBDK_IC_Contest_v2.1/Verilog/tsmc13_neg.v", 26815: Timing violation in testbench.u_ed25519.redZ_b_in_w_reg_28_
    $setuphold( negedge G &&& (SandR == 1'b1):12428746, posedge D:12428734, limits: (127,56) );

